t_us,frame_id,sensor_id,accX,accY,accZ,acc_sum_YZ,magX,magY,magZ
999724737,799051,0,1.00390625,-0.03515625,0.013671875,-0.021484375,0.0,0.0,0.0
999725988,799052,0,1.00390625,-0.03515625,0.021484375,-0.013671875,0.0,0.0,0.0
999727238,799053,0,1.001953125,-0.033203125,0.015625,-0.017578125,0.0,0.0,0.0
999728489,799054,0,1.005859375,-0.03515625,0.015625,-0.01953125,0.0,0.0,0.0
999729741,799055,0,0.998046875,-0.03515625,0.01953125,-0.015625,0.0,0.0,0.0
999730992,799056,0,1.001953125,-0.037109375,0.01171875,-0.025390625,0.0,0.0,0.0
999732242,799057,0,1.005859375,-0.03515625,0.013671875,-0.021484375,0.0,0.0,0.0
999733493,799058,0,1.0078125,-0.037109375,0.013671875,-0.0234375,0.0,0.0,0.0
999734744,799059,0,1.005859375,-0.03515625,0.0078125,-0.02734375,0.0,0.0,0.0
999735994,799060,0,1.0,-0.033203125,0.013671875,-0.01953125,0.0,0.0,0.0
999737245,799061,0,1.009765625,-0.037109375,0.01171875,-0.025390625,0.0,0.0,0.0
999738497,799062,0,1.0,-0.03515625,0.017578125,-0.017578125,0.0,0.0,0.0
999739749,799063,0,1.001953125,-0.0390625,0.01171875,-0.02734375,0.0,0.0,0.0
999740999,799064,0,1.005859375,-0.041015625,0.015625,-0.025390625,0.0,0.0,0.0
999742250,799065,0,1.0,-0.03515625,0.013671875,-0.021484375,0.0,0.0,0.0
999743500,799066,0,1.005859375,-0.0390625,0.013671875,-0.025390625,0.0,0.0,0.0
999744752,799067,0,1.0078125,-0.037109375,0.017578125,-0.01953125,0.0,0.0,0.0
999746003,799068,0,1.00390625,-0.037109375,0.009765625,-0.02734375,0.0,0.0,0.0
999747254,799069,0,1.00390625,-0.037109375,0.017578125,-0.01953125,0.0,0.0,0.0
999748504,799070,0,1.0078125,-0.037109375,0.021484375,-0.015625,0.0,0.0,0.0
999749756,799071,0,0.994140625,-0.037109375,0.017578125,-0.01953125,0.0,0.0,0.0
999751006,799072,0,1.009765625,-0.033203125,0.009765625,-0.0234375,0.0,0.0,0.0
999752257,799073,0,1.0,-0.033203125,0.01953125,-0.013671875,0.0,0.0,0.0
999753508,799074,0,1.0,-0.041015625,0.025390625,-0.015625,0.0,0.0,0.0
999754759,799075,0,1.001953125,-0.037109375,0.017578125,-0.01953125,0.0,0.0,0.0
999756009,799076,0,1.00390625,-0.0390625,0.013671875,-0.025390625,0.0,0.0,0.0
999757259,799077,0,1.009765625,-0.0390625,0.0078125,-0.03125,0.0,0.0,0.0
999758510,799078,0,1.009765625,-0.033203125,0.01171875,-0.021484375,0.0,0.0,0.0
999759762,799079,0,1.0,-0.037109375,0.015625,-0.021484375,0.0,0.0,0.0
999761013,799080,0,1.0078125,-0.037109375,0.017578125,-0.01953125,0.0,0.0,0.0
999762271,799081,0,1.005859375,-0.037109375,0.013671875,-0.0234375,0.0,0.0,0.0
999763522,799082,0,1.005859375,-0.041015625,0.013671875,-0.02734375,0.0,0.0,0.0
999764773,799083,0,0.998046875,-0.03515625,0.013671875,-0.021484375,0.0,0.0,0.0
999766025,799084,0,1.005859375,-0.0390625,0.017578125,-0.021484375,0.0,0.0,0.0
999767277,799085,0,1.00390625,-0.03515625,0.013671875,-0.021484375,0.0,0.0,0.0
999768528,799086,0,1.005859375,-0.03515625,0.01953125,-0.015625,0.0,0.0,0.0
999769779,799087,0,1.0,-0.0390625,0.013671875,-0.025390625,0.0,0.0,0.0
999771031,799088,0,1.001953125,-0.03515625,0.021484375,-0.013671875,0.0,0.0,0.0
999772283,799089,0,1.001953125,-0.03515625,0.01953125,-0.015625,0.0,0.0,0.0
999773535,799090,0,1.001953125,-0.03515625,0.009765625,-0.025390625,0.0,0.0,0.0
999774786,799091,0,1.0,-0.037109375,0.017578125,-0.01953125,0.0,0.0,0.0
999776036,799092,0,1.001953125,-0.041015625,0.021484375,-0.01953125,0.0,0.0,0.0
999777287,799093,0,1.00390625,-0.037109375,0.025390625,-0.01171875,0.0,0.0,0.0
999778537,799094,0,1.005859375,-0.033203125,0.01953125,-0.013671875,0.0,0.0,0.0
999779787,799095,0,0.998046875,-0.0390625,0.0234375,-0.015625,0.0,0.0,0.0
999781038,799096,0,0.998046875,-0.03515625,0.021484375,-0.013671875,0.0,0.0,0.0
999782289,799097,0,1.00390625,-0.03515625,0.005859375,-0.029296875,0.0,0.0,0.0
999783539,799098,0,1.001953125,-0.033203125,0.01953125,-0.013671875,0.0,0.0,0.0
999784790,799099,0,0.998046875,-0.03515625,0.01953125,-0.015625,0.0,0.0,0.0
999786042,799100,0,1.0078125,-0.03515625,0.021484375,-0.013671875,0.0,0.0,0.0
999787292,799101,0,0.998046875,-0.03515625,0.017578125,-0.017578125,0.0,0.0,0.0
999788543,799102,0,1.0078125,-0.033203125,0.009765625,-0.0234375,0.0,0.0,0.0
999789794,799103,0,1.0078125,-0.0390625,0.015625,-0.0234375,0.0,0.0,0.0
999791044,799104,0,1.005859375,-0.0390625,0.021484375,-0.017578125,0.0,0.0,0.0
999792294,799105,0,1.00390625,-0.0390625,0.017578125,-0.021484375,0.0,0.0,0.0
999793544,799106,0,1.0078125,-0.03515625,0.015625,-0.01953125,0.0,0.0,0.0
999794796,799107,0,1.005859375,-0.037109375,0.015625,-0.021484375,0.0,0.0,0.0
999796047,799108,0,1.001953125,-0.033203125,0.01171875,-0.021484375,0.0,0.0,0.0
999797297,799109,0,1.001953125,-0.0390625,0.013671875,-0.025390625,0.0,0.0,0.0
999798548,799110,0,1.005859375,-0.037109375,0.01953125,-0.017578125,0.0,0.0,0.0
999799800,799111,0,1.0,-0.041015625,0.021484375,-0.01953125,0.0,0.0,0.0
999801050,799112,0,1.001953125,-0.041015625,0.017578125,-0.0234375,0.0,0.0,0.0
999802300,799113,0,1.005859375,-0.03515625,0.01171875,-0.0234375,0.0,0.0,0.0
999803550,799114,0,1.0078125,-0.033203125,0.01171875,-0.021484375,0.0,0.0,0.0
999804801,799115,0,1.00390625,-0.033203125,0.013671875,-0.01953125,0.0,0.0,0.0
999806052,799116,0,1.0,-0.0390625,0.0078125,-0.03125,0.0,0.0,0.0
999807302,799117,0,1.001953125,-0.03515625,0.0078125,-0.02734375,0.0,0.0,0.0
999808553,799118,0,1.0,-0.037109375,0.015625,-0.021484375,0.0,0.0,0.0
999809804,799119,0,0.99609375,-0.037109375,0.01171875,-0.025390625,0.0,0.0,0.0
999811054,799120,0,1.00390625,-0.03515625,0.01171875,-0.0234375,0.0,0.0,0.0
999812305,799121,0,1.001953125,-0.0390625,0.01953125,-0.01953125,0.0,0.0,0.0
999813556,799122,0,1.0,-0.03515625,0.013671875,-0.021484375,0.0,0.0,0.0
999814807,799123,0,1.00390625,-0.03515625,0.017578125,-0.017578125,0.0,0.0,0.0
999816058,799124,0,1.005859375,-0.03515625,0.017578125,-0.017578125,0.0,0.0,0.0
999817310,799125,0,1.0,-0.037109375,0.01171875,-0.025390625,0.0,0.0,0.0
999818560,799126,0,1.001953125,-0.041015625,0.017578125,-0.0234375,0.0,0.0,0.0
999819810,799127,0,1.0,-0.0390625,0.017578125,-0.021484375,0.0,0.0,0.0
999821060,799128,0,1.0,-0.03515625,0.015625,-0.01953125,0.0,0.0,0.0
999822311,799129,0,1.00390625,-0.03515625,0.01953125,-0.015625,0.0,0.0,0.0
999823561,799130,0,1.005859375,-0.0390625,0.015625,-0.0234375,0.0,0.0,0.0
999824813,799131,0,1.00390625,-0.03515625,0.0078125,-0.02734375,0.0,0.0,0.0
999826063,799132,0,1.001953125,-0.037109375,0.013671875,-0.0234375,0.0,0.0,0.0
999827313,799133,0,1.001953125,-0.0390625,0.015625,-0.0234375,0.0,0.0,0.0
999828565,799134,0,1.005859375,-0.0390625,0.015625,-0.0234375,0.0,0.0,0.0
999829816,799135,0,1.005859375,-0.03515625,0.00390625,-0.03125,0.0,0.0,0.0
999831066,799136,0,1.001953125,-0.037109375,0.017578125,-0.01953125,0.0,0.0,0.0
999832316,799137,0,0.994140625,-0.037109375,0.01171875,-0.025390625,0.0,0.0,0.0
999833567,799138,0,1.001953125,-0.0390625,0.013671875,-0.025390625,0.0,0.0,0.0
999834817,799139,0,1.00390625,-0.033203125,0.01171875,-0.021484375,0.0,0.0,0.0
999836069,799140,0,1.0,-0.0390625,0.017578125,-0.021484375,0.0,0.0,0.0
999837319,799141,0,1.001953125,-0.03515625,0.013671875,-0.021484375,0.0,0.0,0.0
999838570,799142,0,1.0,-0.037109375,0.021484375,-0.015625,0.0,0.0,0.0
999839822,799143,0,1.00390625,-0.037109375,0.01171875,-0.025390625,0.0,0.0,0.0
999841072,799144,0,1.00390625,-0.0390625,0.015625,-0.0234375,0.0,0.0,0.0
999842322,799145,0,1.005859375,-0.037109375,0.017578125,-0.01953125,0.0,0.0,0.0
999843572,799146,0,1.00390625,-0.03515625,0.017578125,-0.017578125,0.0,0.0,0.0
999844823,799147,0,1.00390625,-0.03515625,0.017578125,-0.017578125,0.0,0.0,0.0
999846075,799148,0,1.005859375,-0.037109375,0.017578125,-0.01953125,0.0,0.0,0.0
999847326,799149,0,1.001953125,-0.03515625,0.013671875,-0.021484375,0.0,0.0,0.0
999848576,799150,0,1.001953125,-0.04296875,0.015625,-0.02734375,0.0,0.0,0.0
999849827,799151,0,0.998046875,-0.0390625,0.013671875,-0.025390625,0.0,0.0,0.0
999851077,799152,0,0.998046875,-0.03515625,0.01953125,-0.015625,0.0,0.0,0.0
999852327,799153,0,1.00390625,-0.037109375,0.017578125,-0.01953125,0.0,0.0,0.0
999853578,799154,0,1.001953125,-0.0390625,0.013671875,-0.025390625,0.0,0.0,0.0
999854829,799155,0,1.0078125,-0.0390625,0.017578125,-0.021484375,0.0,0.0,0.0
999856080,799156,0,1.0078125,-0.03515625,0.021484375,-0.013671875,0.0,0.0,0.0
999857332,799157,0,1.00390625,-0.0390625,0.01171875,-0.02734375,0.0,0.0,0.0
999858582,799158,0,1.0,-0.03515625,0.0234375,-0.01171875,0.0,0.0,0.0
999859834,799159,0,1.009765625,-0.03125,0.015625,-0.015625,0.0,0.0,0.0
999861085,799160,0,1.005859375,-0.0390625,0.0078125,-0.03125,0.0,0.0,0.0
999862335,799161,0,1.009765625,-0.04296875,0.01953125,-0.0234375,0.0,0.0,0.0
999863586,799162,0,1.0078125,-0.037109375,0.009765625,-0.02734375,0.0,0.0,0.0
999864838,799163,0,1.0,-0.0390625,0.015625,-0.0234375,0.0,0.0,0.0
999866088,799164,0,1.009765625,-0.0390625,0.021484375,-0.017578125,0.0,0.0,0.0
999867338,799165,0,1.001953125,-0.037109375,0.01171875,-0.025390625,0.0,0.0,0.0
999868589,799166,0,1.001953125,-0.03515625,0.015625,-0.01953125,0.0,0.0,0.0
999869839,799167,0,1.00390625,-0.0390625,0.013671875,-0.025390625,0.0,0.0,0.0
999871091,799168,0,1.0078125,-0.0390625,0.01171875,-0.02734375,0.0,0.0,0.0
999872341,799169,0,1.005859375,-0.03515625,0.015625,-0.01953125,0.0,0.0,0.0
999873592,799170,0,1.005859375,-0.03515625,0.017578125,-0.017578125,0.0,0.0,0.0
999874844,799171,0,0.998046875,-0.03515625,0.017578125,-0.017578125,0.0,0.0,0.0
999876094,799172,0,1.001953125,-0.037109375,0.013671875,-0.0234375,0.0,0.0,0.0
999877344,799173,0,1.001953125,-0.03515625,0.017578125,-0.017578125,0.0,0.0,0.0
999878595,799174,0,0.998046875,-0.03515625,0.015625,-0.01953125,0.0,0.0,0.0
999879846,799175,0,0.99609375,-0.037109375,0.015625,-0.021484375,0.0,0.0,0.0
999881096,799176,0,1.0078125,-0.037109375,0.01171875,-0.025390625,0.0,0.0,0.0
999882346,799177,0,1.0,-0.0390625,0.015625,-0.0234375,0.0,0.0,0.0
999883597,799178,0,1.001953125,-0.0390625,0.009765625,-0.029296875,0.0,0.0,0.0
999884847,799179,0,1.005859375,-0.0390625,0.005859375,-0.033203125,0.0,0.0,0.0
999886097,799180,0,1.015625,-0.037109375,0.015625,-0.021484375,0.0,0.0,0.0
999887349,799181,0,1.001953125,-0.03515625,0.017578125,-0.017578125,0.0,0.0,0.0
999888599,799182,0,1.01171875,-0.0390625,0.015625,-0.0234375,0.0,0.0,0.0
999889850,799183,0,1.00390625,-0.04296875,0.015625,-0.02734375,0.0,0.0,0.0
999891101,799184,0,1.005859375,-0.0390625,0.013671875,-0.025390625,0.0,0.0,0.0
999892351,799185,0,1.001953125,-0.03515625,0.01953125,-0.015625,0.0,0.0,0.0
999893602,799186,0,1.0078125,-0.03515625,0.015625,-0.01953125,0.0,0.0,0.0
999894853,799187,0,1.0,-0.03515625,0.017578125,-0.017578125,0.0,0.0,0.0
999896103,799188,0,1.00390625,-0.03515625,0.01171875,-0.0234375,0.0,0.0,0.0
999897355,799189,0,1.0078125,-0.03515625,0.009765625,-0.025390625,0.0,0.0,0.0
999898606,799190,0,1.00390625,-0.037109375,0.021484375,-0.015625,0.0,0.0,0.0
999899856,799191,0,1.0078125,-0.0390625,0.01953125,-0.01953125,0.0,0.0,0.0
999901108,799192,0,1.001953125,-0.0390625,0.013671875,-0.025390625,0.0,0.0,0.0
999902359,799193,0,1.005859375,-0.04296875,0.013671875,-0.029296875,0.0,0.0,0.0
999903610,799194,0,1.00390625,-0.0390625,0.021484375,-0.017578125,0.0,0.0,0.0
999904860,799195,0,0.998046875,-0.033203125,0.013671875,-0.01953125,0.0,0.0,0.0
999906110,799196,0,1.001953125,-0.0390625,0.017578125,-0.021484375,0.0,0.0,0.0
999907362,799197,0,1.0,-0.0390625,0.015625,-0.0234375,0.0,0.0,0.0
999908614,799198,0,1.005859375,-0.03125,0.015625,-0.015625,0.0,0.0,0.0
999909865,799199,0,1.0078125,-0.0390625,0.01171875,-0.02734375,0.0,0.0,0.0
999911115,799200,0,1.0078125,-0.037109375,0.01953125,-0.017578125,0.0,0.0,0.0
999912366,799201,0,1.005859375,-0.03515625,0.01953125,-0.015625,0.0,0.0,0.0
999913616,799202,0,1.0,-0.03515625,0.01953125,-0.015625,0.0,0.0,0.0
999914867,799203,0,1.0078125,-0.037109375,0.02734375,-0.009765625,0.0,0.0,0.0
999916118,799204,0,1.005859375,-0.03515625,0.0234375,-0.01171875,0.0,0.0,0.0
999917368,799205,0,1.0,-0.033203125,0.01953125,-0.013671875,0.0,0.0,0.0
999918619,799206,0,1.00390625,-0.037109375,0.01171875,-0.025390625,0.0,0.0,0.0
999919871,799207,0,0.998046875,-0.037109375,0.015625,-0.021484375,0.0,0.0,0.0
999921121,799208,0,0.998046875,-0.03515625,0.013671875,-0.021484375,0.0,0.0,0.0
999922371,799209,0,1.0,-0.0390625,0.017578125,-0.021484375,0.0,0.0,0.0
999923623,799210,0,1.005859375,-0.03515625,0.015625,-0.01953125,0.0,0.0,0.0
999924873,799211,0,1.0,-0.0390625,0.013671875,-0.025390625,0.0,0.0,0.0
999926124,799212,0,1.0,-0.041015625,0.01953125,-0.021484375,0.0,0.0,0.0
999927376,799213,0,1.005859375,-0.0390625,0.01171875,-0.02734375,0.0,0.0,0.0
999928626,799214,0,1.009765625,-0.03515625,0.01171875,-0.0234375,0.0,0.0,0.0
999929877,799215,0,1.0078125,-0.037109375,0.017578125,-0.01953125,0.0,0.0,0.0
999931127,799216,0,1.001953125,-0.0390625,0.013671875,-0.025390625,0.0,0.0,0.0
999932377,799217,0,1.005859375,-0.033203125,0.015625,-0.017578125,0.0,0.0,0.0
999933629,799218,0,1.005859375,-0.03515625,0.013671875,-0.021484375,0.0,0.0,0.0
999934879,799219,0,1.00390625,-0.033203125,0.017578125,-0.015625,0.0,0.0,0.0
999936130,799220,0,1.005859375,-0.04296875,0.015625,-0.02734375,0.0,0.0,0.0
999937381,799221,0,1.0,-0.041015625,0.025390625,-0.015625,0.0,0.0,0.0
999938631,799222,0,1.0078125,-0.041015625,0.00390625,-0.037109375,0.0,0.0,0.0
999939883,799223,0,1.0078125,-0.041015625,0.009765625,-0.03125,0.0,0.0,0.0
999941134,799224,0,1.005859375,-0.0390625,0.013671875,-0.025390625,0.0,0.0,0.0
999942384,799225,0,1.013671875,-0.037109375,0.01171875,-0.025390625,0.0,0.0,0.0
999943635,799226,0,1.013671875,-0.037109375,0.01171875,-0.025390625,0.0,0.0,0.0
999944887,799227,0,1.0,-0.033203125,0.01953125,-0.013671875,0.0,0.0,0.0
999946137,799228,0,1.017578125,-0.033203125,0.015625,-0.017578125,0.0,0.0,0.0
999947388,799229,0,1.001953125,-0.03515625,0.009765625,-0.025390625,0.0,0.0,0.0
999948639,799230,0,1.0078125,-0.0390625,0.017578125,-0.021484375,0.0,0.0,0.0
999949889,799231,0,1.00390625,-0.03515625,0.015625,-0.01953125,0.0,0.0,0.0
999951140,799232,0,1.009765625,-0.03515625,0.0234375,-0.01171875,0.0,0.0,0.0
999952392,799233,0,1.005859375,-0.03125,0.013671875,-0.017578125,0.0,0.0,0.0
999953642,799234,0,1.00390625,-0.03125,0.013671875,-0.017578125,0.0,0.0,0.0
999954894,799235,0,1.001953125,-0.037109375,0.01953125,-0.017578125,0.0,0.0,0.0
999956145,799236,0,1.001953125,-0.037109375,0.01171875,-0.025390625,0.0,0.0,0.0
999957396,799237,0,1.001953125,-0.041015625,0.01953125,-0.021484375,0.0,0.0,0.0
999958647,799238,0,1.0078125,-0.033203125,0.017578125,-0.015625,0.0,0.0,0.0
999959899,799239,0,1.00390625,-0.03515625,0.01953125,-0.015625,0.0,0.0,0.0
999961150,799240,0,1.005859375,-0.0390625,0.009765625,-0.029296875,0.0,0.0,0.0
999962400,799241,0,1.005859375,-0.04296875,0.01953125,-0.0234375,0.0,0.0,0.0
999963652,799242,0,1.005859375,-0.03515625,0.01953125,-0.015625,0.0,0.0,0.0
999964902,799243,0,1.00390625,-0.037109375,0.01171875,-0.025390625,0.0,0.0,0.0
999966152,799244,0,1.00390625,-0.03515625,0.01953125,-0.015625,0.0,0.0,0.0
999967402,799245,0,0.99609375,-0.037109375,0.015625,-0.021484375,0.0,0.0,0.0
999968653,799246,0,1.0078125,-0.0390625,0.005859375,-0.033203125,0.0,0.0,0.0
999969904,799247,0,1.00390625,-0.037109375,0.017578125,-0.01953125,0.0,0.0,0.0
999971154,799248,0,1.0,-0.037109375,0.0078125,-0.029296875,0.0,0.0,0.0
999972406,799249,0,1.00390625,-0.037109375,0.01953125,-0.017578125,0.0,0.0,0.0
999973657,799250,0,1.00390625,-0.037109375,0.013671875,-0.0234375,0.0,0.0,0.0
999974907,799251,0,1.001953125,-0.0390625,0.021484375,-0.017578125,0.0,0.0,0.0
999976158,799252,0,1.005859375,-0.037109375,0.01171875,-0.025390625,0.0,0.0,0.0
999977408,799253,0,0.998046875,-0.0390625,0.01953125,-0.01953125,0.0,0.0,0.0
999978659,799254,0,1.005859375,-0.03515625,0.015625,-0.01953125,0.0,0.0,0.0
999979910,799255,0,1.0,-0.041015625,0.017578125,-0.0234375,0.0,0.0,0.0
999981160,799256,0,1.005859375,-0.0390625,0.009765625,-0.029296875,0.0,0.0,0.0
999982410,799257,0,1.0,-0.0390625,0.015625,-0.0234375,0.0,0.0,0.0
999983662,799258,0,0.998046875,-0.037109375,0.017578125,-0.01953125,0.0,0.0,0.0
999984912,799259,0,1.0,-0.037109375,0.01953125,-0.017578125,0.0,0.0,0.0
999986163,799260,0,1.0,-0.03515625,0.01171875,-0.0234375,0.0,0.0,0.0
999987413,799261,0,1.005859375,-0.037109375,0.015625,-0.021484375,0.0,0.0,0.0
999988664,799262,0,1.0,-0.03515625,0.017578125,-0.017578125,0.0,0.0,0.0
999989915,799263,0,1.00390625,-0.037109375,0.017578125,-0.01953125,0.0,0.0,0.0
999991167,799264,0,1.0078125,-0.037109375,0.017578125,-0.01953125,0.0,0.0,0.0
999992417,799265,0,0.998046875,-0.041015625,0.015625,-0.025390625,0.0,0.0,0.0
999993668,799266,0,1.005859375,-0.033203125,0.013671875,-0.01953125,0.0,0.0,0.0
999994920,799267,0,0.99609375,-0.033203125,0.013671875,-0.01953125,0.0,0.0,0.0
999996171,799268,0,1.001953125,-0.03515625,0.01953125,-0.015625,0.0,0.0,0.0
999997422,799269,0,1.005859375,-0.033203125,0.01953125,-0.013671875,0.0,0.0,0.0
999998674,799270,0,1.001953125,-0.03515625,0.0234375,-0.01171875,0.0,0.0,0.0
999999924,799271,0,1.0078125,-0.033203125,0.017578125,-0.015625,0.0,0.0,0.0
1000001175,799272,0,1.005859375,-0.0390625,0.017578125,-0.021484375,0.0,0.0,0.0
1000002426,799273,0,1.001953125,-0.037109375,0.017578125,-0.01953125,0.0,0.0,0.0
1000003677,799274,0,1.0078125,-0.037109375,0.013671875,-0.0234375,0.0,0.0,0.0
1000004928,799275,0,1.0,-0.037109375,0.015625,-0.021484375,0.0,0.0,0.0
1000006179,799276,0,1.001953125,-0.03515625,0.017578125,-0.017578125,0.0,0.0,0.0
1000007431,799277,0,1.001953125,-0.0390625,0.013671875,-0.025390625,0.0,0.0,0.0
1000008681,799278,0,1.0078125,-0.03515625,0.017578125,-0.017578125,0.0,0.0,0.0
1000009932,799279,0,1.00390625,-0.037109375,0.017578125,-0.01953125,0.0,0.0,0.0
1000011182,799280,0,1.0078125,-0.037109375,0.017578125,-0.01953125,0.0,0.0,0.0
1000012432,799281,0,1.001953125,-0.03515625,0.01171875,-0.0234375,0.0,0.0,0.0
1000013684,799282,0,1.001953125,-0.037109375,0.015625,-0.021484375,0.0,0.0,0.0
1000014934,799283,0,1.009765625,-0.033203125,0.017578125,-0.015625,0.0,0.0,0.0
1000016185,799284,0,1.0078125,-0.037109375,0.021484375,-0.015625,0.0,0.0,0.0
1000017436,799285,0,1.001953125,-0.0390625,0.01953125,-0.01953125,0.0,0.0,0.0
1000018687,799286,0,0.99609375,-0.03515625,0.015625,-0.01953125,0.0,0.0,0.0
1000019937,799287,0,0.998046875,-0.037109375,0.02734375,-0.009765625,0.0,0.0,0.0
1000021187,799288,0,1.015625,-0.037109375,0.01171875,-0.025390625,0.0,0.0,0.0
1000022439,799289,0,0.998046875,-0.0390625,0.02734375,-0.01171875,0.0,0.0,0.0
1000023690,799290,0,1.0,-0.033203125,0.01171875,-0.021484375,0.0,0.0,0.0
1000024940,799291,0,1.00390625,-0.037109375,0.01953125,-0.017578125,0.0,0.0,0.0
1000026192,799292,0,1.0,-0.03515625,0.01953125,-0.015625,0.0,0.0,0.0
1000027443,799293,0,0.998046875,-0.0390625,0.01171875,-0.02734375,0.0,0.0,0.0
1000028694,799294,0,1.001953125,-0.037109375,0.021484375,-0.015625,0.0,0.0,0.0
1000029944,799295,0,1.005859375,-0.037109375,0.01953125,-0.017578125,0.0,0.0,0.0
1000031194,799296,0,1.00390625,-0.0390625,0.015625,-0.0234375,0.0,0.0,0.0
1000032445,799297,0,1.001953125,-0.037109375,0.017578125,-0.01953125,0.0,0.0,0.0
1000033697,799298,0,1.001953125,-0.037109375,0.015625,-0.021484375,0.0,0.0,0.0
1000034947,799299,0,1.00390625,-0.037109375,0.021484375,-0.015625,0.0,0.0,0.0
1000036199,799300,0,1.00390625,-0.04296875,0.013671875,-0.029296875,0.0,0.0,0.0
1000037449,799301,0,1.0,-0.037109375,0.013671875,-0.0234375,0.0,0.0,0.0
1000038701,799302,0,1.001953125,-0.037109375,0.015625,-0.021484375,0.0,0.0,0.0
1000039951,799303,0,1.005859375,-0.037109375,0.015625,-0.021484375,0.0,0.0,0.0
1000041202,799304,0,1.0078125,-0.03515625,0.015625,-0.01953125,0.0,0.0,0.0
1000042454,799305,0,0.998046875,-0.037109375,0.01953125,-0.017578125,0.0,0.0,0.0
1000043704,799306,0,1.013671875,-0.03515625,0.025390625,-0.009765625,0.0,0.0,0.0
1000044955,799307,0,0.998046875,-0.03125,0.015625,-0.015625,0.0,0.0,0.0
1000046206,799308,0,1.005859375,-0.03515625,0.01953125,-0.015625,0.0,0.0,0.0
1000047457,799309,0,1.005859375,-0.033203125,0.021484375,-0.01171875,0.0,0.0,0.0
1000048708,799310,0,1.00390625,-0.0390625,0.013671875,-0.025390625,0.0,0.0,0.0
1000049959,799311,0,1.00390625,-0.041015625,0.017578125,-0.0234375,0.0,0.0,0.0
1000051211,799312,0,1.001953125,-0.041015625,0.021484375,-0.01953125,0.0,0.0,0.0
1000052463,799313,0,0.994140625,-0.037109375,0.017578125,-0.01953125,0.0,0.0,0.0
1000053713,799314,0,1.005859375,-0.037109375,0.015625,-0.021484375,0.0,0.0,0.0
1000054965,799315,0,1.005859375,-0.0390625,0.017578125,-0.021484375,0.0,0.0,0.0
1000056215,799316,0,1.0078125,-0.037109375,0.013671875,-0.0234375,0.0,0.0,0.0
1000057466,799317,0,1.005859375,-0.037109375,0.017578125,-0.01953125,0.0,0.0,0.0
1000058716,799318,0,1.005859375,-0.037109375,0.017578125,-0.01953125,0.0,0.0,0.0
1000059966,799319,0,1.001953125,-0.0390625,0.021484375,-0.017578125,0.0,0.0,0.0
1000061216,799320,0,1.005859375,-0.0390625,0.01171875,-0.02734375,0.0,0.0,0.0
1000062468,799321,0,1.00390625,-0.04296875,0.01171875,-0.03125,0.0,0.0,0.0
1000063719,799322,0,1.005859375,-0.037109375,0.013671875,-0.0234375,0.0,0.0,0.0
1000064969,799323,0,0.998046875,-0.03515625,0.013671875,-0.021484375,0.0,0.0,0.0
1000066221,799324,0,1.00390625,-0.03515625,0.013671875,-0.021484375,0.0,0.0,0.0
1000067471,799325,0,1.00390625,-0.0390625,0.01171875,-0.02734375,0.0,0.0,0.0
1000068723,799326,0,1.00390625,-0.03515625,0.013671875,-0.021484375,0.0,0.0,0.0
1000069973,799327,0,1.005859375,-0.03515625,0.017578125,-0.017578125,0.0,0.0,0.0
1000071225,799328,0,1.005859375,-0.029296875,0.01953125,-0.009765625,0.0,0.0,0.0
1000072476,799329,0,0.998046875,-0.041015625,0.017578125,-0.0234375,0.0,0.0,0.0
1000073727,799330,0,0.998046875,-0.041015625,0.017578125,-0.0234375,0.0,0.0,0.0
1000074977,799331,0,1.001953125,-0.0390625,0.013671875,-0.025390625,0.0,0.0,0.0
1000076228,799332,0,1.00390625,-0.0390625,0.013671875,-0.025390625,0.0,0.0,0.0
1000077479,799333,0,1.001953125,-0.044921875,0.017578125,-0.02734375,0.0,0.0,0.0
1000078730,799334,0,1.009765625,-0.03515625,0.01953125,-0.015625,0.0,0.0,0.0
1000079981,799335,0,1.0,-0.037109375,0.013671875,-0.0234375,0.0,0.0,0.0
1000081233,799336,0,0.998046875,-0.04296875,0.0234375,-0.01953125,0.0,0.0,0.0
1000082484,799337,0,1.00390625,-0.033203125,0.01171875,-0.021484375,0.0,0.0,0.0
1000083734,799338,0,1.00390625,-0.037109375,0.01953125,-0.017578125,0.0,0.0,0.0
1000084984,799339,0,1.00390625,-0.037109375,0.01953125,-0.017578125,0.0,0.0,0.0
1000086235,799340,0,1.005859375,-0.037109375,0.01171875,-0.025390625,0.0,0.0,0.0
1000087486,799341,0,1.009765625,-0.0390625,0.015625,-0.0234375,0.0,0.0,0.0
1000088737,799342,0,1.005859375,-0.037109375,0.013671875,-0.0234375,0.0,0.0,0.0
1000089987,799343,0,1.0078125,-0.0390625,0.01171875,-0.02734375,0.0,0.0,0.0
1000091238,799344,0,1.013671875,-0.0390625,0.01953125,-0.01953125,0.0,0.0,0.0
1000092489,799345,0,1.005859375,-0.03515625,0.015625,-0.01953125,0.0,0.0,0.0
1000093740,799346,0,1.00390625,-0.037109375,0.01171875,-0.025390625,0.0,0.0,0.0
1000094992,799347,0,1.0078125,-0.03515625,0.021484375,-0.013671875,0.0,0.0,0.0
1000096242,799348,0,1.001953125,-0.0390625,0.021484375,-0.017578125,0.0,0.0,0.0
1000097493,799349,0,1.00390625,-0.033203125,0.015625,-0.017578125,0.0,0.0,0.0
1000098744,799350,0,1.0078125,-0.03515625,0.015625,-0.01953125,0.0,0.0,0.0
1000099994,799351,0,1.00390625,-0.04296875,0.01171875,-0.03125,0.0,0.0,0.0
1000101245,799352,0,1.0078125,-0.041015625,0.017578125,-0.0234375,0.0,0.0,0.0
1000102497,799353,0,1.0,-0.0390625,0.009765625,-0.029296875,0.0,0.0,0.0
1000103749,799354,0,0.998046875,-0.0390625,0.01953125,-0.01953125,0.0,0.0,0.0
1000104999,799355,0,1.00390625,-0.041015625,0.01953125,-0.021484375,0.0,0.0,0.0
1000106250,799356,0,1.00390625,-0.03515625,0.017578125,-0.017578125,0.0,0.0,0.0
1000107500,799357,0,1.00390625,-0.0390625,0.021484375,-0.017578125,0.0,0.0,0.0
1000108752,799358,0,1.005859375,-0.03515625,0.005859375,-0.029296875,0.0,0.0,0.0
1000110003,799359,0,1.005859375,-0.03515625,0.01953125,-0.015625,0.0,0.0,0.0
1000111254,799360,0,0.998046875,-0.0390625,0.017578125,-0.021484375,0.0,0.0,0.0
1000112504,799361,0,1.0078125,-0.037109375,0.013671875,-0.0234375,0.0,0.0,0.0
1000113756,799362,0,1.0,-0.0390625,0.015625,-0.0234375,0.0,0.0,0.0
1000115006,799363,0,1.005859375,-0.037109375,0.017578125,-0.01953125,0.0,0.0,0.0
1000116257,799364,0,1.0,-0.041015625,0.01171875,-0.029296875,0.0,0.0,0.0
1000117508,799365,0,1.001953125,-0.03515625,0.009765625,-0.025390625,0.0,0.0,0.0
1000118759,799366,0,1.009765625,-0.037109375,0.01953125,-0.017578125,0.0,0.0,0.0
1000120009,799367,0,1.001953125,-0.03125,0.01171875,-0.01953125,0.0,0.0,0.0
1000121259,799368,0,1.001953125,-0.0390625,0.017578125,-0.021484375,0.0,0.0,0.0
1000122510,799369,0,1.005859375,-0.037109375,0.021484375,-0.015625,0.0,0.0,0.0
1000123762,799370,0,1.001953125,-0.037109375,0.01953125,-0.017578125,0.0,0.0,0.0
1000125013,799371,0,1.00390625,-0.037109375,0.015625,-0.021484375,0.0,0.0,0.0
1000126271,799372,0,1.00390625,-0.03125,0.015625,-0.015625,0.0,0.0,0.0
1000127522,799373,0,1.0,-0.04296875,0.005859375,-0.037109375,0.0,0.0,0.0
1000128773,799374,0,0.998046875,-0.0390625,0.017578125,-0.021484375,0.0,0.0,0.0
1000130025,799375,0,0.998046875,-0.0390625,0.01953125,-0.01953125,0.0,0.0,0.0
1000131277,799376,0,1.00390625,-0.033203125,0.017578125,-0.015625,0.0,0.0,0.0
1000132528,799377,0,1.001953125,-0.037109375,0.015625,-0.021484375,0.0,0.0,0.0
1000133779,799378,0,1.00390625,-0.03515625,0.0078125,-0.02734375,0.0,0.0,0.0
1000135031,799379,0,1.005859375,-0.037109375,0.013671875,-0.0234375,0.0,0.0,0.0
1000136283,799380,0,1.00390625,-0.037109375,0.01171875,-0.025390625,0.0,0.0,0.0
1000137535,799381,0,1.005859375,-0.0390625,0.017578125,-0.021484375,0.0,0.0,0.0
1000138786,799382,0,1.001953125,-0.033203125,0.017578125,-0.015625,0.0,0.0,0.0
1000140036,799383,0,1.00390625,-0.033203125,0.015625,-0.017578125,0.0,0.0,0.0
1000141287,799384,0,1.0,-0.0390625,0.013671875,-0.025390625,0.0,0.0,0.0
1000142537,799385,0,1.0,-0.03515625,0.015625,-0.01953125,0.0,0.0,0.0
1000143787,799386,0,1.005859375,-0.0390625,0.015625,-0.0234375,0.0,0.0,0.0
1000145038,799387,0,1.005859375,-0.0390625,0.0078125,-0.03125,0.0,0.0,0.0
1000146289,799388,0,1.001953125,-0.03515625,0.009765625,-0.025390625,0.0,0.0,0.0
1000147539,799389,0,0.99609375,-0.041015625,0.01953125,-0.021484375,0.0,0.0,0.0
1000148790,799390,0,1.0078125,-0.03515625,0.015625,-0.01953125,0.0,0.0,0.0
1000150042,799391,0,1.009765625,-0.037109375,0.015625,-0.021484375,0.0,0.0,0.0
1000151292,799392,0,1.0,-0.033203125,0.01171875,-0.021484375,0.0,0.0,0.0
1000152543,799393,0,1.0,-0.033203125,0.015625,-0.017578125,0.0,0.0,0.0
1000153794,799394,0,1.00390625,-0.048828125,0.013671875,-0.03515625,0.0,0.0,0.0
1000155044,799395,0,1.005859375,-0.03515625,0.01171875,-0.0234375,0.0,0.0,0.0
1000156294,799396,0,1.00390625,-0.04296875,0.013671875,-0.029296875,0.0,0.0,0.0
1000157544,799397,0,1.0,-0.03515625,0.009765625,-0.025390625,0.0,0.0,0.0
1000158796,799398,0,1.001953125,-0.03515625,0.01171875,-0.0234375,0.0,0.0,0.0
1000160047,799399,0,1.005859375,-0.03515625,0.017578125,-0.017578125,0.0,0.0,0.0
1000161297,799400,0,1.0078125,-0.0390625,0.015625,-0.0234375,0.0,0.0,0.0
1000162548,799401,0,1.001953125,-0.04296875,0.01171875,-0.03125,0.0,0.0,0.0
1000163800,799402,0,0.998046875,-0.0390625,0.01171875,-0.02734375,0.0,0.0,0.0
1000165050,799403,0,1.0078125,-0.03515625,0.017578125,-0.017578125,0.0,0.0,0.0
1000166300,799404,0,1.0,-0.03515625,0.015625,-0.01953125,0.0,0.0,0.0
1000167550,799405,0,1.009765625,-0.0390625,0.013671875,-0.025390625,0.0,0.0,0.0
1000168801,799406,0,1.001953125,-0.041015625,0.013671875,-0.02734375,0.0,0.0,0.0
1000170052,799407,0,1.005859375,-0.037109375,0.017578125,-0.01953125,0.0,0.0,0.0
1000171302,799408,0,1.00390625,-0.037109375,0.021484375,-0.015625,0.0,0.0,0.0
1000172553,799409,0,1.001953125,-0.037109375,0.01171875,-0.025390625,0.0,0.0,0.0
1000173804,799410,0,1.005859375,-0.0390625,0.015625,-0.0234375,0.0,0.0,0.0
1000175054,799411,0,0.998046875,-0.03515625,0.013671875,-0.021484375,0.0,0.0,0.0
1000176305,799412,0,0.998046875,-0.041015625,0.017578125,-0.0234375,0.0,0.0,0.0
1000177556,799413,0,1.00390625,-0.029296875,0.013671875,-0.015625,0.0,0.0,0.0
1000178807,799414,0,1.015625,-0.033203125,0.015625,-0.017578125,0.0,0.0,0.0
1000180058,799415,0,1.00390625,-0.037109375,0.013671875,-0.0234375,0.0,0.0,0.0
1000181310,799416,0,1.001953125,-0.03515625,0.015625,-0.01953125,0.0,0.0,0.0
1000182560,799417,0,1.005859375,-0.037109375,0.021484375,-0.015625,0.0,0.0,0.0
1000183810,799418,0,1.0078125,-0.041015625,0.015625,-0.025390625,0.0,0.0,0.0
1000185060,799419,0,1.001953125,-0.037109375,0.017578125,-0.01953125,0.0,0.0,0.0
1000186311,799420,0,1.005859375,-0.0390625,0.013671875,-0.025390625,0.0,0.0,0.0
1000187561,799421,0,1.001953125,-0.0390625,0.017578125,-0.021484375,0.0,0.0,0.0
1000188813,799422,0,1.0078125,-0.037109375,0.01953125,-0.017578125,0.0,0.0,0.0
1000190063,799423,0,1.001953125,-0.04296875,0.01953125,-0.0234375,0.0,0.0,0.0
1000191313,799424,0,1.005859375,-0.037109375,0.013671875,-0.0234375,0.0,0.0,0.0
1000192565,799425,0,1.001953125,-0.0390625,0.009765625,-0.029296875,0.0,0.0,0.0
1000193816,799426,0,1.005859375,-0.037109375,0.017578125,-0.01953125,0.0,0.0,0.0
1000195066,799427,0,1.005859375,-0.037109375,0.021484375,-0.015625,0.0,0.0,0.0
1000196316,799428,0,1.0078125,-0.03515625,0.015625,-0.01953125,0.0,0.0,0.0
1000197567,799429,0,1.0078125,-0.037109375,0.013671875,-0.0234375,0.0,0.0,0.0
1000198817,799430,0,1.009765625,-0.033203125,0.01171875,-0.021484375,0.0,0.0,0.0
1000200069,799431,0,0.99609375,-0.037109375,0.017578125,-0.01953125,0.0,0.0,0.0
1000201319,799432,0,1.00390625,-0.037109375,0.015625,-0.021484375,0.0,0.0,0.0
1000202570,799433,0,0.998046875,-0.0390625,0.017578125,-0.021484375,0.0,0.0,0.0
1000203822,799434,0,0.998046875,-0.03515625,0.01171875,-0.0234375,0.0,0.0,0.0
1000205072,799435,0,1.0078125,-0.041015625,0.013671875,-0.02734375,0.0,0.0,0.0
1000206322,799436,0,1.00390625,-0.037109375,0.017578125,-0.01953125,0.0,0.0,0.0
1000207572,799437,0,1.0078125,-0.037109375,0.009765625,-0.02734375,0.0,0.0,0.0
1000208823,799438,0,1.0078125,-0.03125,0.015625,-0.015625,0.0,0.0,0.0
1000210075,799439,0,1.001953125,-0.037109375,0.029296875,-0.0078125,0.0,0.0,0.0
1000211326,799440,0,0.994140625,-0.037109375,0.013671875,-0.0234375,0.0,0.0,0.0
1000212576,799441,0,0.99609375,-0.03515625,0.0234375,-0.01171875,0.0,0.0,0.0
1000213827,799442,0,0.998046875,-0.037109375,0.017578125,-0.01953125,0.0,0.0,0.0
1000215077,799443,0,1.00390625,-0.03515625,0.0234375,-0.01171875,0.0,0.0,0.0
1000216327,799444,0,1.0078125,-0.03515625,0.01171875,-0.0234375,0.0,0.0,0.0
1000217578,799445,0,1.005859375,-0.03515625,0.013671875,-0.021484375,0.0,0.0,0.0
1000218829,799446,0,1.0,-0.03515625,0.015625,-0.01953125,0.0,0.0,0.0
1000220080,799447,0,1.009765625,-0.03515625,0.013671875,-0.021484375,0.0,0.0,0.0
1000221332,799448,0,1.001953125,-0.037109375,0.015625,-0.021484375,0.0,0.0,0.0
1000222582,799449,0,1.001953125,-0.03515625,0.01953125,-0.015625,0.0,0.0,0.0
1000223834,799450,0,1.005859375,-0.0390625,0.0078125,-0.03125,0.0,0.0,0.0
1000225085,799451,0,1.001953125,-0.037109375,0.021484375,-0.015625,0.0,0.0,0.0
1000226335,799452,0,1.001953125,-0.0390625,0.01953125,-0.01953125,0.0,0.0,0.0
1000227586,799453,0,1.00390625,-0.033203125,0.01953125,-0.013671875,0.0,0.0,0.0
1000228838,799454,0,1.005859375,-0.037109375,0.013671875,-0.0234375,0.0,0.0,0.0
1000230088,799455,0,1.009765625,-0.0390625,0.01953125,-0.01953125,0.0,0.0,0.0
1000231338,799456,0,0.998046875,-0.0390625,0.017578125,-0.021484375,0.0,0.0,0.0
1000232589,799457,0,1.015625,-0.03515625,0.015625,-0.01953125,0.0,0.0,0.0
1000233839,799458,0,1.00390625,-0.0390625,0.0078125,-0.03125,0.0,0.0,0.0
1000235091,799459,0,1.0,-0.0390625,0.015625,-0.0234375,0.0,0.0,0.0
1000236341,799460,0,1.00390625,-0.0390625,0.009765625,-0.029296875,0.0,0.0,0.0
1000237592,799461,0,1.005859375,-0.037109375,0.015625,-0.021484375,0.0,0.0,0.0
1000238844,799462,0,1.0,-0.0390625,0.013671875,-0.025390625,0.0,0.0,0.0
1000240094,799463,0,0.998046875,-0.037109375,0.01171875,-0.025390625,0.0,0.0,0.0
1000241344,799464,0,1.001953125,-0.037109375,0.01171875,-0.025390625,0.0,0.0,0.0
1000242595,799465,0,1.00390625,-0.037109375,0.009765625,-0.02734375,0.0,0.0,0.0
1000243846,799466,0,1.0078125,-0.03515625,0.01171875,-0.0234375,0.0,0.0,0.0
1000245096,799467,0,1.00390625,-0.037109375,0.017578125,-0.01953125,0.0,0.0,0.0
1000246346,799468,0,1.005859375,-0.03515625,0.01171875,-0.0234375,0.0,0.0,0.0
1000247597,799469,0,1.005859375,-0.037109375,0.017578125,-0.01953125,0.0,0.0,0.0
1000248847,799470,0,1.0078125,-0.03515625,0.015625,-0.01953125,0.0,0.0,2.7862217422125468e-08
1000251349,799472,0,1.00390625,-0.0390625,0.01171875,-0.02734375,0.0,0.0,0.0
1000252599,799473,0,1.005859375,-0.0390625,0.021484375,-0.017578125,0.0,0.0,0.0
1000253850,799474,0,1.005859375,-0.033203125,0.01953125,-0.013671875,0.0,0.0,0.0
1000255101,799475,0,1.001953125,-0.03515625,0.017578125,-0.017578125,0.0,0.0,0.0
1000256351,799476,0,1.00390625,-0.041015625,0.013671875,-0.02734375,0.0,0.0,0.0
1000257602,799477,0,1.009765625,-0.0390625,0.01171875,-0.02734375,0.0,0.0,0.0
1000258853,799478,0,1.0,-0.03515625,0.017578125,-0.017578125,0.0,0.0,0.0
1000260103,799479,0,1.0078125,-0.033203125,0.01953125,-0.013671875,0.0,0.0,0.0
1000261355,799480,0,1.015625,-0.04296875,0.009765625,-0.033203125,0.0,0.0,0.0
1000262606,799481,0,1.009765625,-0.03125,0.01171875,-0.01953125,0.0,0.0,0.0
1000263856,799482,0,1.001953125,-0.03515625,0.017578125,-0.017578125,0.0,0.0,0.0
1000265108,799483,0,1.001953125,-0.03125,0.021484375,-0.009765625,0.0,0.0,0.0
1000266359,799484,0,0.998046875,-0.041015625,0.021484375,-0.01953125,0.0,0.0,0.0
1000267610,799485,0,1.001953125,-0.03515625,0.01171875,-0.0234375,0.0,0.0,0.0
1000268860,799486,0,1.0,-0.037109375,0.013671875,-0.0234375,0.0,0.0,0.0
1000270110,799487,0,0.998046875,-0.037109375,0.01953125,-0.017578125,0.0,0.0,0.0
1000271362,799488,0,1.00390625,-0.037109375,0.017578125,-0.01953125,0.0,0.0,0.0
1000272614,799489,0,1.005859375,-0.03515625,0.01953125,-0.015625,0.0,0.0,0.0
1000273865,799490,0,1.005859375,-0.037109375,0.01953125,-0.017578125,0.0,0.0,0.0
1000275115,799491,0,1.001953125,-0.037109375,0.017578125,-0.01953125,0.0,0.0,0.0
1000276366,799492,0,1.0,-0.0390625,0.017578125,-0.021484375,0.0,0.0,0.0
1000277616,799493,0,1.00390625,-0.037109375,0.015625,-0.021484375,0.0,0.0,0.0
1000278867,799494,0,1.0078125,-0.037109375,0.021484375,-0.015625,0.0,0.0,0.0
1000280118,799495,0,1.00390625,-0.037109375,0.01953125,-0.017578125,0.0,0.0,0.0
1000281368,799496,0,0.9921875,-0.037109375,0.015625,-0.021484375,0.0,0.0,0.0
1000282619,799497,0,1.0078125,-0.033203125,0.017578125,-0.015625,0.0,0.0,0.0
1000283871,799498,0,1.001953125,-0.0390625,0.01953125,-0.01953125,0.0,0.0,0.0
1000285121,799499,0,0.998046875,-0.0390625,0.013671875,-0.025390625,0.0,0.0,0.0
1000286371,799500,0,1.01171875,-0.04296875,0.017578125,-0.025390625,0.0,0.0,0.0
1000287623,799501,0,1.001953125,-0.037109375,0.015625,-0.021484375,0.0,0.0,0.0
1000288873,799502,0,1.015625,-0.037109375,0.017578125,-0.01953125,0.0,0.0,0.0
1000290124,799503,0,1.005859375,-0.03125,0.009765625,-0.021484375,0.0,0.0,0.0
1000291376,799504,0,1.001953125,-0.03515625,0.017578125,-0.017578125,0.0,0.0,0.0
1000292626,799505,0,1.0,-0.0390625,0.01171875,-0.02734375,0.0,0.0,0.0
1000293877,799506,0,1.0,-0.037109375,0.01171875,-0.025390625,0.0,0.0,0.0
1000295127,799507,0,1.0078125,-0.0390625,0.015625,-0.0234375,0.0,0.0,0.0
1000296377,799508,0,1.0,-0.037109375,0.01953125,-0.017578125,0.0,0.0,0.0
1000297629,799509,0,1.0,-0.0390625,0.017578125,-0.021484375,0.0,0.0,0.0
1000298879,799510,0,1.001953125,-0.041015625,0.015625,-0.025390625,0.0,0.0,0.0
1000300130,799511,0,1.001953125,-0.0390625,0.01953125,-0.01953125,0.0,0.0,0.0
1000301381,799512,0,1.00390625,-0.0390625,0.009765625,-0.029296875,0.0,0.0,0.0
1000302631,799513,0,1.001953125,-0.0390625,0.01171875,-0.02734375,0.0,0.0,0.0
1000303883,799514,0,1.001953125,-0.0390625,0.017578125,-0.021484375,0.0,0.0,0.0
1000305134,799515,0,1.00390625,-0.037109375,0.009765625,-0.02734375,0.0,0.0,0.0
1000306384,799516,0,0.998046875,-0.037109375,0.017578125,-0.01953125,0.0,0.0,0.0
1000307635,799517,0,0.99609375,-0.0390625,0.015625,-0.0234375,0.0,0.0,0.0
1000308887,799518,0,1.001953125,-0.041015625,0.01953125,-0.021484375,0.0,0.0,0.0
1000310137,799519,0,1.0,-0.037109375,0.01953125,-0.017578125,0.0,0.0,0.0
1000311388,799520,0,1.0078125,-0.037109375,0.009765625,-0.02734375,0.0,0.0,0.0
1000312639,799521,0,0.998046875,-0.037109375,0.015625,-0.021484375,0.0,0.0,0.0
1000313889,799522,0,1.001953125,-0.029296875,0.01171875,-0.017578125,0.0,0.0,0.0
1000315140,799523,0,0.994140625,-0.041015625,0.01953125,-0.021484375,0.0,0.0,0.0
1000316392,799524,0,1.00390625,-0.0390625,0.01171875,-0.02734375,0.0,0.0,0.0
1000317642,799525,0,1.00390625,-0.04296875,0.01953125,-0.0234375,0.0,0.0,0.0
1000318894,799526,0,0.99609375,-0.037109375,0.015625,-0.021484375,0.0,0.0,0.0
1000320145,799527,0,1.005859375,-0.0390625,0.015625,-0.0234375,0.0,0.0,0.0
1000321396,799528,0,1.001953125,-0.04296875,0.01953125,-0.0234375,0.0,0.0,0.0
1000322647,799529,0,1.0,-0.037109375,0.013671875,-0.0234375,0.0,0.0,0.0
1000323899,799530,0,1.00390625,-0.037109375,0.01171875,-0.025390625,0.0,0.0,0.0
1000325150,799531,0,1.005859375,-0.033203125,0.021484375,-0.01171875,0.0,0.0,0.0
1000326400,799532,0,1.001953125,-0.0390625,0.01171875,-0.02734375,0.0,0.0,0.0
1000327652,799533,0,1.005859375,-0.037109375,0.013671875,-0.0234375,0.0,0.0,0.0
1000328902,799534,0,1.0078125,-0.03515625,0.017578125,-0.017578125,0.0,0.0,0.0
1000330152,799535,0,1.005859375,-0.033203125,0.017578125,-0.015625,0.0,0.0,0.0
1000331402,799536,0,1.005859375,-0.0390625,0.015625,-0.0234375,0.0,0.0,0.0
1000332653,799537,0,1.0,-0.033203125,0.01953125,-0.013671875,0.0,0.0,0.0
1000333904,799538,0,1.005859375,-0.0390625,0.01171875,-0.02734375,0.0,0.0,0.0
1000335154,799539,0,1.001953125,-0.0390625,0.015625,-0.0234375,0.0,0.0,0.0
1000336406,799540,0,1.00390625,-0.037109375,0.017578125,-0.01953125,0.0,0.0,0.0
1000337657,799541,0,1.009765625,-0.04296875,0.01171875,-0.03125,0.0,0.0,0.0
1000338907,799542,0,0.99609375,-0.03515625,0.013671875,-0.021484375,0.0,0.0,0.0
1000340158,799543,0,0.998046875,-0.041015625,0.015625,-0.025390625,0.0,0.0,0.0
1000341408,799544,0,0.998046875,-0.041015625,0.021484375,-0.01953125,0.0,0.0,0.0
1000342659,799545,0,1.015625,-0.037109375,0.017578125,-0.01953125,0.0,0.0,0.0
1000343910,799546,0,0.99609375,-0.03515625,0.01953125,-0.015625,0.0,0.0,0.0
1000345160,799547,0,1.0078125,-0.0390625,0.01171875,-0.02734375,0.0,0.0,0.0
1000346410,799548,0,1.00390625,-0.03515625,0.0234375,-0.01171875,0.0,0.0,0.0
1000347662,799549,0,1.0078125,-0.03515625,0.017578125,-0.017578125,0.0,0.0,0.0
1000348912,799550,0,1.001953125,-0.03515625,0.01953125,-0.015625,0.0,0.0,0.0
1000350163,799551,0,1.0,-0.03515625,0.01953125,-0.015625,0.0,0.0,0.0
1000351413,799552,0,1.0,-0.037109375,0.017578125,-0.01953125,0.0,0.0,0.0
1000352664,799553,0,0.998046875,-0.0390625,0.021484375,-0.017578125,0.0,0.0,0.0
1000353915,799554,0,1.001953125,-0.0390625,0.01953125,-0.01953125,0.0,0.0,0.0
1000355167,799555,0,1.005859375,-0.0390625,0.013671875,-0.025390625,0.0,0.0,0.0
1000356417,799556,0,1.0078125,-0.037109375,0.01953125,-0.017578125,0.0,0.0,0.0
1000357668,799557,0,1.005859375,-0.03515625,0.017578125,-0.017578125,0.0,0.0,0.0
1000358920,799558,0,1.001953125,-0.0390625,0.015625,-0.0234375,0.0,0.0,0.0
1000360171,799559,0,1.0078125,-0.03515625,0.013671875,-0.021484375,0.0,0.0,0.0
1000361422,799560,0,1.0,-0.044921875,0.01171875,-0.033203125,0.0,0.0,0.0
1000362674,799561,0,0.998046875,-0.033203125,0.017578125,-0.015625,0.0,0.0,0.0
1000363924,799562,0,1.0,-0.0390625,0.015625,-0.0234375,0.0,0.0,0.0
1000365175,799563,0,1.001953125,-0.033203125,0.013671875,-0.01953125,0.0,0.0,0.0
1000366426,799564,0,1.013671875,-0.037109375,0.01171875,-0.025390625,0.0,0.0,0.0
1000367677,799565,0,0.998046875,-0.041015625,0.021484375,-0.01953125,0.0,0.0,0.0
1000368928,799566,0,1.005859375,-0.03515625,0.0078125,-0.02734375,0.0,0.0,0.0
1000370179,799567,0,1.0078125,-0.0390625,0.009765625,-0.029296875,0.0,0.0,0.0
1000371431,799568,0,1.015625,-0.03515625,0.015625,-0.01953125,0.0,0.0,0.0
1000372681,799569,0,1.001953125,-0.037109375,0.02734375,-0.009765625,0.0,0.0,0.0
1000373932,799570,0,0.998046875,-0.0390625,0.013671875,-0.025390625,0.0,0.0,0.0
1000375182,799571,0,1.009765625,-0.037109375,0.015625,-0.021484375,0.0,0.0,0.0
1000376432,799572,0,1.001953125,-0.0390625,0.009765625,-0.029296875,0.0,0.0,0.0
1000377684,799573,0,0.99609375,-0.037109375,0.015625,-0.021484375,0.0,0.0,0.0
1000378934,799574,0,1.00390625,-0.037109375,0.021484375,-0.015625,0.0,0.0,0.0
1000380185,799575,0,1.001953125,-0.041015625,0.015625,-0.025390625,0.0,0.0,0.0
1000381436,799576,0,1.0078125,-0.03515625,0.01171875,-0.0234375,0.0,0.0,0.0
1000382687,799577,0,1.00390625,-0.0390625,0.013671875,-0.025390625,0.0,0.0,0.0
1000383937,799578,0,1.001953125,-0.037109375,0.013671875,-0.0234375,0.0,0.0,0.0
1000385187,799579,0,1.001953125,-0.037109375,0.013671875,-0.0234375,0.0,0.0,0.0
1000386439,799580,0,1.001953125,-0.037109375,0.01953125,-0.017578125,0.0,0.0,0.0
1000387690,799581,0,1.0,-0.041015625,0.017578125,-0.0234375,0.0,0.0,0.0
1000388940,799582,0,1.009765625,-0.033203125,0.017578125,-0.015625,0.0,0.0,0.0
1000390192,799583,0,1.001953125,-0.037109375,0.021484375,-0.015625,0.0,0.0,0.0
1000391443,799584,0,0.99609375,-0.037109375,0.01953125,-0.017578125,0.0,0.0,0.0
1000392694,799585,0,0.998046875,-0.041015625,0.017578125,-0.0234375,0.0,0.0,0.0
1000393944,799586,0,1.0,-0.037109375,0.013671875,-0.0234375,0.0,0.0,0.0
1000395194,799587,0,1.0078125,-0.0390625,0.0078125,-0.03125,0.0,0.0,0.0
1000396445,799588,0,0.994140625,-0.033203125,0.017578125,-0.015625,0.0,0.0,0.0
1000397697,799589,0,1.017578125,-0.0390625,0.015625,-0.0234375,0.0,0.0,0.0
1000398947,799590,0,1.00390625,-0.0390625,0.015625,-0.0234375,0.0,0.0,0.0
1000400199,799591,0,1.005859375,-0.03515625,0.017578125,-0.017578125,0.0,0.0,0.0
1000401449,799592,0,1.001953125,-0.037109375,0.017578125,-0.01953125,0.0,0.0,0.0
1000402701,799593,0,1.00390625,-0.033203125,0.0078125,-0.025390625,0.0,0.0,0.0
1000403951,799594,0,1.005859375,-0.03515625,0.01171875,-0.0234375,0.0,0.0,0.0
1000405202,799595,0,1.00390625,-0.03515625,0.00390625,-0.03125,0.0,0.0,0.0
1000406454,799596,0,1.00390625,-0.03515625,0.013671875,-0.021484375,0.0,0.0,0.0
1000407704,799597,0,1.0078125,-0.0390625,0.013671875,-0.025390625,0.0,0.0,0.0
1000408955,799598,0,1.005859375,-0.03515625,0.01953125,-0.015625,0.0,0.0,0.0
1000410206,799599,0,1.00390625,-0.033203125,0.013671875,-0.01953125,0.0,0.0,0.0
1000411457,799600,0,1.00390625,-0.03515625,0.015625,-0.01953125,0.0,0.0,0.0
1000412708,799601,0,0.998046875,-0.037109375,0.015625,-0.021484375,0.0,0.0,0.0
1000413959,799602,0,1.005859375,-0.037109375,0.015625,-0.021484375,0.0,0.0,0.0
1000415211,799603,0,0.99609375,-0.0390625,0.015625,-0.0234375,0.0,0.0,0.0
1000416463,799604,0,0.998046875,-0.03125,0.009765625,-0.021484375,0.0,0.0,0.0
1000417713,799605,0,1.00390625,-0.037109375,0.017578125,-0.01953125,0.0,0.0,0.0
1000418965,799606,0,1.01171875,-0.03515625,0.009765625,-0.025390625,0.0,0.0,0.0
1000420215,799607,0,1.00390625,-0.037109375,0.021484375,-0.015625,0.0,0.0,0.0
1000421466,799608,0,1.005859375,-0.037109375,0.017578125,-0.01953125,0.0,0.0,0.0
1000422716,799609,0,0.994140625,-0.044921875,0.015625,-0.029296875,0.0,0.0,0.0
1000423966,799610,0,1.00390625,-0.03515625,0.01171875,-0.0234375,0.0,0.0,0.0
1000425216,799611,0,1.0,-0.029296875,0.01953125,-0.009765625,0.0,0.0,0.0
1000426468,799612,0,1.00390625,-0.0390625,0.00390625,-0.03515625,0.0,0.0,0.0
1000427719,799613,0,1.0,-0.03515625,0.015625,-0.01953125,0.0,0.0,0.0
1000428969,799614,0,1.01171875,-0.037109375,0.013671875,-0.0234375,0.0,0.0,0.0
1000430221,799615,0,1.005859375,-0.037109375,0.01171875,-0.025390625,0.0,0.0,0.0
1000431471,799616,0,1.001953125,-0.03515625,0.017578125,-0.017578125,0.0,0.0,0.0
1000432723,799617,0,1.001953125,-0.037109375,0.015625,-0.021484375,0.0,0.0,0.0
1000433973,799618,0,1.0,-0.03515625,0.01953125,-0.015625,0.0,0.0,0.0
1000435225,799619,0,1.00390625,-0.037109375,0.017578125,-0.01953125,0.0,0.0,0.0
1000436476,799620,0,1.00390625,-0.03515625,0.015625,-0.01953125,0.0,0.0,0.0
1000437727,799621,0,1.005859375,-0.03515625,0.013671875,-0.021484375,0.0,0.0,0.0
1000438977,799622,0,1.001953125,-0.037109375,0.0078125,-0.029296875,0.0,0.0,0.0
1000440228,799623,0,1.0,-0.0390625,0.015625,-0.0234375,0.0,0.0,0.0
1000441479,799624,0,0.998046875,-0.041015625,0.017578125,-0.0234375,0.0,0.0,0.0
1000442730,799625,0,1.001953125,-0.03515625,0.01953125,-0.015625,0.0,0.0,0.0
1000443981,799626,0,1.005859375,-0.03515625,0.013671875,-0.021484375,0.0,0.0,0.0
1000445233,799627,0,1.001953125,-0.0390625,0.013671875,-0.025390625,0.0,0.0,0.0
1000446484,799628,0,1.005859375,-0.037109375,0.013671875,-0.0234375,0.0,0.0,0.0
1000447734,799629,0,1.0,-0.033203125,0.013671875,-0.01953125,0.0,0.0,0.0
1000448984,799630,0,1.001953125,-0.04296875,0.015625,-0.02734375,0.0,0.0,0.0
1000450235,799631,0,1.005859375,-0.041015625,0.017578125,-0.0234375,0.0,0.0,0.0
1000451486,799632,0,0.998046875,-0.03515625,0.015625,-0.01953125,0.0,0.0,0.0
1000452737,799633,0,0.998046875,-0.03515625,0.017578125,-0.017578125,0.0,0.0,0.0
1000453987,799634,0,1.0078125,-0.0390625,0.01953125,-0.01953125,0.0,0.0,0.0
1000455238,799635,0,1.00390625,-0.033203125,0.021484375,-0.01171875,0.0,0.0,0.0
1000456489,799636,0,1.00390625,-0.041015625,0.01953125,-0.021484375,0.0,0.0,0.0
1000457740,799637,0,1.00390625,-0.03515625,0.01953125,-0.015625,0.0,0.0,0.0
1000458992,799638,0,0.998046875,-0.03515625,0.015625,-0.01953125,0.0,0.0,0.0
1000460242,799639,0,1.0,-0.037109375,0.013671875,-0.0234375,0.0,0.0,0.0
1000461493,799640,0,0.998046875,-0.0390625,0.015625,-0.0234375,0.0,0.0,0.0
1000462744,799641,0,1.00390625,-0.03515625,0.015625,-0.01953125,0.0,0.0,0.0
1000463994,799642,0,0.998046875,-0.03515625,0.013671875,-0.021484375,0.0,0.0,0.0
1000465245,799643,0,1.0078125,-0.0390625,0.01171875,-0.02734375,0.0,0.0,0.0
1000466497,799644,0,0.998046875,-0.0390625,0.013671875,-0.025390625,0.0,0.0,0.0
1000467749,799645,0,1.001953125,-0.0390625,0.015625,-0.0234375,0.0,0.0,0.0
1000468999,799646,0,1.0,-0.03515625,0.0078125,-0.02734375,0.0,0.0,0.0
1000470250,799647,0,1.0078125,-0.041015625,0.01953125,-0.021484375,0.0,0.0,0.0
1000471500,799648,0,1.005859375,-0.0390625,0.01953125,-0.01953125,0.0,0.0,0.0
1000472752,799649,0,0.998046875,-0.04296875,0.015625,-0.02734375,0.0,0.0,0.0
1000474003,799650,0,1.005859375,-0.046875,0.0078125,-0.0390625,0.0,0.0,0.0
1000475254,799651,0,1.009765625,-0.033203125,0.01953125,-0.013671875,0.0,0.0,0.0
1000476504,799652,0,1.005859375,-0.03515625,0.01953125,-0.015625,0.0,0.0,0.0
1000477756,799653,0,1.0078125,-0.03125,0.01953125,-0.01171875,0.0,0.0,0.0
1000479006,799654,0,0.998046875,-0.03515625,0.01953125,-0.015625,0.0,0.0,0.0
1000480257,799655,0,1.001953125,-0.037109375,0.017578125,-0.01953125,0.0,0.0,0.0
1000481508,799656,0,1.0078125,-0.03515625,0.013671875,-0.021484375,0.0,0.0,0.0
1000482759,799657,0,1.00390625,-0.0390625,0.013671875,-0.025390625,0.0,0.0,0.0
1000484009,799658,0,1.001953125,-0.037109375,0.017578125,-0.01953125,0.0,0.0,0.0
1000485259,799659,0,1.00390625,-0.037109375,0.017578125,-0.01953125,0.0,0.0,0.0
1000486510,799660,0,1.00390625,-0.0390625,0.005859375,-0.033203125,0.0,0.0,0.0
1000487762,799661,0,1.0078125,-0.0390625,0.0234375,-0.015625,0.0,0.0,0.0
1000489013,799662,0,0.998046875,-0.033203125,0.009765625,-0.0234375,0.0,0.0,0.0
1000490271,799663,0,1.005859375,-0.03125,0.015625,-0.015625,0.0,0.0,0.0
1000491522,799664,0,1.001953125,-0.0390625,0.01171875,-0.02734375,0.0,0.0,0.0
1000492773,799665,0,1.001953125,-0.0390625,0.015625,-0.0234375,0.0,0.0,0.0
1000494025,799666,0,1.009765625,-0.033203125,0.01953125,-0.013671875,0.0,0.0,0.0
1000495277,799667,0,1.001953125,-0.037109375,0.017578125,-0.01953125,0.0,0.0,0.0
1000496528,799668,0,1.00390625,-0.037109375,0.01171875,-0.025390625,0.0,0.0,0.0
1000497779,799669,0,1.00390625,-0.037109375,0.0078125,-0.029296875,0.0,0.0,0.0
1000499031,799670,0,1.0078125,-0.03515625,0.01953125,-0.015625,0.0,0.0,0.0
1000500283,799671,0,1.0,-0.03515625,0.021484375,-0.013671875,0.0,0.0,0.0
1000501535,799672,0,1.005859375,-0.0390625,0.01953125,-0.01953125,0.0,0.0,0.0
1000502786,799673,0,1.005859375,-0.037109375,0.025390625,-0.01171875,0.0,0.0,0.0
1000504036,799674,0,0.990234375,-0.03515625,0.017578125,-0.017578125,0.0,0.0,0.0
1000505287,799675,0,1.01171875,-0.037109375,0.009765625,-0.02734375,0.0,0.0,0.0
1000506537,799676,0,0.9921875,-0.037109375,0.01953125,-0.017578125,0.0,0.0,0.0
1000507787,799677,0,1.001953125,-0.037109375,0.021484375,-0.015625,0.0,0.0,0.0
1000509038,799678,0,1.001953125,-0.037109375,0.009765625,-0.02734375,0.0,0.0,0.0
1000510289,799679,0,1.0,-0.037109375,0.021484375,-0.015625,0.0,0.0,0.0
1000511539,799680,0,1.0,-0.0390625,0.013671875,-0.025390625,0.0,0.0,0.0
1000512790,799681,0,1.00390625,-0.037109375,0.01171875,-0.025390625,0.0,0.0,0.0
1000514042,799682,0,1.005859375,-0.0390625,0.015625,-0.0234375,0.0,0.0,0.0
1000515292,799683,0,1.001953125,-0.0390625,0.009765625,-0.029296875,0.0,0.0,0.0
1000516543,799684,0,1.00390625,-0.037109375,0.013671875,-0.0234375,0.0,0.0,0.0
1000517794,799685,0,1.00390625,-0.041015625,0.01953125,-0.021484375,0.0,0.0,0.0
1000519044,799686,0,1.005859375,-0.0390625,0.01171875,-0.02734375,0.0,0.0,0.0
1000520294,799687,0,1.001953125,-0.048828125,0.013671875,-0.03515625,0.0,0.0,0.0
1000521544,799688,0,1.0,-0.044921875,0.0078125,-0.037109375,0.0,0.0,0.0
1000522796,799689,0,1.00390625,-0.052734375,0.001953125,-0.05078125,0.0,0.0,0.0
1000524047,799690,0,1.005859375,-0.0390625,0.015625,-0.0234375,0.0,0.0,0.0
1000525297,799691,0,1.009765625,-0.037109375,-0.046875,-0.083984375,0.0,0.0,0.0
1000526548,799692,0,1.005859375,-0.0390625,0.01953125,-0.01953125,0.0,0.0,0.0
1000527800,799693,0,1.005859375,-0.04296875,0.005859375,-0.037109375,0.0,0.0,0.0
1000529050,799694,0,0.99609375,-0.0390625,0.00390625,-0.03515625,0.0,0.0,0.0
1000530300,799695,0,1.0,-0.0390625,0.01171875,-0.02734375,0.0,0.0,0.0
1000531550,799696,0,1.0078125,-0.0390625,0.017578125,-0.021484375,0.0,0.0,0.0
1000532801,799697,0,1.009765625,-0.0390625,0.015625,-0.0234375,0.0,0.0,0.0
1000534052,799698,0,1.009765625,-0.0390625,0.013671875,-0.025390625,0.0,0.0,0.0
1000535302,799699,0,1.0,-0.048828125,0.013671875,-0.03515625,0.0,0.0,0.0
1000536553,799700,0,0.998046875,-0.046875,0.01171875,-0.03515625,0.0,0.0,0.0
1000537804,799701,0,0.99609375,-0.046875,0.013671875,-0.033203125,0.0,0.0,0.0
1000539054,799702,0,0.99609375,-0.04296875,0.015625,-0.02734375,0.0,0.0,0.0
1000540305,799703,0,1.0,-0.046875,0.005859375,-0.041015625,0.0,0.0,0.0
1000541556,799704,0,0.99609375,-0.05078125,0.015625,-0.03515625,0.0,0.0,0.0
1000542807,799705,0,0.99609375,-0.041015625,0.013671875,-0.02734375,0.0,0.0,0.0
1000544058,799706,0,1.0,-0.0390625,0.015625,-0.0234375,0.0,0.0,0.0
1000545310,799707,0,0.994140625,-0.044921875,0.01171875,-0.033203125,0.0,0.0,0.0
1000546560,799708,0,1.0078125,-0.052734375,0.00390625,-0.048828125,0.0,0.0,0.0
1000547810,799709,0,0.998046875,-0.0546875,0.0078125,-0.046875,0.0,0.0,0.0
1000549060,799710,0,0.994140625,-0.048828125,0.005859375,-0.04296875,0.0,0.0,0.0
1000550311,799711,0,1.0,-0.0546875,0.01171875,-0.04296875,0.0,0.0,0.0
1000551561,799712,0,0.99609375,-0.052734375,0.001953125,-0.05078125,0.0,0.0,0.0
1000552813,799713,0,0.994140625,-0.060546875,0.00390625,-0.056640625,0.0,0.0,0.0
1000554063,799714,0,0.994140625,-0.0625,-0.00390625,-0.06640625,0.0,0.0,0.0
1000555313,799715,0,1.015625,-0.07421875,0.005859375,-0.068359375,0.0,0.0,0.0
1000556565,799716,0,0.9921875,-0.09375,-0.021484375,-0.115234375,0.0,0.0,0.0
1000557816,799717,0,0.982421875,-0.08984375,-0.0078125,-0.09765625,0.0,0.0,0.0
1000559066,799718,0,0.994140625,-0.03125,0.00390625,-0.02734375,0.0,0.0,0.0
1000560316,799719,0,0.994140625,-0.0546875,0.015625,-0.0390625,0.0,0.0,0.0
1000561567,799720,0,0.9921875,-0.060546875,0.01171875,-0.048828125,0.0,0.0,0.0
1000562817,799721,0,0.98046875,-0.0859375,-0.001953125,-0.087890625,0.0,0.0,0.0
1000564069,799722,0,0.96484375,-0.111328125,-0.0234375,-0.134765625,0.0,0.0,0.0
1000565319,799723,0,0.98046875,-0.126953125,-0.03125,-0.158203125,0.0,0.0,0.0
1000566570,799724,0,0.984375,-0.119140625,-0.03515625,-0.154296875,0.0,0.0,0.0
1000567822,799725,0,0.98828125,-0.095703125,-0.01171875,-0.107421875,0.0,0.0,0.0
1000569072,799726,0,1.01171875,-0.107421875,-0.013671875,-0.12109375,0.0,0.0,0.0
1000570322,799727,0,0.994140625,-0.10546875,-0.009765625,-0.115234375,0.0,0.0,0.0
1000571572,799728,0,0.99609375,-0.150390625,-0.025390625,-0.17578125,0.0,0.0,0.0
1000572823,799729,0,0.990234375,-0.17578125,-0.037109375,-0.212890625,0.0,0.0,0.0
1000574075,799730,0,0.984375,-0.177734375,-0.033203125,-0.2109375,0.0,0.0,0.0
1000575326,799731,0,1.037109375,-0.38671875,-0.06640625,-0.453125,0.0,0.0,0.0
1000576576,799732,0,1.068359375,-0.7421875,-0.138671875,-0.880859375,0.0,0.0,0.0
1000577827,799733,0,1.087890625,-2.98828125,-0.814453125,-3.802734375,0.0,0.0,0.0
1000579077,799734,0,0.96875,-2.05859375,-0.78125,-2.83984375,0.0,0.0,0.0
1000580327,799735,0,0.791015625,-1.5234375,-0.5234375,-2.046875,0.0,0.0,0.0
1000581578,799736,0,1.126953125,-1.55078125,-0.474609375,-2.025390625,0.0,0.0,0.0
1000582829,799737,0,1.02734375,-1.34765625,-0.8125,-2.16015625,0.0,0.0,0.0
1000584080,799738,0,0.7890625,-0.53515625,0.060546875,-0.474609375,0.0,0.0,0.0
1000585332,799739,0,1.03125,-0.486328125,-0.61328125,-1.099609375,0.0,0.0,0.0
1000586582,799740,0,1.09375,0.177734375,0.173828125,0.3515625,0.0,0.0,0.0
1000587834,799741,0,0.955078125,0.318359375,-0.2734375,0.044921875,0.0,0.0,0.0
1000589085,799742,0,0.96875,0.830078125,0.337890625,1.16796875,0.0,0.0,0.0
1000590335,799743,0,1.072265625,0.837890625,-0.017578125,0.8203125,0.0,0.0,0.0
1000591586,799744,0,1.173828125,0.62109375,0.2421875,0.86328125,0.0,0.0,0.0
1000592838,799745,0,0.904296875,-0.189453125,-0.072265625,-0.26171875,0.0,0.0,0.0
1000594088,799746,0,0.912109375,-1.5859375,-0.43359375,-2.01953125,0.0,0.0,0.0
1000595338,799747,0,1.123046875,-2.189453125,-1.416015625,-3.60546875,0.0,0.0,0.0
1000596589,799748,0,0.83984375,-2.830078125,-0.173828125,-3.00390625,0.0,0.0,0.0
1000597839,799749,0,0.52734375,-4.0,-1.607421875,-5.607421875,0.0,0.0,0.0
1000599091,799750,0,1.13671875,-3.970703125,-3.55078125,-7.521484375,0.0,0.0,0.0
1000600341,799751,0,0.931640625,-2.0703125,-0.8203125,-2.890625,0.0,0.0,0.0
1000601592,799752,0,0.869140625,-0.5546875,-1.669921875,-2.224609375,0.0,0.0,0.0
1000602844,799753,0,1.056640625,1.267578125,-0.359375,0.908203125,0.0,0.0,0.0
1000604094,799754,0,1.376953125,2.591796875,-0.41015625,2.181640625,0.0,0.0,0.0
1000605344,799755,0,1.134765625,3.7578125,0.765625,4.5234375,0.0,0.0,0.0
1000606595,799756,0,0.826171875,3.998046875,0.767578125,4.765625,0.0,0.0,0.0
1000607846,799757,0,1.271484375,3.998046875,1.4140625,5.412109375,0.0,0.0,0.0
1000609096,799758,0,1.3203125,3.998046875,1.607421875,5.60546875,0.0,0.0,0.0
1000610346,799759,0,1.052734375,3.998046875,1.55078125,5.548828125,0.0,0.0,0.0
1000611597,799760,0,1.212890625,3.998046875,1.48046875,5.478515625,0.0,0.0,0.0
1000612847,799761,0,1.21484375,3.26171875,1.083984375,4.345703125,0.0,0.0,0.0
1000614097,799762,0,1.09765625,2.296875,0.720703125,3.017578125,0.0,0.0,0.0
1000615349,799763,0,0.986328125,1.267578125,0.404296875,1.671875,0.0,0.0,0.0
1000616599,799764,0,0.908203125,0.244140625,-0.0859375,0.158203125,0.0,0.0,0.0
1000617850,799765,0,1.078125,-0.744140625,-0.375,-1.119140625,0.0,0.0,0.0
1000619101,799766,0,0.9765625,-1.59375,-0.560546875,-2.154296875,0.0,0.0,0.0
1000620351,799767,0,0.873046875,-2.2421875,-0.806640625,-3.048828125,0.0,0.0,0.0
1000621602,799768,0,0.951171875,-2.708984375,-0.892578125,-3.6015625,0.0,0.0,0.0
1000622853,799769,0,0.873046875,-2.92578125,-0.921875,-3.84765625,0.0,0.0,0.0
1000624103,799770,0,0.84375,-2.9296875,-0.9609375,-3.890625,0.0,0.0,0.0
1000625355,799771,0,0.94921875,-2.7265625,-0.87890625,-3.60546875,0.0,0.0,0.0
1000626606,799772,0,0.953125,-2.322265625,-0.783203125,-3.10546875,0.0,0.0,0.0
1000627856,799773,0,0.94140625,-1.77734375,-0.662109375,-2.439453125,0.0,0.0,0.0
1000629108,799774,0,0.99609375,-1.1796875,-0.455078125,-1.634765625,0.0,0.0,0.0
1000630359,799775,0,0.970703125,-0.53515625,-0.263671875,-0.798828125,0.0,0.0,0.0
1000631610,799776,0,0.974609375,0.083984375,-0.078125,0.005859375,0.0,0.0,0.0
1000632860,799777,0,1.044921875,0.65234375,0.138671875,0.791015625,0.0,0.0,0.0
1000634110,799778,0,1.0078125,1.14453125,0.3125,1.45703125,0.0,0.0,0.0
1000635362,799779,0,1.048828125,1.48046875,0.44921875,1.9296875,0.0,0.0,0.0
1000636614,799780,0,1.109375,1.697265625,0.55078125,2.248046875,0.0,0.0,0.0
1000637865,799781,0,1.06640625,1.794921875,0.61328125,2.408203125,0.0,0.0,0.0
1000639115,799782,0,1.048828125,1.73046875,0.60546875,2.3359375,0.0,0.0,0.0
1000640366,799783,0,1.072265625,1.572265625,0.56640625,2.138671875,0.0,0.0,0.0
1000641616,799784,0,1.02734375,1.30859375,0.478515625,1.787109375,0.0,0.0,0.0
1000642867,799785,0,1.0390625,0.97265625,0.353515625,1.326171875,0.0,0.0,0.0
1000644118,799786,0,1.044921875,0.587890625,0.224609375,0.8125,0.0,0.0,0.0
1000645368,799787,0,1.017578125,0.189453125,0.076171875,0.265625,0.0,0.0,0.0
1000646619,799788,0,1.017578125,-0.189453125,-0.05859375,-0.248046875,0.0,0.0,0.0
1000647871,799789,0,1.109375,-0.55859375,-0.12890625,-0.6875,0.0,0.0,0.0
1000649121,799790,0,0.9921875,-0.78125,-0.224609375,-1.005859375,0.0,0.0,0.0
1000650371,799791,0,0.951171875,-0.982421875,-0.294921875,-1.27734375,0.0,0.0,0.0
1000651623,799792,0,0.95703125,-1.1015625,-0.341796875,-1.443359375,0.0,0.0,0.0
1000652873,799793,0,0.970703125,-1.12890625,-0.33984375,-1.46875,0.0,0.0,0.0
1000654124,799794,0,0.974609375,-1.064453125,-0.3359375,-1.400390625,0.0,0.0,0.0
1000655376,799795,0,0.974609375,-0.931640625,-0.287109375,-1.21875,0.0,0.0,0.0
1000656626,799796,0,0.984375,-0.73828125,-0.228515625,-0.966796875,0.0,0.0,0.0
1000657877,799797,0,0.9921875,-0.509765625,-0.158203125,-0.66796875,0.0,0.0,0.0
1000659127,799798,0,0.984375,-0.25390625,-0.087890625,-0.341796875,0.0,0.0,0.0
1000660377,799799,0,0.9921875,-0.01953125,-0.00390625,-0.0234375,0.0,0.0,0.0
1000661629,799800,0,1.029296875,0.203125,0.0703125,0.2734375,0.0,0.0,0.0
1000662879,799801,0,1.029296875,0.40625,0.1875,0.59375,0.0,0.0,0.0
1000664130,799802,0,1.03515625,0.548828125,0.2265625,0.775390625,0.0,0.0,0.0
1000665381,799803,0,1.037109375,0.681640625,0.255859375,0.9375,0.0,0.0,0.0
1000666631,799804,0,1.044921875,0.669921875,0.25390625,0.923828125,0.0,0.0,0.0
1000667883,799805,0,1.03515625,0.607421875,0.236328125,0.84375,0.0,0.0,0.0
1000669134,799806,0,1.01953125,0.49609375,0.201171875,0.697265625,0.0,0.0,0.0
1000670384,799807,0,1.025390625,0.361328125,0.146484375,0.5078125,0.0,0.0,0.0
1000671635,799808,0,1.029296875,0.21875,0.1015625,0.3203125,0.0,0.0,0.0
1000672887,799809,0,1.0,0.05859375,0.044921875,0.103515625,0.0,0.0,0.0
1000674137,799810,0,0.990234375,-0.091796875,-0.0078125,-0.099609375,0.0,0.0,0.0
1000675388,799811,0,0.9921875,-0.224609375,-0.046875,-0.271484375,0.0,0.0,0.0
1000676639,799812,0,0.994140625,-0.328125,-0.0859375,-0.4140625,0.0,0.0,0.0
1000677889,799813,0,0.98828125,-0.40234375,-0.109375,-0.51171875,0.0,0.0,0.0
1000679140,799814,0,0.994140625,-0.4453125,-0.126953125,-0.572265625,0.0,0.0,0.0
1000680392,799815,0,0.98828125,-0.458984375,-0.13671875,-0.595703125,0.0,0.0,0.0
1000681642,799816,0,1.001953125,-0.43359375,-0.126953125,-0.560546875,0.0,0.0,0.0
1000682894,799817,0,0.990234375,-0.373046875,-0.103515625,-0.4765625,0.0,0.0,0.0
1000684145,799818,0,0.984375,-0.291015625,-0.078125,-0.369140625,0.0,0.0,0.0
1000685396,799819,0,0.990234375,-0.205078125,-0.052734375,-0.2578125,0.0,0.0,0.0
1000686647,799820,0,0.998046875,-0.11328125,-0.017578125,-0.130859375,0.0,0.0,0.0
1000687899,799821,0,1.005859375,-0.013671875,0.009765625,-0.00390625,0.0,0.0,0.0
1000689150,799822,0,1.01171875,0.0703125,0.03515625,0.10546875,0.0,0.0,0.0
1000690400,799823,0,1.017578125,0.146484375,0.06640625,0.212890625,0.0,0.0,0.0
1000691652,799824,0,1.01171875,0.205078125,0.07421875,0.279296875,0.0,0.0,0.0
1000692902,799825,0,1.005859375,0.236328125,0.09765625,0.333984375,0.0,0.0,0.0
1000694152,799826,0,1.0078125,0.240234375,0.111328125,0.3515625,0.0,0.0,0.0
1000695402,799827,0,1.01171875,0.224609375,0.09765625,0.322265625,0.0,0.0,0.0
1000696653,799828,0,1.015625,0.201171875,0.09375,0.294921875,0.0,0.0,0.0
1000697904,799829,0,1.013671875,0.150390625,0.072265625,0.22265625,0.0,0.0,0.0
1000699154,799830,0,1.013671875,0.09765625,0.052734375,0.150390625,0.0,0.0,0.0
1000700406,799831,0,1.005859375,0.029296875,0.03515625,0.064453125,0.0,0.0,0.0
1000701657,799832,0,0.99609375,-0.025390625,0.013671875,-0.01171875,0.0,0.0,0.0
1000702907,799833,0,1.0,-0.0859375,-0.005859375,-0.091796875,0.0,0.0,0.0
1000704158,799834,0,0.9921875,-0.130859375,-0.025390625,-0.15625,0.0,0.0,0.0
1000705408,799835,0,0.998046875,-0.173828125,-0.041015625,-0.21484375,0.0,0.0,0.0
1000706659,799836,0,1.0078125,-0.189453125,-0.052734375,-0.2421875,0.0,0.0,0.0
1000707910,799837,0,1.009765625,-0.201171875,-0.052734375,-0.25390625,0.0,0.0,0.0
1000709160,799838,0,0.994140625,-0.193359375,-0.052734375,-0.24609375,0.0,0.0,0.0
1000710410,799839,0,1.0,-0.1796875,-0.048828125,-0.228515625,0.0,0.0,0.0
1000711662,799840,0,0.98828125,-0.15625,-0.033203125,-0.189453125,0.0,0.0,0.0
1000712912,799841,0,0.99609375,-0.12890625,-0.03515625,-0.1640625,0.0,0.0,0.0
1000714163,799842,0,0.99609375,-0.08203125,-0.017578125,-0.099609375,0.0,0.0,0.0
1000715413,799843,0,1.00390625,-0.041015625,-0.001953125,-0.04296875,0.0,0.0,0.0
1000716664,799844,0,1.005859375,-0.013671875,0.02734375,0.013671875,0.0,0.0,0.0
1000717915,799845,0,1.013671875,0.0234375,0.033203125,0.056640625,0.0,0.0,0.0
1000719167,799846,0,1.009765625,0.0703125,0.04296875,0.11328125,0.0,0.0,0.0
1000720417,799847,0,1.01171875,0.083984375,0.056640625,0.140625,0.0,0.0,0.0
1000721668,799848,0,1.0078125,0.0859375,0.041015625,0.126953125,0.0,0.0,0.0
1000722920,799849,0,1.00390625,0.078125,0.046875,0.125,0.0,0.0,0.0
1000724171,799850,0,1.01953125,0.06640625,0.044921875,0.111328125,0.0,0.0,0.0
1000725422,799851,0,1.01171875,0.037109375,0.0390625,0.076171875,0.0,0.0,0.0
1000726674,799852,0,1.0,0.01171875,0.029296875,0.041015625,0.0,0.0,0.0
1000727924,799853,0,1.00390625,-0.0078125,0.017578125,0.009765625,0.0,0.0,0.0
1000729175,799854,0,1.0,-0.033203125,0.015625,-0.017578125,0.0,0.0,0.0
1000730426,799855,0,1.00390625,-0.05078125,0.00390625,-0.046875,0.0,0.0,0.0
1000731677,799856,0,1.00390625,-0.0703125,0.0,-0.0703125,0.0,0.0,0.0
1000732928,799857,0,1.0078125,-0.0859375,-0.00390625,-0.08984375,0.0,0.0,0.0
1000734179,799858,0,1.005859375,-0.091796875,-0.0078125,-0.099609375,0.0,0.0,0.0
1000735431,799859,0,1.00390625,-0.091796875,-0.005859375,-0.09765625,0.0,0.0,0.0
1000736681,799860,0,0.99609375,-0.09375,-0.013671875,-0.107421875,0.0,0.0,0.0
1000737932,799861,0,1.009765625,-0.0859375,-0.013671875,-0.099609375,0.0,0.0,0.0
1000739182,799862,0,0.99609375,-0.076171875,0.0,-0.076171875,0.0,0.0,0.0
1000740432,799863,0,1.001953125,-0.05078125,0.001953125,-0.048828125,0.0,0.0,0.0
1000741684,799864,0,1.013671875,-0.0390625,0.001953125,-0.037109375,0.0,0.0,0.0
1000742934,799865,0,1.005859375,-0.03125,0.017578125,-0.013671875,0.0,0.0,0.0
1000744185,799866,0,1.0,-0.017578125,0.017578125,0.0,0.0,0.0,0.0
1000745436,799867,0,1.0,-0.00390625,0.02734375,0.0234375,0.0,0.0,0.0
1000746687,799868,0,1.0078125,0.00390625,0.025390625,0.029296875,0.0,0.0,0.0
1000747937,799869,0,0.99609375,0.009765625,0.0234375,0.033203125,0.0,0.0,0.0
1000749187,799870,0,1.005859375,0.009765625,0.021484375,0.03125,0.0,0.0,0.0
1000750439,799871,0,1.009765625,0.0078125,0.02734375,0.03515625,0.0,0.0,0.0
1000751690,799872,0,1.005859375,0.00390625,0.015625,0.01953125,0.0,0.0,0.0
1000752940,799873,0,1.00390625,-0.005859375,0.01953125,0.013671875,0.0,0.0,0.0
1000754192,799874,0,1.0,-0.017578125,0.013671875,-0.00390625,0.0,0.0,0.0
1000755443,799875,0,0.998046875,-0.0234375,0.01953125,-0.00390625,0.0,0.0,0.0
1000756694,799876,0,1.005859375,-0.037109375,0.009765625,-0.02734375,0.0,0.0,0.0
1000757944,799877,0,1.005859375,-0.046875,0.00390625,-0.04296875,0.0,0.0,0.0
1000759194,799878,0,1.0078125,-0.052734375,0.005859375,-0.046875,0.0,0.0,0.0
1000760445,799879,0,1.00390625,-0.0546875,0.0,-0.0546875,0.0,0.0,0.0
1000761697,799880,0,0.994140625,-0.060546875,0.00390625,-0.056640625,0.0,0.0,0.0
1000762947,799881,0,1.005859375,-0.060546875,-0.01171875,-0.072265625,0.0,0.0,0.0
1000764199,799882,0,1.0078125,-0.064453125,0.001953125,-0.0625,0.0,0.0,0.0
1000765449,799883,0,1.001953125,-0.060546875,-0.00390625,-0.064453125,0.0,0.0,0.0
1000766701,799884,0,1.013671875,-0.0546875,0.0,-0.0546875,0.0,0.0,0.0
1000767951,799885,0,1.0078125,-0.05078125,-0.00390625,-0.0546875,0.0,0.0,0.0
1000769202,799886,0,1.001953125,-0.041015625,-0.00390625,-0.044921875,0.0,0.0,0.0
1000770454,799887,0,1.009765625,-0.033203125,0.009765625,-0.0234375,0.0,0.0,0.0
1000771704,799888,0,1.001953125,-0.03125,0.0,-0.03125,0.0,0.0,0.0
1000772955,799889,0,1.005859375,-0.01953125,0.01171875,-0.0078125,0.0,0.0,0.0
1000774206,799890,0,1.001953125,-0.013671875,0.013671875,0.0,0.0,0.0,0.0
1000775457,799891,0,1.0078125,-0.013671875,0.0078125,-0.005859375,0.0,0.0,0.0
1000776708,799892,0,1.005859375,-0.017578125,0.015625,-0.001953125,0.0,0.0,0.0
1000777959,799893,0,1.0078125,-0.013671875,0.009765625,-0.00390625,0.0,0.0,0.0
1000779211,799894,0,1.009765625,-0.01953125,0.01171875,-0.0078125,0.0,0.0,0.0
1000780463,799895,0,1.00390625,-0.01953125,0.017578125,-0.001953125,0.0,0.0,0.0
1000781713,799896,0,1.0,-0.021484375,0.0078125,-0.013671875,0.0,0.0,0.0
1000782965,799897,0,1.00390625,-0.02734375,0.015625,-0.01171875,0.0,0.0,0.0
1000784215,799898,0,1.0078125,-0.03125,0.013671875,-0.017578125,0.0,0.0,0.0
1000785466,799899,0,1.00390625,-0.037109375,0.0078125,-0.029296875,0.0,0.0,0.0
1000786716,799900,0,1.0078125,-0.03515625,0.0078125,-0.02734375,0.0,0.0,0.0
1000787966,799901,0,1.0078125,-0.041015625,0.00390625,-0.037109375,0.0,0.0,0.0
1000789216,799902,0,1.001953125,-0.04296875,0.005859375,-0.037109375,0.0,0.0,0.0
1000790468,799903,0,1.0,-0.03515625,0.0,-0.03515625,0.0,0.0,0.0
1000791719,799904,0,0.998046875,-0.0390625,0.017578125,-0.021484375,0.0,0.0,0.0
1000792969,799905,0,1.001953125,-0.033203125,0.015625,-0.017578125,0.0,0.0,0.0
1000794221,799906,0,0.99609375,-0.041015625,-0.001953125,-0.04296875,0.0,0.0,0.0
1000795471,799907,0,0.998046875,-0.0234375,0.01171875,-0.01171875,0.0,0.0,0.0
1000796723,799908,0,1.005859375,-0.029296875,0.017578125,-0.01171875,0.0,0.0,0.0
1000797973,799909,0,1.0078125,-0.021484375,0.0078125,-0.013671875,0.0,0.0,0.0
1000799225,799910,0,1.0078125,-0.021484375,0.021484375,0.0,0.0,0.0,0.0
1000800476,799911,0,0.99609375,-0.0234375,0.017578125,-0.005859375,0.0,0.0,0.0
1000801727,799912,0,1.001953125,-0.017578125,0.013671875,-0.00390625,0.0,0.0,0.0
1000802977,799913,0,0.998046875,-0.0234375,0.01953125,-0.00390625,0.0,0.0,0.0
1000804228,799914,0,1.00390625,-0.021484375,0.01171875,-0.009765625,0.0,0.0,0.0
1000805479,799915,0,1.0078125,-0.0234375,0.015625,-0.0078125,0.0,0.0,0.0
1000806730,799916,0,1.0078125,-0.0234375,0.017578125,-0.005859375,0.0,0.0,0.0
1000807981,799917,0,1.0078125,-0.025390625,0.015625,-0.009765625,0.0,0.0,0.0
1000809233,799918,0,1.00390625,-0.03125,0.013671875,-0.017578125,0.0,0.0,0.0
1000810484,799919,0,1.001953125,-0.03125,0.01171875,-0.01953125,0.0,0.0,0.0
1000811734,799920,0,1.00390625,-0.03125,0.01171875,-0.01953125,0.0,0.0,0.0
1000812984,799921,0,1.00390625,-0.037109375,0.015625,-0.021484375,0.0,0.0,0.0
1000814235,799922,0,1.009765625,-0.037109375,0.013671875,-0.0234375,0.0,0.0,0.0
1000815486,799923,0,0.99609375,-0.0390625,0.013671875,-0.025390625,0.0,0.0,0.0
1000816737,799924,0,1.00390625,-0.037109375,0.009765625,-0.02734375,0.0,0.0,0.0
1000817987,799925,0,1.0,-0.0390625,0.01171875,-0.02734375,0.0,0.0,0.0
1000819238,799926,0,1.001953125,-0.037109375,0.001953125,-0.03515625,0.0,0.0,0.0
1000820489,799927,0,1.0078125,-0.033203125,0.015625,-0.017578125,0.0,0.0,0.0
1000821740,799928,0,1.0,-0.041015625,0.01171875,-0.029296875,0.0,0.0,0.0
1000822992,799929,0,1.00390625,-0.0390625,0.00390625,-0.03515625,0.0,0.0,0.0
1000824242,799930,0,1.005859375,-0.041015625,0.013671875,-0.02734375,0.0,0.0,0.0
1000825493,799931,0,0.99609375,-0.03515625,0.0078125,-0.02734375,0.0,0.0,0.0
1000826744,799932,0,1.013671875,-0.03125,0.017578125,-0.013671875,0.0,0.0,0.0
1000827994,799933,0,1.009765625,-0.03125,0.017578125,-0.013671875,0.0,0.0,0.0
1000829245,799934,0,1.00390625,-0.029296875,0.017578125,-0.01171875,0.0,0.0,0.0
1000830497,799935,0,1.0078125,-0.033203125,0.009765625,-0.0234375,0.0,0.0,0.0
1000831749,799936,0,1.0078125,-0.033203125,0.009765625,-0.0234375,0.0,0.0,0.0
1000832999,799937,0,1.00390625,-0.03125,0.009765625,-0.021484375,0.0,0.0,0.0
1000834250,799938,0,0.99609375,-0.029296875,0.009765625,-0.01953125,0.0,0.0,0.0
1000835500,799939,0,1.001953125,-0.033203125,0.00390625,-0.029296875,0.0,0.0,0.0
1000836752,799940,0,1.001953125,-0.033203125,0.0078125,-0.025390625,0.0,0.0,0.0
1000838003,799941,0,1.005859375,-0.033203125,0.0078125,-0.025390625,0.0,0.0,0.0
1000839254,799942,0,1.00390625,-0.037109375,0.015625,-0.021484375,0.0,0.0,0.0
1000840504,799943,0,1.00390625,-0.03515625,0.005859375,-0.029296875,0.0,0.0,0.0
1000841756,799944,0,1.005859375,-0.0390625,0.005859375,-0.033203125,0.0,0.0,0.0
1000843006,799945,0,1.00390625,-0.03125,0.0078125,-0.0234375,0.0,0.0,0.0
1000844257,799946,0,1.005859375,-0.03515625,0.009765625,-0.025390625,0.0,0.0,0.0
1000845508,799947,0,1.001953125,-0.033203125,0.009765625,-0.0234375,0.0,0.0,0.0
1000846759,799948,0,1.00390625,-0.03125,0.01171875,-0.01953125,0.0,0.0,0.0
1000848009,799949,0,1.015625,-0.029296875,0.009765625,-0.01953125,0.0,0.0,0.0
1000849259,799950,0,1.01171875,-0.037109375,-0.001953125,-0.0390625,0.0,0.0,0.0
1000850510,799951,0,1.00390625,-0.03515625,0.01171875,-0.0234375,0.0,0.0,0.0
1000851762,799952,0,1.00390625,-0.03515625,0.005859375,-0.029296875,0.0,0.0,0.0
1000853013,799953,0,1.0078125,-0.03125,0.0078125,-0.0234375,0.0,0.0,0.0
1000854271,799954,0,1.0078125,-0.029296875,0.009765625,-0.01953125,0.0,0.0,0.0
1000855522,799955,0,1.00390625,-0.02734375,0.017578125,-0.009765625,0.0,0.0,0.0
1000856773,799956,0,1.001953125,-0.0234375,0.005859375,-0.017578125,0.0,0.0,0.0
1000858025,799957,0,1.00390625,-0.033203125,0.013671875,-0.01953125,0.0,0.0,0.0
1000859277,799958,0,1.00390625,-0.029296875,0.00390625,-0.025390625,0.0,0.0,0.0
1000860528,799959,0,1.001953125,-0.025390625,0.013671875,-0.01171875,0.0,0.0,0.0
1000861779,799960,0,1.00390625,-0.029296875,0.01171875,-0.017578125,0.0,0.0,0.0
1000863031,799961,0,1.00390625,-0.029296875,0.013671875,-0.015625,0.0,0.0,0.0
1000864283,799962,0,1.0078125,-0.029296875,0.01171875,-0.017578125,0.0,0.0,0.0
1000865535,799963,0,1.0078125,-0.03125,0.009765625,-0.021484375,0.0,0.0,0.0
1000866786,799964,0,1.001953125,-0.033203125,0.017578125,-0.015625,0.0,0.0,0.0
1000868036,799965,0,1.00390625,-0.03125,0.009765625,-0.021484375,0.0,0.0,0.0
1000869287,799966,0,1.001953125,-0.033203125,0.01171875,-0.021484375,0.0,0.0,0.0
1000870537,799967,0,1.0,-0.03515625,0.01171875,-0.0234375,0.0,0.0,0.0
1000871787,799968,0,1.00390625,-0.03515625,0.017578125,-0.017578125,0.0,0.0,0.0
1000873038,799969,0,1.0078125,-0.033203125,0.013671875,-0.01953125,0.0,0.0,0.0
1000874289,799970,0,1.005859375,-0.02734375,0.01171875,-0.015625,0.0,0.0,0.0
1000875539,799971,0,1.00390625,-0.025390625,0.015625,-0.009765625,0.0,0.0,0.0
1000876790,799972,0,1.005859375,-0.0234375,0.00390625,-0.01953125,0.0,0.0,0.0
1000878042,799973,0,1.005859375,-0.029296875,0.015625,-0.013671875,0.0,0.0,0.0
1000879292,799974,0,0.99609375,-0.033203125,0.015625,-0.017578125,0.0,0.0,0.0
1000880543,799975,0,1.00390625,-0.03515625,0.01171875,-0.0234375,0.0,0.0,0.0
1000881794,799976,0,1.0,-0.03515625,0.015625,-0.01953125,0.0,0.0,0.0
1000883044,799977,0,1.0078125,-0.029296875,0.01171875,-0.017578125,0.0,0.0,0.0
1000884294,799978,0,1.005859375,-0.03125,0.013671875,-0.017578125,0.0,0.0,0.0
1000885544,799979,0,1.005859375,-0.03125,0.009765625,-0.021484375,0.0,0.0,0.0
1000886796,799980,0,1.001953125,-0.033203125,0.013671875,-0.01953125,0.0,0.0,0.0
1000888047,799981,0,1.001953125,-0.033203125,0.0078125,-0.025390625,0.0,0.0,0.0
1000889297,799982,0,1.001953125,-0.03125,0.0,-0.03125,0.0,0.0,0.0
1000890548,799983,0,1.005859375,-0.02734375,0.009765625,-0.017578125,0.0,0.0,0.0
1000891800,799984,0,1.009765625,-0.037109375,0.0078125,-0.029296875,0.0,0.0,0.0
1000893050,799985,0,1.0078125,-0.03125,0.015625,-0.015625,0.0,0.0,0.0
1000894300,799986,0,1.00390625,-0.03125,0.01171875,-0.01953125,0.0,0.0,0.0
1000895550,799987,0,1.005859375,-0.03515625,0.013671875,-0.021484375,0.0,0.0,0.0
1000896801,799988,0,1.009765625,-0.033203125,0.013671875,-0.01953125,0.0,0.0,0.0
1000898052,799989,0,1.013671875,-0.033203125,0.01953125,-0.013671875,0.0,0.0,0.0
1000899302,799990,0,1.005859375,-0.029296875,0.0078125,-0.021484375,0.0,0.0,0.0
1000900553,799991,0,0.998046875,-0.03515625,0.009765625,-0.025390625,0.0,0.0,0.0
1000901804,799992,0,1.001953125,-0.037109375,0.01171875,-0.025390625,0.0,0.0,0.0
1000903054,799993,0,1.00390625,-0.03515625,0.009765625,-0.025390625,0.0,0.0,0.0
1000904305,799994,0,1.005859375,-0.03125,0.009765625,-0.021484375,0.0,0.0,0.0
1000905556,799995,0,1.001953125,-0.03515625,0.0078125,-0.02734375,0.0,0.0,0.0
1000906807,799996,0,1.005859375,-0.03515625,0.009765625,-0.025390625,0.0,0.0,0.0
1000908058,799997,0,1.001953125,-0.037109375,0.009765625,-0.02734375,0.0,0.0,0.0
1000909310,799998,0,1.00390625,-0.03125,0.015625,-0.015625,0.0,0.0,0.0
1000910560,799999,0,1.0078125,-0.033203125,0.013671875,-0.01953125,0.0,0.0,0.0
1000911810,800000,0,1.00390625,-0.033203125,0.0078125,-0.025390625,0.0,0.0,0.0
1000913060,800001,0,1.001953125,-0.03515625,0.0078125,-0.02734375,0.0,0.0,0.0
1000914311,800002,0,0.998046875,-0.03125,0.013671875,-0.017578125,0.0,0.0,0.0
1000915561,800003,0,1.00390625,-0.03125,0.0078125,-0.0234375,0.0,0.0,0.0
1000916813,800004,0,1.0078125,-0.03125,0.005859375,-0.025390625,0.0,0.0,0.0
1000918063,800005,0,1.0078125,-0.03515625,0.013671875,-0.021484375,0.0,0.0,0.0
1000919313,800006,0,1.00390625,-0.033203125,0.01171875,-0.021484375,0.0,0.0,0.0
1000920565,800007,0,0.998046875,-0.03125,0.00390625,-0.02734375,0.0,0.0,0.0
1000921816,800008,0,1.00390625,-0.037109375,0.013671875,-0.0234375,0.0,0.0,0.0
1000923066,800009,0,0.998046875,-0.03515625,0.017578125,-0.017578125,0.0,0.0,0.0
1000924316,800010,0,0.998046875,-0.03125,0.00390625,-0.02734375,0.0,0.0,0.0
1000925567,800011,0,1.005859375,-0.02734375,0.00390625,-0.0234375,0.0,0.0,0.0
1000926817,800012,0,1.005859375,-0.03125,0.01171875,-0.01953125,0.0,0.0,0.0
1000928069,800013,0,1.0,-0.03515625,0.01171875,-0.0234375,0.0,0.0,0.0
1000929319,800014,0,1.0,-0.025390625,0.009765625,-0.015625,0.0,0.0,0.0
1000930570,800015,0,1.0078125,-0.03125,0.013671875,-0.017578125,0.0,0.0,0.0
1000931822,800016,0,1.005859375,-0.03125,0.005859375,-0.025390625,0.0,0.0,0.0
1000933072,800017,0,0.99609375,-0.03125,0.01171875,-0.01953125,0.0,0.0,0.0
1000934322,800018,0,1.009765625,-0.03125,0.015625,-0.015625,0.0,0.0,0.0
1000935572,800019,0,1.001953125,-0.033203125,0.013671875,-0.01953125,0.0,0.0,0.0
1000936823,800020,0,1.001953125,-0.03125,0.005859375,-0.025390625,0.0,0.0,0.0
1000938075,800021,0,1.0078125,-0.029296875,0.0078125,-0.021484375,0.0,0.0,0.0
1000939326,800022,0,1.0,-0.033203125,0.009765625,-0.0234375,0.0,0.0,0.0
1000940576,800023,0,1.001953125,-0.029296875,0.01171875,-0.017578125,0.0,0.0,0.0
1000941827,800024,0,1.0,-0.029296875,0.013671875,-0.015625,0.0,0.0,0.0
1000943077,800025,0,1.005859375,-0.03125,0.0078125,-0.0234375,0.0,0.0,0.0
1000944327,800026,0,1.00390625,-0.03125,0.0078125,-0.0234375,0.0,0.0,0.0
1000945578,800027,0,1.001953125,-0.029296875,0.01171875,-0.017578125,0.0,0.0,0.0
1000946829,800028,0,1.001953125,-0.02734375,0.0078125,-0.01953125,0.0,0.0,0.0
1000948080,800029,0,1.0078125,-0.03125,0.009765625,-0.021484375,0.0,0.0,0.0
1000949332,800030,0,0.998046875,-0.03125,0.009765625,-0.021484375,0.0,0.0,0.0
1000950582,800031,0,1.009765625,-0.025390625,0.015625,-0.009765625,0.0,0.0,0.0
1000951834,800032,0,1.00390625,-0.03515625,0.0078125,-0.02734375,0.0,0.0,0.0
1000953085,800033,0,1.001953125,-0.025390625,0.015625,-0.009765625,0.0,0.0,0.0
1000954335,800034,0,0.99609375,-0.037109375,0.009765625,-0.02734375,0.0,0.0,0.0
1000955586,800035,0,0.998046875,-0.03515625,0.013671875,-0.021484375,0.0,0.0,0.0
1000956838,800036,0,1.0,-0.03125,0.013671875,-0.017578125,0.0,0.0,0.0
1000958088,800037,0,0.998046875,-0.03515625,0.005859375,-0.029296875,0.0,0.0,0.0
1000959338,800038,0,1.005859375,-0.03125,0.001953125,-0.029296875,0.0,0.0,0.0
1000960589,800039,0,1.00390625,-0.037109375,0.0078125,-0.029296875,0.0,0.0,0.0
1000961839,800040,0,1.0,-0.037109375,0.013671875,-0.0234375,0.0,0.0,0.0
1000963091,800041,0,0.99609375,-0.03515625,0.009765625,-0.025390625,0.0,0.0,0.0
1000964341,800042,0,1.0078125,-0.03515625,0.01171875,-0.0234375,0.0,0.0,0.0
1000965592,800043,0,1.001953125,-0.037109375,0.005859375,-0.03125,0.0,0.0,0.0
1000966844,800044,0,1.001953125,-0.033203125,0.0078125,-0.025390625,0.0,0.0,0.0
1000968094,800045,0,1.009765625,-0.029296875,0.009765625,-0.01953125,0.0,0.0,0.0
1000969344,800046,0,1.00390625,-0.02734375,0.01171875,-0.015625,0.0,0.0,0.0
1000970595,800047,0,1.0,-0.037109375,0.009765625,-0.02734375,0.0,0.0,0.0
1000971846,800048,0,1.005859375,-0.037109375,0.005859375,-0.03125,0.0,0.0,0.0
1000973096,800049,0,1.001953125,-0.03515625,0.013671875,-0.021484375,0.0,0.0,0.0
1000974346,800050,0,1.009765625,-0.033203125,0.01171875,-0.021484375,0.0,0.0,0.0
1000975596,800051,0,1.005859375,-0.037109375,0.009765625,-0.02734375,0.0,0.0,0.0
1000976848,800052,0,1.0078125,-0.033203125,0.0078125,-0.025390625,0.0,0.0,0.0
1000978098,800053,0,1.0078125,-0.03515625,0.00390625,-0.03125,0.0,0.0,0.0
1000979349,800054,0,0.998046875,-0.037109375,0.0078125,-0.029296875,0.0,0.0,0.0
1000980601,800055,0,1.0,-0.037109375,0.0078125,-0.029296875,0.0,0.0,0.0
1000981852,800056,0,1.00390625,-0.03515625,0.01171875,-0.0234375,0.0,0.0,0.0
1000983102,800057,0,0.998046875,-0.03125,0.01171875,-0.01953125,0.0,0.0,0.0
1000984354,800058,0,1.0,-0.03515625,0.015625,-0.01953125,0.0,0.0,0.0
1000985605,800059,0,1.001953125,-0.037109375,0.013671875,-0.0234375,0.0,0.0,0.0
1000986855,800060,0,1.0078125,-0.03515625,0.013671875,-0.021484375,0.0,0.0,0.0
1000988107,800061,0,1.005859375,-0.033203125,0.005859375,-0.02734375,0.0,0.0,0.0
1000989357,800062,0,1.001953125,-0.037109375,0.013671875,-0.0234375,0.0,0.0,0.0
1000990608,800063,0,1.001953125,-0.03125,0.017578125,-0.013671875,0.0,0.0,0.0
1000991859,800064,0,1.0,-0.03125,0.0078125,-0.0234375,0.0,0.0,0.0
1000993109,800065,0,1.005859375,-0.03125,0.017578125,-0.013671875,0.0,0.0,0.0
1000994360,800066,0,0.998046875,-0.029296875,0.009765625,-0.01953125,0.0,0.0,0.0
1000995612,800067,0,1.00390625,-0.029296875,0.009765625,-0.01953125,0.0,0.0,0.0
1000996862,800068,0,1.009765625,-0.033203125,0.013671875,-0.01953125,0.0,0.0,0.0
1000998113,800069,0,1.001953125,-0.03125,0.0078125,-0.0234375,0.0,0.0,0.0
1000999365,800070,0,1.0078125,-0.03125,0.013671875,-0.017578125,0.0,0.0,0.0
1001000616,800071,0,1.00390625,-0.03125,0.01171875,-0.01953125,0.0,0.0,0.0
1001001867,800072,0,1.009765625,-0.029296875,0.005859375,-0.0234375,0.0,0.0,0.0
1001003118,800073,0,1.00390625,-0.025390625,0.01171875,-0.013671875,0.0,0.0,0.0
1001004368,800074,0,1.001953125,-0.033203125,0.0078125,-0.025390625,0.0,0.0,0.0
1001005619,800075,0,1.005859375,-0.02734375,0.00390625,-0.0234375,0.0,0.0,0.0
1001006871,800076,0,1.005859375,-0.02734375,0.01171875,-0.015625,0.0,0.0,0.0
1001008121,800077,0,1.013671875,-0.025390625,0.009765625,-0.015625,0.0,0.0,0.0
1001009371,800078,0,1.001953125,-0.0234375,0.0078125,-0.015625,0.0,0.0,0.0
1001010623,800079,0,1.00390625,-0.029296875,0.009765625,-0.01953125,0.0,0.0,0.0
1001011873,800080,0,1.001953125,-0.025390625,0.005859375,-0.01953125,0.0,0.0,0.0
1001013124,800081,0,1.001953125,-0.029296875,0.0078125,-0.021484375,0.0,0.0,0.0
1001014376,800082,0,1.005859375,-0.033203125,0.005859375,-0.02734375,0.0,0.0,0.0
1001015626,800083,0,1.001953125,-0.03125,0.005859375,-0.025390625,0.0,0.0,0.0
1001016877,800084,0,1.005859375,-0.03515625,0.0078125,-0.02734375,0.0,0.0,0.0
1001018127,800085,0,1.001953125,-0.03125,0.0078125,-0.0234375,0.0,0.0,0.0
1001019377,800086,0,1.0078125,-0.03125,0.0078125,-0.0234375,0.0,0.0,0.0
1001020629,800087,0,1.001953125,-0.02734375,0.009765625,-0.017578125,0.0,0.0,0.0
1001021879,800088,0,1.009765625,-0.03125,0.0078125,-0.0234375,0.0,0.0,0.0
1001023130,800089,0,1.005859375,-0.029296875,0.001953125,-0.02734375,0.0,0.0,0.0
1001024381,800090,0,1.00390625,-0.03125,0.00390625,-0.02734375,0.0,0.0,0.0
1001025631,800091,0,1.00390625,-0.03125,0.005859375,-0.025390625,0.0,0.0,0.0
1001026883,800092,0,1.0078125,-0.03125,0.009765625,-0.021484375,0.0,0.0,0.0
1001028134,800093,0,1.009765625,-0.033203125,0.00390625,-0.029296875,0.0,0.0,0.0
1001029384,800094,0,1.00390625,-0.037109375,0.005859375,-0.03125,0.0,0.0,0.0
1001030635,800095,0,1.013671875,-0.03515625,0.005859375,-0.029296875,0.0,0.0,0.0
1001031887,800096,0,1.005859375,-0.03515625,0.013671875,-0.021484375,0.0,0.0,0.0
1001033137,800097,0,1.0,-0.029296875,0.005859375,-0.0234375,0.0,0.0,0.0
1001034388,800098,0,1.005859375,-0.037109375,0.013671875,-0.0234375,0.0,0.0,0.0
1001035639,800099,0,1.01171875,-0.03515625,0.015625,-0.01953125,0.0,0.0,0.0
1001036889,800100,0,1.01171875,-0.037109375,0.01171875,-0.025390625,0.0,0.0,0.0
1001038140,800101,0,1.0,-0.033203125,0.021484375,-0.01171875,0.0,0.0,0.0
1001039392,800102,0,0.998046875,-0.037109375,0.01171875,-0.025390625,0.0,0.0,0.0
1001040642,800103,0,1.0,-0.037109375,0.01171875,-0.025390625,0.0,0.0,0.0
1001041894,800104,0,1.001953125,-0.03515625,0.013671875,-0.021484375,0.0,0.0,0.0
1001043145,800105,0,0.998046875,-0.037109375,0.005859375,-0.03125,0.0,0.0,0.0
1001044396,800106,0,1.00390625,-0.033203125,0.013671875,-0.01953125,0.0,0.0,0.0
1001045647,800107,0,1.00390625,-0.03515625,0.0078125,-0.02734375,0.0,0.0,0.0
1001046899,800108,0,1.00390625,-0.033203125,0.005859375,-0.02734375,0.0,0.0,0.0
1001048150,800109,0,1.0,-0.037109375,0.009765625,-0.02734375,0.0,0.0,0.0
1001049400,800110,0,1.001953125,-0.037109375,0.0078125,-0.029296875,0.0,0.0,0.0
1001050652,800111,0,1.005859375,-0.033203125,0.009765625,-0.0234375,0.0,0.0,0.0
1001051902,800112,0,1.00390625,-0.03515625,0.017578125,-0.017578125,0.0,0.0,0.0
1001053152,800113,0,1.001953125,-0.03515625,0.01171875,-0.0234375,0.0,0.0,0.0
1001054402,800114,0,1.00390625,-0.03515625,0.005859375,-0.029296875,0.0,0.0,0.0
1001055653,800115,0,1.009765625,-0.03515625,0.01171875,-0.0234375,0.0,0.0,0.0
1001056904,800116,0,1.005859375,-0.029296875,0.013671875,-0.015625,0.0,0.0,0.0
1001058154,800117,0,1.001953125,-0.03515625,0.017578125,-0.017578125,0.0,0.0,0.0
1001059406,800118,0,1.0078125,-0.033203125,0.013671875,-0.01953125,0.0,0.0,0.0
1001060657,800119,0,1.009765625,-0.03515625,0.0078125,-0.02734375,0.0,0.0,0.0
1001061907,800120,0,1.005859375,-0.0234375,0.017578125,-0.005859375,0.0,0.0,0.0
1001063158,800121,0,1.00390625,-0.025390625,0.013671875,-0.01171875,0.0,0.0,0.0
1001064408,800122,0,1.01171875,-0.033203125,0.005859375,-0.02734375,0.0,0.0,0.0
1001065659,800123,0,0.998046875,-0.03125,0.01953125,-0.01171875,0.0,0.0,0.0
1001066910,800124,0,1.0,-0.03515625,0.0078125,-0.02734375,0.0,0.0,0.0
1001068160,800125,0,1.0,-0.03515625,0.0078125,-0.02734375,0.0,0.0,0.0
1001069410,800126,0,1.00390625,-0.03125,0.01171875,-0.01953125,0.0,0.0,0.0
1001070662,800127,0,0.998046875,-0.029296875,0.017578125,-0.01171875,0.0,0.0,0.0
1001071912,800128,0,1.00390625,-0.03515625,0.009765625,-0.025390625,0.0,0.0,0.0
1001073163,800129,0,1.001953125,-0.033203125,0.00390625,-0.029296875,0.0,0.0,0.0
1001074413,800130,0,1.001953125,-0.03125,0.009765625,-0.021484375,0.0,0.0,0.0
1001075664,800131,0,1.001953125,-0.03515625,0.013671875,-0.021484375,0.0,0.0,0.0
1001076915,800132,0,1.001953125,-0.033203125,0.01171875,-0.021484375,0.0,0.0,0.0
1001078167,800133,0,1.0,-0.033203125,0.013671875,-0.01953125,0.0,0.0,0.0
1001079417,800134,0,1.00390625,-0.029296875,0.005859375,-0.0234375,0.0,0.0,0.0
1001080668,800135,0,1.005859375,-0.03125,0.0078125,-0.0234375,0.0,0.0,0.0
1001081920,800136,0,1.00390625,-0.033203125,0.009765625,-0.0234375,0.0,0.0,0.0
1001083171,800137,0,1.001953125,-0.03515625,0.009765625,-0.025390625,0.0,0.0,0.0
1001084422,800138,0,1.009765625,-0.03515625,0.01171875,-0.0234375,0.0,0.0,0.0
1001085674,800139,0,1.00390625,-0.037109375,0.00390625,-0.033203125,0.0,0.0,0.0
1001086924,800140,0,1.013671875,-0.0234375,0.005859375,-0.017578125,0.0,0.0,0.0
1001088175,800141,0,1.009765625,-0.033203125,0.0078125,-0.025390625,0.0,0.0,0.0
1001089426,800142,0,1.01171875,-0.03515625,0.017578125,-0.017578125,0.0,0.0,0.0
1001090677,800143,0,1.01171875,-0.029296875,0.01171875,-0.017578125,0.0,0.0,0.0
1001091928,800144,0,0.994140625,-0.037109375,0.01171875,-0.025390625,0.0,0.0,0.0
1001093179,800145,0,1.005859375,-0.037109375,0.005859375,-0.03125,0.0,0.0,0.0
1001094431,800146,0,1.001953125,-0.03515625,0.013671875,-0.021484375,0.0,0.0,0.0
1001095681,800147,0,1.00390625,-0.037109375,0.01171875,-0.025390625,0.0,0.0,0.0
1001096932,800148,0,1.0,-0.03515625,0.01171875,-0.0234375,0.0,0.0,0.0
1001098182,800149,0,1.005859375,-0.033203125,0.009765625,-0.0234375,0.0,0.0,0.0
1001099432,800150,0,1.001953125,-0.033203125,0.015625,-0.017578125,0.0,0.0,0.0
1001100684,800151,0,1.0078125,-0.033203125,0.01171875,-0.021484375,0.0,0.0,0.0
1001101934,800152,0,1.001953125,-0.0390625,0.0078125,-0.03125,0.0,0.0,0.0
1001103185,800153,0,1.00390625,-0.03515625,0.013671875,-0.021484375,0.0,0.0,0.0
1001104436,800154,0,1.009765625,-0.033203125,0.0078125,-0.025390625,0.0,0.0,0.0
1001105687,800155,0,1.0078125,-0.033203125,0.01171875,-0.021484375,0.0,0.0,0.0
1001106937,800156,0,0.99609375,-0.037109375,0.013671875,-0.0234375,0.0,0.0,0.0
1001108187,800157,0,1.001953125,-0.037109375,0.01171875,-0.025390625,0.0,0.0,0.0
1001109439,800158,0,1.017578125,-0.033203125,0.01171875,-0.021484375,0.0,0.0,0.0
1001110690,800159,0,1.0,-0.03515625,0.0078125,-0.02734375,0.0,0.0,0.0
1001111940,800160,0,1.001953125,-0.044921875,0.005859375,-0.0390625,0.0,0.0,0.0
1001113192,800161,0,1.005859375,-0.0390625,0.005859375,-0.033203125,0.0,0.0,0.0
1001114443,800162,0,1.01171875,-0.03515625,0.001953125,-0.033203125,0.0,0.0,0.0
1001115694,800163,0,1.001953125,-0.03515625,0.015625,-0.01953125,0.0,0.0,0.0
1001116944,800164,0,1.005859375,-0.03125,0.009765625,-0.021484375,0.0,0.0,0.0
1001118194,800165,0,0.998046875,-0.03125,0.01953125,-0.01171875,0.0,0.0,0.0
1001119445,800166,0,1.0,-0.033203125,0.0078125,-0.025390625,0.0,0.0,0.0
1001120697,800167,0,1.0078125,-0.03515625,0.009765625,-0.025390625,0.0,0.0,0.0
1001121947,800168,0,1.0,-0.03515625,0.01171875,-0.0234375,0.0,0.0,0.0
1001123199,800169,0,1.005859375,-0.03515625,0.009765625,-0.025390625,0.0,0.0,0.0
1001124449,800170,0,1.0078125,-0.03125,0.017578125,-0.013671875,0.0,0.0,0.0
1001125701,800171,0,1.00390625,-0.029296875,0.01171875,-0.017578125,0.0,0.0,0.0
1001126951,800172,0,1.0078125,-0.03125,0.009765625,-0.021484375,0.0,0.0,0.0
1001128202,800173,0,1.001953125,-0.033203125,0.005859375,-0.02734375,0.0,0.0,0.0
1001129454,800174,0,1.005859375,-0.03125,0.009765625,-0.021484375,0.0,0.0,0.0
1001130704,800175,0,1.001953125,-0.029296875,0.0078125,-0.021484375,0.0,0.0,0.0
1001131955,800176,0,0.998046875,-0.029296875,0.01171875,-0.017578125,0.0,0.0,0.0
1001133206,800177,0,1.00390625,-0.033203125,0.0078125,-0.025390625,0.0,0.0,0.0
1001134457,800178,0,1.009765625,-0.033203125,0.0078125,-0.025390625,0.0,0.0,0.0
1001135708,800179,0,1.005859375,-0.03125,0.009765625,-0.021484375,0.0,0.0,0.0
1001136959,800180,0,1.0078125,-0.029296875,0.005859375,-0.0234375,0.0,0.0,0.0
1001138211,800181,0,0.99609375,-0.02734375,0.01171875,-0.015625,0.0,0.0,0.0
1001139463,800182,0,1.0078125,-0.033203125,0.0078125,-0.025390625,0.0,0.0,0.0
1001140713,800183,0,1.009765625,-0.025390625,0.0078125,-0.017578125,0.0,0.0,0.0
1001141965,800184,0,1.0078125,-0.029296875,0.005859375,-0.0234375,0.0,0.0,0.0
1001143215,800185,0,1.009765625,-0.03515625,0.015625,-0.01953125,0.0,0.0,0.0
1001144466,800186,0,1.001953125,-0.03125,0.01171875,-0.01953125,0.0,0.0,0.0
1001145716,800187,0,0.994140625,-0.03125,0.01171875,-0.01953125,0.0,0.0,0.0
1001146966,800188,0,1.00390625,-0.03125,0.01171875,-0.01953125,0.0,0.0,0.0
1001148216,800189,0,1.0078125,-0.033203125,0.005859375,-0.02734375,0.0,0.0,0.0
1001149468,800190,0,0.998046875,-0.033203125,0.005859375,-0.02734375,0.0,0.0,0.0
1001150719,800191,0,1.005859375,-0.03125,0.01171875,-0.01953125,0.0,0.0,0.0
1001151969,800192,0,1.0,-0.02734375,0.01171875,-0.015625,0.0,0.0,0.0
1001153221,800193,0,1.0078125,-0.03515625,0.013671875,-0.021484375,0.0,0.0,0.0
1001154471,800194,0,1.0,-0.03515625,0.01171875,-0.0234375,0.0,0.0,0.0
1001155723,800195,0,1.005859375,-0.03125,0.013671875,-0.017578125,0.0,0.0,0.0
1001156973,800196,0,1.0,-0.033203125,0.005859375,-0.02734375,0.0,0.0,0.0
1001158225,800197,0,0.998046875,-0.037109375,0.00390625,-0.033203125,0.0,0.0,0.0
1001159476,800198,0,1.0078125,-0.03125,0.005859375,-0.025390625,0.0,0.0,0.0
1001160727,800199,0,1.0,-0.03125,0.015625,-0.015625,0.0,0.0,0.0
1001161977,800200,0,1.001953125,-0.03515625,0.01171875,-0.0234375,0.0,0.0,0.0
1001163228,800201,0,1.001953125,-0.033203125,0.009765625,-0.0234375,0.0,0.0,0.0
1001164479,800202,0,1.005859375,-0.03125,0.0,-0.03125,0.0,0.0,0.0
1001165730,800203,0,1.005859375,-0.033203125,0.01171875,-0.021484375,0.0,0.0,0.0
1001166981,800204,0,1.005859375,-0.03125,0.0078125,-0.0234375,0.0,0.0,0.0
1001168233,800205,0,1.001953125,-0.029296875,0.009765625,-0.01953125,0.0,0.0,0.0
1001169484,800206,0,1.00390625,-0.033203125,0.009765625,-0.0234375,0.0,0.0,0.0
1001170734,800207,0,0.998046875,-0.03125,0.01171875,-0.01953125,0.0,0.0,0.0
1001171984,800208,0,1.009765625,-0.037109375,0.005859375,-0.03125,0.0,0.0,0.0
1001173235,800209,0,0.994140625,-0.029296875,0.017578125,-0.01171875,0.0,0.0,0.0
1001174486,800210,0,1.005859375,-0.033203125,0.01171875,-0.021484375,0.0,0.0,0.0
1001175737,800211,0,1.0078125,-0.03125,0.01171875,-0.01953125,0.0,0.0,0.0
1001176987,800212,0,1.005859375,-0.033203125,0.0078125,-0.025390625,0.0,0.0,0.0
1001178238,800213,0,1.0078125,-0.033203125,0.005859375,-0.02734375,0.0,0.0,0.0
1001179489,800214,0,1.009765625,-0.03515625,0.009765625,-0.025390625,0.0,0.0,0.0
1001180740,800215,0,1.0078125,-0.033203125,0.013671875,-0.01953125,0.0,0.0,0.0
1001181992,800216,0,1.0,-0.03515625,0.009765625,-0.025390625,0.0,0.0,0.0
1001183242,800217,0,1.005859375,-0.03125,0.009765625,-0.021484375,0.0,0.0,0.0
1001184493,800218,0,1.001953125,-0.03515625,0.005859375,-0.029296875,0.0,0.0,0.0
1001185744,800219,0,1.00390625,-0.037109375,0.0078125,-0.029296875,0.0,0.0,0.0
1001186994,800220,0,1.00390625,-0.03515625,0.0078125,-0.02734375,0.0,0.0,0.0
1001188245,800221,0,0.998046875,-0.033203125,0.005859375,-0.02734375,0.0,0.0,0.0
1001189497,800222,0,1.009765625,-0.02734375,0.013671875,-0.013671875,0.0,0.0,0.0
1001190749,800223,0,0.998046875,-0.03125,0.0078125,-0.0234375,0.0,0.0,0.0
1001191999,800224,0,1.005859375,-0.03515625,0.013671875,-0.021484375,0.0,0.0,0.0
1001193250,800225,0,0.99609375,-0.033203125,0.015625,-0.017578125,0.0,0.0,0.0
1001194500,800226,0,1.005859375,-0.03515625,0.001953125,-0.033203125,0.0,0.0,0.0
1001195752,800227,0,0.99609375,-0.033203125,0.0078125,-0.025390625,0.0,0.0,0.0
1001197003,800228,0,1.0078125,-0.03515625,0.017578125,-0.017578125,0.0,0.0,0.0
1001198254,800229,0,1.00390625,-0.03125,0.015625,-0.015625,0.0,0.0,0.0
1001199504,800230,0,1.005859375,-0.029296875,0.009765625,-0.01953125,0.0,0.0,0.0
1001200756,800231,0,1.009765625,-0.02734375,0.005859375,-0.021484375,0.0,0.0,0.0
1001202006,800232,0,1.009765625,-0.03125,0.01171875,-0.01953125,0.0,0.0,0.0
1001203257,800233,0,1.0,-0.033203125,0.00390625,-0.029296875,0.0,0.0,0.0
1001204508,800234,0,1.001953125,-0.03515625,0.0078125,-0.02734375,0.0,0.0,0.0
1001205759,800235,0,0.998046875,-0.033203125,0.0078125,-0.025390625,0.0,0.0,0.0
1001207009,800236,0,1.0078125,-0.03125,0.01171875,-0.01953125,0.0,0.0,0.0
1001208259,800237,0,1.005859375,-0.033203125,0.009765625,-0.0234375,0.0,0.0,0.0
1001209510,800238,0,1.001953125,-0.037109375,0.01171875,-0.025390625,0.0,0.0,0.0
1001210762,800239,0,1.00390625,-0.03125,0.0078125,-0.0234375,0.0,0.0,0.0
1001212013,800240,0,1.00390625,-0.02734375,0.015625,-0.01171875,0.0,0.0,0.0
1001213271,800241,0,1.00390625,-0.03125,0.015625,-0.015625,0.0,0.0,0.0
1001214522,800242,0,1.005859375,-0.03125,0.009765625,-0.021484375,0.0,0.0,0.0
1001215773,800243,0,1.005859375,-0.03515625,0.01171875,-0.0234375,0.0,0.0,0.0
1001217025,800244,0,1.005859375,-0.03125,0.0,-0.03125,0.0,0.0,0.0
1001218277,800245,0,1.009765625,-0.03515625,0.005859375,-0.029296875,0.0,0.0,0.0
1001219528,800246,0,1.015625,-0.03125,0.01171875,-0.01953125,0.0,0.0,0.0
1001220779,800247,0,1.005859375,-0.037109375,0.01171875,-0.025390625,0.0,0.0,0.0
1001222031,800248,0,1.00390625,-0.037109375,0.0078125,-0.029296875,0.0,0.0,0.0
1001223283,800249,0,1.001953125,-0.03515625,0.01171875,-0.0234375,0.0,0.0,0.0
1001224535,800250,0,1.0,-0.033203125,0.0078125,-0.025390625,0.0,0.0,0.0
1001225786,800251,0,1.0078125,-0.029296875,0.01171875,-0.017578125,0.0,0.0,0.0
1001227036,800252,0,0.9921875,-0.03515625,0.013671875,-0.021484375,0.0,0.0,0.0
1001228287,800253,0,1.00390625,-0.03515625,0.01953125,-0.015625,0.0,0.0,0.0
1001229537,800254,0,1.00390625,-0.03515625,0.009765625,-0.025390625,0.0,0.0,0.0
1001230787,800255,0,1.005859375,-0.037109375,0.0078125,-0.029296875,0.0,0.0,0.0
1001232038,800256,0,1.001953125,-0.033203125,0.009765625,-0.0234375,0.0,0.0,0.0
1001233289,800257,0,1.00390625,-0.03125,0.01171875,-0.01953125,0.0,0.0,0.0
1001234539,800258,0,1.0078125,-0.03515625,0.013671875,-0.021484375,0.0,0.0,0.0
1001235790,800259,0,1.00390625,-0.03125,0.01171875,-0.01953125,0.0,0.0,0.0
1001237042,800260,0,0.998046875,-0.029296875,0.005859375,-0.0234375,0.0,0.0,0.0
1001238292,800261,0,1.00390625,-0.033203125,0.01171875,-0.021484375,0.0,0.0,0.0
1001239543,800262,0,1.00390625,-0.033203125,0.0078125,-0.025390625,0.0,0.0,0.0
1001240794,800263,0,1.005859375,-0.033203125,0.017578125,-0.015625,0.0,0.0,0.0
1001242044,800264,0,1.001953125,-0.033203125,0.009765625,-0.0234375,0.0,0.0,0.0
1001243294,800265,0,1.001953125,-0.03125,0.005859375,-0.025390625,0.0,0.0,0.0
1001244544,800266,0,0.99609375,-0.033203125,0.005859375,-0.02734375,0.0,0.0,0.0
1001245796,800267,0,1.00390625,-0.029296875,0.009765625,-0.01953125,0.0,0.0,0.0
1001247047,800268,0,1.00390625,-0.02734375,0.009765625,-0.017578125,0.0,0.0,0.0
1001248297,800269,0,0.998046875,-0.03515625,0.01171875,-0.0234375,0.0,0.0,0.0
1001249548,800270,0,1.005859375,-0.03125,0.0078125,-0.0234375,0.0,0.0,0.0
1001250800,800271,0,1.00390625,-0.03515625,0.0,-0.03515625,0.0,0.0,0.0
1001252050,800272,0,1.01171875,-0.03515625,0.001953125,-0.033203125,0.0,0.0,0.0
1001253300,800273,0,1.001953125,-0.03125,0.013671875,-0.017578125,0.0,0.0,0.0
1001254550,800274,0,1.00390625,-0.037109375,0.01171875,-0.025390625,0.0,0.0,0.0
1001255801,800275,0,1.0,-0.03125,0.015625,-0.015625,0.0,0.0,0.0
1001257052,800276,0,1.00390625,-0.03515625,0.013671875,-0.021484375,0.0,0.0,0.0
1001258302,800277,0,1.0078125,-0.029296875,0.01171875,-0.017578125,0.0,0.0,0.0
1001259553,800278,0,1.0078125,-0.03515625,0.01171875,-0.0234375,0.0,0.0,0.0
1001260804,800279,0,1.0078125,-0.033203125,0.009765625,-0.0234375,0.0,0.0,0.0
1001262054,800280,0,1.00390625,-0.02734375,0.0078125,-0.01953125,0.0,0.0,0.0
1001263305,800281,0,1.0,-0.033203125,0.009765625,-0.0234375,0.0,0.0,0.0
1001264556,800282,0,1.001953125,-0.03515625,0.015625,-0.01953125,0.0,0.0,0.0
1001265807,800283,0,1.0078125,-0.02734375,0.005859375,-0.021484375,0.0,0.0,0.0
1001267058,800284,0,1.00390625,-0.03125,0.009765625,-0.021484375,0.0,0.0,0.0
1001268310,800285,0,1.005859375,-0.03125,0.005859375,-0.025390625,0.0,0.0,0.0
1001269560,800286,0,1.005859375,-0.0234375,0.01171875,-0.01171875,0.0,0.0,0.0
1001270810,800287,0,0.99609375,-0.025390625,0.01171875,-0.013671875,0.0,0.0,0.0
1001272060,800288,0,0.998046875,-0.03515625,0.005859375,-0.029296875,0.0,0.0,0.0
1001273311,800289,0,1.0,-0.033203125,0.015625,-0.017578125,0.0,0.0,0.0
1001274561,800290,0,1.0078125,-0.033203125,0.017578125,-0.015625,0.0,0.0,0.0
1001275813,800291,0,0.994140625,-0.037109375,0.005859375,-0.03125,0.0,0.0,0.0
1001277063,800292,0,1.009765625,-0.02734375,0.0078125,-0.01953125,0.0,0.0,0.0
1001278313,800293,0,0.998046875,-0.037109375,0.013671875,-0.0234375,0.0,0.0,0.0
1001279565,800294,0,1.0,-0.03515625,0.01171875,-0.0234375,0.0,0.0,0.0
1001280816,800295,0,1.0,-0.03125,0.0078125,-0.0234375,0.0,0.0,0.0
1001282066,800296,0,1.00390625,-0.029296875,0.01171875,-0.017578125,0.0,0.0,0.0
1001283316,800297,0,1.005859375,-0.03125,0.015625,-0.015625,0.0,0.0,0.0
1001284567,800298,0,1.005859375,-0.03125,0.009765625,-0.021484375,0.0,0.0,0.0
1001285817,800299,0,1.001953125,-0.03515625,0.01171875,-0.0234375,0.0,0.0,0.0
1001287069,800300,0,1.005859375,-0.033203125,0.0078125,-0.025390625,0.0,0.0,0.0
1001288319,800301,0,1.001953125,-0.03125,0.01171875,-0.01953125,0.0,0.0,0.0
1001289570,800302,0,1.001953125,-0.03125,0.015625,-0.015625,0.0,0.0,0.0
1001290822,800303,0,1.0,-0.03515625,0.013671875,-0.021484375,0.0,0.0,0.0
1001292072,800304,0,1.001953125,-0.033203125,0.01171875,-0.021484375,0.0,0.0,0.0
1001293322,800305,0,1.001953125,-0.03125,0.005859375,-0.025390625,0.0,0.0,0.0
1001294572,800306,0,1.0,-0.03515625,0.0078125,-0.02734375,0.0,0.0,0.0
1001295823,800307,0,1.00390625,-0.03125,0.00390625,-0.02734375,0.0,0.0,0.0
1001297075,800308,0,0.99609375,-0.03515625,0.00390625,-0.03125,0.0,0.0,0.0
1001298326,800309,0,1.0078125,-0.03515625,0.0078125,-0.02734375,0.0,0.0,0.0
1001299576,800310,0,1.009765625,-0.037109375,0.013671875,-0.0234375,0.0,0.0,0.0
1001300827,800311,0,1.0,-0.03125,0.015625,-0.015625,0.0,0.0,2.746799964370439e-06
1001303327,800313,0,0.998046875,-0.033203125,0.001953125,-0.03125,0.0,0.0,0.0
1001304578,800314,0,0.994140625,-0.033203125,0.0078125,-0.025390625,0.0,0.0,0.0
1001305829,800315,0,1.00390625,-0.033203125,-0.001953125,-0.03515625,0.0,0.0,0.0
1001307080,800316,0,0.998046875,-0.02734375,0.0078125,-0.01953125,0.0,0.0,0.0
1001308332,800317,0,1.001953125,-0.03125,0.01171875,-0.01953125,0.0,0.0,0.0
1001309582,800318,0,1.005859375,-0.033203125,0.017578125,-0.015625,0.0,0.0,0.0
1001310834,800319,0,1.0078125,-0.033203125,0.009765625,-0.0234375,0.0,0.0,0.0
1001312085,800320,0,1.005859375,-0.03515625,0.009765625,-0.025390625,0.0,0.0,0.0
1001313335,800321,0,1.0,-0.025390625,0.00390625,-0.021484375,0.0,0.0,0.0
1001314586,800322,0,1.00390625,-0.03515625,0.0078125,-0.02734375,0.0,0.0,0.0
1001315838,800323,0,1.005859375,-0.037109375,0.013671875,-0.0234375,0.0,0.0,0.0
1001317088,800324,0,1.0,-0.033203125,0.009765625,-0.0234375,0.0,0.0,0.0
1001318338,800325,0,1.00390625,-0.037109375,0.01171875,-0.025390625,0.0,0.0,0.0
1001319589,800326,0,1.005859375,-0.033203125,0.013671875,-0.01953125,0.0,0.0,0.0
1001320839,800327,0,1.005859375,-0.03125,0.00390625,-0.02734375,0.0,0.0,0.0
1001322091,800328,0,1.00390625,-0.033203125,0.005859375,-0.02734375,0.0,0.0,0.0
1001323341,800329,0,1.009765625,-0.029296875,0.009765625,-0.01953125,0.0,0.0,0.0
1001324592,800330,0,1.0078125,-0.03125,0.015625,-0.015625,0.0,0.0,0.0
1001325844,800331,0,1.00390625,-0.03125,0.013671875,-0.017578125,0.0,0.0,0.0
1001327094,800332,0,0.994140625,-0.03125,0.013671875,-0.017578125,0.0,0.0,0.0
1001328344,800333,0,0.99609375,-0.029296875,0.015625,-0.013671875,0.0,0.0,0.0
1001329595,800334,0,1.0078125,-0.033203125,0.013671875,-0.01953125,0.0,0.0,0.0
1001330846,800335,0,1.005859375,-0.0234375,0.009765625,-0.013671875,0.0,0.0,0.0
1001332096,800336,0,1.0,-0.033203125,0.015625,-0.017578125,0.0,0.0,0.0
1001333346,800337,0,1.00390625,-0.033203125,0.015625,-0.017578125,0.0,0.0,0.0
1001334597,800338,0,1.00390625,-0.033203125,0.013671875,-0.01953125,0.0,0.0,0.0
1001335847,800339,0,1.0078125,-0.03125,0.0078125,-0.0234375,0.0,0.0,0.0
1001337097,800340,0,1.00390625,-0.029296875,0.01171875,-0.017578125,0.0,0.0,0.0
1001338349,800341,0,1.00390625,-0.02734375,0.0078125,-0.01953125,0.0,0.0,0.0
1001339599,800342,0,0.99609375,-0.03125,0.015625,-0.015625,0.0,0.0,0.0
1001340850,800343,0,0.998046875,-0.03515625,0.015625,-0.01953125,0.0,0.0,0.0
1001342101,800344,0,1.00390625,-0.03125,0.0078125,-0.0234375,0.0,0.0,0.0
1001343351,800345,0,1.001953125,-0.033203125,0.0078125,-0.025390625,0.0,0.0,0.0
1001344602,800346,0,0.998046875,-0.03125,0.0078125,-0.0234375,0.0,0.0,0.0
1001345853,800347,0,1.0078125,-0.03125,0.005859375,-0.025390625,0.0,0.0,0.0
1001347103,800348,0,1.001953125,-0.02734375,0.005859375,-0.021484375,0.0,0.0,0.0
1001348355,800349,0,1.009765625,-0.029296875,0.009765625,-0.01953125,0.0,0.0,0.0
1001349606,800350,0,1.005859375,-0.03125,0.0078125,-0.0234375,0.0,0.0,0.0
1001350856,800351,0,1.0078125,-0.03125,0.005859375,-0.025390625,0.0,0.0,0.0
1001352108,800352,0,1.00390625,-0.03125,0.005859375,-0.025390625,0.0,0.0,0.0
1001353359,800353,0,1.001953125,-0.029296875,0.01171875,-0.017578125,0.0,0.0,0.0
1001354610,800354,0,1.001953125,-0.03125,0.01953125,-0.01171875,0.0,0.0,0.0
1001355860,800355,0,0.998046875,-0.041015625,0.0078125,-0.033203125,0.0,0.0,0.0
1001357110,800356,0,1.00390625,-0.0390625,0.0078125,-0.03125,0.0,0.0,0.0
1001358362,800357,0,1.009765625,-0.029296875,0.013671875,-0.015625,0.0,0.0,0.0
1001359614,800358,0,1.005859375,-0.03125,0.0078125,-0.0234375,0.0,0.0,0.0
1001360865,800359,0,1.005859375,-0.033203125,0.01171875,-0.021484375,0.0,0.0,0.0
1001362115,800360,0,1.001953125,-0.033203125,0.009765625,-0.0234375,0.0,0.0,0.0
1001363366,800361,0,1.001953125,-0.037109375,0.009765625,-0.02734375,0.0,0.0,0.0
1001364616,800362,0,1.0078125,-0.037109375,0.005859375,-0.03125,0.0,0.0,0.0
1001365867,800363,0,1.0078125,-0.033203125,0.009765625,-0.0234375,0.0,0.0,0.0
1001367118,800364,0,1.00390625,-0.037109375,0.009765625,-0.02734375,0.0,0.0,0.0
1001368368,800365,0,1.0078125,-0.03125,0.01171875,-0.01953125,0.0,0.0,0.0
1001369619,800366,0,1.0078125,-0.033203125,0.009765625,-0.0234375,0.0,0.0,0.0
1001370871,800367,0,1.005859375,-0.03125,0.0078125,-0.0234375,0.0,0.0,0.0
1001372121,800368,0,1.0078125,-0.029296875,0.013671875,-0.015625,0.0,0.0,0.0
1001373371,800369,0,1.0,-0.0390625,0.009765625,-0.029296875,0.0,0.0,0.0
1001374623,800370,0,1.0,-0.037109375,0.009765625,-0.02734375,0.0,0.0,0.0
1001375873,800371,0,1.005859375,-0.033203125,0.009765625,-0.0234375,0.0,0.0,0.0
1001377124,800372,0,1.0078125,-0.03515625,0.005859375,-0.029296875,0.0,0.0,0.0
1001378376,800373,0,0.998046875,-0.037109375,0.01953125,-0.017578125,0.0,0.0,0.0
1001379626,800374,0,1.009765625,-0.033203125,0.0078125,-0.025390625,0.0,0.0,0.0
1001380877,800375,0,1.01953125,-0.04296875,0.01171875,-0.03125,0.0,0.0,0.0
1001382127,800376,0,0.99609375,-0.033203125,0.0078125,-0.025390625,0.0,0.0,0.0
1001383377,800377,0,1.0,-0.03515625,0.0078125,-0.02734375,0.0,0.0,0.0
1001384629,800378,0,0.99609375,-0.03515625,0.0078125,-0.02734375,0.0,0.0,0.0
1001385879,800379,0,1.0078125,-0.033203125,0.00390625,-0.029296875,0.0,0.0,0.0
1001387130,800380,0,1.005859375,-0.033203125,0.005859375,-0.02734375,0.0,0.0,0.0
1001388381,800381,0,1.009765625,-0.03125,0.015625,-0.015625,0.0,0.0,0.0
1001389631,800382,0,1.009765625,-0.03125,0.009765625,-0.021484375,0.0,0.0,0.0
1001390883,800383,0,1.00390625,-0.029296875,0.009765625,-0.01953125,0.0,0.0,0.0
1001392134,800384,0,1.0,-0.03515625,0.013671875,-0.021484375,0.0,0.0,0.0
1001393384,800385,0,1.0078125,-0.03125,0.013671875,-0.017578125,0.0,0.0,0.0
1001394635,800386,0,1.00390625,-0.03515625,0.015625,-0.01953125,0.0,0.0,0.0
1001395887,800387,0,1.005859375,-0.037109375,0.009765625,-0.02734375,0.0,0.0,0.0
1001397137,800388,0,1.005859375,-0.03125,0.015625,-0.015625,0.0,0.0,0.0
1001398388,800389,0,1.00390625,-0.03125,0.0078125,-0.0234375,0.0,0.0,0.0
1001399639,800390,0,1.0,-0.029296875,0.005859375,-0.0234375,0.0,0.0,0.0
1001400889,800391,0,0.998046875,-0.03125,0.0078125,-0.0234375,0.0,0.0,0.0
1001402140,800392,0,1.0,-0.033203125,0.013671875,-0.01953125,0.0,0.0,0.0
1001403392,800393,0,1.001953125,-0.033203125,0.009765625,-0.0234375,0.0,0.0,0.0
1001404642,800394,0,0.998046875,-0.033203125,0.005859375,-0.02734375,0.0,0.0,0.0
1001405894,800395,0,1.005859375,-0.03515625,0.013671875,-0.021484375,0.0,0.0,0.0
1001407145,800396,0,0.998046875,-0.03125,0.005859375,-0.025390625,0.0,0.0,0.0
1001408396,800397,0,1.005859375,-0.03515625,0.015625,-0.01953125,0.0,0.0,0.0
1001409647,800398,0,1.0,-0.029296875,0.015625,-0.013671875,0.0,0.0,0.0
1001410899,800399,0,1.00390625,-0.03515625,0.009765625,-0.025390625,0.0,0.0,0.0
1001412150,800400,0,1.005859375,-0.033203125,0.013671875,-0.01953125,0.0,0.0,0.0
1001413400,800401,0,1.0,-0.0390625,0.005859375,-0.033203125,0.0,0.0,0.0
1001414652,800402,0,1.00390625,-0.029296875,0.005859375,-0.0234375,0.0,0.0,0.0
1001415902,800403,0,1.00390625,-0.033203125,0.0078125,-0.025390625,0.0,0.0,0.0
1001417152,800404,0,1.0078125,-0.029296875,0.00390625,-0.025390625,0.0,0.0,0.0
1001418402,800405,0,1.001953125,-0.03515625,0.013671875,-0.021484375,0.0,0.0,0.0
1001419653,800406,0,1.00390625,-0.03125,0.015625,-0.015625,0.0,0.0,0.0
1001420904,800407,0,1.001953125,-0.033203125,0.01171875,-0.021484375,0.0,0.0,0.0
1001422154,800408,0,1.001953125,-0.033203125,0.009765625,-0.0234375,0.0,0.0,0.0
1001423406,800409,0,0.99609375,-0.03125,0.009765625,-0.021484375,0.0,0.0,0.0
1001424657,800410,0,1.005859375,-0.037109375,0.005859375,-0.03125,0.0,0.0,0.0
1001425907,800411,0,0.998046875,-0.033203125,0.01171875,-0.021484375,0.0,0.0,0.0
1001427158,800412,0,1.005859375,-0.03515625,0.013671875,-0.021484375,0.0,0.0,0.0
1001428408,800413,0,1.0078125,-0.03515625,0.01171875,-0.0234375,0.0,0.0,0.0
1001429659,800414,0,1.001953125,-0.033203125,0.001953125,-0.03125,0.0,0.0,0.0
1001430910,800415,0,0.998046875,-0.03515625,0.017578125,-0.017578125,0.0,0.0,0.0
1001432160,800416,0,1.00390625,-0.029296875,0.0078125,-0.021484375,0.0,0.0,0.0
1001433410,800417,0,1.0078125,-0.015625,0.013671875,-0.001953125,0.0,0.0,0.0
1001434662,800418,0,1.001953125,-0.017578125,0.0234375,0.005859375,0.0,0.0,0.0
1001435912,800419,0,1.005859375,-0.01171875,0.009765625,-0.001953125,0.0,0.0,0.0
1001437163,800420,0,1.009765625,-0.0078125,0.013671875,0.005859375,0.0,0.0,0.0
1001438413,800421,0,1.01171875,-0.0078125,0.021484375,0.013671875,0.0,0.0,0.0
1001439664,800422,0,1.00390625,0.0,0.01171875,0.01171875,0.0,0.0,0.0
1001440915,800423,0,1.015625,-0.001953125,0.01953125,0.017578125,0.0,0.0,0.0
1001442167,800424,0,1.00390625,-0.005859375,0.015625,0.009765625,0.0,0.0,0.0
1001443417,800425,0,1.0,-0.017578125,0.021484375,0.00390625,0.0,0.0,0.0
1001444668,800426,0,1.005859375,-0.037109375,0.00390625,-0.033203125,0.0,0.0,0.0
1001445920,800427,0,1.009765625,-0.056640625,0.0,-0.056640625,0.0,0.0,0.0
1001447171,800428,0,1.005859375,-0.068359375,-0.0078125,-0.076171875,0.0,0.0,0.0
1001448422,800429,0,0.998046875,-0.080078125,-0.01171875,-0.091796875,0.0,0.0,0.0
1001449674,800430,0,1.001953125,-0.08203125,-0.0078125,-0.08984375,0.0,0.0,0.0
1001450924,800431,0,1.0,-0.078125,-0.0078125,-0.0859375,0.0,0.0,0.0
1001452175,800432,0,1.001953125,-0.05859375,-0.001953125,-0.060546875,0.0,0.0,0.0
1001453426,800433,0,1.001953125,-0.052734375,0.00390625,-0.048828125,0.0,0.0,0.0
1001454677,800434,0,1.005859375,-0.046875,0.0078125,-0.0390625,0.0,0.0,0.0
1001455928,800435,0,1.0,-0.04296875,0.005859375,-0.037109375,0.0,0.0,0.0
1001457179,800436,0,1.00390625,-0.041015625,0.009765625,-0.03125,0.0,0.0,0.0
1001458431,800437,0,1.00390625,-0.037109375,0.009765625,-0.02734375,0.0,0.0,0.0
1001459681,800438,0,1.005859375,-0.037109375,0.013671875,-0.0234375,0.0,0.0,0.0
1001460932,800439,0,1.001953125,-0.037109375,0.01171875,-0.025390625,0.0,0.0,0.0
1001462182,800440,0,1.0,-0.046875,0.0,-0.046875,0.0,0.0,0.0
1001463432,800441,0,0.998046875,-0.0390625,0.009765625,-0.029296875,0.0,0.0,0.0
1001464684,800442,0,1.01953125,-0.044921875,-0.00390625,-0.048828125,0.0,0.0,0.0
1001465934,800443,0,1.005859375,-0.044921875,-0.005859375,-0.05078125,0.0,0.0,0.0
1001467185,800444,0,0.998046875,-0.046875,0.001953125,-0.044921875,0.0,0.0,0.0
1001468436,800445,0,1.005859375,-0.04296875,0.009765625,-0.033203125,0.0,0.0,0.0
1001469687,800446,0,0.994140625,-0.048828125,0.0078125,-0.041015625,0.0,0.0,0.0
1001470937,800447,0,0.99609375,-0.041015625,0.00390625,-0.037109375,0.0,0.0,0.0
1001472187,800448,0,1.0,-0.048828125,-0.001953125,-0.05078125,0.0,0.0,0.0
1001473439,800449,0,1.001953125,-0.04296875,0.0078125,-0.03515625,0.0,0.0,0.0
1001474690,800450,0,1.0,-0.04296875,0.0078125,-0.03515625,0.0,0.0,0.0
1001475940,800451,0,1.005859375,-0.041015625,0.005859375,-0.03515625,0.0,0.0,0.0
1001477192,800452,0,0.99609375,-0.0390625,0.0078125,-0.03125,0.0,0.0,0.0
1001478443,800453,0,1.00390625,-0.0390625,0.009765625,-0.029296875,0.0,0.0,0.0
1001479694,800454,0,1.001953125,-0.03515625,0.005859375,-0.029296875,0.0,0.0,0.0
1001480944,800455,0,1.0,-0.04296875,0.00390625,-0.0390625,0.0,0.0,0.0
1001482194,800456,0,1.005859375,-0.0390625,0.00390625,-0.03515625,0.0,0.0,0.0
1001483445,800457,0,0.998046875,-0.033203125,0.0078125,-0.025390625,0.0,0.0,0.0
1001484697,800458,0,1.00390625,-0.02734375,0.01171875,-0.015625,0.0,0.0,0.0
1001485947,800459,0,1.0078125,-0.025390625,0.01953125,-0.005859375,0.0,0.0,0.0
1001487199,800460,0,0.998046875,-0.01953125,0.015625,-0.00390625,0.0,0.0,0.0
1001488449,800461,0,1.00390625,-0.0234375,0.015625,-0.0078125,0.0,0.0,0.0
1001489701,800462,0,0.998046875,-0.025390625,0.01953125,-0.005859375,0.0,0.0,0.0
1001490951,800463,0,1.0,-0.0234375,0.015625,-0.0078125,0.0,0.0,0.0
1001492202,800464,0,1.005859375,-0.0234375,0.01171875,-0.01171875,0.0,0.0,0.0
1001493454,800465,0,1.005859375,-0.01953125,0.009765625,-0.009765625,0.0,0.0,0.0
1001494704,800466,0,1.015625,-0.01953125,0.015625,-0.00390625,0.0,0.0,0.0
1001495955,800467,0,1.00390625,-0.0234375,0.021484375,-0.001953125,0.0,0.0,0.0
1001497206,800468,0,1.0078125,-0.021484375,0.013671875,-0.0078125,0.0,0.0,0.0
1001498457,800469,0,1.00390625,-0.01953125,0.0078125,-0.01171875,0.0,0.0,0.0
1001499708,800470,0,1.001953125,-0.021484375,0.01953125,-0.001953125,0.0,0.0,0.0
1001500959,800471,0,1.00390625,-0.0234375,0.013671875,-0.009765625,0.0,0.0,0.0
1001502211,800472,0,1.001953125,-0.017578125,0.013671875,-0.00390625,0.0,0.0,0.0
1001503463,800473,0,1.001953125,-0.025390625,0.015625,-0.009765625,0.0,0.0,0.0
1001504713,800474,0,1.00390625,-0.025390625,0.015625,-0.009765625,0.0,0.0,0.0
1001505965,800475,0,1.001953125,-0.025390625,0.013671875,-0.01171875,0.0,0.0,0.0
1001507215,800476,0,1.001953125,-0.0234375,0.009765625,-0.013671875,0.0,0.0,0.0
1001508466,800477,0,1.00390625,-0.025390625,0.017578125,-0.0078125,0.0,0.0,0.0
1001509716,800478,0,1.001953125,-0.025390625,0.017578125,-0.0078125,0.0,0.0,0.0
1001510966,800479,0,1.005859375,-0.02734375,0.009765625,-0.017578125,0.0,0.0,0.0
1001512216,800480,0,1.0,-0.0234375,0.01171875,-0.01171875,0.0,0.0,0.0
1001513468,800481,0,1.005859375,-0.025390625,0.01953125,-0.005859375,0.0,0.0,0.0
1001514719,800482,0,1.017578125,-0.0234375,0.017578125,-0.005859375,0.0,0.0,0.0
1001515969,800483,0,1.009765625,-0.0234375,0.017578125,-0.005859375,0.0,0.0,0.0
1001517221,800484,0,1.005859375,-0.01953125,0.01171875,-0.0078125,0.0,0.0,0.0
1001518471,800485,0,1.005859375,-0.0234375,0.017578125,-0.005859375,0.0,0.0,0.0
1001519723,800486,0,1.0078125,-0.029296875,0.01953125,-0.009765625,0.0,0.0,0.0
1001520973,800487,0,1.00390625,-0.03125,0.01171875,-0.01953125,0.0,0.0,0.0
1001522225,800488,0,1.005859375,-0.029296875,0.005859375,-0.0234375,0.0,0.0,0.0
1001523476,800489,0,1.0078125,-0.033203125,0.009765625,-0.0234375,0.0,0.0,0.0
1001524727,800490,0,1.00390625,-0.033203125,0.01171875,-0.021484375,0.0,0.0,0.0
1001525977,800491,0,1.0,-0.029296875,0.009765625,-0.01953125,0.0,0.0,0.0
1001527228,800492,0,1.0,-0.029296875,0.005859375,-0.0234375,0.0,0.0,0.0
1001528479,800493,0,1.001953125,-0.029296875,0.013671875,-0.015625,0.0,0.0,0.0
1001529730,800494,0,1.00390625,-0.02734375,0.021484375,-0.005859375,0.0,0.0,0.0
1001530981,800495,0,1.00390625,-0.029296875,0.009765625,-0.01953125,0.0,0.0,0.0
1001532233,800496,0,1.00390625,-0.025390625,0.013671875,-0.01171875,0.0,0.0,0.0
1001533484,800497,0,0.998046875,-0.025390625,0.015625,-0.009765625,0.0,0.0,0.0
1001534734,800498,0,1.00390625,-0.029296875,0.01171875,-0.017578125,0.0,0.0,0.0
1001535984,800499,0,1.001953125,-0.02734375,0.017578125,-0.009765625,0.0,0.0,0.0
1001537235,800500,0,1.00390625,-0.021484375,0.009765625,-0.01171875,0.0,0.0,0.0
1001538486,800501,0,1.005859375,-0.01953125,0.005859375,-0.013671875,0.0,0.0,0.0
1001539737,800502,0,1.005859375,-0.025390625,0.013671875,-0.01171875,0.0,0.0,0.0
1001540987,800503,0,1.015625,-0.021484375,0.01171875,-0.009765625,0.0,0.0,0.0
1001542238,800504,0,1.001953125,-0.029296875,0.0078125,-0.021484375,0.0,0.0,0.0
1001543489,800505,0,1.001953125,-0.01953125,0.01171875,-0.0078125,0.0,0.0,0.0
1001544740,800506,0,1.00390625,-0.025390625,0.01171875,-0.013671875,0.0,0.0,0.0
1001545992,800507,0,1.013671875,-0.033203125,0.009765625,-0.0234375,0.0,0.0,0.0
1001547242,800508,0,1.0,-0.02734375,0.0,-0.02734375,0.0,0.0,0.0
1001548493,800509,0,1.0078125,-0.03125,0.01171875,-0.01953125,0.0,0.0,0.0
1001549744,800510,0,1.00390625,-0.03125,0.00390625,-0.02734375,0.0,0.0,0.0
1001550994,800511,0,1.009765625,-0.03125,0.01171875,-0.01953125,0.0,0.0,0.0
1001552245,800512,0,1.001953125,-0.033203125,0.009765625,-0.0234375,0.0,0.0,0.0
1001553497,800513,0,1.00390625,-0.029296875,0.0078125,-0.021484375,0.0,0.0,0.0
1001554749,800514,0,1.0078125,-0.03515625,0.009765625,-0.025390625,0.0,0.0,0.0
1001555999,800515,0,1.009765625,-0.03125,0.009765625,-0.021484375,0.0,0.0,0.0
1001557250,800516,0,1.001953125,-0.033203125,0.015625,-0.017578125,0.0,0.0,0.0
1001558500,800517,0,1.00390625,-0.03125,0.005859375,-0.025390625,0.0,0.0,0.0
1001559752,800518,0,1.005859375,-0.03125,0.009765625,-0.021484375,0.0,0.0,0.0
1001561003,800519,0,1.00390625,-0.03125,0.009765625,-0.021484375,0.0,0.0,0.0
1001562254,800520,0,1.0,-0.03125,0.01171875,-0.01953125,0.0,0.0,0.0
1001563504,800521,0,0.998046875,-0.029296875,0.01171875,-0.017578125,0.0,0.0,0.0
1001564756,800522,0,1.009765625,-0.033203125,0.013671875,-0.01953125,0.0,0.0,0.0
1001566006,800523,0,0.998046875,-0.03515625,0.01171875,-0.0234375,0.0,0.0,0.0
1001567257,800524,0,1.00390625,-0.037109375,0.015625,-0.021484375,0.0,0.0,0.0
1001568508,800525,0,1.01171875,-0.041015625,0.0,-0.041015625,0.0,0.0,0.0
1001569759,800526,0,1.0078125,-0.041015625,0.0078125,-0.033203125,0.0,0.0,0.0
1001571009,800527,0,1.0,-0.03515625,0.017578125,-0.017578125,0.0,0.0,0.0
1001572259,800528,0,0.99609375,-0.03515625,0.009765625,-0.025390625,0.0,0.0,0.0
1001573510,800529,0,1.00390625,-0.0390625,0.009765625,-0.029296875,0.0,0.0,0.0
1001574762,800530,0,1.001953125,-0.03515625,0.00390625,-0.03125,0.0,0.0,0.0
1001576013,800531,0,0.998046875,-0.037109375,0.005859375,-0.03125,0.0,0.0,0.0
1001577271,800532,0,1.001953125,-0.0390625,0.009765625,-0.029296875,0.0,0.0,0.0
1001578522,800533,0,1.0078125,-0.03515625,0.005859375,-0.029296875,0.0,0.0,0.0
1001579773,800534,0,1.005859375,-0.03515625,0.001953125,-0.033203125,0.0,0.0,0.0
1001581025,800535,0,1.001953125,-0.037109375,0.013671875,-0.0234375,0.0,0.0,0.0
1001582277,800536,0,0.998046875,-0.037109375,0.0078125,-0.029296875,0.0,0.0,0.0
1001583528,800537,0,1.0078125,-0.04296875,0.01171875,-0.03125,0.0,0.0,0.0
1001584779,800538,0,1.005859375,-0.037109375,0.01171875,-0.025390625,0.0,0.0,0.0
1001586031,800539,0,1.00390625,-0.037109375,0.0078125,-0.029296875,0.0,0.0,0.0
1001587283,800540,0,1.005859375,-0.037109375,0.0078125,-0.029296875,0.0,0.0,0.0
1001588535,800541,0,1.001953125,-0.037109375,0.005859375,-0.03125,0.0,0.0,0.0
1001589786,800542,0,1.0,-0.033203125,0.0078125,-0.025390625,0.0,0.0,0.0
1001591036,800543,0,1.009765625,-0.033203125,0.00390625,-0.029296875,0.0,0.0,0.0
1001592287,800544,0,1.005859375,-0.046875,0.013671875,-0.033203125,0.0,0.0,0.0
1001593537,800545,0,1.009765625,-0.0390625,0.013671875,-0.025390625,0.0,0.0,0.0
1001594787,800546,0,0.998046875,-0.041015625,0.01171875,-0.029296875,0.0,0.0,0.0
1001596038,800547,0,1.00390625,-0.04296875,0.00390625,-0.0390625,0.0,0.0,0.0
1001597289,800548,0,1.00390625,-0.04296875,0.00390625,-0.0390625,0.0,0.0,0.0
1001598539,800549,0,1.005859375,-0.03125,0.005859375,-0.025390625,0.0,0.0,0.0
1001599790,800550,0,1.005859375,-0.033203125,0.009765625,-0.0234375,0.0,0.0,0.0
1001601042,800551,0,1.0078125,-0.033203125,0.0078125,-0.025390625,0.0,0.0,0.0
1001602292,800552,0,0.998046875,-0.03515625,0.005859375,-0.029296875,0.0,0.0,0.0
1001603543,800553,0,1.001953125,-0.02734375,0.009765625,-0.017578125,0.0,0.0,0.0
1001604794,800554,0,1.005859375,-0.033203125,0.005859375,-0.02734375,0.0,0.0,0.0
1001606044,800555,0,1.0,-0.033203125,0.005859375,-0.02734375,0.0,0.0,0.0
1001607294,800556,0,1.005859375,-0.029296875,0.009765625,-0.01953125,0.0,0.0,0.0
1001608544,800557,0,1.005859375,-0.03125,0.0078125,-0.0234375,0.0,0.0,0.0
1001609796,800558,0,1.0078125,-0.03125,0.017578125,-0.013671875,0.0,0.0,0.0
1001611047,800559,0,1.001953125,-0.03125,0.013671875,-0.017578125,0.0,0.0,0.0
1001612297,800560,0,0.99609375,-0.029296875,0.01171875,-0.017578125,0.0,0.0,0.0
1001613548,800561,0,1.001953125,-0.033203125,0.01171875,-0.021484375,0.0,0.0,0.0
1001614800,800562,0,1.0078125,-0.03125,0.0078125,-0.0234375,0.0,0.0,0.0
1001616050,800563,0,1.005859375,-0.03125,0.009765625,-0.021484375,0.0,0.0,0.0
1001617300,800564,0,1.005859375,-0.03515625,0.0078125,-0.02734375,0.0,0.0,0.0
1001618550,800565,0,0.998046875,-0.03125,0.0078125,-0.0234375,0.0,0.0,0.0
1001619801,800566,0,0.9921875,-0.03125,0.009765625,-0.021484375,0.0,0.0,0.0
1001621052,800567,0,1.00390625,-0.02734375,0.00390625,-0.0234375,0.0,0.0,0.0
1001622302,800568,0,0.99609375,-0.029296875,0.01171875,-0.017578125,0.0,0.0,0.0
1001623553,800569,0,1.015625,-0.033203125,0.00390625,-0.029296875,0.0,0.0,0.0
1001624804,800570,0,1.01953125,-0.029296875,0.017578125,-0.01171875,0.0,0.0,0.0
1001626054,800571,0,1.009765625,-0.02734375,0.01171875,-0.015625,0.0,0.0,0.0
1001627305,800572,0,1.0,-0.033203125,0.013671875,-0.01953125,0.0,0.0,0.0
1001628556,800573,0,0.99609375,-0.029296875,0.005859375,-0.0234375,0.0,0.0,0.0
1001629807,800574,0,1.00390625,-0.033203125,0.0078125,-0.025390625,0.0,0.0,0.0
1001631058,800575,0,1.001953125,-0.029296875,0.0078125,-0.021484375,0.0,0.0,0.0
1001632310,800576,0,1.005859375,-0.02734375,0.009765625,-0.017578125,0.0,0.0,0.0
1001633560,800577,0,1.00390625,-0.033203125,0.015625,-0.017578125,0.0,0.0,0.0
1001634810,800578,0,1.00390625,-0.02734375,0.005859375,-0.021484375,0.0,0.0,0.0
1001636060,800579,0,1.001953125,-0.03125,0.015625,-0.015625,0.0,0.0,0.0
1001637311,800580,0,1.005859375,-0.029296875,0.0078125,-0.021484375,0.0,0.0,0.0
1001638561,800581,0,1.001953125,-0.03125,0.01171875,-0.01953125,0.0,0.0,0.0
1001639813,800582,0,1.005859375,-0.029296875,0.01171875,-0.017578125,0.0,0.0,0.0
1001641063,800583,0,1.00390625,-0.03125,0.015625,-0.015625,0.0,0.0,0.0
1001642313,800584,0,1.005859375,-0.033203125,0.015625,-0.017578125,0.0,0.0,0.0
1001643565,800585,0,0.998046875,-0.0234375,0.013671875,-0.009765625,0.0,0.0,0.0
1001644816,800586,0,1.00390625,-0.029296875,0.009765625,-0.01953125,0.0,0.0,0.0
1001646066,800587,0,1.001953125,-0.037109375,0.009765625,-0.02734375,0.0,0.0,0.0
1001647316,800588,0,1.0,-0.0390625,0.01171875,-0.02734375,0.0,0.0,0.0
1001648567,800589,0,1.009765625,-0.044921875,0.015625,-0.029296875,0.0,0.0,0.0
1001649817,800590,0,1.01171875,-0.037109375,-0.033203125,-0.0703125,0.0,0.0,0.0
1001651069,800591,0,1.005859375,-0.041015625,0.001953125,-0.0390625,0.0,0.0,0.0
1001652319,800592,0,1.01171875,-0.04296875,0.015625,-0.02734375,0.0,0.0,0.0
1001653570,800593,0,1.0078125,-0.041015625,0.0,-0.041015625,0.0,0.0,0.0
1001654822,800594,0,1.0078125,-0.04296875,0.00390625,-0.0390625,0.0,0.0,0.0
1001656072,800595,0,1.005859375,-0.044921875,0.009765625,-0.03515625,0.0,0.0,0.0
1001657322,800596,0,1.005859375,-0.04296875,0.013671875,-0.029296875,0.0,0.0,0.0
1001658572,800597,0,1.005859375,-0.037109375,0.013671875,-0.0234375,0.0,0.0,0.0
1001659823,800598,0,1.0078125,-0.037109375,0.0078125,-0.029296875,0.0,0.0,0.0
1001661075,800599,0,1.005859375,-0.029296875,0.015625,-0.013671875,0.0,0.0,0.0
1001662326,800600,0,1.0078125,-0.033203125,0.013671875,-0.01953125,0.0,0.0,0.0
1001663576,800601,0,1.00390625,-0.029296875,0.01171875,-0.017578125,0.0,0.0,0.0
1001664827,800602,0,1.005859375,-0.025390625,0.009765625,-0.015625,0.0,0.0,0.0
1001666077,800603,0,1.005859375,-0.021484375,0.013671875,-0.0078125,0.0,0.0,0.0
1001667327,800604,0,1.001953125,-0.021484375,0.015625,-0.005859375,0.0,0.0,0.0
1001668578,800605,0,1.005859375,-0.01953125,0.01953125,0.0,0.0,0.0,0.0
1001669829,800606,0,1.001953125,-0.01953125,0.01953125,0.0,0.0,0.0,0.0
1001671080,800607,0,1.001953125,-0.025390625,0.015625,-0.009765625,0.0,0.0,0.0
1001672332,800608,0,1.009765625,-0.0234375,0.009765625,-0.013671875,0.0,0.0,0.0
1001673582,800609,0,1.005859375,-0.015625,0.01953125,0.00390625,0.0,0.0,0.0
1001674834,800610,0,0.990234375,0.015625,0.0234375,0.0390625,0.0,0.0,0.0
1001676085,800611,0,1.001953125,0.126953125,0.052734375,0.1796875,0.0,0.0,0.0
1001677335,800612,0,1.01953125,0.13671875,0.04296875,0.1796875,0.0,0.0,0.0
1001678586,800613,0,1.015625,0.08203125,0.037109375,0.119140625,0.0,0.0,0.0
1001679838,800614,0,0.99609375,-0.0234375,0.01171875,-0.01171875,0.0,0.0,0.0
1001681088,800615,0,1.009765625,-0.0703125,0.00390625,-0.06640625,0.0,0.0,0.0
1001682338,800616,0,1.005859375,-0.109375,-0.013671875,-0.123046875,0.0,0.0,0.0
1001683589,800617,0,0.99609375,-0.142578125,-0.03125,-0.173828125,0.0,0.0,0.0
1001684839,800618,0,0.9921875,-0.1640625,-0.033203125,-0.197265625,0.0,0.0,0.0
1001686091,800619,0,1.00390625,-0.166015625,-0.041015625,-0.20703125,0.0,0.0,0.0
1001687341,800620,0,0.998046875,-0.1484375,-0.03125,-0.1796875,0.0,0.0,0.0
1001688592,800621,0,0.9921875,-0.125,-0.021484375,-0.146484375,0.0,0.0,0.0
1001689844,800622,0,1.0,-0.09375,-0.013671875,-0.107421875,0.0,0.0,0.0
1001691094,800623,0,1.009765625,-0.064453125,-0.001953125,-0.06640625,0.0,0.0,0.0
1001692344,800624,0,1.00390625,-0.03515625,0.0078125,-0.02734375,0.0,0.0,0.0
1001693595,800625,0,1.0078125,-0.009765625,0.01953125,0.009765625,0.0,0.0,0.0
1001694846,800626,0,1.005859375,0.005859375,0.0234375,0.029296875,0.0,0.0,0.0
1001696096,800627,0,0.998046875,0.0234375,0.025390625,0.048828125,0.0,0.0,0.0
1001697346,800628,0,1.001953125,0.029296875,0.02734375,0.056640625,0.0,0.0,0.0
1001698597,800629,0,1.01171875,0.02734375,0.03125,0.05859375,0.0,0.0,0.0
1001699847,800630,0,1.009765625,0.02734375,0.029296875,0.056640625,0.0,0.0,0.0
1001701097,800631,0,1.0078125,0.017578125,0.03125,0.048828125,0.0,0.0,0.0
1001702349,800632,0,1.005859375,0.005859375,0.021484375,0.02734375,0.0,0.0,0.0
1001703599,800633,0,1.005859375,-0.015625,0.013671875,-0.001953125,0.0,0.0,0.0
1001704850,800634,0,1.00390625,-0.03515625,0.015625,-0.01953125,0.0,0.0,0.0
1001706101,800635,0,1.00390625,-0.056640625,-0.001953125,-0.05859375,0.0,0.0,0.0
1001707351,800636,0,1.001953125,-0.0703125,-0.00390625,-0.07421875,0.0,0.0,0.0
1001708602,800637,0,1.00390625,-0.076171875,-0.00390625,-0.080078125,0.0,0.0,0.0
1001709853,800638,0,0.998046875,-0.083984375,-0.005859375,-0.08984375,0.0,0.0,0.0
1001711103,800639,0,1.0,-0.078125,-0.00390625,-0.08203125,0.0,0.0,0.0
1001712355,800640,0,1.00390625,-0.068359375,-0.001953125,-0.0703125,0.0,0.0,0.0
1001713606,800641,0,1.001953125,-0.060546875,-0.001953125,-0.0625,0.0,0.0,0.0
1001714856,800642,0,1.0078125,-0.048828125,-0.001953125,-0.05078125,0.0,0.0,0.0
1001716108,800643,0,1.0,-0.0390625,0.015625,-0.0234375,0.0,0.0,0.0
1001717359,800644,0,1.0078125,-0.03515625,0.005859375,-0.029296875,0.0,0.0,0.0
1001718610,800645,0,1.0078125,-0.021484375,0.013671875,-0.0078125,0.0,0.0,0.0
1001719860,800646,0,1.001953125,-0.015625,0.013671875,-0.001953125,0.0,0.0,0.0
1001721110,800647,0,1.0,-0.009765625,0.017578125,0.0078125,0.0,0.0,0.0
1001722362,800648,0,1.005859375,-0.009765625,0.01953125,0.009765625,0.0,0.0,0.0
1001723614,800649,0,1.009765625,-0.009765625,0.021484375,0.01171875,0.0,0.0,0.0
1001724865,800650,0,1.00390625,-0.01171875,0.021484375,0.009765625,0.0,0.0,0.0
1001726115,800651,0,1.005859375,-0.01171875,0.017578125,0.005859375,0.0,0.0,0.0
1001727366,800652,0,1.01171875,-0.017578125,0.01171875,-0.005859375,0.0,0.0,0.0
1001728616,800653,0,1.005859375,-0.021484375,0.009765625,-0.01171875,0.0,0.0,0.0
1001729867,800654,0,0.998046875,-0.025390625,0.013671875,-0.01171875,0.0,0.0,0.0
1001731118,800655,0,1.017578125,-0.03515625,0.015625,-0.01953125,0.0,0.0,0.0
1001732368,800656,0,1.0,-0.033203125,0.009765625,-0.0234375,0.0,0.0,0.0
1001733619,800657,0,1.0078125,-0.04296875,0.005859375,-0.037109375,0.0,0.0,0.0
1001734871,800658,0,1.005859375,-0.04296875,0.00390625,-0.0390625,0.0,0.0,0.0
1001736121,800659,0,1.005859375,-0.0390625,0.0078125,-0.03125,0.0,0.0,0.0
1001737371,800660,0,1.001953125,-0.046875,0.009765625,-0.037109375,0.0,0.0,0.0
1001738623,800661,0,1.001953125,-0.037109375,0.01171875,-0.025390625,0.0,0.0,0.0
1001739873,800662,0,1.0,-0.03515625,0.013671875,-0.021484375,0.0,0.0,0.0
1001741124,800663,0,1.00390625,-0.03515625,0.009765625,-0.025390625,0.0,0.0,0.0
1001742376,800664,0,1.001953125,-0.037109375,0.01171875,-0.025390625,0.0,0.0,0.0
1001743626,800665,0,1.00390625,-0.033203125,0.017578125,-0.015625,0.0,0.0,0.0
1001744877,800666,0,1.001953125,-0.029296875,0.015625,-0.013671875,0.0,0.0,0.0
1001746127,800667,0,1.005859375,-0.033203125,0.009765625,-0.0234375,0.0,0.0,0.0
1001747377,800668,0,1.005859375,-0.033203125,0.01171875,-0.021484375,0.0,0.0,0.0
1001748629,800669,0,1.0078125,-0.0234375,0.009765625,-0.013671875,0.0,0.0,0.0
1001749879,800670,0,1.001953125,-0.03125,0.01171875,-0.01953125,0.0,0.0,0.0
1001751130,800671,0,1.005859375,-0.02734375,0.00390625,-0.0234375,0.0,0.0,0.0
1001752381,800672,0,1.009765625,-0.0234375,0.0078125,-0.015625,0.0,0.0,0.0
1001753631,800673,0,1.00390625,-0.025390625,0.0078125,-0.017578125,0.0,0.0,0.0
1001754883,800674,0,1.009765625,-0.0234375,0.01171875,-0.01171875,0.0,0.0,0.0
1001756134,800675,0,1.00390625,-0.029296875,0.015625,-0.013671875,0.0,0.0,0.0
1001757384,800676,0,1.013671875,-0.02734375,0.005859375,-0.021484375,0.0,0.0,0.0
1001758635,800677,0,1.01171875,-0.03125,0.017578125,-0.013671875,0.0,0.0,0.0
1001759887,800678,0,1.0,-0.04296875,0.013671875,-0.029296875,0.0,0.0,0.0
1001761137,800679,0,0.998046875,-0.04296875,0.009765625,-0.033203125,0.0,0.0,0.0
1001762388,800680,0,1.009765625,-0.04296875,0.0078125,-0.03515625,0.0,0.0,0.0
1001763639,800681,0,0.998046875,-0.048828125,0.005859375,-0.04296875,0.0,0.0,0.0
1001764889,800682,0,1.00390625,-0.046875,0.005859375,-0.041015625,0.0,0.0,0.0
1001766140,800683,0,1.001953125,-0.0390625,0.001953125,-0.037109375,0.0,0.0,0.0
1001767392,800684,0,1.0078125,-0.0390625,0.005859375,-0.033203125,0.0,0.0,0.0
1001768642,800685,0,1.005859375,-0.0390625,0.0078125,-0.03125,0.0,0.0,0.0
1001769894,800686,0,1.005859375,-0.03515625,0.01171875,-0.0234375,0.0,0.0,0.0
1001771145,800687,0,1.001953125,-0.03515625,0.009765625,-0.025390625,0.0,0.0,0.0
1001772396,800688,0,1.001953125,-0.03515625,0.009765625,-0.025390625,0.0,0.0,0.0
1001773647,800689,0,1.001953125,-0.033203125,0.01171875,-0.021484375,0.0,0.0,0.0
1001774899,800690,0,1.005859375,-0.03125,0.01171875,-0.01953125,0.0,0.0,0.0
1001776150,800691,0,1.01171875,-0.03515625,0.01171875,-0.0234375,0.0,0.0,0.0
1001777400,800692,0,1.001953125,-0.029296875,0.009765625,-0.01953125,0.0,0.0,0.0
1001778652,800693,0,1.001953125,-0.03125,0.005859375,-0.025390625,0.0,0.0,0.0
1001779902,800694,0,1.0078125,-0.03515625,0.00390625,-0.03125,0.0,0.0,0.0
1001781152,800695,0,1.00390625,-0.037109375,0.009765625,-0.02734375,0.0,0.0,0.0
1001782402,800696,0,1.0078125,-0.03515625,0.009765625,-0.025390625,0.0,0.0,0.0
1001783653,800697,0,1.001953125,-0.033203125,0.01953125,-0.013671875,0.0,0.0,0.0
1001784904,800698,0,1.0078125,-0.03125,0.01171875,-0.01953125,0.0,0.0,0.0
1001786154,800699,0,1.0,-0.025390625,0.015625,-0.009765625,0.0,0.0,0.0
1001787406,800700,0,0.998046875,-0.033203125,0.005859375,-0.02734375,0.0,0.0,0.0
1001788657,800701,0,1.0078125,-0.033203125,0.013671875,-0.01953125,0.0,0.0,0.0
1001789907,800702,0,0.998046875,-0.033203125,0.015625,-0.017578125,0.0,0.0,0.0
1001791158,800703,0,1.001953125,-0.03515625,0.013671875,-0.021484375,0.0,0.0,0.0
1001792408,800704,0,1.001953125,-0.03125,0.009765625,-0.021484375,0.0,0.0,0.0
1001793659,800705,0,1.0,-0.03515625,0.015625,-0.01953125,0.0,0.0,0.0
1001794910,800706,0,1.009765625,-0.03125,0.01171875,-0.01953125,0.0,0.0,0.0
1001796160,800707,0,1.005859375,-0.03515625,0.009765625,-0.025390625,0.0,0.0,0.0
1001797410,800708,0,1.001953125,-0.033203125,0.005859375,-0.02734375,0.0,0.0,0.0
1001798662,800709,0,1.005859375,-0.03515625,0.015625,-0.01953125,0.0,0.0,0.0
1001799912,800710,0,1.001953125,-0.03515625,0.0078125,-0.02734375,0.0,0.0,0.0
1001801163,800711,0,0.998046875,-0.033203125,0.015625,-0.017578125,0.0,0.0,0.0
1001802413,800712,0,1.0078125,-0.033203125,0.009765625,-0.0234375,0.0,0.0,0.0
1001803664,800713,0,1.0078125,-0.033203125,0.0078125,-0.025390625,0.0,0.0,0.0
1001804915,800714,0,1.00390625,-0.02734375,0.013671875,-0.013671875,0.0,0.0,0.0
1001806167,800715,0,0.998046875,-0.03515625,-0.00390625,-0.0390625,0.0,0.0,0.0
1001807417,800716,0,1.015625,-0.03515625,0.01171875,-0.0234375,0.0,0.0,0.0
1001808668,800717,0,1.00390625,-0.029296875,0.009765625,-0.01953125,0.0,0.0,0.0
1001809920,800718,0,1.00390625,-0.03125,0.01171875,-0.01953125,0.0,0.0,0.0
1001811171,800719,0,0.998046875,-0.02734375,0.017578125,-0.009765625,0.0,0.0,0.0
1001812422,800720,0,1.0,-0.029296875,0.009765625,-0.01953125,0.0,0.0,0.0
1001813674,800721,0,1.005859375,-0.029296875,0.017578125,-0.01171875,0.0,0.0,0.0
1001814924,800722,0,1.001953125,-0.03125,0.01171875,-0.01953125,0.0,0.0,0.0
1001816175,800723,0,1.0078125,-0.03125,0.013671875,-0.017578125,0.0,0.0,0.0
1001817426,800724,0,1.005859375,-0.037109375,0.0078125,-0.029296875,0.0,0.0,0.0
1001818677,800725,0,1.0078125,-0.029296875,0.009765625,-0.01953125,0.0,0.0,0.0
1001819928,800726,0,1.001953125,-0.03515625,0.0078125,-0.02734375,0.0,0.0,0.0
1001821179,800727,0,1.0,-0.033203125,0.005859375,-0.02734375,0.0,0.0,0.0
1001822431,800728,0,0.99609375,-0.029296875,0.017578125,-0.01171875,0.0,0.0,0.0
1001823681,800729,0,1.001953125,-0.033203125,0.01171875,-0.021484375,0.0,0.0,0.0
1001824932,800730,0,1.005859375,-0.03515625,0.005859375,-0.029296875,0.0,0.0,0.0
1001826182,800731,0,1.005859375,-0.03125,0.0078125,-0.0234375,0.0,0.0,0.0
1001827432,800732,0,0.998046875,-0.03515625,0.01171875,-0.0234375,0.0,0.0,0.0
1001828684,800733,0,1.005859375,-0.03515625,0.0078125,-0.02734375,0.0,0.0,0.0
1001829934,800734,0,1.001953125,-0.037109375,0.009765625,-0.02734375,0.0,0.0,0.0
1001831185,800735,0,1.0078125,-0.033203125,0.013671875,-0.01953125,0.0,0.0,0.0
1001832436,800736,0,1.005859375,-0.03515625,0.015625,-0.01953125,0.0,0.0,0.0
1001833687,800737,0,1.0,-0.0390625,0.013671875,-0.025390625,0.0,0.0,0.0
1001834937,800738,0,0.998046875,-0.033203125,0.013671875,-0.01953125,0.0,0.0,0.0
1001836187,800739,0,1.015625,-0.03125,0.009765625,-0.021484375,0.0,0.0,0.0
1001837439,800740,0,0.998046875,-0.03125,0.009765625,-0.021484375,0.0,0.0,0.0
1001838690,800741,0,1.001953125,-0.03515625,0.009765625,-0.025390625,0.0,0.0,0.0
1001839940,800742,0,0.994140625,-0.033203125,0.01171875,-0.021484375,0.0,0.0,0.0
1001841192,800743,0,1.00390625,-0.03125,0.01953125,-0.01171875,0.0,0.0,0.0
1001842443,800744,0,1.005859375,-0.02734375,0.013671875,-0.013671875,0.0,0.0,0.0
1001843694,800745,0,1.00390625,-0.029296875,0.009765625,-0.01953125,0.0,0.0,0.0
1001844944,800746,0,1.005859375,-0.03125,0.005859375,-0.025390625,0.0,0.0,0.0
1001846194,800747,0,1.00390625,-0.02734375,0.01171875,-0.015625,0.0,0.0,0.0
1001847445,800748,0,1.001953125,-0.02734375,0.0078125,-0.01953125,0.0,0.0,0.0
1001848697,800749,0,0.998046875,-0.02734375,0.009765625,-0.017578125,0.0,0.0,0.0
1001849947,800750,0,0.998046875,-0.03125,0.01171875,-0.01953125,0.0,0.0,0.0
1001851199,800751,0,1.005859375,-0.02734375,0.009765625,-0.017578125,0.0,0.0,0.0
1001852449,800752,0,1.001953125,-0.029296875,0.013671875,-0.015625,0.0,0.0,0.0
1001853701,800753,0,1.00390625,-0.03125,0.0078125,-0.0234375,0.0,0.0,0.0
1001854951,800754,0,1.009765625,-0.03125,0.013671875,-0.017578125,0.0,0.0,0.0
1001856202,800755,0,1.00390625,-0.03125,0.005859375,-0.025390625,0.0,0.0,0.0
1001857454,800756,0,1.0078125,-0.02734375,0.01171875,-0.015625,0.0,0.0,0.0
1001858704,800757,0,1.00390625,-0.029296875,0.009765625,-0.01953125,0.0,0.0,0.0
1001859955,800758,0,0.99609375,-0.029296875,0.009765625,-0.01953125,0.0,0.0,0.0
1001861206,800759,0,1.005859375,-0.033203125,0.017578125,-0.015625,0.0,0.0,0.0
1001862457,800760,0,1.0,-0.029296875,0.015625,-0.013671875,0.0,0.0,0.0
1001863708,800761,0,1.0078125,-0.029296875,0.0078125,-0.021484375,0.0,0.0,0.0
1001864959,800762,0,1.0,-0.033203125,0.01171875,-0.021484375,0.0,0.0,0.0
1001866211,800763,0,1.0078125,-0.029296875,0.015625,-0.013671875,0.0,0.0,0.0
1001867463,800764,0,1.015625,-0.029296875,0.015625,-0.013671875,0.0,0.0,0.0
1001868713,800765,0,1.005859375,-0.033203125,0.015625,-0.017578125,0.0,0.0,0.0
1001869965,800766,0,1.00390625,-0.033203125,0.01171875,-0.021484375,0.0,0.0,0.0
1001871215,800767,0,1.001953125,-0.033203125,0.01171875,-0.021484375,0.0,0.0,0.0
1001872466,800768,0,1.00390625,-0.041015625,0.005859375,-0.03515625,0.0,0.0,0.0
1001873716,800769,0,1.0,-0.0390625,0.005859375,-0.033203125,0.0,0.0,0.0
1001874966,800770,0,1.0078125,-0.03515625,0.009765625,-0.025390625,0.0,0.0,0.0
1001876216,800771,0,1.001953125,-0.03515625,0.009765625,-0.025390625,0.0,0.0,0.0
1001877468,800772,0,1.009765625,-0.03515625,0.0078125,-0.02734375,0.0,0.0,0.0
1001878719,800773,0,1.005859375,-0.03515625,0.0078125,-0.02734375,0.0,0.0,0.0
1001879969,800774,0,0.998046875,-0.03515625,0.01171875,-0.0234375,0.0,0.0,0.0
1001881221,800775,0,1.0,-0.03515625,0.01171875,-0.0234375,0.0,0.0,0.0
1001882471,800776,0,0.998046875,-0.037109375,0.01171875,-0.025390625,0.0,0.0,0.0
1001883723,800777,0,1.005859375,-0.03125,0.01171875,-0.01953125,0.0,0.0,0.0
1001884973,800778,0,1.005859375,-0.03125,0.01171875,-0.01953125,0.0,0.0,0.0
1001886225,800779,0,1.00390625,-0.03515625,0.013671875,-0.021484375,0.0,0.0,0.0
1001887476,800780,0,1.001953125,-0.03515625,0.013671875,-0.021484375,0.0,0.0,0.0
1001888727,800781,0,1.005859375,-0.02734375,0.005859375,-0.021484375,0.0,0.0,0.0
1001889977,800782,0,1.005859375,-0.033203125,0.013671875,-0.01953125,0.0,0.0,0.0
1001891228,800783,0,1.001953125,-0.029296875,0.005859375,-0.0234375,0.0,0.0,0.0
1001892479,800784,0,1.001953125,-0.033203125,0.013671875,-0.01953125,0.0,0.0,0.0
1001893730,800785,0,0.99609375,-0.033203125,0.013671875,-0.01953125,0.0,0.0,0.0
1001894981,800786,0,1.001953125,-0.03125,0.0078125,-0.0234375,0.0,0.0,0.0
1001896233,800787,0,1.001953125,-0.03125,0.013671875,-0.017578125,0.0,0.0,0.0
1001897484,800788,0,1.005859375,-0.033203125,0.013671875,-0.01953125,0.0,0.0,0.0
1001898734,800789,0,1.005859375,-0.03515625,0.01171875,-0.0234375,0.0,0.0,0.0
1001899984,800790,0,1.005859375,-0.033203125,0.01171875,-0.021484375,0.0,0.0,0.0
1001901235,800791,0,1.00390625,-0.03515625,0.005859375,-0.029296875,0.0,0.0,0.0
1001902486,800792,0,1.0078125,-0.03125,0.009765625,-0.021484375,0.0,0.0,0.0
1001903737,800793,0,1.00390625,-0.03515625,0.013671875,-0.021484375,0.0,0.0,0.0
1001904987,800794,0,1.0078125,-0.033203125,0.009765625,-0.0234375,0.0,0.0,0.0
1001906238,800795,0,1.001953125,-0.03125,0.009765625,-0.021484375,0.0,0.0,0.0
1001907489,800796,0,1.001953125,-0.03125,0.0078125,-0.0234375,0.0,0.0,0.0
1001908740,800797,0,1.001953125,-0.033203125,0.01171875,-0.021484375,0.0,0.0,0.0
1001909992,800798,0,1.005859375,-0.033203125,0.017578125,-0.015625,0.0,0.0,0.0
1001911242,800799,0,1.0,-0.029296875,0.01171875,-0.017578125,0.0,0.0,0.0
1001912493,800800,0,1.0078125,-0.033203125,-0.001953125,-0.03515625,0.0,0.0,0.0
1001913744,800801,0,1.005859375,-0.0390625,0.005859375,-0.033203125,0.0,0.0,0.0
1001914994,800802,0,1.0078125,-0.033203125,0.0,-0.033203125,0.0,0.0,0.0
1001916245,800803,0,0.994140625,-0.03515625,0.009765625,-0.025390625,0.0,0.0,0.0
1001917497,800804,0,0.99609375,-0.033203125,0.00390625,-0.029296875,0.0,0.0,0.0
1001918749,800805,0,1.00390625,-0.04296875,0.021484375,-0.021484375,0.0,0.0,0.0
1001919999,800806,0,0.998046875,-0.041015625,0.009765625,-0.03125,0.0,0.0,0.0
1001921250,800807,0,1.00390625,-0.033203125,0.009765625,-0.0234375,0.0,0.0,0.0
1001922500,800808,0,1.001953125,-0.0390625,0.01171875,-0.02734375,0.0,0.0,0.0
1001923752,800809,0,1.001953125,-0.037109375,0.015625,-0.021484375,0.0,0.0,0.0
1001925003,800810,0,1.00390625,-0.0390625,0.009765625,-0.029296875,0.0,0.0,0.0
1001926254,800811,0,1.005859375,-0.03515625,0.0078125,-0.02734375,0.0,0.0,0.0
1001927504,800812,0,1.0,-0.037109375,0.0078125,-0.029296875,0.0,0.0,0.0
1001928756,800813,0,1.00390625,-0.033203125,0.009765625,-0.0234375,0.0,0.0,0.0
1001930006,800814,0,1.0,-0.03515625,0.0078125,-0.02734375,0.0,0.0,0.0
1001931257,800815,0,1.00390625,-0.03515625,0.009765625,-0.025390625,0.0,0.0,0.0
1001932508,800816,0,1.0,-0.0390625,0.01171875,-0.02734375,0.0,0.0,0.0
1001933759,800817,0,1.00390625,-0.0390625,0.005859375,-0.033203125,0.0,0.0,0.0
1001935009,800818,0,1.005859375,-0.037109375,0.001953125,-0.03515625,0.0,0.0,0.0
1001936259,800819,0,1.009765625,-0.033203125,0.0078125,-0.025390625,0.0,0.0,0.0
1001937510,800820,0,1.005859375,-0.033203125,0.013671875,-0.01953125,0.0,0.0,0.0
1001938762,800821,0,1.009765625,-0.029296875,0.009765625,-0.01953125,0.0,0.0,0.0
1001940013,800822,0,1.0078125,-0.03515625,0.01171875,-0.0234375,0.0,0.0,0.0
1001941271,800823,0,1.00390625,-0.029296875,0.01953125,-0.009765625,0.0,0.0,0.0
1001942522,800824,0,1.00390625,-0.037109375,0.013671875,-0.0234375,0.0,0.0,0.0
1001943773,800825,0,1.001953125,-0.03125,0.0078125,-0.0234375,0.0,0.0,0.0
1001945025,800826,0,0.998046875,-0.03125,0.0078125,-0.0234375,0.0,0.0,0.0
1001946277,800827,0,1.0,-0.03125,0.015625,-0.015625,0.0,0.0,0.0
1001947528,800828,0,0.99609375,-0.03125,0.009765625,-0.021484375,0.0,0.0,0.0
1001948779,800829,0,1.0078125,-0.033203125,0.005859375,-0.02734375,0.0,0.0,0.0
1001950031,800830,0,1.001953125,-0.03125,0.013671875,-0.017578125,0.0,0.0,0.0
1001951283,800831,0,1.00390625,-0.025390625,0.001953125,-0.0234375,0.0,0.0,0.0
1001952535,800832,0,1.001953125,-0.03125,0.013671875,-0.017578125,0.0,0.0,0.0
1001953786,800833,0,1.0,-0.029296875,0.015625,-0.013671875,0.0,0.0,0.0
1001955036,800834,0,1.0,-0.029296875,0.009765625,-0.01953125,0.0,0.0,0.0
1001956287,800835,0,1.009765625,-0.03125,0.009765625,-0.021484375,0.0,0.0,0.0
1001957537,800836,0,1.005859375,-0.029296875,0.009765625,-0.01953125,0.0,0.0,0.0
1001958787,800837,0,1.005859375,-0.03125,0.01171875,-0.01953125,0.0,0.0,0.0
1001960038,800838,0,1.00390625,-0.02734375,0.015625,-0.01171875,0.0,0.0,0.0
1001961289,800839,0,1.001953125,-0.03125,0.009765625,-0.021484375,0.0,0.0,0.0
1001962539,800840,0,1.0,-0.03125,0.013671875,-0.017578125,0.0,0.0,0.0
1001963790,800841,0,1.005859375,-0.02734375,0.0078125,-0.01953125,0.0,0.0,0.0
1001965042,800842,0,1.0,-0.03515625,0.009765625,-0.025390625,0.0,0.0,0.0
1001966292,800843,0,1.009765625,-0.03515625,0.015625,-0.01953125,0.0,0.0,0.0
1001967543,800844,0,0.99609375,-0.03515625,0.009765625,-0.025390625,0.0,0.0,0.0
1001968794,800845,0,1.0,-0.03125,0.001953125,-0.029296875,0.0,0.0,0.0
1001970044,800846,0,1.0078125,-0.03515625,0.009765625,-0.025390625,0.0,0.0,0.0
1001971294,800847,0,1.00390625,-0.029296875,0.0078125,-0.021484375,0.0,0.0,0.0
1001972544,800848,0,1.001953125,-0.029296875,0.015625,-0.013671875,0.0,0.0,0.0
1001973795,800849,0,1.00390625,-0.03125,0.009765625,-0.021484375,0.0,0.0,0.0
1001975047,800850,0,1.005859375,-0.03125,0.015625,-0.015625,0.0,0.0,0.0
1001976297,800851,0,1.005859375,-0.033203125,0.0078125,-0.025390625,0.0,0.0,0.0
1001977548,800852,0,1.005859375,-0.03125,0.0078125,-0.0234375,0.0,0.0,0.0
1001978800,800853,0,1.005859375,-0.029296875,0.0078125,-0.021484375,0.0,0.0,0.0
1001980050,800854,0,1.00390625,-0.033203125,0.005859375,-0.02734375,0.0,0.0,0.0
1001981300,800855,0,0.998046875,-0.03515625,0.0078125,-0.02734375,0.0,0.0,0.0
1001982550,800856,0,1.0,-0.03125,0.0078125,-0.0234375,0.0,0.0,0.0
1001983801,800857,0,1.0078125,-0.03515625,0.001953125,-0.033203125,0.0,0.0,0.0
1001985052,800858,0,1.009765625,-0.03515625,0.015625,-0.01953125,0.0,0.0,0.0
1001986302,800859,0,1.00390625,-0.03125,0.01171875,-0.01953125,0.0,0.0,0.0
1001987553,800860,0,1.005859375,-0.03515625,0.01171875,-0.0234375,0.0,0.0,0.0
1001988804,800861,0,1.00390625,-0.033203125,0.009765625,-0.0234375,0.0,0.0,0.0
1001990054,800862,0,1.00390625,-0.03515625,0.0078125,-0.02734375,0.0,0.0,0.0
1001991305,800863,0,1.005859375,-0.029296875,0.013671875,-0.015625,0.0,0.0,0.0
1001992556,800864,0,1.013671875,-0.03125,0.015625,-0.015625,0.0,0.0,0.0
1001993807,800865,0,1.005859375,-0.03125,0.01171875,-0.01953125,0.0,0.0,0.0
1001995058,800866,0,1.005859375,-0.033203125,0.01953125,-0.013671875,0.0,0.0,0.0
1001996310,800867,0,1.001953125,-0.033203125,0.015625,-0.017578125,0.0,0.0,0.0
1001997560,800868,0,1.00390625,-0.02734375,0.009765625,-0.017578125,0.0,0.0,0.0
1001998810,800869,0,1.0,-0.03515625,0.01171875,-0.0234375,0.0,0.0,0.0
1002000060,800870,0,1.00390625,-0.0390625,0.0078125,-0.03125,0.0,0.0,0.0
1002001311,800871,0,1.001953125,-0.033203125,0.013671875,-0.01953125,0.0,0.0,0.0
1002002561,800872,0,1.005859375,-0.03515625,0.009765625,-0.025390625,0.0,0.0,0.0
1002003813,800873,0,1.001953125,-0.03515625,0.0078125,-0.02734375,0.0,0.0,0.0
1002005063,800874,0,1.005859375,-0.03515625,0.009765625,-0.025390625,0.0,0.0,0.0
1002006313,800875,0,1.005859375,-0.03125,0.01171875,-0.01953125,0.0,0.0,0.0
1002007565,800876,0,1.001953125,-0.03125,0.005859375,-0.025390625,0.0,0.0,0.0
1002008816,800877,0,1.009765625,-0.03515625,0.0078125,-0.02734375,0.0,0.0,0.0
1002010066,800878,0,0.998046875,-0.03125,0.0078125,-0.0234375,0.0,0.0,0.0
1002011316,800879,0,1.0078125,-0.03515625,0.009765625,-0.025390625,0.0,0.0,0.0
1002012567,800880,0,1.00390625,-0.03125,0.009765625,-0.021484375,0.0,0.0,0.0
1002013817,800881,0,1.009765625,-0.029296875,0.013671875,-0.015625,0.0,0.0,0.0
1002015069,800882,0,1.01171875,-0.03125,0.009765625,-0.021484375,0.0,0.0,0.0
1002016319,800883,0,1.0078125,-0.03515625,0.013671875,-0.021484375,0.0,0.0,0.0
1002017570,800884,0,1.005859375,-0.029296875,0.001953125,-0.02734375,0.0,0.0,0.0
1002018822,800885,0,1.0078125,-0.033203125,0.009765625,-0.0234375,0.0,0.0,0.0
1002020072,800886,0,1.001953125,-0.029296875,0.017578125,-0.01171875,0.0,0.0,0.0
1002021322,800887,0,1.0078125,-0.029296875,0.009765625,-0.01953125,0.0,0.0,0.0
1002022572,800888,0,1.001953125,-0.037109375,0.00390625,-0.033203125,0.0,0.0,0.0
1002023823,800889,0,0.998046875,-0.041015625,0.0078125,-0.033203125,0.0,0.0,0.0
1002025075,800890,0,0.998046875,-0.0390625,0.009765625,-0.029296875,0.0,0.0,0.0
1002026326,800891,0,1.005859375,-0.03125,-0.00390625,-0.03515625,0.0,0.0,0.0
1002027576,800892,0,1.01171875,-0.03515625,0.009765625,-0.025390625,0.0,0.0,0.0
1002028827,800893,0,1.0078125,-0.033203125,0.00390625,-0.029296875,0.0,0.0,0.0
1002030077,800894,0,1.001953125,-0.029296875,0.009765625,-0.01953125,0.0,0.0,0.0
1002031327,800895,0,0.998046875,-0.03125,0.0078125,-0.0234375,0.0,0.0,0.0
1002032578,800896,0,1.009765625,-0.02734375,0.0078125,-0.01953125,0.0,0.0,0.0
1002033829,800897,0,1.005859375,-0.029296875,0.01171875,-0.017578125,0.0,0.0,0.0
1002035080,800898,0,1.001953125,-0.02734375,0.01171875,-0.015625,0.0,0.0,0.0
1002036332,800899,0,0.998046875,-0.02734375,0.017578125,-0.009765625,0.0,0.0,0.0
1002037582,800900,0,1.005859375,-0.0234375,0.013671875,-0.009765625,0.0,0.0,0.0
1002038834,800901,0,1.0078125,-0.029296875,0.005859375,-0.0234375,0.0,0.0,0.0
1002040085,800902,0,0.998046875,-0.025390625,0.01953125,-0.005859375,0.0,0.0,0.0
1002041335,800903,0,1.0078125,-0.02734375,0.01171875,-0.015625,0.0,0.0,0.0
1002042586,800904,0,1.00390625,-0.025390625,0.01171875,-0.013671875,0.0,0.0,0.0
1002043838,800905,0,1.01171875,-0.021484375,0.015625,-0.005859375,0.0,0.0,0.0
1002045088,800906,0,0.998046875,-0.01953125,0.013671875,-0.005859375,0.0,0.0,0.0
1002046338,800907,0,1.001953125,-0.015625,0.013671875,-0.001953125,0.0,0.0,0.0
1002047589,800908,0,1.013671875,-0.013671875,0.01953125,0.005859375,0.0,0.0,0.0
1002048839,800909,0,1.00390625,-0.0234375,0.005859375,-0.017578125,0.0,0.0,0.0
1002050091,800910,0,1.005859375,-0.017578125,0.013671875,-0.00390625,0.0,0.0,0.0
1002051341,800911,0,1.013671875,-0.0234375,0.009765625,-0.013671875,0.0,0.0,0.0
1002052592,800912,0,0.99609375,-0.0234375,0.009765625,-0.013671875,0.0,0.0,0.0
1002053844,800913,0,1.00390625,-0.044921875,0.005859375,-0.0390625,0.0,0.0,0.0
1002055094,800914,0,1.005859375,-0.04296875,0.009765625,-0.033203125,0.0,0.0,0.0
1002056344,800915,0,1.001953125,-0.046875,-0.001953125,-0.048828125,0.0,0.0,0.0
1002057595,800916,0,1.0078125,-0.05859375,0.00390625,-0.0546875,0.0,0.0,0.0
1002058846,800917,0,1.00390625,-0.05859375,0.001953125,-0.056640625,0.0,0.0,0.0
1002060096,800918,0,1.0078125,-0.0546875,0.001953125,-0.052734375,0.0,0.0,0.0
1002061346,800919,0,1.005859375,-0.044921875,0.005859375,-0.0390625,0.0,0.0,0.0
1002062597,800920,0,1.00390625,-0.037109375,0.005859375,-0.03125,0.0,0.0,0.0
1002063847,800921,0,1.0,-0.03125,0.013671875,-0.017578125,0.0,0.0,0.0
1002065097,800922,0,1.0,-0.029296875,0.013671875,-0.015625,0.0,0.0,0.0
1002066349,800923,0,1.001953125,-0.0234375,0.013671875,-0.009765625,0.0,0.0,0.0
1002067599,800924,0,1.005859375,-0.0234375,0.013671875,-0.009765625,0.0,0.0,0.0
1002068850,800925,0,1.00390625,-0.0234375,0.015625,-0.0078125,0.0,0.0,0.0
1002070101,800926,0,1.005859375,-0.02734375,0.017578125,-0.009765625,0.0,0.0,0.0
1002071351,800927,0,1.0,-0.033203125,0.017578125,-0.015625,0.0,0.0,0.0
1002072602,800928,0,1.0078125,-0.037109375,0.0078125,-0.029296875,0.0,0.0,0.0
1002073853,800929,0,1.0,-0.029296875,0.01171875,-0.017578125,0.0,0.0,0.0
1002075103,800930,0,0.99609375,-0.037109375,0.01171875,-0.025390625,0.0,0.0,0.0
1002076355,800931,0,1.0,-0.03515625,0.00390625,-0.03125,0.0,0.0,0.0
1002077606,800932,0,1.00390625,-0.03515625,0.001953125,-0.033203125,0.0,0.0,0.0
1002078856,800933,0,1.005859375,-0.0390625,0.015625,-0.0234375,0.0,0.0,0.0
1002080108,800934,0,1.0,-0.037109375,0.0078125,-0.029296875,0.0,0.0,0.0
1002081359,800935,0,1.001953125,-0.03515625,0.005859375,-0.029296875,0.0,0.0,0.0
1002082610,800936,0,1.005859375,-0.0390625,0.0078125,-0.03125,0.0,0.0,0.0
1002083860,800937,0,1.00390625,-0.037109375,0.0078125,-0.029296875,0.0,0.0,0.0
1002085110,800938,0,1.001953125,-0.03125,0.013671875,-0.017578125,0.0,0.0,0.0
1002086362,800939,0,1.005859375,-0.0390625,0.0078125,-0.03125,0.0,0.0,0.0
1002087614,800940,0,1.0,-0.033203125,0.005859375,-0.02734375,0.0,0.0,0.0
1002088865,800941,0,1.0078125,-0.037109375,0.005859375,-0.03125,0.0,0.0,0.0
1002090115,800942,0,1.001953125,-0.029296875,0.01171875,-0.017578125,0.0,0.0,0.0
1002091366,800943,0,1.00390625,-0.037109375,0.0078125,-0.029296875,0.0,0.0,0.0
1002092616,800944,0,1.001953125,-0.03125,0.009765625,-0.021484375,0.0,0.0,0.0
1002093867,800945,0,1.005859375,-0.03515625,0.0078125,-0.02734375,0.0,0.0,0.0
1002095118,800946,0,1.00390625,-0.03515625,0.005859375,-0.029296875,0.0,0.0,0.0
1002096368,800947,0,1.0078125,-0.033203125,0.0078125,-0.025390625,0.0,0.0,0.0
1002097619,800948,0,1.0078125,-0.033203125,0.01171875,-0.021484375,0.0,0.0,0.0
1002098871,800949,0,1.009765625,-0.029296875,0.009765625,-0.01953125,0.0,0.0,0.0
1002100121,800950,0,0.998046875,-0.029296875,0.01171875,-0.017578125,0.0,0.0,0.0
1002101371,800951,0,1.005859375,-0.033203125,0.015625,-0.017578125,0.0,0.0,0.0
1002102623,800952,0,1.015625,-0.03125,0.01953125,-0.01171875,0.0,0.0,0.0
1002103873,800953,0,1.01171875,-0.03515625,0.013671875,-0.021484375,0.0,0.0,0.0
1002105124,800954,0,1.001953125,-0.033203125,0.005859375,-0.02734375,0.0,0.0,0.0
1002106376,800955,0,1.001953125,-0.02734375,0.0,-0.02734375,0.0,0.0,0.0
1002107626,800956,0,1.0078125,-0.033203125,0.0078125,-0.025390625,0.0,0.0,0.0
1002108877,800957,0,1.001953125,-0.033203125,0.015625,-0.017578125,0.0,0.0,0.0
1002110127,800958,0,1.0078125,-0.03125,0.00390625,-0.02734375,0.0,0.0,0.0
1002111377,800959,0,1.001953125,-0.03515625,0.00390625,-0.03125,0.0,0.0,0.0
1002112629,800960,0,1.0,-0.03125,0.005859375,-0.025390625,0.0,0.0,0.0
1002113879,800961,0,1.0078125,-0.033203125,0.009765625,-0.0234375,0.0,0.0,0.0
1002115130,800962,0,1.005859375,-0.029296875,0.017578125,-0.01171875,0.0,0.0,0.0
1002116381,800963,0,0.998046875,-0.029296875,0.015625,-0.013671875,0.0,0.0,0.0
1002117631,800964,0,1.00390625,-0.029296875,0.01953125,-0.009765625,0.0,0.0,0.0
1002118883,800965,0,1.0078125,-0.03125,0.01171875,-0.01953125,0.0,0.0,0.0
1002120134,800966,0,1.001953125,-0.03125,0.009765625,-0.021484375,0.0,0.0,0.0
1002121384,800967,0,1.005859375,-0.033203125,0.015625,-0.017578125,0.0,0.0,0.0
1002122635,800968,0,1.005859375,-0.033203125,0.015625,-0.017578125,0.0,0.0,0.0
1002123887,800969,0,1.0078125,-0.03125,0.009765625,-0.021484375,0.0,0.0,0.0
1002125137,800970,0,1.009765625,-0.029296875,0.013671875,-0.015625,0.0,0.0,0.0
1002126388,800971,0,1.001953125,-0.029296875,0.017578125,-0.01171875,0.0,0.0,0.0
1002127639,800972,0,1.0078125,-0.021484375,0.013671875,-0.0078125,0.0,0.0,0.0
1002128889,800973,0,1.015625,-0.033203125,0.009765625,-0.0234375,0.0,0.0,0.0
1002130140,800974,0,1.0,-0.025390625,0.013671875,-0.01171875,0.0,0.0,0.0
1002131392,800975,0,0.99609375,-0.03125,0.015625,-0.015625,0.0,0.0,0.0
1002132642,800976,0,1.001953125,-0.03515625,0.009765625,-0.025390625,0.0,0.0,0.0
1002133894,800977,0,1.0078125,-0.03515625,0.005859375,-0.029296875,0.0,0.0,0.0
1002135145,800978,0,1.005859375,-0.03515625,0.005859375,-0.029296875,0.0,0.0,0.0
1002136396,800979,0,1.001953125,-0.03125,0.005859375,-0.025390625,0.0,0.0,0.0
1002137647,800980,0,1.00390625,-0.03515625,0.013671875,-0.021484375,0.0,0.0,0.0
1002138899,800981,0,0.998046875,-0.03515625,0.0078125,-0.02734375,0.0,0.0,0.0
1002140150,800982,0,1.001953125,-0.037109375,0.009765625,-0.02734375,0.0,0.0,0.0
1002141400,800983,0,1.005859375,-0.033203125,0.0078125,-0.025390625,0.0,0.0,0.0
1002142652,800984,0,1.0,-0.033203125,0.013671875,-0.01953125,0.0,0.0,0.0
1002143902,800985,0,0.998046875,-0.029296875,0.009765625,-0.01953125,0.0,0.0,0.0
1002145152,800986,0,1.00390625,-0.03515625,0.0078125,-0.02734375,0.0,0.0,0.0
1002146402,800987,0,0.998046875,-0.033203125,0.0078125,-0.025390625,0.0,0.0,0.0
1002147653,800988,0,1.00390625,-0.03125,0.013671875,-0.017578125,0.0,0.0,0.0
1002148904,800989,0,1.00390625,-0.03125,0.01171875,-0.01953125,0.0,0.0,0.0
1002150154,800990,0,1.009765625,-0.03515625,0.013671875,-0.021484375,0.0,0.0,0.0
1002151406,800991,0,1.009765625,-0.033203125,0.009765625,-0.0234375,0.0,0.0,0.0
1002152657,800992,0,1.005859375,-0.033203125,0.015625,-0.017578125,0.0,0.0,0.0
1002153907,800993,0,1.005859375,-0.029296875,0.013671875,-0.015625,0.0,0.0,0.0
1002155158,800994,0,1.005859375,-0.029296875,0.013671875,-0.015625,0.0,0.0,0.0
1002156408,800995,0,1.015625,-0.033203125,0.005859375,-0.02734375,0.0,0.0,0.0
1002157659,800996,0,1.0,-0.02734375,0.001953125,-0.025390625,0.0,0.0,0.0
1002158910,800997,0,1.001953125,-0.02734375,0.005859375,-0.021484375,0.0,0.0,0.0
1002160160,800998,0,1.001953125,-0.03515625,0.0,-0.03515625,0.0,0.0,0.0
1002161410,800999,0,1.001953125,-0.03515625,0.0078125,-0.02734375,0.0,0.0,0.0
1002162662,801000,0,1.00390625,-0.033203125,0.013671875,-0.01953125,0.0,0.0,0.0
1002163912,801001,0,1.001953125,-0.033203125,0.005859375,-0.02734375,0.0,0.0,0.0
1002165163,801002,0,1.005859375,-0.03515625,0.009765625,-0.025390625,0.0,0.0,0.0
1002166413,801003,0,1.0078125,-0.041015625,0.0078125,-0.033203125,0.0,0.0,0.0
1002167664,801004,0,1.00390625,-0.033203125,0.0078125,-0.025390625,0.0,0.0,0.0
1002168915,801005,0,1.005859375,-0.03125,0.013671875,-0.017578125,0.0,0.0,0.0
1002170167,801006,0,1.00390625,-0.033203125,0.009765625,-0.0234375,0.0,0.0,0.0
1002171417,801007,0,1.005859375,-0.03125,0.0078125,-0.0234375,0.0,0.0,0.0
1002172668,801008,0,1.01171875,-0.03515625,0.0078125,-0.02734375,0.0,0.0,0.0
1002173920,801009,0,1.001953125,-0.033203125,0.0078125,-0.025390625,0.0,0.0,0.0
1002175171,801010,0,1.005859375,-0.03515625,0.009765625,-0.025390625,0.0,0.0,0.0
1002176422,801011,0,1.009765625,-0.03125,0.0078125,-0.0234375,0.0,0.0,0.0
1002177674,801012,0,1.00390625,-0.033203125,0.017578125,-0.015625,0.0,0.0,0.0
1002178924,801013,0,1.0,-0.03515625,0.013671875,-0.021484375,0.0,0.0,0.0
1002180175,801014,0,1.005859375,-0.0390625,0.0078125,-0.03125,0.0,0.0,0.0
1002181426,801015,0,1.01171875,-0.03515625,0.009765625,-0.025390625,0.0,0.0,0.0
1002182677,801016,0,1.009765625,-0.03125,0.009765625,-0.021484375,0.0,0.0,0.0
1002183928,801017,0,1.009765625,-0.02734375,0.009765625,-0.017578125,0.0,0.0,0.0
1002185179,801018,0,1.0,-0.033203125,0.009765625,-0.0234375,0.0,0.0,0.0
1002186431,801019,0,1.0,-0.029296875,0.017578125,-0.01171875,0.0,0.0,0.0
1002187681,801020,0,0.998046875,-0.03125,0.0078125,-0.0234375,0.0,0.0,0.0
1002188932,801021,0,1.001953125,-0.033203125,0.00390625,-0.029296875,0.0,0.0,0.0
1002190182,801022,0,1.00390625,-0.033203125,0.015625,-0.017578125,0.0,0.0,0.0
1002191432,801023,0,1.00390625,-0.03515625,0.01171875,-0.0234375,0.0,0.0,0.0
1002192684,801024,0,1.0,-0.03515625,0.0078125,-0.02734375,0.0,0.0,0.0
1002193934,801025,0,1.00390625,-0.037109375,0.01171875,-0.025390625,0.0,0.0,0.0
1002195185,801026,0,1.0078125,-0.03515625,0.013671875,-0.021484375,0.0,0.0,0.0
1002196436,801027,0,1.005859375,-0.037109375,0.0078125,-0.029296875,0.0,0.0,0.0
1002197687,801028,0,1.00390625,-0.037109375,0.00390625,-0.033203125,0.0,0.0,0.0
1002198937,801029,0,1.0,-0.033203125,0.0078125,-0.025390625,0.0,0.0,0.0
1002200187,801030,0,1.00390625,-0.033203125,0.013671875,-0.01953125,0.0,0.0,0.0
1002201439,801031,0,1.00390625,-0.03125,0.009765625,-0.021484375,0.0,0.0,0.0
1002202690,801032,0,1.001953125,-0.033203125,0.009765625,-0.0234375,0.0,0.0,0.0
1002203940,801033,0,1.00390625,-0.03125,0.001953125,-0.029296875,0.0,0.0,0.0
1002205192,801034,0,1.005859375,-0.037109375,0.013671875,-0.0234375,0.0,0.0,0.0
1002206443,801035,0,1.001953125,-0.033203125,0.015625,-0.017578125,0.0,0.0,0.0
1002207694,801036,0,0.998046875,-0.03515625,0.0078125,-0.02734375,0.0,0.0,0.0
1002208944,801037,0,1.001953125,-0.029296875,0.0,-0.029296875,0.0,0.0,0.0
1002210194,801038,0,1.00390625,-0.03125,0.015625,-0.015625,0.0,0.0,0.0
1002211445,801039,0,1.009765625,-0.03515625,0.005859375,-0.029296875,0.0,0.0,0.0
1002212697,801040,0,0.9921875,-0.03515625,0.00390625,-0.03125,0.0,0.0,0.0
1002213947,801041,0,0.99609375,-0.03125,0.017578125,-0.013671875,0.0,0.0,0.0
1002215199,801042,0,1.001953125,-0.03515625,0.0078125,-0.02734375,0.0,0.0,0.0
1002216449,801043,0,1.0078125,-0.033203125,0.009765625,-0.0234375,0.0,0.0,0.0
1002217701,801044,0,1.001953125,-0.03515625,0.017578125,-0.017578125,0.0,0.0,0.0
1002218951,801045,0,1.005859375,-0.033203125,0.009765625,-0.0234375,0.0,0.0,0.0
1002220202,801046,0,1.001953125,-0.029296875,0.01171875,-0.017578125,0.0,0.0,0.0
1002221454,801047,0,1.001953125,-0.03515625,0.009765625,-0.025390625,0.0,0.0,0.0
1002222704,801048,0,1.0,-0.02734375,0.009765625,-0.017578125,0.0,0.0,0.0
1002223955,801049,0,1.005859375,-0.029296875,0.009765625,-0.01953125,0.0,0.0,0.0
1002225206,801050,0,1.005859375,-0.03125,0.013671875,-0.017578125,0.0,0.0,0.0
1002226457,801051,0,1.00390625,-0.037109375,0.0078125,-0.029296875,0.0,0.0,0.0
1002227708,801052,0,1.001953125,-0.033203125,0.01171875,-0.021484375,0.0,0.0,0.0
1002228959,801053,0,1.001953125,-0.033203125,0.01171875,-0.021484375,0.0,0.0,0.0
1002230211,801054,0,1.0,-0.037109375,0.0078125,-0.029296875,0.0,0.0,0.0
1002231463,801055,0,1.009765625,-0.029296875,0.0078125,-0.021484375,0.0,0.0,0.0
1002232713,801056,0,1.005859375,-0.03515625,0.01171875,-0.0234375,0.0,0.0,0.0
1002233965,801057,0,1.005859375,-0.0390625,0.013671875,-0.025390625,0.0,0.0,0.0
1002235215,801058,0,0.998046875,-0.03515625,0.0078125,-0.02734375,0.0,0.0,0.0
1002236466,801059,0,1.0078125,-0.03515625,0.00390625,-0.03125,0.0,0.0,0.0
1002237716,801060,0,1.0078125,-0.033203125,0.009765625,-0.0234375,0.0,0.0,0.0
1002238966,801061,0,0.998046875,-0.03125,0.013671875,-0.017578125,0.0,0.0,0.0
1002240216,801062,0,1.00390625,-0.029296875,0.017578125,-0.01171875,0.0,0.0,0.0
1002241468,801063,0,1.001953125,-0.033203125,0.00390625,-0.029296875,0.0,0.0,0.0
1002242719,801064,0,1.00390625,-0.03515625,0.017578125,-0.017578125,0.0,0.0,0.0
1002243969,801065,0,1.0,-0.033203125,0.0078125,-0.025390625,0.0,0.0,0.0
1002245221,801066,0,1.001953125,-0.03125,0.01953125,-0.01171875,0.0,0.0,0.0
1002246471,801067,0,1.00390625,-0.029296875,0.013671875,-0.015625,0.0,0.0,0.0
1002247723,801068,0,1.005859375,-0.029296875,0.0078125,-0.021484375,0.0,0.0,0.0
1002248973,801069,0,1.0078125,-0.033203125,0.009765625,-0.0234375,0.0,0.0,0.0
1002250225,801070,0,1.0078125,-0.029296875,0.015625,-0.013671875,0.0,0.0,0.0
1002251476,801071,0,1.00390625,-0.033203125,0.01171875,-0.021484375,0.0,0.0,0.0
1002252727,801072,0,1.0,-0.03125,0.0078125,-0.0234375,0.0,0.0,0.0
1002253977,801073,0,1.0,-0.03515625,0.009765625,-0.025390625,0.0,0.0,0.0
1002255228,801074,0,1.001953125,-0.03125,0.0078125,-0.0234375,0.0,0.0,0.0
1002256479,801075,0,1.009765625,-0.037109375,0.0078125,-0.029296875,0.0,0.0,0.0
1002257730,801076,0,1.005859375,-0.03125,0.00390625,-0.02734375,0.0,0.0,0.0
1002258981,801077,0,1.0078125,-0.033203125,0.015625,-0.017578125,0.0,0.0,0.0
1002260233,801078,0,1.013671875,-0.03515625,0.005859375,-0.029296875,0.0,0.0,0.0
1002261484,801079,0,1.005859375,-0.029296875,0.013671875,-0.015625,0.0,0.0,0.0
1002262734,801080,0,0.998046875,-0.037109375,0.015625,-0.021484375,0.0,0.0,0.0
1002263984,801081,0,1.001953125,-0.041015625,0.015625,-0.025390625,0.0,0.0,0.0
1002265235,801082,0,1.00390625,-0.0390625,0.013671875,-0.025390625,0.0,0.0,0.0
1002266486,801083,0,0.998046875,-0.029296875,0.013671875,-0.015625,0.0,0.0,0.0
1002267737,801084,0,1.005859375,-0.03125,0.005859375,-0.025390625,0.0,0.0,0.0
1002268987,801085,0,0.998046875,-0.03515625,0.009765625,-0.025390625,0.0,0.0,0.0
1002270238,801086,0,1.0,-0.03125,0.01171875,-0.01953125,0.0,0.0,0.0
1002271489,801087,0,1.00390625,-0.03125,0.009765625,-0.021484375,0.0,0.0,0.0
1002272740,801088,0,1.005859375,-0.029296875,0.013671875,-0.015625,0.0,0.0,0.0
1002273992,801089,0,1.00390625,-0.03125,0.013671875,-0.017578125,0.0,0.0,0.0
1002275242,801090,0,1.001953125,-0.03125,0.01171875,-0.01953125,0.0,0.0,0.0
1002276493,801091,0,1.00390625,-0.03125,0.01171875,-0.01953125,0.0,0.0,0.0
1002277744,801092,0,0.998046875,-0.03125,0.0078125,-0.0234375,0.0,0.0,0.0
1002278994,801093,0,1.00390625,-0.033203125,0.0078125,-0.025390625,0.0,0.0,0.0
1002280245,801094,0,1.0078125,-0.03515625,0.009765625,-0.025390625,0.0,0.0,0.0
1002281497,801095,0,1.001953125,-0.03515625,0.0078125,-0.02734375,0.0,0.0,0.0
1002282749,801096,0,1.0078125,-0.033203125,0.013671875,-0.01953125,0.0,0.0,0.0
1002283999,801097,0,1.001953125,-0.029296875,0.009765625,-0.01953125,0.0,0.0,0.0
1002285250,801098,0,1.009765625,-0.03515625,0.01171875,-0.0234375,0.0,0.0,0.0
1002286500,801099,0,1.001953125,-0.03125,0.01171875,-0.01953125,0.0,0.0,0.0
1002287752,801100,0,0.994140625,-0.029296875,0.01171875,-0.017578125,0.0,0.0,0.0
1002289003,801101,0,1.00390625,-0.03515625,0.005859375,-0.029296875,0.0,0.0,0.0
1002290254,801102,0,1.001953125,-0.03125,0.00390625,-0.02734375,0.0,0.0,0.0
1002291504,801103,0,0.998046875,-0.02734375,0.01953125,-0.0078125,0.0,0.0,0.0
1002292756,801104,0,1.009765625,-0.03515625,0.015625,-0.01953125,0.0,0.0,0.0
1002294006,801105,0,1.001953125,-0.02734375,0.009765625,-0.017578125,0.0,0.0,0.0
1002295257,801106,0,1.0,-0.03125,0.009765625,-0.021484375,0.0,0.0,0.0
1002296508,801107,0,1.005859375,-0.03515625,0.01171875,-0.0234375,0.0,0.0,0.0
1002297759,801108,0,1.009765625,-0.037109375,0.013671875,-0.0234375,0.0,0.0,0.0
1002299009,801109,0,1.00390625,-0.03515625,0.009765625,-0.025390625,0.0,0.0,0.0
1002300259,801110,0,1.005859375,-0.03515625,0.009765625,-0.025390625,0.0,0.0,0.0
1002301510,801111,0,1.001953125,-0.033203125,0.009765625,-0.0234375,0.0,0.0,0.0
1002302762,801112,0,1.001953125,-0.03125,0.0078125,-0.0234375,0.0,0.0,0.0
1002304013,801113,0,1.0,-0.03125,0.009765625,-0.021484375,0.0,0.0,0.0
1002305271,801114,0,1.009765625,-0.03515625,0.001953125,-0.033203125,0.0,0.0,0.0
1002306522,801115,0,1.00390625,-0.03125,0.017578125,-0.013671875,0.0,0.0,0.0
1002307773,801116,0,1.0078125,-0.033203125,0.015625,-0.017578125,0.0,0.0,0.0
1002309025,801117,0,1.00390625,-0.03515625,0.01171875,-0.0234375,0.0,0.0,0.0
1002310277,801118,0,1.00390625,-0.033203125,0.009765625,-0.0234375,0.0,0.0,0.0
1002311528,801119,0,1.009765625,-0.03515625,0.015625,-0.01953125,0.0,0.0,0.0
1002312779,801120,0,1.0,-0.03125,0.013671875,-0.017578125,0.0,0.0,0.0
1002314031,801121,0,1.005859375,-0.03515625,-0.001953125,-0.037109375,0.0,0.0,0.0
1002315283,801122,0,1.01171875,-0.02734375,0.01171875,-0.015625,0.0,0.0,0.0
1002316535,801123,0,1.005859375,-0.033203125,0.01171875,-0.021484375,0.0,0.0,0.0
1002317786,801124,0,1.0078125,-0.03125,0.013671875,-0.017578125,0.0,0.0,0.0
1002319036,801125,0,1.0,-0.03125,0.013671875,-0.017578125,0.0,0.0,0.0
1002320287,801126,0,1.001953125,-0.037109375,0.00390625,-0.033203125,0.0,0.0,0.0
1002321537,801127,0,0.998046875,-0.03515625,0.0078125,-0.02734375,0.0,0.0,0.0
1002322787,801128,0,1.00390625,-0.03125,0.0078125,-0.0234375,0.0,0.0,0.0
1002324038,801129,0,1.001953125,-0.03515625,0.009765625,-0.025390625,0.0,0.0,0.0
1002325289,801130,0,1.00390625,-0.037109375,0.015625,-0.021484375,0.0,0.0,0.0
1002326539,801131,0,1.005859375,-0.03125,0.00390625,-0.02734375,0.0,0.0,0.0
1002327790,801132,0,1.0078125,-0.03515625,0.0078125,-0.02734375,0.0,0.0,0.0
1002329042,801133,0,1.00390625,-0.037109375,0.009765625,-0.02734375,0.0,0.0,0.0
1002330292,801134,0,1.0,-0.029296875,0.009765625,-0.01953125,0.0,0.0,0.0
1002331543,801135,0,0.998046875,-0.033203125,0.01171875,-0.021484375,0.0,0.0,0.0
1002332794,801136,0,1.001953125,-0.03125,0.013671875,-0.017578125,0.0,0.0,0.0
1002334044,801137,0,1.0078125,-0.03125,0.009765625,-0.021484375,0.0,0.0,0.0
1002335294,801138,0,1.001953125,-0.033203125,0.013671875,-0.01953125,0.0,0.0,0.0
1002336544,801139,0,1.009765625,-0.03125,0.017578125,-0.013671875,0.0,0.0,0.0
1002337796,801140,0,1.005859375,-0.02734375,0.013671875,-0.013671875,0.0,0.0,0.0
1002339047,801141,0,0.99609375,-0.02734375,0.009765625,-0.017578125,0.0,0.0,0.0
1002340297,801142,0,1.0078125,-0.0390625,0.001953125,-0.037109375,0.0,0.0,0.0
1002341548,801143,0,1.001953125,-0.03125,0.01171875,-0.01953125,0.0,0.0,0.0
1002342800,801144,0,1.001953125,-0.02734375,0.017578125,-0.009765625,0.0,0.0,0.0
1002344050,801145,0,1.0,-0.025390625,0.009765625,-0.015625,0.0,0.0,0.0
1002345300,801146,0,1.0078125,-0.033203125,0.01171875,-0.021484375,0.0,0.0,0.0
1002346550,801147,0,1.001953125,-0.029296875,0.009765625,-0.01953125,0.0,0.0,0.0
1002347801,801148,0,1.001953125,-0.03125,0.005859375,-0.025390625,0.0,0.0,0.0
1002349052,801149,0,1.001953125,-0.03515625,0.005859375,-0.029296875,0.0,0.0,0.0
1002350302,801150,0,1.0078125,-0.033203125,0.0078125,-0.025390625,0.0,0.0,0.0
1002351553,801151,0,1.001953125,-0.029296875,0.0078125,-0.021484375,0.0,0.0,0.0
1002352804,801152,0,1.00390625,-0.033203125,0.0078125,-0.025390625,0.0,0.0,0.00024668622063472867
1002355305,801154,0,1.00390625,-0.03515625,0.013671875,-0.021484375,0.0,0.0,0.0
1002356556,801155,0,1.0,-0.037109375,0.01171875,-0.025390625,0.0,0.0,0.0
1002357807,801156,0,1.005859375,-0.033203125,0.009765625,-0.0234375,0.0,0.0,0.0
1002359058,801157,0,1.001953125,-0.03125,0.009765625,-0.021484375,0.0,0.0,0.0
1002360310,801158,0,1.0,-0.03125,0.005859375,-0.025390625,0.0,0.0,0.0
1002361560,801159,0,1.001953125,-0.03515625,0.013671875,-0.021484375,0.0,0.0,0.0
1002362810,801160,0,1.005859375,-0.029296875,0.0078125,-0.021484375,0.0,0.0,0.0
1002364060,801161,0,1.009765625,-0.03125,0.01171875,-0.01953125,0.0,0.0,0.0
1002365311,801162,0,1.00390625,-0.03515625,0.013671875,-0.021484375,0.0,0.0,0.0
1002366561,801163,0,1.005859375,-0.033203125,0.0,-0.033203125,0.0,0.0,0.0
1002367813,801164,0,1.0,-0.037109375,0.0078125,-0.029296875,0.0,0.0,0.0
1002369063,801165,0,1.0078125,-0.037109375,0.01171875,-0.025390625,0.0,0.0,0.0
1002370313,801166,0,1.0,-0.03515625,0.005859375,-0.029296875,0.0,0.0,0.0
1002371565,801167,0,1.001953125,-0.02734375,0.009765625,-0.017578125,0.0,0.0,0.0
1002372816,801168,0,1.00390625,-0.033203125,0.013671875,-0.01953125,0.0,0.0,0.0
1002374066,801169,0,0.998046875,-0.029296875,0.015625,-0.013671875,0.0,0.0,0.0
1002375316,801170,0,1.001953125,-0.033203125,0.015625,-0.017578125,0.0,0.0,0.0
1002376567,801171,0,1.001953125,-0.033203125,0.015625,-0.017578125,0.0,0.0,0.0
1002377817,801172,0,1.00390625,-0.03125,0.013671875,-0.017578125,0.0,0.0,0.0
1002379069,801173,0,1.00390625,-0.03515625,0.01171875,-0.0234375,0.0,0.0,0.0
1002380319,801174,0,0.998046875,-0.0390625,0.0078125,-0.03125,0.0,0.0,0.0
1002381570,801175,0,1.001953125,-0.03515625,0.017578125,-0.017578125,0.0,0.0,0.0
1002382822,801176,0,1.005859375,-0.03515625,0.0078125,-0.02734375,0.0,0.0,0.0
1002384072,801177,0,1.00390625,-0.037109375,0.005859375,-0.03125,0.0,0.0,0.0
1002385322,801178,0,1.00390625,-0.037109375,0.009765625,-0.02734375,0.0,0.0,0.0
1002386572,801179,0,1.001953125,-0.037109375,0.017578125,-0.01953125,0.0,0.0,0.0
1002387823,801180,0,1.001953125,-0.037109375,0.0078125,-0.029296875,0.0,0.0,0.0
1002389075,801181,0,1.00390625,-0.0390625,0.005859375,-0.033203125,0.0,0.0,0.0
1002390326,801182,0,1.0,-0.037109375,0.009765625,-0.02734375,0.0,0.0,0.0
1002391576,801183,0,1.009765625,-0.037109375,0.015625,-0.021484375,0.0,0.0,0.0
1002392827,801184,0,1.01171875,-0.03125,0.001953125,-0.029296875,0.0,0.0,0.0
1002394077,801185,0,1.0,-0.033203125,0.00390625,-0.029296875,0.0,0.0,0.0
1002395327,801186,0,0.994140625,-0.03125,0.013671875,-0.017578125,0.0,0.0,0.0
1002396578,801187,0,1.0,-0.033203125,0.01171875,-0.021484375,0.0,0.0,0.0
1002397829,801188,0,1.005859375,-0.029296875,0.01171875,-0.017578125,0.0,0.0,0.0
1002399080,801189,0,1.001953125,-0.03125,0.00390625,-0.02734375,0.0,0.0,0.0
1002400332,801190,0,1.001953125,-0.037109375,0.01171875,-0.025390625,0.0,0.0,0.0
1002401582,801191,0,1.001953125,-0.033203125,0.001953125,-0.03125,0.0,0.0,0.0
1002402834,801192,0,0.998046875,-0.033203125,0.013671875,-0.01953125,0.0,0.0,0.0
1002404085,801193,0,1.0,-0.03125,0.009765625,-0.021484375,0.0,0.0,0.0
1002405335,801194,0,1.001953125,-0.03515625,0.009765625,-0.025390625,0.0,0.0,0.0
1002406586,801195,0,1.005859375,-0.029296875,0.009765625,-0.01953125,0.0,0.0,0.0
1002407838,801196,0,1.005859375,-0.03125,0.013671875,-0.017578125,0.0,0.0,0.0
1002409088,801197,0,1.0078125,-0.03515625,0.00390625,-0.03125,0.0,0.0,0.0
1002410338,801198,0,1.00390625,-0.033203125,0.009765625,-0.0234375,0.0,0.0,0.0
1002411589,801199,0,1.009765625,-0.03515625,0.0078125,-0.02734375,0.0,0.0,0.0
1002412839,801200,0,1.0078125,-0.029296875,0.0078125,-0.021484375,0.0,0.0,0.0
1002414091,801201,0,1.0,-0.03125,0.009765625,-0.021484375,0.0,0.0,0.0
1002415341,801202,0,1.001953125,-0.03125,0.015625,-0.015625,0.0,0.0,0.0
1002416592,801203,0,1.005859375,-0.029296875,0.015625,-0.013671875,0.0,0.0,0.0
1002417844,801204,0,1.005859375,-0.02734375,0.015625,-0.01171875,0.0,0.0,0.0
1002419094,801205,0,1.009765625,-0.025390625,0.005859375,-0.01953125,0.0,0.0,0.0
1002420344,801206,0,1.001953125,-0.037109375,0.01171875,-0.025390625,0.0,0.0,0.0
1002421595,801207,0,1.001953125,-0.033203125,0.005859375,-0.02734375,0.0,0.0,0.0
1002422846,801208,0,1.001953125,-0.033203125,0.005859375,-0.02734375,0.0,0.0,0.0
1002424096,801209,0,1.001953125,-0.033203125,0.005859375,-0.02734375,0.0,0.0,0.0
1002425346,801210,0,1.009765625,-0.033203125,0.00390625,-0.029296875,0.0,0.0,0.0
1002426597,801211,0,1.001953125,-0.0390625,0.005859375,-0.033203125,0.0,0.0,0.0
1002427847,801212,0,0.998046875,-0.037109375,0.005859375,-0.03125,0.0,0.0,0.0
1002429097,801213,0,1.013671875,-0.033203125,0.013671875,-0.01953125,0.0,0.0,0.0
1002430349,801214,0,1.00390625,-0.033203125,0.013671875,-0.01953125,0.0,0.0,0.0
1002431599,801215,0,1.0078125,-0.02734375,0.01171875,-0.015625,0.0,0.0,0.0
1002432850,801216,0,1.001953125,-0.029296875,0.01171875,-0.017578125,0.0,0.0,0.0
1002434101,801217,0,1.00390625,-0.025390625,0.009765625,-0.015625,0.0,0.0,0.0
1002435351,801218,0,1.005859375,-0.025390625,0.01953125,-0.005859375,0.0,0.0,0.0
1002436602,801219,0,1.001953125,-0.033203125,0.013671875,-0.01953125,0.0,0.0,0.0
1002437853,801220,0,1.001953125,-0.029296875,0.01171875,-0.017578125,0.0,0.0,0.0
1002439103,801221,0,1.00390625,-0.025390625,0.01171875,-0.013671875,0.0,0.0,0.0
1002440355,801222,0,1.0,-0.02734375,0.017578125,-0.009765625,0.0,0.0,0.0
1002441606,801223,0,1.005859375,-0.033203125,0.017578125,-0.015625,0.0,0.0,0.0
1002442856,801224,0,1.001953125,-0.03125,0.009765625,-0.021484375,0.0,0.0,0.0
1002444108,801225,0,1.009765625,-0.03515625,0.005859375,-0.029296875,0.0,0.0,0.0
1002445359,801226,0,1.001953125,-0.03125,0.005859375,-0.025390625,0.0,0.0,0.0
1002446610,801227,0,1.001953125,-0.03125,0.013671875,-0.017578125,0.0,0.0,0.0
1002447860,801228,0,1.005859375,-0.033203125,0.005859375,-0.02734375,0.0,0.0,0.0
1002449110,801229,0,1.005859375,-0.033203125,-0.001953125,-0.03515625,0.0,0.0,0.0
1002450362,801230,0,1.00390625,-0.029296875,0.01171875,-0.017578125,0.0,0.0,0.0
1002451614,801231,0,0.998046875,-0.037109375,0.005859375,-0.03125,0.0,0.0,0.0
1002452865,801232,0,1.0078125,-0.033203125,0.01171875,-0.021484375,0.0,0.0,0.0
1002454115,801233,0,1.00390625,-0.021484375,0.013671875,-0.0078125,0.0,0.0,0.0
1002455366,801234,0,0.99609375,-0.02734375,0.009765625,-0.017578125,0.0,0.0,0.0
1002456616,801235,0,1.001953125,-0.029296875,0.013671875,-0.015625,0.0,0.0,0.0
1002457867,801236,0,1.00390625,-0.029296875,0.01953125,-0.009765625,0.0,0.0,0.0
1002459118,801237,0,1.0078125,-0.029296875,0.009765625,-0.01953125,0.0,0.0,0.0
1002460368,801238,0,1.001953125,-0.03125,0.013671875,-0.017578125,0.0,0.0,0.0
1002461619,801239,0,1.009765625,-0.03125,0.013671875,-0.017578125,0.0,0.0,0.0
1002462871,801240,0,1.0,-0.03125,0.015625,-0.015625,0.0,0.0,0.0
1002464121,801241,0,1.001953125,-0.033203125,0.009765625,-0.0234375,0.0,0.0,0.0
1002465371,801242,0,1.009765625,-0.041015625,0.005859375,-0.03515625,0.0,0.0,0.0
1002466623,801243,0,1.0078125,-0.0390625,0.0078125,-0.03125,0.0,0.0,0.0
1002467873,801244,0,1.001953125,-0.037109375,0.005859375,-0.03125,0.0,0.0,0.0
1002469124,801245,0,1.005859375,-0.041015625,0.01171875,-0.029296875,0.0,0.0,0.0
1002470376,801246,0,1.00390625,-0.04296875,0.009765625,-0.033203125,0.0,0.0,0.0
1002471626,801247,0,1.00390625,-0.041015625,0.00390625,-0.037109375,0.0,0.0,0.0
1002472877,801248,0,1.001953125,-0.033203125,0.013671875,-0.01953125,0.0,0.0,0.0
1002474127,801249,0,1.01171875,-0.033203125,0.0078125,-0.025390625,0.0,0.0,0.0
1002475377,801250,0,1.015625,-0.029296875,-0.03515625,-0.064453125,0.0,0.0,0.0
1002476629,801251,0,1.0,-0.03125,0.0,-0.03125,0.0,0.0,0.0
1002477879,801252,0,1.005859375,-0.0234375,0.009765625,-0.013671875,0.0,0.0,0.0
1002479130,801253,0,1.013671875,-0.03515625,0.015625,-0.01953125,0.0,0.0,0.0
1002480381,801254,0,0.99609375,-0.033203125,0.015625,-0.017578125,0.0,0.0,0.0
1002481631,801255,0,0.99609375,-0.033203125,0.01171875,-0.021484375,0.0,0.0,0.0
1002482883,801256,0,1.00390625,-0.03515625,0.005859375,-0.029296875,0.0,0.0,0.0
1002484134,801257,0,1.00390625,-0.033203125,0.0078125,-0.025390625,0.0,0.0,0.0
1002485384,801258,0,1.0078125,-0.03515625,0.00390625,-0.03125,0.0,0.0,0.0
1002486635,801259,0,1.0,-0.037109375,0.009765625,-0.02734375,0.0,0.0,0.0
1002487887,801260,0,1.00390625,-0.037109375,0.01171875,-0.025390625,0.0,0.0,0.0
1002489137,801261,0,1.00390625,-0.037109375,0.0078125,-0.029296875,0.0,0.0,0.0
1002490388,801262,0,1.0,-0.037109375,0.01171875,-0.025390625,0.0,0.0,0.0
1002491639,801263,0,1.0078125,-0.03515625,0.0078125,-0.02734375,0.0,0.0,0.0
1002492889,801264,0,1.00390625,-0.037109375,0.009765625,-0.02734375,0.0,0.0,0.0
1002494140,801265,0,1.00390625,-0.03125,0.01171875,-0.01953125,0.0,0.0,0.0
1002495392,801266,0,1.00390625,-0.03515625,0.015625,-0.01953125,0.0,0.0,0.0
1002496642,801267,0,1.0,-0.037109375,0.013671875,-0.0234375,0.0,0.0,0.0
1002497894,801268,0,1.00390625,-0.03125,0.01171875,-0.01953125,0.0,0.0,0.0
1002499145,801269,0,1.001953125,-0.033203125,0.00390625,-0.029296875,0.0,0.0,0.0
1002500396,801270,0,1.00390625,-0.0234375,0.013671875,-0.009765625,0.0,0.0,0.0
1002501647,801271,0,1.015625,-0.033203125,0.013671875,-0.01953125,0.0,0.0,0.0
1002502899,801272,0,0.99609375,-0.029296875,0.01171875,-0.017578125,0.0,0.0,0.0
1002504150,801273,0,1.01171875,-0.0390625,0.0078125,-0.03125,0.0,0.0,0.0
1002505400,801274,0,0.99609375,-0.029296875,0.017578125,-0.01171875,0.0,0.0,0.0
1002506652,801275,0,1.005859375,-0.03125,0.005859375,-0.025390625,0.0,0.0,0.0
1002507902,801276,0,1.01171875,-0.029296875,0.017578125,-0.01171875,0.0,0.0,0.0
1002509152,801277,0,0.99609375,-0.033203125,0.013671875,-0.01953125,0.0,0.0,0.0
1002510402,801278,0,1.001953125,-0.029296875,0.01171875,-0.017578125,0.0,0.0,0.0
1002511653,801279,0,1.001953125,-0.033203125,0.005859375,-0.02734375,0.0,0.0,0.0
1002512904,801280,0,1.005859375,-0.03125,0.01171875,-0.01953125,0.0,0.0,0.0
1002514154,801281,0,0.998046875,-0.029296875,0.01171875,-0.017578125,0.0,0.0,0.0
1002515406,801282,0,1.00390625,-0.03125,0.005859375,-0.025390625,0.0,0.0,0.0
1002516657,801283,0,1.00390625,-0.029296875,0.01171875,-0.017578125,0.0,0.0,0.0
1002517907,801284,0,1.00390625,-0.02734375,0.01171875,-0.015625,0.0,0.0,0.0
1002519158,801285,0,1.0078125,-0.029296875,0.013671875,-0.015625,0.0,0.0,0.0
1002520408,801286,0,1.00390625,-0.029296875,0.005859375,-0.0234375,0.0,0.0,0.0
1002521659,801287,0,1.0078125,-0.03125,0.013671875,-0.017578125,0.0,0.0,0.0
1002522910,801288,0,1.005859375,-0.03125,0.0078125,-0.0234375,0.0,0.0,0.0
1002524160,801289,0,1.0,-0.037109375,0.015625,-0.021484375,0.0,0.0,0.0
1002525410,801290,0,1.009765625,-0.03515625,0.01171875,-0.0234375,0.0,0.0,0.0
1002526662,801291,0,0.998046875,-0.037109375,0.013671875,-0.0234375,0.0,0.0,0.0
1002527912,801292,0,1.0078125,-0.03515625,0.013671875,-0.021484375,0.0,0.0,0.0
1002529163,801293,0,1.0078125,-0.041015625,0.005859375,-0.03515625,0.0,0.0,0.0
1002530413,801294,0,0.998046875,-0.037109375,0.005859375,-0.03125,0.0,0.0,0.0
1002531664,801295,0,1.0,-0.03125,0.005859375,-0.025390625,0.0,0.0,0.0
1002532915,801296,0,1.00390625,-0.037109375,-0.00390625,-0.041015625,0.0,0.0,0.0
1002534167,801297,0,1.005859375,-0.03515625,0.0078125,-0.02734375,0.0,0.0,0.0
1002535417,801298,0,1.0078125,-0.0390625,0.0078125,-0.03125,0.0,0.0,0.0
1002536668,801299,0,1.005859375,-0.03515625,0.005859375,-0.029296875,0.0,0.0,0.0
1002537920,801300,0,1.0078125,-0.037109375,0.0078125,-0.029296875,0.0,0.0,0.0
1002539171,801301,0,1.001953125,-0.041015625,0.005859375,-0.03515625,0.0,0.0,0.0
1002540422,801302,0,1.001953125,-0.037109375,0.015625,-0.021484375,0.0,0.0,0.0
1002541674,801303,0,1.0,-0.03125,0.01171875,-0.01953125,0.0,0.0,0.0
1002542924,801304,0,1.0,-0.03125,0.0078125,-0.0234375,0.0,0.0,0.0
1002544175,801305,0,1.0,-0.029296875,0.013671875,-0.015625,0.0,0.0,0.0
1002545426,801306,0,1.0,-0.02734375,0.009765625,-0.017578125,0.0,0.0,0.0
1002546677,801307,0,1.001953125,-0.029296875,0.009765625,-0.01953125,0.0,0.0,0.0
1002547928,801308,0,0.998046875,-0.029296875,0.009765625,-0.01953125,0.0,0.0,0.0
1002549179,801309,0,1.001953125,-0.029296875,0.01171875,-0.017578125,0.0,0.0,0.0
1002550431,801310,0,1.00390625,-0.033203125,0.0078125,-0.025390625,0.0,0.0,0.0
1002551681,801311,0,1.01171875,-0.029296875,0.01171875,-0.017578125,0.0,0.0,0.0
1002552932,801312,0,1.0,-0.037109375,0.01171875,-0.025390625,0.0,0.0,0.0
1002554182,801313,0,1.00390625,-0.029296875,0.009765625,-0.01953125,0.0,0.0,0.0
1002555432,801314,0,1.009765625,-0.03515625,0.0078125,-0.02734375,0.0,0.0,0.0
1002556684,801315,0,0.9921875,-0.033203125,0.015625,-0.017578125,0.0,0.0,0.0
1002557934,801316,0,0.998046875,-0.037109375,0.009765625,-0.02734375,0.0,0.0,0.0
1002559185,801317,0,1.001953125,-0.03515625,0.017578125,-0.017578125,0.0,0.0,0.0
1002560436,801318,0,1.0,-0.033203125,0.013671875,-0.01953125,0.0,0.0,0.0
1002561687,801319,0,0.998046875,-0.03515625,0.00390625,-0.03125,0.0,0.0,0.0
1002562937,801320,0,1.001953125,-0.033203125,0.0078125,-0.025390625,0.0,0.0,0.0
1002564187,801321,0,1.001953125,-0.029296875,0.015625,-0.013671875,0.0,0.0,0.0
1002565439,801322,0,1.0078125,-0.03125,0.0078125,-0.0234375,0.0,0.0,0.0
1002566690,801323,0,1.009765625,-0.029296875,0.0,-0.029296875,0.0,0.0,0.0
1002567940,801324,0,1.00390625,-0.03125,0.005859375,-0.025390625,0.0,0.0,0.0
1002569192,801325,0,1.00390625,-0.029296875,0.01171875,-0.017578125,0.0,0.0,0.0
1002570443,801326,0,1.001953125,-0.029296875,0.01953125,-0.009765625,0.0,0.0,0.0
1002571694,801327,0,1.00390625,-0.029296875,0.009765625,-0.01953125,0.0,0.0,0.0
1002572944,801328,0,1.005859375,-0.029296875,0.017578125,-0.01171875,0.0,0.0,0.0
1002574194,801329,0,1.009765625,-0.033203125,0.017578125,-0.015625,0.0,0.0,0.0
1002575445,801330,0,1.0,-0.029296875,0.0078125,-0.021484375,0.0,0.0,0.0
1002576697,801331,0,1.0,-0.02734375,0.01171875,-0.015625,0.0,0.0,0.0
1002577947,801332,0,1.0078125,-0.03125,0.01171875,-0.01953125,0.0,0.0,0.0
