t_us,frame_id,sensor_id,accX,accY,accZ,acc_sum_YZ,magX,magY,magZ
1085124716,867324,0,1.001953125,-0.037109375,0.01171875,-0.025390625,0.0,0.0,0.0
1085125967,867325,0,1.005859375,-0.037109375,0.021484375,-0.015625,0.0,0.0,0.0
1085127218,867326,0,1.0078125,-0.03515625,0.009765625,-0.025390625,0.0,0.0,0.0
1085128470,867327,0,1.005859375,-0.037109375,0.013671875,-0.0234375,0.0,0.0,0.0
1085129720,867328,0,1.001953125,-0.037109375,0.01171875,-0.025390625,0.0,0.0,0.0
1085130970,867329,0,1.00390625,-0.037109375,0.01953125,-0.017578125,0.0,0.0,0.0
1085132220,867330,0,1.005859375,-0.03515625,0.015625,-0.01953125,0.0,0.0,0.0
1085133472,867331,0,1.005859375,-0.037109375,0.015625,-0.021484375,0.0,0.0,0.0
1085134723,867332,0,1.0,-0.03515625,0.01953125,-0.015625,0.0,0.0,0.0
1085135973,867333,0,1.0,-0.0390625,0.017578125,-0.021484375,0.0,0.0,0.0
1085137225,867334,0,1.0078125,-0.03515625,0.0234375,-0.01171875,0.0,0.0,0.0
1085138476,867335,0,1.0078125,-0.029296875,0.013671875,-0.015625,0.0,0.0,0.0
1085139727,867336,0,1.00390625,-0.029296875,0.013671875,-0.015625,0.0,0.0,0.0
1085140977,867337,0,1.0,-0.033203125,0.009765625,-0.0234375,0.0,0.0,0.0
1085142228,867338,0,0.998046875,-0.033203125,0.015625,-0.017578125,0.0,0.0,0.0
1085143479,867339,0,1.001953125,-0.0390625,0.0078125,-0.03125,0.0,0.0,0.0
1085144730,867340,0,1.00390625,-0.037109375,0.009765625,-0.02734375,0.0,0.0,0.0
1085145981,867341,0,0.99609375,-0.03515625,0.01953125,-0.015625,0.0,0.0,0.0
1085147233,867342,0,1.0,-0.029296875,0.013671875,-0.015625,0.0,0.0,0.0
1085148484,867343,0,1.0078125,-0.037109375,0.013671875,-0.0234375,0.0,0.0,0.0
1085149734,867344,0,1.0078125,-0.0390625,0.009765625,-0.029296875,0.0,0.0,0.0
1085150984,867345,0,1.001953125,-0.041015625,0.017578125,-0.0234375,0.0,0.0,0.0
1085152235,867346,0,1.005859375,-0.037109375,0.015625,-0.021484375,0.0,0.0,0.0
1085153486,867347,0,1.005859375,-0.0390625,0.015625,-0.0234375,0.0,0.0,0.0
1085154737,867348,0,1.00390625,-0.041015625,0.01953125,-0.021484375,0.0,0.0,0.0
1085155987,867349,0,1.001953125,-0.03515625,0.01171875,-0.0234375,0.0,0.0,0.0
1085157238,867350,0,1.00390625,-0.0390625,0.021484375,-0.017578125,0.0,0.0,0.0
1085158489,867351,0,1.001953125,-0.033203125,0.01953125,-0.013671875,0.0,0.0,0.0
1085159740,867352,0,1.005859375,-0.041015625,0.015625,-0.025390625,0.0,0.0,0.0
1085160992,867353,0,1.001953125,-0.037109375,0.015625,-0.021484375,0.0,0.0,0.0
1085162242,867354,0,1.005859375,-0.03515625,0.015625,-0.01953125,0.0,0.0,0.0
1085163493,867355,0,1.005859375,-0.03515625,0.009765625,-0.025390625,0.0,0.0,0.0
1085164744,867356,0,1.001953125,-0.03515625,0.0078125,-0.02734375,0.0,0.0,0.0
1085165994,867357,0,1.005859375,-0.041015625,0.015625,-0.025390625,0.0,0.0,0.0
1085167245,867358,0,1.0078125,-0.037109375,0.015625,-0.021484375,0.0,0.0,0.0
1085168497,867359,0,1.0,-0.037109375,0.015625,-0.021484375,0.0,0.0,0.0
1085169749,867360,0,1.00390625,-0.037109375,0.005859375,-0.03125,0.0,0.0,0.0
1085170999,867361,0,0.99609375,-0.0390625,0.013671875,-0.025390625,0.0,0.0,0.0
1085172250,867362,0,1.005859375,-0.041015625,0.0078125,-0.033203125,0.0,0.0,0.0
1085173500,867363,0,0.99609375,-0.037109375,0.013671875,-0.0234375,0.0,0.0,0.0
1085174752,867364,0,1.005859375,-0.04296875,0.017578125,-0.025390625,0.0,0.0,0.0
1085176003,867365,0,1.001953125,-0.03125,0.017578125,-0.013671875,0.0,0.0,0.0
1085177254,867366,0,0.9921875,-0.037109375,0.01953125,-0.017578125,0.0,0.0,0.0
1085178504,867367,0,1.005859375,-0.037109375,0.01171875,-0.025390625,0.0,0.0,0.0
1085179756,867368,0,1.0078125,-0.037109375,0.015625,-0.021484375,0.0,0.0,0.0
1085181006,867369,0,1.005859375,-0.037109375,0.017578125,-0.01953125,0.0,0.0,0.0
1085182257,867370,0,1.001953125,-0.037109375,0.013671875,-0.0234375,0.0,0.0,0.0
1085183508,867371,0,1.005859375,-0.0390625,0.017578125,-0.021484375,0.0,0.0,0.0
1085184759,867372,0,1.001953125,-0.0390625,0.017578125,-0.021484375,0.0,0.0,0.0
1085186009,867373,0,1.00390625,-0.041015625,0.017578125,-0.0234375,0.0,0.0,0.0
1085187259,867374,0,1.005859375,-0.037109375,0.017578125,-0.01953125,0.0,0.0,0.0
1085188510,867375,0,1.00390625,-0.03515625,0.015625,-0.01953125,0.0,0.0,0.0
1085189762,867376,0,1.001953125,-0.041015625,0.01953125,-0.021484375,0.0,0.0,0.0
1085191013,867377,0,1.00390625,-0.037109375,0.017578125,-0.01953125,0.0,0.0,0.0
1085192271,867378,0,1.0,-0.037109375,0.021484375,-0.015625,0.0,0.0,0.0
1085193522,867379,0,1.0,-0.041015625,0.021484375,-0.01953125,0.0,0.0,0.0
1085194773,867380,0,1.00390625,-0.037109375,0.021484375,-0.015625,0.0,0.0,0.0
1085196025,867381,0,1.0,-0.037109375,0.01171875,-0.025390625,0.0,0.0,0.0
1085197277,867382,0,1.0078125,-0.03125,0.013671875,-0.017578125,0.0,0.0,0.0
1085198528,867383,0,1.009765625,-0.0390625,0.013671875,-0.025390625,0.0,0.0,0.0
1085199779,867384,0,1.013671875,-0.03515625,0.013671875,-0.021484375,0.0,0.0,0.0
1085201031,867385,0,1.005859375,-0.03515625,0.015625,-0.01953125,0.0,0.0,0.0
1085202283,867386,0,1.0,-0.037109375,0.015625,-0.021484375,0.0,0.0,0.0
1085203535,867387,0,0.998046875,-0.037109375,0.017578125,-0.01953125,0.0,0.0,0.0
1085204786,867388,0,1.0078125,-0.037109375,0.01953125,-0.017578125,0.0,0.0,0.0
1085206036,867389,0,1.0078125,-0.041015625,0.015625,-0.025390625,0.0,0.0,0.0
1085207287,867390,0,1.005859375,-0.037109375,0.015625,-0.021484375,0.0,0.0,0.0
1085208537,867391,0,1.0,-0.0390625,0.01171875,-0.02734375,0.0,0.0,0.0
1085209787,867392,0,1.00390625,-0.0390625,0.009765625,-0.029296875,0.0,0.0,0.0
1085211038,867393,0,1.0078125,-0.037109375,0.013671875,-0.0234375,0.0,0.0,0.0
1085212289,867394,0,1.005859375,-0.037109375,0.0078125,-0.029296875,0.0,0.0,0.0
1085213539,867395,0,1.001953125,-0.033203125,0.015625,-0.017578125,0.0,0.0,0.0
1085214790,867396,0,1.005859375,-0.037109375,0.015625,-0.021484375,0.0,0.0,0.0
1085216042,867397,0,1.015625,-0.037109375,0.013671875,-0.0234375,0.0,0.0,0.0
1085217292,867398,0,1.00390625,-0.037109375,0.017578125,-0.01953125,0.0,0.0,0.0
1085218543,867399,0,1.005859375,-0.0390625,0.01953125,-0.01953125,0.0,0.0,0.0
1085219794,867400,0,1.005859375,-0.037109375,0.017578125,-0.01953125,0.0,0.0,0.0
1085221044,867401,0,1.005859375,-0.0390625,0.015625,-0.0234375,0.0,0.0,0.0
1085222294,867402,0,1.00390625,-0.041015625,0.0078125,-0.033203125,0.0,0.0,0.0
1085223544,867403,0,1.005859375,-0.037109375,0.01953125,-0.017578125,0.0,0.0,0.0
1085224796,867404,0,1.00390625,-0.0390625,0.021484375,-0.017578125,0.0,0.0,0.0
1085226047,867405,0,1.013671875,-0.0390625,0.01953125,-0.01953125,0.0,0.0,0.0
1085227297,867406,0,1.001953125,-0.03125,0.01953125,-0.01171875,0.0,0.0,0.0
1085228548,867407,0,1.005859375,-0.029296875,0.01953125,-0.009765625,0.0,0.0,0.0
1085229800,867408,0,1.021484375,-0.03515625,0.01953125,-0.015625,0.0,0.0,0.0
1085231050,867409,0,1.0,-0.03515625,0.015625,-0.01953125,0.0,0.0,0.0
1085232300,867410,0,1.0078125,-0.037109375,0.01953125,-0.017578125,0.0,0.0,0.0
1085233550,867411,0,1.005859375,-0.03515625,0.013671875,-0.021484375,0.0,0.0,0.0
1085234801,867412,0,1.001953125,-0.03515625,0.021484375,-0.013671875,0.0,0.0,0.0
1085236052,867413,0,1.005859375,-0.0390625,0.01171875,-0.02734375,0.0,0.0,0.0
1085237302,867414,0,1.001953125,-0.041015625,0.021484375,-0.01953125,0.0,0.0,0.0
1085238553,867415,0,1.005859375,-0.041015625,0.017578125,-0.0234375,0.0,0.0,0.0
1085239804,867416,0,1.0,-0.041015625,0.013671875,-0.02734375,0.0,0.0,0.0
1085241054,867417,0,1.0,-0.0390625,0.017578125,-0.021484375,0.0,0.0,0.0
1085242305,867418,0,1.005859375,-0.041015625,0.017578125,-0.0234375,0.0,0.0,0.0
1085243556,867419,0,1.0078125,-0.037109375,0.0078125,-0.029296875,0.0,0.0,0.0
1085244807,867420,0,1.00390625,-0.037109375,0.015625,-0.021484375,0.0,0.0,0.0
1085246058,867421,0,1.0,-0.037109375,0.013671875,-0.0234375,0.0,0.0,0.0
1085247310,867422,0,1.005859375,-0.03515625,0.01171875,-0.0234375,0.0,0.0,0.0
1085248560,867423,0,0.998046875,-0.037109375,0.01953125,-0.017578125,0.0,0.0,0.0
1085249810,867424,0,1.00390625,-0.03515625,0.01171875,-0.0234375,0.0,0.0,0.0
1085251060,867425,0,1.01171875,-0.03515625,0.015625,-0.01953125,0.0,0.0,0.0
1085252311,867426,0,1.001953125,-0.03515625,0.021484375,-0.013671875,0.0,0.0,0.0
1085253561,867427,0,1.009765625,-0.037109375,0.0078125,-0.029296875,0.0,0.0,0.0
1085254813,867428,0,1.015625,-0.033203125,0.009765625,-0.0234375,0.0,0.0,0.0
1085256063,867429,0,1.0078125,-0.041015625,0.013671875,-0.02734375,0.0,0.0,0.0
1085257313,867430,0,1.0078125,-0.044921875,0.017578125,-0.02734375,0.0,0.0,0.0
1085258565,867431,0,0.998046875,-0.0390625,0.01171875,-0.02734375,0.0,0.0,0.0
1085259816,867432,0,1.0,-0.0390625,0.015625,-0.0234375,0.0,0.0,0.0
1085261066,867433,0,1.0,-0.037109375,0.015625,-0.021484375,0.0,0.0,0.0
1085262316,867434,0,1.001953125,-0.0390625,0.0078125,-0.03125,0.0,0.0,0.0
1085263567,867435,0,0.99609375,-0.0390625,0.013671875,-0.025390625,0.0,0.0,0.0
1085264817,867436,0,0.998046875,-0.0390625,0.013671875,-0.025390625,0.0,0.0,0.0
1085266069,867437,0,1.009765625,-0.03515625,0.013671875,-0.021484375,0.0,0.0,0.0
1085267319,867438,0,1.0,-0.03515625,0.01953125,-0.015625,0.0,0.0,0.0
1085268570,867439,0,1.005859375,-0.03515625,0.013671875,-0.021484375,0.0,0.0,0.0
1085269822,867440,0,1.00390625,-0.037109375,0.015625,-0.021484375,0.0,0.0,0.0
1085271072,867441,0,1.00390625,-0.037109375,0.015625,-0.021484375,0.0,0.0,0.0
1085272322,867442,0,1.00390625,-0.0390625,0.01171875,-0.02734375,0.0,0.0,0.0
1085273572,867443,0,1.001953125,-0.037109375,0.01171875,-0.025390625,0.0,0.0,0.0
1085274823,867444,0,1.005859375,-0.03515625,0.013671875,-0.021484375,0.0,0.0,0.0
1085276075,867445,0,1.005859375,-0.044921875,0.01171875,-0.033203125,0.0,0.0,0.0
1085277326,867446,0,1.013671875,-0.03125,0.01953125,-0.01171875,0.0,0.0,0.0
1085278576,867447,0,1.005859375,-0.03515625,0.01171875,-0.0234375,0.0,0.0,0.0
1085279827,867448,0,1.00390625,-0.041015625,0.013671875,-0.02734375,0.0,0.0,0.0
1085281077,867449,0,0.99609375,-0.0390625,0.01953125,-0.01953125,0.0,0.0,0.0
1085282327,867450,0,1.001953125,-0.037109375,0.013671875,-0.0234375,0.0,0.0,0.0
1085283578,867451,0,1.001953125,-0.037109375,0.015625,-0.021484375,0.0,0.0,0.0
1085284829,867452,0,0.994140625,-0.033203125,0.0078125,-0.025390625,0.0,0.0,0.0
1085286080,867453,0,1.005859375,-0.03515625,0.009765625,-0.025390625,0.0,0.0,0.0
1085287332,867454,0,0.998046875,-0.0390625,0.017578125,-0.021484375,0.0,0.0,0.0
1085288582,867455,0,1.00390625,-0.03515625,0.015625,-0.01953125,0.0,0.0,0.0
1085289834,867456,0,1.005859375,-0.0390625,0.017578125,-0.021484375,0.0,0.0,0.0
1085291085,867457,0,1.0078125,-0.037109375,0.015625,-0.021484375,0.0,0.0,0.0
1085292335,867458,0,1.005859375,-0.037109375,0.015625,-0.021484375,0.0,0.0,0.0
1085293586,867459,0,1.00390625,-0.037109375,0.01953125,-0.017578125,0.0,0.0,0.0
1085294838,867460,0,1.001953125,-0.037109375,0.0078125,-0.029296875,0.0,0.0,0.0
1085296088,867461,0,1.0,-0.0390625,0.01171875,-0.02734375,0.0,0.0,0.0
1085297338,867462,0,1.00390625,-0.03515625,0.0234375,-0.01171875,0.0,0.0,0.0
1085298589,867463,0,1.001953125,-0.033203125,0.013671875,-0.01953125,0.0,0.0,0.0
1085299839,867464,0,1.00390625,-0.033203125,0.015625,-0.017578125,0.0,0.0,0.0
1085301091,867465,0,1.00390625,-0.03515625,0.021484375,-0.013671875,0.0,0.0,0.0
1085302341,867466,0,1.0,-0.033203125,0.015625,-0.017578125,0.0,0.0,0.0
1085303592,867467,0,0.994140625,-0.037109375,0.01171875,-0.025390625,0.0,0.0,0.0
1085304844,867468,0,1.0,-0.037109375,0.017578125,-0.01953125,0.0,0.0,0.0
1085306094,867469,0,1.00390625,-0.041015625,0.0078125,-0.033203125,0.0,0.0,0.0
1085307344,867470,0,1.013671875,-0.037109375,0.015625,-0.021484375,0.0,0.0,0.0
1085308595,867471,0,0.9921875,-0.04296875,0.021484375,-0.021484375,0.0,0.0,0.0
1085309846,867472,0,1.0,-0.041015625,0.009765625,-0.03125,0.0,0.0,0.0
1085311096,867473,0,1.0,-0.041015625,0.017578125,-0.0234375,0.0,0.0,0.0
1085312346,867474,0,1.00390625,-0.037109375,0.0078125,-0.029296875,0.0,0.0,0.0
1085313597,867475,0,1.0078125,-0.03515625,0.01171875,-0.0234375,0.0,0.0,0.0
1085314847,867476,0,1.005859375,-0.037109375,0.013671875,-0.0234375,0.0,0.0,0.0
1085316097,867477,0,1.00390625,-0.041015625,0.015625,-0.025390625,0.0,0.0,0.0
1085317349,867478,0,1.0,-0.037109375,0.017578125,-0.01953125,0.0,0.0,0.0
1085318599,867479,0,1.0078125,-0.037109375,0.017578125,-0.01953125,0.0,0.0,0.0
1085319850,867480,0,1.00390625,-0.0390625,0.013671875,-0.025390625,0.0,0.0,0.0
1085321101,867481,0,1.005859375,-0.044921875,0.01171875,-0.033203125,0.0,0.0,0.0
1085322351,867482,0,1.0078125,-0.044921875,0.009765625,-0.03515625,0.0,0.0,0.0
1085323602,867483,0,1.001953125,-0.0390625,0.015625,-0.0234375,0.0,0.0,0.0
1085324853,867484,0,1.001953125,-0.041015625,0.013671875,-0.02734375,0.0,0.0,0.0
1085326103,867485,0,1.0,-0.037109375,0.01953125,-0.017578125,0.0,0.0,0.0
1085327355,867486,0,1.00390625,-0.033203125,0.009765625,-0.0234375,0.0,0.0,0.0
1085328606,867487,0,1.0078125,-0.03515625,0.009765625,-0.025390625,0.0,0.0,0.0
1085329856,867488,0,1.001953125,-0.0390625,0.021484375,-0.017578125,0.0,0.0,0.0
1085331108,867489,0,1.009765625,-0.03515625,0.01953125,-0.015625,0.0,0.0,0.0
1085332359,867490,0,1.0078125,-0.03515625,0.017578125,-0.017578125,0.0,0.0,0.0
1085333610,867491,0,1.005859375,-0.033203125,0.01953125,-0.013671875,0.0,0.0,0.0
1085334860,867492,0,1.005859375,-0.04296875,0.017578125,-0.025390625,0.0,0.0,0.0
1085336110,867493,0,1.001953125,-0.0390625,0.01171875,-0.02734375,0.0,0.0,0.0
1085337362,867494,0,0.998046875,-0.037109375,0.01953125,-0.017578125,0.0,0.0,0.0
1085338614,867495,0,1.009765625,-0.041015625,0.013671875,-0.02734375,0.0,0.0,0.0
1085339865,867496,0,1.0,-0.0390625,0.017578125,-0.021484375,0.0,0.0,0.0
1085341115,867497,0,1.001953125,-0.041015625,0.01953125,-0.021484375,0.0,0.0,0.0
1085342366,867498,0,1.0,-0.041015625,0.01171875,-0.029296875,0.0,0.0,0.0
1085343616,867499,0,1.00390625,-0.037109375,0.017578125,-0.01953125,0.0,0.0,0.0
1085344867,867500,0,1.0,-0.03515625,0.017578125,-0.017578125,0.0,0.0,0.0
1085346118,867501,0,0.99609375,-0.033203125,0.009765625,-0.0234375,0.0,0.0,0.0
1085347368,867502,0,1.005859375,-0.037109375,0.017578125,-0.01953125,0.0,0.0,0.0
1085348619,867503,0,1.00390625,-0.033203125,0.015625,-0.017578125,0.0,0.0,0.0
1085349871,867504,0,1.0078125,-0.03125,0.015625,-0.015625,0.0,0.0,0.0
1085351121,867505,0,1.00390625,-0.0390625,0.017578125,-0.021484375,0.0,0.0,0.0
1085352371,867506,0,1.005859375,-0.0390625,0.01953125,-0.01953125,0.0,0.0,0.0
1085353623,867507,0,1.005859375,-0.037109375,0.01953125,-0.017578125,0.0,0.0,0.0
1085354873,867508,0,1.0,-0.037109375,0.015625,-0.021484375,0.0,0.0,0.0
1085356124,867509,0,1.005859375,-0.033203125,0.021484375,-0.01171875,0.0,0.0,0.0
1085357376,867510,0,0.99609375,-0.03125,0.015625,-0.015625,0.0,0.0,0.0
1085358626,867511,0,0.998046875,-0.037109375,0.015625,-0.021484375,0.0,0.0,0.0
1085359877,867512,0,1.015625,-0.0390625,0.0078125,-0.03125,0.0,0.0,0.0
1085361127,867513,0,0.998046875,-0.03515625,0.017578125,-0.017578125,0.0,0.0,0.0
1085362377,867514,0,1.00390625,-0.03515625,0.017578125,-0.017578125,0.0,0.0,0.0
1085363629,867515,0,1.005859375,-0.03515625,0.017578125,-0.017578125,0.0,0.0,0.0
1085364879,867516,0,1.001953125,-0.033203125,0.013671875,-0.01953125,0.0,0.0,0.0
1085366130,867517,0,1.0078125,-0.033203125,0.01953125,-0.013671875,0.0,0.0,0.0
1085367381,867518,0,1.00390625,-0.03515625,0.017578125,-0.017578125,0.0,0.0,0.0
1085368631,867519,0,1.0078125,-0.033203125,0.013671875,-0.01953125,0.0,0.0,0.0
1085369883,867520,0,1.0078125,-0.03515625,0.017578125,-0.017578125,0.0,0.0,0.0
1085371134,867521,0,1.001953125,-0.03515625,0.013671875,-0.021484375,0.0,0.0,0.0
1085372384,867522,0,1.005859375,-0.03515625,0.01171875,-0.0234375,0.0,0.0,0.0
1085373635,867523,0,1.001953125,-0.037109375,0.01953125,-0.017578125,0.0,0.0,0.0
1085374887,867524,0,1.005859375,-0.037109375,0.013671875,-0.0234375,0.0,0.0,0.0
1085376137,867525,0,1.0,-0.03515625,0.015625,-0.01953125,0.0,0.0,0.0
1085377388,867526,0,1.001953125,-0.029296875,0.015625,-0.013671875,0.0,0.0,0.0
1085378639,867527,0,1.0,-0.037109375,0.013671875,-0.0234375,0.0,0.0,0.0
1085379889,867528,0,1.009765625,-0.037109375,0.0078125,-0.029296875,0.0,0.0,0.0
1085381140,867529,0,1.005859375,-0.037109375,0.0234375,-0.013671875,0.0,0.0,0.0
1085382392,867530,0,1.009765625,-0.03515625,0.01171875,-0.0234375,0.0,0.0,0.0
1085383642,867531,0,1.001953125,-0.03515625,0.017578125,-0.017578125,0.0,0.0,0.0
1085384894,867532,0,1.001953125,-0.03515625,0.01953125,-0.015625,0.0,0.0,0.0
1085386145,867533,0,0.998046875,-0.041015625,0.015625,-0.025390625,0.0,0.0,0.0
1085387396,867534,0,1.017578125,-0.037109375,0.0078125,-0.029296875,0.0,0.0,0.0
1085388647,867535,0,1.0078125,-0.03515625,0.005859375,-0.029296875,0.0,0.0,0.0
1085389899,867536,0,1.0078125,-0.03125,0.0078125,-0.0234375,0.0,0.0,0.0
1085391150,867537,0,1.001953125,-0.03515625,0.017578125,-0.017578125,0.0,0.0,0.0
1085392400,867538,0,1.0078125,-0.033203125,0.021484375,-0.01171875,0.0,0.0,0.0
1085393652,867539,0,1.00390625,-0.037109375,0.017578125,-0.01953125,0.0,0.0,0.0
1085394902,867540,0,1.001953125,-0.046875,0.015625,-0.03125,0.0,0.0,0.0
1085396152,867541,0,0.998046875,-0.03515625,0.015625,-0.01953125,0.0,0.0,0.0
1085397402,867542,0,1.0078125,-0.041015625,0.017578125,-0.0234375,0.0,0.0,0.0
1085398653,867543,0,1.005859375,-0.0390625,0.015625,-0.0234375,0.0,0.0,0.0
1085399904,867544,0,1.00390625,-0.037109375,0.009765625,-0.02734375,0.0,0.0,0.0
1085401154,867545,0,1.0,-0.037109375,0.01171875,-0.025390625,0.0,0.0,0.0
1085402406,867546,0,1.0,-0.037109375,0.01953125,-0.017578125,0.0,0.0,0.0
1085403657,867547,0,0.998046875,-0.0390625,0.01953125,-0.01953125,0.0,0.0,0.0
1085404907,867548,0,1.001953125,-0.0390625,0.013671875,-0.025390625,0.0,0.0,0.0
1085406158,867549,0,1.00390625,-0.03515625,0.01953125,-0.015625,0.0,0.0,0.0
1085407408,867550,0,1.00390625,-0.0390625,0.0078125,-0.03125,0.0,0.0,0.0
1085408659,867551,0,1.0078125,-0.037109375,0.01953125,-0.017578125,0.0,0.0,0.0
1085409910,867552,0,1.013671875,-0.03515625,0.015625,-0.01953125,0.0,0.0,0.0
1085411160,867553,0,1.00390625,-0.0390625,0.017578125,-0.021484375,0.0,0.0,0.0
1085412410,867554,0,1.009765625,-0.03515625,0.017578125,-0.017578125,0.0,0.0,0.0
1085413662,867555,0,1.0,-0.041015625,0.017578125,-0.0234375,0.0,0.0,0.0
1085414912,867556,0,1.0078125,-0.033203125,0.01953125,-0.013671875,0.0,0.0,0.0
1085416163,867557,0,1.0078125,-0.03515625,0.015625,-0.01953125,0.0,0.0,0.0
1085417413,867558,0,1.00390625,-0.037109375,0.015625,-0.021484375,0.0,0.0,0.0
1085418664,867559,0,1.00390625,-0.037109375,0.015625,-0.021484375,0.0,0.0,0.0
1085419915,867560,0,0.998046875,-0.0390625,0.017578125,-0.021484375,0.0,0.0,0.0
1085421167,867561,0,1.001953125,-0.03515625,0.009765625,-0.025390625,0.0,0.0,0.0
1085422417,867562,0,1.001953125,-0.037109375,0.015625,-0.021484375,0.0,0.0,0.0
1085423668,867563,0,1.00390625,-0.037109375,0.01171875,-0.025390625,0.0,0.0,0.0
1085424920,867564,0,1.005859375,-0.041015625,0.015625,-0.025390625,0.0,0.0,0.0
1085426171,867565,0,1.01171875,-0.041015625,0.013671875,-0.02734375,0.0,0.0,0.0
1085427422,867566,0,1.009765625,-0.0390625,0.017578125,-0.021484375,0.0,0.0,0.0
1085428674,867567,0,1.005859375,-0.03515625,0.015625,-0.01953125,0.0,0.0,0.0
1085429924,867568,0,1.00390625,-0.037109375,0.015625,-0.021484375,0.0,0.0,0.0
1085431175,867569,0,1.001953125,-0.03515625,0.0078125,-0.02734375,0.0,0.0,0.0
1085432426,867570,0,1.001953125,-0.041015625,0.015625,-0.025390625,0.0,0.0,0.0
1085433677,867571,0,1.0,-0.03515625,0.009765625,-0.025390625,0.0,0.0,0.0
1085434928,867572,0,1.009765625,-0.03515625,0.01171875,-0.0234375,0.0,0.0,0.0
1085436179,867573,0,1.00390625,-0.037109375,0.009765625,-0.02734375,0.0,0.0,0.0
1085437431,867574,0,1.015625,-0.037109375,0.01953125,-0.017578125,0.0,0.0,0.0
1085438681,867575,0,1.005859375,-0.0390625,0.013671875,-0.025390625,0.0,0.0,0.0
1085439932,867576,0,0.99609375,-0.041015625,0.005859375,-0.03515625,0.0,0.0,0.0
1085441182,867577,0,1.001953125,-0.041015625,0.015625,-0.025390625,0.0,0.0,0.0
1085442432,867578,0,0.99609375,-0.037109375,0.017578125,-0.01953125,0.0,0.0,0.0
1085443684,867579,0,1.0,-0.03515625,0.01171875,-0.0234375,0.0,0.0,0.0
1085444934,867580,0,0.994140625,-0.0390625,0.01171875,-0.02734375,0.0,0.0,0.0
1085446185,867581,0,1.005859375,-0.037109375,0.013671875,-0.0234375,0.0,0.0,0.0
1085447436,867582,0,1.0,-0.03515625,0.01171875,-0.0234375,0.0,0.0,0.0
1085448687,867583,0,1.0078125,-0.0390625,0.017578125,-0.021484375,0.0,0.0,0.0
1085449937,867584,0,1.005859375,-0.03125,0.015625,-0.015625,0.0,0.0,0.0
1085451187,867585,0,1.0,-0.037109375,0.021484375,-0.015625,0.0,0.0,0.0
1085452439,867586,0,1.0,-0.037109375,0.01171875,-0.025390625,0.0,0.0,0.0
1085453690,867587,0,1.0,-0.0390625,0.015625,-0.0234375,0.0,0.0,0.0
1085454940,867588,0,1.005859375,-0.037109375,0.01171875,-0.025390625,0.0,0.0,0.0
1085456192,867589,0,1.0078125,-0.03125,0.015625,-0.015625,0.0,0.0,0.0
1085457443,867590,0,1.001953125,-0.041015625,0.01171875,-0.029296875,0.0,0.0,0.0
1085458694,867591,0,1.009765625,-0.033203125,0.013671875,-0.01953125,0.0,0.0,0.0
1085459944,867592,0,1.0078125,-0.04296875,0.013671875,-0.029296875,0.0,0.0,0.0
1085461194,867593,0,1.00390625,-0.037109375,0.009765625,-0.02734375,0.0,0.0,0.0
1085462445,867594,0,1.00390625,-0.033203125,0.025390625,-0.0078125,0.0,0.0,0.0
1085463697,867595,0,1.01171875,-0.029296875,0.015625,-0.013671875,0.0,0.0,0.0
1085464947,867596,0,0.998046875,-0.033203125,0.017578125,-0.015625,0.0,0.0,0.0
1085466199,867597,0,0.994140625,-0.03515625,0.015625,-0.01953125,0.0,0.0,0.0
1085467449,867598,0,1.0078125,-0.037109375,0.017578125,-0.01953125,0.0,0.0,0.0
1085468701,867599,0,1.0,-0.037109375,0.01171875,-0.025390625,0.0,0.0,0.0
1085469951,867600,0,0.99609375,-0.03515625,0.021484375,-0.013671875,0.0,0.0,0.0
1085471202,867601,0,0.998046875,-0.033203125,0.021484375,-0.01171875,0.0,0.0,0.0
1085472454,867602,0,1.00390625,-0.033203125,0.0234375,-0.009765625,0.0,0.0,0.0
1085473704,867603,0,1.005859375,-0.037109375,0.015625,-0.021484375,0.0,0.0,0.0
1085474955,867604,0,1.00390625,-0.0390625,0.01171875,-0.02734375,0.0,0.0,0.0
1085476206,867605,0,1.005859375,-0.037109375,0.015625,-0.021484375,0.0,0.0,0.0
1085477457,867606,0,1.005859375,-0.037109375,0.015625,-0.021484375,0.0,0.0,0.0
1085478708,867607,0,1.005859375,-0.037109375,0.015625,-0.021484375,0.0,0.0,0.0
1085479959,867608,0,1.00390625,-0.041015625,0.009765625,-0.03125,0.0,0.0,0.0
1085481211,867609,0,1.00390625,-0.03515625,0.015625,-0.01953125,0.0,0.0,0.0
1085482463,867610,0,1.00390625,-0.037109375,0.009765625,-0.02734375,0.0,0.0,0.0
1085483713,867611,0,1.001953125,-0.0390625,0.01953125,-0.01953125,0.0,0.0,0.0
1085484965,867612,0,1.00390625,-0.0390625,0.01953125,-0.01953125,0.0,0.0,0.0
1085486215,867613,0,1.0078125,-0.03515625,0.017578125,-0.017578125,0.0,0.0,0.0
1085487466,867614,0,1.005859375,-0.041015625,0.02734375,-0.013671875,0.0,0.0,0.0
1085488716,867615,0,1.013671875,-0.041015625,0.0234375,-0.017578125,0.0,0.0,0.0
1085489966,867616,0,1.00390625,-0.037109375,0.01953125,-0.017578125,0.0,0.0,0.0
1085491216,867617,0,1.013671875,-0.03515625,0.015625,-0.01953125,0.0,0.0,0.0
1085492468,867618,0,0.9921875,-0.02734375,0.017578125,-0.009765625,0.0,0.0,0.0
1085493719,867619,0,1.005859375,-0.03515625,0.0078125,-0.02734375,0.0,0.0,0.0
1085494969,867620,0,1.005859375,-0.037109375,0.015625,-0.021484375,0.0,0.0,0.0
1085496221,867621,0,1.009765625,-0.0390625,0.0234375,-0.015625,0.0,0.0,0.0
1085497471,867622,0,1.009765625,-0.0390625,0.015625,-0.0234375,0.0,0.0,0.0
1085498723,867623,0,1.001953125,-0.041015625,0.013671875,-0.02734375,0.0,0.0,0.0
1085499973,867624,0,1.005859375,-0.037109375,0.01953125,-0.017578125,0.0,0.0,0.0
1085501225,867625,0,1.005859375,-0.041015625,0.013671875,-0.02734375,0.0,0.0,0.0
1085502476,867626,0,1.001953125,-0.0390625,0.013671875,-0.025390625,0.0,0.0,0.0
1085503727,867627,0,1.005859375,-0.041015625,0.01171875,-0.029296875,0.0,0.0,0.0
1085504977,867628,0,1.001953125,-0.0390625,0.0078125,-0.03125,0.0,0.0,0.0
1085506228,867629,0,1.005859375,-0.03515625,0.013671875,-0.021484375,0.0,0.0,0.0
1085507479,867630,0,1.005859375,-0.041015625,0.017578125,-0.0234375,0.0,0.0,0.0
1085508730,867631,0,1.0078125,-0.03515625,0.009765625,-0.025390625,0.0,0.0,0.0
1085509981,867632,0,1.001953125,-0.0390625,0.021484375,-0.017578125,0.0,0.0,0.0
1085511233,867633,0,1.001953125,-0.0390625,0.017578125,-0.021484375,0.0,0.0,0.0
1085512484,867634,0,1.001953125,-0.041015625,0.015625,-0.025390625,0.0,0.0,0.0
1085513734,867635,0,1.005859375,-0.0390625,0.0078125,-0.03125,0.0,0.0,0.0
1085514984,867636,0,1.0,-0.041015625,0.015625,-0.025390625,0.0,0.0,0.0
1085516235,867637,0,1.005859375,-0.037109375,0.013671875,-0.0234375,0.0,0.0,0.0
1085517486,867638,0,1.0,-0.0390625,0.01171875,-0.02734375,0.0,0.0,0.0
1085518737,867639,0,1.0078125,-0.037109375,0.01171875,-0.025390625,0.0,0.0,0.0
1085519987,867640,0,1.0078125,-0.041015625,0.01171875,-0.029296875,0.0,0.0,0.0
1085521238,867641,0,0.994140625,-0.037109375,0.013671875,-0.0234375,0.0,0.0,0.0
1085522489,867642,0,1.00390625,-0.041015625,0.013671875,-0.02734375,0.0,0.0,0.0
1085523740,867643,0,1.001953125,-0.037109375,0.017578125,-0.01953125,0.0,0.0,0.0
1085524992,867644,0,1.005859375,-0.033203125,0.01171875,-0.021484375,0.0,0.0,0.0
1085526242,867645,0,1.009765625,-0.037109375,0.01953125,-0.017578125,0.0,0.0,0.0
1085527493,867646,0,1.0,-0.037109375,0.017578125,-0.01953125,0.0,0.0,0.0
1085528744,867647,0,1.001953125,-0.037109375,0.013671875,-0.0234375,0.0,0.0,0.0
1085529994,867648,0,1.005859375,-0.03515625,0.015625,-0.01953125,0.0,0.0,0.0
1085531245,867649,0,0.99609375,-0.037109375,0.017578125,-0.01953125,0.0,0.0,0.0
1085532497,867650,0,0.998046875,-0.0390625,0.013671875,-0.025390625,0.0,0.0,0.0
1085533749,867651,0,0.998046875,-0.037109375,0.017578125,-0.01953125,0.0,0.0,0.0
1085534999,867652,0,1.005859375,-0.037109375,0.015625,-0.021484375,0.0,0.0,0.0
1085536250,867653,0,1.0,-0.03125,0.015625,-0.015625,0.0,0.0,0.0
1085537500,867654,0,1.005859375,-0.03515625,0.017578125,-0.017578125,0.0,0.0,0.0
1085538752,867655,0,1.001953125,-0.037109375,0.013671875,-0.0234375,0.0,0.0,0.0
1085540003,867656,0,1.001953125,-0.041015625,0.015625,-0.025390625,0.0,0.0,0.0
1085541254,867657,0,1.00390625,-0.037109375,0.021484375,-0.015625,0.0,0.0,0.0
1085542504,867658,0,1.00390625,-0.037109375,0.015625,-0.021484375,0.0,0.0,0.0
1085543756,867659,0,1.005859375,-0.037109375,0.01953125,-0.017578125,0.0,0.0,0.0
1085545006,867660,0,1.0078125,-0.03125,0.0234375,-0.0078125,0.0,0.0,0.0
1085546257,867661,0,1.0,-0.03125,0.015625,-0.015625,0.0,0.0,0.0
1085547508,867662,0,1.00390625,-0.03125,0.0234375,-0.0078125,0.0,0.0,0.0
1085548759,867663,0,1.009765625,-0.0390625,0.015625,-0.0234375,0.0,0.0,0.0
1085550009,867664,0,1.0078125,-0.03125,0.01171875,-0.01953125,0.0,0.0,0.0
1085551259,867665,0,1.001953125,-0.033203125,0.017578125,-0.015625,0.0,0.0,0.0
1085552510,867666,0,1.005859375,-0.037109375,0.017578125,-0.01953125,0.0,0.0,0.0
1085553762,867667,0,0.998046875,-0.037109375,0.017578125,-0.01953125,0.0,0.0,0.0
1085555013,867668,0,1.005859375,-0.033203125,0.017578125,-0.015625,0.0,0.0,0.0
1085556271,867669,0,1.005859375,-0.03515625,0.01171875,-0.0234375,0.0,0.0,0.0
1085557522,867670,0,1.005859375,-0.037109375,0.015625,-0.021484375,0.0,0.0,0.0
1085558773,867671,0,0.998046875,-0.03515625,0.01953125,-0.015625,0.0,0.0,0.0
1085560025,867672,0,1.005859375,-0.0390625,0.013671875,-0.025390625,0.0,0.0,0.0
1085561277,867673,0,1.00390625,-0.037109375,0.013671875,-0.0234375,0.0,0.0,0.0
1085562528,867674,0,1.00390625,-0.037109375,0.01171875,-0.025390625,0.0,0.0,0.0
1085563779,867675,0,1.00390625,-0.037109375,0.01171875,-0.025390625,0.0,0.0,0.0
1085565031,867676,0,1.0,-0.0390625,0.021484375,-0.017578125,0.0,0.0,0.0
1085566283,867677,0,1.001953125,-0.037109375,0.009765625,-0.02734375,0.0,0.0,0.0
1085567535,867678,0,1.005859375,-0.041015625,0.013671875,-0.02734375,0.0,0.0,0.0
1085568786,867679,0,1.0078125,-0.0390625,0.013671875,-0.025390625,0.0,0.0,0.0
1085570036,867680,0,1.00390625,-0.037109375,0.01953125,-0.017578125,0.0,0.0,0.0
1085571287,867681,0,1.0078125,-0.03125,0.01171875,-0.01953125,0.0,0.0,0.0
1085572537,867682,0,0.99609375,-0.0390625,0.017578125,-0.021484375,0.0,0.0,0.0
1085573787,867683,0,0.994140625,-0.03515625,0.017578125,-0.017578125,0.0,0.0,0.0
1085575038,867684,0,1.013671875,-0.03125,0.013671875,-0.017578125,0.0,0.0,0.0
1085576289,867685,0,1.005859375,-0.0390625,0.01953125,-0.01953125,0.0,0.0,0.0
1085577539,867686,0,1.0078125,-0.03515625,0.01953125,-0.015625,0.0,0.0,0.0
1085578790,867687,0,1.0078125,-0.03515625,0.017578125,-0.017578125,0.0,0.0,0.0
1085580042,867688,0,1.00390625,-0.0390625,0.009765625,-0.029296875,0.0,0.0,0.0
1085581292,867689,0,1.00390625,-0.037109375,0.015625,-0.021484375,0.0,0.0,0.0
1085582543,867690,0,1.001953125,-0.03515625,0.015625,-0.01953125,0.0,0.0,0.0
1085583794,867691,0,0.99609375,-0.03515625,0.013671875,-0.021484375,0.0,0.0,0.0
1085585044,867692,0,1.00390625,-0.041015625,0.01171875,-0.029296875,0.0,0.0,0.0
1085586294,867693,0,1.0078125,-0.0390625,0.01953125,-0.01953125,0.0,0.0,0.0
1085587544,867694,0,1.005859375,-0.037109375,0.01171875,-0.025390625,0.0,0.0,0.0
1085588796,867695,0,1.005859375,-0.03515625,0.017578125,-0.017578125,0.0,0.0,0.0
1085590047,867696,0,1.0078125,-0.037109375,0.017578125,-0.01953125,0.0,0.0,0.0
1085591297,867697,0,1.009765625,-0.0390625,0.013671875,-0.025390625,0.0,0.0,0.0
1085592548,867698,0,0.998046875,-0.037109375,0.015625,-0.021484375,0.0,0.0,0.0
1085593800,867699,0,1.00390625,-0.04296875,0.01171875,-0.03125,0.0,0.0,0.0
1085595050,867700,0,1.00390625,-0.0390625,0.017578125,-0.021484375,0.0,0.0,0.0
1085596300,867701,0,1.00390625,-0.03515625,0.01953125,-0.015625,0.0,0.0,0.0
1085597550,867702,0,1.013671875,-0.037109375,0.01171875,-0.025390625,0.0,0.0,0.0
1085598801,867703,0,1.0078125,-0.033203125,0.021484375,-0.01171875,0.0,0.0,0.0
1085600052,867704,0,1.013671875,-0.041015625,0.013671875,-0.02734375,0.0,0.0,0.0
1085601302,867705,0,1.0078125,-0.0390625,0.009765625,-0.029296875,0.0,0.0,0.0
1085602553,867706,0,0.998046875,-0.037109375,0.015625,-0.021484375,0.0,0.0,0.0
1085603804,867707,0,1.0,-0.0390625,0.0078125,-0.03125,0.0,0.0,0.0
1085605054,867708,0,1.001953125,-0.037109375,0.01953125,-0.017578125,0.0,0.0,0.0
1085606305,867709,0,1.01171875,-0.037109375,0.01171875,-0.025390625,0.0,0.0,0.0
1085607556,867710,0,1.0,-0.037109375,0.01953125,-0.017578125,0.0,0.0,0.0
1085608807,867711,0,1.001953125,-0.037109375,0.01953125,-0.017578125,0.0,0.0,0.0
1085610058,867712,0,1.0,-0.0390625,0.017578125,-0.021484375,0.0,0.0,0.0
1085611310,867713,0,1.00390625,-0.037109375,0.01171875,-0.025390625,0.0,0.0,0.0
1085612560,867714,0,1.001953125,-0.03515625,0.01171875,-0.0234375,0.0,0.0,0.0
1085613810,867715,0,0.99609375,-0.041015625,0.009765625,-0.03125,0.0,0.0,0.0
1085615060,867716,0,1.009765625,-0.037109375,0.017578125,-0.01953125,0.0,0.0,0.0
1085616311,867717,0,1.0,-0.037109375,0.017578125,-0.01953125,0.0,0.0,0.0
1085617561,867718,0,1.005859375,-0.041015625,0.013671875,-0.02734375,0.0,0.0,0.0
1085618813,867719,0,1.01171875,-0.037109375,0.015625,-0.021484375,0.0,0.0,0.0
1085620063,867720,0,1.001953125,-0.037109375,0.015625,-0.021484375,0.0,0.0,0.0
1085621313,867721,0,1.005859375,-0.0390625,0.017578125,-0.021484375,0.0,0.0,0.0
1085622565,867722,0,0.998046875,-0.0390625,0.0234375,-0.015625,0.0,0.0,0.0
1085623816,867723,0,1.0,-0.037109375,0.017578125,-0.01953125,0.0,0.0,0.0
1085625066,867724,0,1.021484375,-0.0390625,0.013671875,-0.025390625,0.0,0.0,0.0
1085626316,867725,0,1.005859375,-0.044921875,0.0078125,-0.037109375,0.0,0.0,0.0
1085627567,867726,0,0.994140625,-0.037109375,0.0078125,-0.029296875,0.0,0.0,0.0
1085628817,867727,0,1.00390625,-0.0390625,0.013671875,-0.025390625,0.0,0.0,0.0
1085630069,867728,0,0.99609375,-0.03515625,0.01171875,-0.0234375,0.0,0.0,0.0
1085631319,867729,0,1.001953125,-0.041015625,0.01171875,-0.029296875,0.0,0.0,0.0
1085632570,867730,0,1.00390625,-0.037109375,0.013671875,-0.0234375,0.0,0.0,0.0
1085633822,867731,0,1.001953125,-0.037109375,0.017578125,-0.01953125,0.0,0.0,0.0
1085635072,867732,0,1.00390625,-0.03515625,0.017578125,-0.017578125,0.0,0.0,0.0
1085636322,867733,0,1.009765625,-0.0390625,0.009765625,-0.029296875,0.0,0.0,0.0
1085637572,867734,0,1.005859375,-0.033203125,0.021484375,-0.01171875,0.0,0.0,0.0
1085638823,867735,0,1.005859375,-0.033203125,0.017578125,-0.015625,0.0,0.0,0.0
1085640075,867736,0,1.001953125,-0.037109375,0.013671875,-0.0234375,0.0,0.0,0.0
1085641326,867737,0,1.001953125,-0.0390625,0.013671875,-0.025390625,0.0,0.0,0.0
1085642576,867738,0,1.0078125,-0.0390625,0.017578125,-0.021484375,0.0,0.0,0.0
1085643827,867739,0,0.998046875,-0.0390625,0.01953125,-0.01953125,0.0,0.0,0.0
1085645077,867740,0,0.998046875,-0.033203125,0.013671875,-0.01953125,0.0,0.0,0.0
1085646327,867741,0,1.0078125,-0.037109375,0.015625,-0.021484375,0.0,0.0,0.0
1085647578,867742,0,0.99609375,-0.037109375,0.015625,-0.021484375,0.0,0.0,0.0
1085648829,867743,0,1.001953125,-0.037109375,0.01953125,-0.017578125,0.0,0.0,0.0
1085650080,867744,0,1.001953125,-0.0390625,0.009765625,-0.029296875,0.0,0.0,0.0
1085651332,867745,0,1.001953125,-0.04296875,0.00390625,-0.0390625,0.0,0.0,0.0
1085652582,867746,0,1.001953125,-0.0390625,0.0078125,-0.03125,0.0,0.0,0.0
1085653834,867747,0,1.001953125,-0.0390625,0.013671875,-0.025390625,0.0,0.0,0.0
1085655085,867748,0,1.0,-0.037109375,0.013671875,-0.0234375,0.0,0.0,0.0
1085656335,867749,0,0.998046875,-0.037109375,0.013671875,-0.0234375,0.0,0.0,0.0
1085657586,867750,0,1.0,-0.03515625,0.01953125,-0.015625,0.0,0.0,0.0
1085658838,867751,0,1.017578125,-0.03125,0.015625,-0.015625,0.0,0.0,0.0
1085660088,867752,0,1.005859375,-0.037109375,0.01953125,-0.017578125,0.0,0.0,0.0
1085661338,867753,0,1.0,-0.0390625,0.013671875,-0.025390625,0.0,0.0,0.0
1085662589,867754,0,1.00390625,-0.037109375,0.0234375,-0.013671875,0.0,0.0,0.0
1085663839,867755,0,1.00390625,-0.037109375,0.015625,-0.021484375,0.0,0.0,0.0
1085665091,867756,0,1.001953125,-0.037109375,0.013671875,-0.0234375,0.0,0.0,0.0
1085666341,867757,0,0.998046875,-0.04296875,0.009765625,-0.033203125,0.0,0.0,0.0
1085667592,867758,0,0.99609375,-0.041015625,0.0078125,-0.033203125,0.0,0.0,0.0
1085668844,867759,0,1.00390625,-0.046875,0.0078125,-0.0390625,0.0,0.0,0.0
1085670094,867760,0,0.99609375,-0.048828125,0.00390625,-0.044921875,0.0,0.0,0.0
1085671344,867761,0,1.001953125,-0.04296875,0.01171875,-0.03125,0.0,0.0,0.0
1085672595,867762,0,1.0078125,-0.048828125,0.005859375,-0.04296875,0.0,0.0,0.0
1085673846,867763,0,1.00390625,-0.05078125,0.0,-0.05078125,0.0,0.0,0.0
1085675096,867764,0,1.005859375,-0.044921875,0.005859375,-0.0390625,0.0,0.0,0.0
1085676346,867765,0,1.00390625,-0.046875,0.0078125,-0.0390625,0.0,0.0,0.0
1085677597,867766,0,0.99609375,-0.046875,0.013671875,-0.033203125,0.0,0.0,0.0
1085678847,867767,0,1.009765625,-0.048828125,0.015625,-0.033203125,0.0,0.0,0.0
1085680097,867768,0,0.998046875,-0.046875,0.009765625,-0.037109375,0.0,0.0,0.0
1085681349,867769,0,1.001953125,-0.04296875,0.005859375,-0.037109375,0.0,0.0,0.0
1085682599,867770,0,1.001953125,-0.0390625,0.01171875,-0.02734375,0.0,0.0,0.0
1085683850,867771,0,0.9921875,-0.048828125,0.0,-0.048828125,0.0,0.0,0.0
1085685101,867772,0,1.001953125,-0.05078125,0.005859375,-0.044921875,0.0,0.0,0.0
1085686351,867773,0,0.998046875,-0.052734375,0.0,-0.052734375,0.0,0.0,0.0
1085687602,867774,0,1.001953125,-0.068359375,-0.001953125,-0.0703125,0.0,0.0,0.0
1085688853,867775,0,0.994140625,-0.078125,-0.017578125,-0.095703125,0.0,0.0,0.0
1085690103,867776,0,0.9921875,-0.076171875,-0.013671875,-0.08984375,0.0,0.0,0.0
1085691355,867777,0,1.00390625,-0.0546875,-0.00390625,-0.05859375,0.0,0.0,0.0
1085692606,867778,0,1.001953125,-0.046875,-0.001953125,-0.048828125,0.0,0.0,0.0
1085693856,867779,0,1.0078125,-0.04296875,0.01171875,-0.03125,0.0,0.0,0.0
1085695108,867780,0,0.998046875,-0.037109375,0.013671875,-0.0234375,0.0,0.0,0.0
1085696359,867781,0,1.0,-0.041015625,0.0078125,-0.033203125,0.0,0.0,0.0
1085697610,867782,0,1.001953125,-0.052734375,0.0078125,-0.044921875,0.0,0.0,0.0
1085698860,867783,0,0.9921875,-0.064453125,-0.00390625,-0.068359375,0.0,0.0,0.0
1085700110,867784,0,0.994140625,-0.068359375,-0.01953125,-0.087890625,0.0,0.0,0.0
1085701362,867785,0,0.99609375,-0.091796875,-0.0078125,-0.099609375,0.0,0.0,0.0
1085702614,867786,0,0.97265625,-0.087890625,-0.0078125,-0.095703125,0.0,0.0,0.0
1085703865,867787,0,0.982421875,-0.09375,-0.021484375,-0.115234375,0.0,0.0,0.0
1085705115,867788,0,0.99609375,-0.076171875,-0.009765625,-0.0859375,0.0,0.0,0.0
1085706366,867789,0,0.99609375,-0.060546875,0.001953125,-0.05859375,0.0,0.0,0.0
1085707616,867790,0,1.0,-0.0625,0.0,-0.0625,0.0,0.0,0.0
1085708867,867791,0,1.01953125,-0.064453125,0.01171875,-0.052734375,0.0,0.0,0.0
1085710118,867792,0,0.998046875,-0.08203125,-0.001953125,-0.083984375,0.0,0.0,0.0
1085711368,867793,0,0.99609375,-0.12109375,-0.01171875,-0.1328125,0.0,0.0,0.0
1085712619,867794,0,0.986328125,-0.115234375,-0.009765625,-0.125,0.0,0.0,0.0
1085713871,867795,0,1.0,-0.173828125,-0.0234375,-0.197265625,0.0,0.0,0.0
1085715121,867796,0,1.0,-0.099609375,-0.015625,-0.115234375,0.0,0.0,0.0
1085716371,867797,0,1.052734375,-0.271484375,0.01171875,-0.259765625,0.0,0.0,0.0
1085717623,867798,0,1.09765625,-0.404296875,-0.037109375,-0.44140625,0.0,0.0,0.0
1085718873,867799,0,0.9921875,-0.458984375,-0.12890625,-0.587890625,0.0,0.0,0.0
1085720124,867800,0,0.96484375,-0.5078125,-0.12890625,-0.63671875,0.0,0.0,0.0
1085721376,867801,0,1.01171875,-0.501953125,-0.142578125,-0.64453125,0.0,0.0,0.0
1085722626,867802,0,1.001953125,-0.4609375,-0.130859375,-0.591796875,0.0,0.0,0.0
1085723877,867803,0,0.984375,-0.3828125,-0.11328125,-0.49609375,0.0,0.0,0.0
1085725127,867804,0,0.98828125,-0.2890625,-0.083984375,-0.373046875,0.0,0.0,0.0
1085726377,867805,0,1.00390625,-0.205078125,-0.072265625,-0.27734375,0.0,0.0,0.0
1085727629,867806,0,1.017578125,-0.158203125,-0.0546875,-0.212890625,0.0,0.0,0.0
1085728879,867807,0,0.97265625,-0.23046875,-0.068359375,-0.298828125,0.0,0.0,0.0
1085730130,867808,0,1.0546875,-2.869140625,-1.228515625,-4.09765625,0.0,0.0,0.0
1085731381,867809,0,1.462890625,-1.111328125,-0.21875,-1.330078125,0.0,0.0,0.0
1085732631,867810,0,0.583984375,-0.34765625,-0.701171875,-1.048828125,0.0,0.0,0.0
1085733883,867811,0,1.193359375,-0.2265625,0.21484375,-0.01171875,0.0,0.0,0.0
1085735134,867812,0,1.08984375,0.41015625,0.259765625,0.669921875,0.0,0.0,0.0
1085736384,867813,0,1.046875,0.673828125,0.091796875,0.765625,0.0,0.0,0.0
1085737635,867814,0,0.8828125,0.580078125,0.169921875,0.75,0.0,0.0,0.0
1085738887,867815,0,1.12890625,0.451171875,0.083984375,0.53515625,0.0,0.0,0.0
1085740137,867816,0,0.908203125,0.2421875,0.080078125,0.322265625,0.0,0.0,0.0
1085741388,867817,0,0.94140625,0.017578125,-0.060546875,-0.04296875,0.0,0.0,0.0
1085742639,867818,0,1.052734375,-0.294921875,-0.091796875,-0.38671875,0.0,0.0,0.0
1085743889,867819,0,0.8359375,-1.0390625,-0.2421875,-1.28125,0.0,0.0,0.0
1085745140,867820,0,0.46484375,-4.0,-0.396484375,-4.396484375,0.0,0.0,0.0
1085746392,867821,0,0.490234375,-3.90234375,-1.41796875,-5.3203125,0.0,0.0,0.0
1085747642,867822,0,0.76953125,-4.0,-4.0,-8.0,0.0,0.0,0.0
1085748894,867823,0,1.568359375,-3.744140625,-1.0390625,-4.783203125,0.0,0.0,0.0
1085750145,867824,0,0.552734375,-1.712890625,-2.359375,-4.072265625,0.0,0.0,0.0
1085751396,867825,0,0.994140625,0.033203125,-0.78125,-0.748046875,0.0,0.0,0.0
1085752647,867826,0,1.34765625,1.791015625,-0.935546875,0.85546875,0.0,0.0,0.0
1085753899,867827,0,1.2109375,3.10546875,0.283203125,3.388671875,0.0,0.0,0.0
1085755150,867828,0,0.884765625,3.998046875,0.68359375,4.681640625,0.0,0.0,0.0
1085756400,867829,0,1.083984375,3.998046875,1.068359375,5.06640625,0.0,0.0,0.0
1085757652,867830,0,1.359375,3.998046875,1.568359375,5.56640625,0.0,0.0,0.0
1085758902,867831,0,1.224609375,3.998046875,1.712890625,5.7109375,0.0,0.0,0.0
1085760152,867832,0,1.169921875,3.998046875,1.791015625,5.7890625,0.0,0.0,0.0
1085761402,867833,0,1.2265625,3.998046875,1.708984375,5.70703125,0.0,0.0,0.0
1085762653,867834,0,1.103515625,3.998046875,1.453125,5.451171875,0.0,0.0,0.0
1085763904,867835,0,1.017578125,3.22265625,1.083984375,4.306640625,0.0,0.0,0.0
1085765154,867836,0,1.05078125,2.158203125,0.646484375,2.8046875,0.0,0.0,0.0
1085766406,867837,0,1.021484375,1.017578125,0.220703125,1.23828125,0.0,0.0,0.0
1085767657,867838,0,1.056640625,-0.080078125,-0.169921875,-0.25,0.0,0.0,0.0
1085768907,867839,0,1.056640625,-1.06640625,-0.48828125,-1.5546875,0.0,0.0,0.0
1085770158,867840,0,0.9140625,-1.8984375,-0.701171875,-2.599609375,0.0,0.0,0.0
1085771408,867841,0,0.888671875,-2.56640625,-0.90625,-3.47265625,0.0,0.0,0.0
1085772659,867842,0,0.896484375,-2.98828125,-0.947265625,-3.935546875,0.0,0.0,0.0
1085773910,867843,0,0.814453125,-3.181640625,-1.015625,-4.197265625,0.0,0.0,0.0
1085775160,867844,0,0.884765625,-3.103515625,-1.01953125,-4.123046875,0.0,0.0,0.0
1085776410,867845,0,0.966796875,-2.8203125,-0.93359375,-3.75390625,0.0,0.0,0.0
1085777662,867846,0,0.93359375,-2.359375,-0.82421875,-3.18359375,0.0,0.0,0.0
1085778912,867847,0,0.958984375,-1.77734375,-0.6484375,-2.42578125,0.0,0.0,0.0
1085780163,867848,0,0.953125,-1.123046875,-0.4296875,-1.552734375,0.0,0.0,0.0
1085781413,867849,0,0.982421875,-0.412109375,-0.220703125,-0.6328125,0.0,0.0,0.0
1085782664,867850,0,1.015625,0.2578125,-0.021484375,0.236328125,0.0,0.0,0.0
1085783915,867851,0,1.017578125,0.84375,0.1796875,1.0234375,0.0,0.0,0.0
1085785167,867852,0,1.080078125,1.326171875,0.357421875,1.68359375,0.0,0.0,0.0
1085786417,867853,0,1.123046875,1.671875,0.49609375,2.16796875,0.0,0.0,0.0
1085787668,867854,0,1.095703125,1.857421875,0.61328125,2.470703125,0.0,0.0,0.0
1085788920,867855,0,1.037109375,1.927734375,0.63671875,2.564453125,0.0,0.0,0.0
1085790171,867856,0,1.07421875,1.638671875,0.60546875,2.244140625,0.0,0.0,0.0
1085791422,867857,0,1.033203125,1.34375,0.48046875,1.82421875,0.0,0.0,0.0
1085792674,867858,0,1.0625,0.95703125,0.34375,1.30078125,0.0,0.0,0.0
1085793924,867859,0,1.06640625,0.544921875,0.193359375,0.73828125,0.0,0.0,0.0
1085795175,867860,0,1.033203125,0.1171875,0.04296875,0.16015625,0.0,0.0,0.0
1085796426,867861,0,0.990234375,-0.275390625,-0.080078125,-0.35546875,0.0,0.0,0.0
1085797677,867862,0,0.92578125,-0.65234375,-0.193359375,-0.845703125,0.0,0.0,0.0
1085798928,867863,0,0.939453125,-0.896484375,-0.271484375,-1.16796875,0.0,0.0,0.0
1085800179,867864,0,0.955078125,-1.109375,-0.33203125,-1.44140625,0.0,0.0,0.0
1085801431,867865,0,0.947265625,-1.208984375,-0.376953125,-1.5859375,0.0,0.0,0.0
1085802681,867866,0,1.0078125,-1.23046875,-0.3828125,-1.61328125,0.0,0.0,0.0
1085803932,867867,0,0.99609375,-1.1484375,-0.36328125,-1.51171875,0.0,0.0,0.0
1085805182,867868,0,0.94921875,-0.9765625,-0.30859375,-1.28515625,0.0,0.0,0.0
1085806432,867869,0,0.953125,-0.763671875,-0.240234375,-1.00390625,0.0,0.0,0.0
1085807684,867870,0,0.98046875,-0.515625,-0.150390625,-0.666015625,0.0,0.0,0.0
1085808934,867871,0,0.9765625,-0.23828125,-0.083984375,-0.322265625,0.0,0.0,0.0
1085810185,867872,0,1.0,0.015625,0.001953125,0.017578125,0.0,0.0,0.0
1085811436,867873,0,1.048828125,0.255859375,0.072265625,0.328125,0.0,0.0,0.0
1085812687,867874,0,1.041015625,0.4453125,0.125,0.5703125,0.0,0.0,0.0
1085813937,867875,0,1.033203125,0.619140625,0.212890625,0.83203125,0.0,0.0,0.0
1085815187,867876,0,1.017578125,0.69921875,0.2578125,0.95703125,0.0,0.0,0.0
1085816439,867877,0,1.0,0.7421875,0.275390625,1.017578125,0.0,0.0,0.0
1085817690,867878,0,1.009765625,0.7109375,0.263671875,0.974609375,0.0,0.0,0.0
1085818940,867879,0,1.021484375,0.630859375,0.2421875,0.873046875,0.0,0.0,0.0
1085820192,867880,0,1.048828125,0.521484375,0.205078125,0.7265625,0.0,0.0,0.0
1085821443,867881,0,1.046875,0.37109375,0.14453125,0.515625,0.0,0.0,0.0
1085822694,867882,0,1.021484375,0.2109375,0.0859375,0.296875,0.0,0.0,0.0
1085823944,867883,0,1.001953125,0.052734375,0.037109375,0.08984375,0.0,0.0,0.0
1085825194,867884,0,0.98828125,-0.1171875,-0.009765625,-0.126953125,0.0,0.0,0.0
1085826445,867885,0,0.978515625,-0.25,-0.0546875,-0.3046875,0.0,0.0,0.0
1085827697,867886,0,0.98046875,-0.361328125,-0.107421875,-0.46875,0.0,0.0,0.0
1085828947,867887,0,1.009765625,-0.43359375,-0.123046875,-0.556640625,0.0,0.0,0.0
1085830199,867888,0,1.0078125,-0.4765625,-0.146484375,-0.623046875,0.0,0.0,0.0
1085831449,867889,0,0.998046875,-0.48046875,-0.134765625,-0.615234375,0.0,0.0,0.0
1085832701,867890,0,0.982421875,-0.4453125,-0.119140625,-0.564453125,0.0,0.0,0.0
1085833951,867891,0,0.978515625,-0.390625,-0.10546875,-0.49609375,0.0,0.0,0.0
1085835202,867892,0,0.97265625,-0.296875,-0.083984375,-0.380859375,0.0,0.0,0.0
1085836454,867893,0,0.98828125,-0.1953125,-0.056640625,-0.251953125,0.0,0.0,0.0
1085837704,867894,0,1.01953125,-0.10546875,-0.029296875,-0.134765625,0.0,0.0,0.0
1085838955,867895,0,1.041015625,-0.0078125,0.01171875,0.00390625,0.0,0.0,0.0
1085840206,867896,0,1.021484375,0.095703125,0.033203125,0.12890625,0.0,0.0,0.0
1085841457,867897,0,1.0078125,0.1640625,0.087890625,0.251953125,0.0,0.0,0.0
1085842708,867898,0,1.0078125,0.224609375,0.115234375,0.33984375,0.0,0.0,0.0
1085843959,867899,0,0.998046875,0.271484375,0.109375,0.380859375,0.0,0.0,0.0
1085845211,867900,0,1.00390625,0.25390625,0.103515625,0.357421875,0.0,0.0,0.0
1085846463,867901,0,1.025390625,0.21875,0.08984375,0.30859375,0.0,0.0,0.0
1085847713,867902,0,1.021484375,0.173828125,0.078125,0.251953125,0.0,0.0,0.0
1085848965,867903,0,1.015625,0.107421875,0.056640625,0.1640625,0.0,0.0,0.0
1085850215,867904,0,0.994140625,0.044921875,0.033203125,0.078125,0.0,0.0,0.0
1085851466,867905,0,0.990234375,-0.0234375,0.013671875,-0.009765625,0.0,0.0,0.0
1085852716,867906,0,0.9921875,-0.0859375,-0.001953125,-0.087890625,0.0,0.0,0.0
1085853966,867907,0,0.99609375,-0.138671875,-0.033203125,-0.171875,0.0,0.0,0.0
1085855216,867908,0,1.0078125,-0.17578125,-0.046875,-0.22265625,0.0,0.0,0.0
1085856468,867909,0,1.00390625,-0.203125,-0.064453125,-0.267578125,0.0,0.0,0.0
1085857719,867910,0,0.99609375,-0.216796875,-0.060546875,-0.27734375,0.0,0.0,0.0
1085858969,867911,0,0.994140625,-0.21484375,-0.0546875,-0.26953125,0.0,0.0,0.0
1085860221,867912,0,0.9921875,-0.197265625,-0.056640625,-0.25390625,0.0,0.0,0.0
1085861471,867913,0,0.9921875,-0.173828125,-0.041015625,-0.21484375,0.0,0.0,0.0
1085862723,867914,0,1.00390625,-0.1328125,-0.02734375,-0.16015625,0.0,0.0,0.0
1085863973,867915,0,1.009765625,-0.087890625,-0.017578125,-0.10546875,0.0,0.0,0.0
1085865225,867916,0,1.021484375,-0.0546875,0.00390625,-0.05078125,0.0,0.0,0.0
1085866476,867917,0,0.998046875,-0.017578125,0.01171875,-0.005859375,0.0,0.0,0.0
1085867727,867918,0,1.001953125,0.02734375,0.029296875,0.056640625,0.0,0.0,0.0
1085868977,867919,0,1.0,0.0546875,0.0390625,0.09375,0.0,0.0,0.0
1085870228,867920,0,1.00390625,0.076171875,0.0390625,0.115234375,0.0,0.0,0.0
1085871479,867921,0,1.01171875,0.0859375,0.044921875,0.130859375,0.0,0.0,0.0
1085872730,867922,0,1.017578125,0.08984375,0.041015625,0.130859375,0.0,0.0,0.0
1085873981,867923,0,1.013671875,0.08203125,0.04296875,0.125,0.0,0.0,0.0
1085875233,867924,0,1.01171875,0.064453125,0.04296875,0.107421875,0.0,0.0,0.0
1085876484,867925,0,1.005859375,0.041015625,0.03515625,0.076171875,0.0,0.0,0.0
1085877734,867926,0,0.99609375,0.01171875,0.033203125,0.044921875,0.0,0.0,0.0
1085878984,867927,0,0.998046875,-0.009765625,0.01953125,0.009765625,0.0,0.0,0.0
1085880235,867928,0,1.001953125,-0.03125,0.013671875,-0.017578125,0.0,0.0,0.0
1085881486,867929,0,1.01171875,-0.05859375,0.00390625,-0.0546875,0.0,0.0,0.0
1085882737,867930,0,1.01171875,-0.07421875,-0.005859375,-0.080078125,0.0,0.0,0.0
1085883987,867931,0,1.005859375,-0.08984375,-0.00390625,-0.09375,0.0,0.0,0.0
1085885238,867932,0,0.998046875,-0.095703125,-0.005859375,-0.1015625,0.0,0.0,0.0
1085886489,867933,0,0.99609375,-0.10546875,-0.001953125,-0.107421875,0.0,0.0,0.0
1085887740,867934,0,0.99609375,-0.09375,0.0,-0.09375,0.0,0.0,0.0
1085888992,867935,0,0.994140625,-0.087890625,-0.005859375,-0.09375,0.0,0.0,0.0
1085890242,867936,0,1.009765625,-0.080078125,-0.001953125,-0.08203125,0.0,0.0,0.0
1085891493,867937,0,1.01171875,-0.0546875,0.0078125,-0.046875,0.0,0.0,0.0
1085892744,867938,0,1.01171875,-0.048828125,0.001953125,-0.046875,0.0,0.0,0.0
1085893994,867939,0,1.00390625,-0.025390625,0.017578125,-0.0078125,0.0,0.0,0.0
1085895245,867940,0,1.013671875,-0.013671875,0.03125,0.017578125,0.0,0.0,0.0
1085896497,867941,0,1.0,0.013671875,0.0234375,0.037109375,0.0,0.0,0.0
1085897749,867942,0,1.001953125,0.01953125,0.02734375,0.046875,0.0,0.0,0.0
1085898999,867943,0,1.01171875,0.01953125,0.03515625,0.0546875,0.0,0.0,0.0
1085900250,867944,0,1.00390625,0.015625,0.033203125,0.048828125,0.0,0.0,0.0
1085901500,867945,0,1.0078125,0.015625,0.029296875,0.044921875,0.0,0.0,0.0
1085902752,867946,0,1.0078125,0.00390625,0.03125,0.03515625,0.0,0.0,0.0
1085904003,867947,0,1.0,-0.0078125,0.025390625,0.017578125,0.0,0.0,0.0
1085905254,867948,0,0.998046875,-0.013671875,0.013671875,0.0,0.0,0.0,0.0
1085906504,867949,0,1.009765625,-0.029296875,0.01171875,-0.017578125,0.0,0.0,0.0
1085907756,867950,0,1.005859375,-0.037109375,0.00390625,-0.033203125,0.0,0.0,0.0
1085909006,867951,0,1.00390625,-0.048828125,0.0078125,-0.041015625,0.0,0.0,0.0
1085910257,867952,0,1.0078125,-0.052734375,0.0078125,-0.044921875,0.0,0.0,0.0
1085911508,867953,0,1.001953125,-0.0625,0.001953125,-0.060546875,0.0,0.0,0.0
1085912759,867954,0,1.001953125,-0.064453125,0.00390625,-0.060546875,0.0,0.0,0.0
1085914009,867955,0,1.0,-0.0703125,0.0,-0.0703125,0.0,0.0,0.0
1085915259,867956,0,1.0078125,-0.05859375,0.005859375,-0.052734375,0.0,0.0,0.0
1085916510,867957,0,1.005859375,-0.0546875,-0.001953125,-0.056640625,0.0,0.0,0.0
1085917762,867958,0,1.00390625,-0.05078125,0.0078125,-0.04296875,0.0,0.0,0.0
1085919013,867959,0,1.00390625,-0.0390625,0.005859375,-0.033203125,0.0,0.0,0.0
1085920271,867960,0,1.001953125,-0.037109375,0.013671875,-0.0234375,0.0,0.0,0.0
1085921522,867961,0,0.9921875,-0.03515625,0.015625,-0.01953125,0.0,0.0,0.0
1085922773,867962,0,0.998046875,-0.025390625,0.013671875,-0.01171875,0.0,0.0,0.0
1085924025,867963,0,0.994140625,-0.021484375,0.0078125,-0.013671875,0.0,0.0,0.0
1085925277,867964,0,0.998046875,-0.01953125,0.0078125,-0.01171875,0.0,0.0,0.0
1085926528,867965,0,1.0078125,-0.017578125,0.015625,-0.001953125,0.0,0.0,0.0
1085927779,867966,0,1.0078125,-0.015625,0.0078125,-0.0078125,0.0,0.0,0.0
1085929031,867967,0,1.009765625,-0.01953125,0.009765625,-0.009765625,0.0,0.0,0.0
1085930283,867968,0,1.001953125,-0.01953125,0.01171875,-0.0078125,0.0,0.0,0.0
1085931535,867969,0,0.998046875,-0.0234375,0.01171875,-0.01171875,0.0,0.0,0.0
1085932786,867970,0,1.001953125,-0.021484375,0.005859375,-0.015625,0.0,0.0,0.0
1085934036,867971,0,1.0,-0.03125,0.005859375,-0.025390625,0.0,0.0,0.0
1085935287,867972,0,1.01171875,-0.03125,0.001953125,-0.029296875,0.0,0.0,0.0
1085936537,867973,0,1.0078125,-0.0390625,0.0,-0.0390625,0.0,0.0,0.0
1085937787,867974,0,1.0078125,-0.044921875,0.001953125,-0.04296875,0.0,0.0,0.0
1085939038,867975,0,1.009765625,-0.04296875,0.00390625,-0.0390625,0.0,0.0,0.0
1085940289,867976,0,1.005859375,-0.044921875,0.005859375,-0.0390625,0.0,0.0,0.0
1085941539,867977,0,0.998046875,-0.041015625,0.0,-0.041015625,0.0,0.0,0.0
1085942790,867978,0,0.998046875,-0.0390625,0.001953125,-0.037109375,0.0,0.0,0.0
1085944042,867979,0,1.0078125,-0.044921875,-0.001953125,-0.046875,0.0,0.0,0.0
1085945292,867980,0,1.00390625,-0.0390625,0.005859375,-0.033203125,0.0,0.0,0.0
1085946543,867981,0,1.013671875,-0.0390625,0.005859375,-0.033203125,0.0,0.0,0.0
1085947794,867982,0,1.005859375,-0.033203125,0.005859375,-0.02734375,0.0,0.0,0.0
1085949044,867983,0,1.00390625,-0.02734375,0.013671875,-0.013671875,0.0,0.0,0.0
1085950294,867984,0,0.998046875,-0.0234375,0.0078125,-0.015625,0.0,0.0,0.0
1085951544,867985,0,1.00390625,-0.017578125,0.01953125,0.001953125,0.0,0.0,0.0
1085952795,867986,0,1.00390625,-0.021484375,0.013671875,-0.0078125,0.0,0.0,0.0
1085954047,867987,0,1.00390625,-0.021484375,0.009765625,-0.01171875,0.0,0.0,0.0
1085955297,867988,0,1.005859375,-0.021484375,0.013671875,-0.0078125,0.0,0.0,0.0
1085956548,867989,0,1.005859375,-0.021484375,0.015625,-0.005859375,0.0,0.0,0.0
1085957800,867990,0,0.998046875,-0.025390625,0.009765625,-0.015625,0.0,0.0,0.0
1085959050,867991,0,1.001953125,-0.0234375,0.009765625,-0.013671875,0.0,0.0,0.0
1085960300,867992,0,1.009765625,-0.029296875,0.01171875,-0.017578125,0.0,0.0,0.0
1085961550,867993,0,1.00390625,-0.03125,0.01171875,-0.01953125,0.0,0.0,0.0
1085962801,867994,0,1.00390625,-0.033203125,0.021484375,-0.01171875,0.0,0.0,0.0
1085964052,867995,0,1.0,-0.037109375,0.013671875,-0.0234375,0.0,0.0,0.0
1085965302,867996,0,1.00390625,-0.037109375,0.013671875,-0.0234375,0.0,0.0,0.0
1085966553,867997,0,1.0,-0.033203125,0.017578125,-0.015625,0.0,0.0,0.0
1085967804,867998,0,1.0,-0.029296875,0.013671875,-0.015625,0.0,0.0,0.0
1085969054,867999,0,1.001953125,-0.033203125,0.01171875,-0.021484375,0.0,0.0,0.0
1085970305,868000,0,1.00390625,-0.03125,0.00390625,-0.02734375,0.0,0.0,0.0
1085971556,868001,0,0.998046875,-0.033203125,0.021484375,-0.01171875,0.0,0.0,0.0
1085972807,868002,0,1.015625,-0.033203125,0.009765625,-0.0234375,0.0,0.0,0.0
1085974058,868003,0,0.998046875,-0.03515625,0.01171875,-0.0234375,0.0,0.0,0.0
1085975310,868004,0,0.998046875,-0.033203125,0.0078125,-0.025390625,0.0,0.0,0.0
1085976560,868005,0,1.0078125,-0.025390625,0.01953125,-0.005859375,0.0,0.0,0.0
1085977810,868006,0,1.001953125,-0.02734375,0.015625,-0.01171875,0.0,0.0,0.0
1085979060,868007,0,1.00390625,-0.029296875,0.009765625,-0.01953125,0.0,0.0,0.0
1085980311,868008,0,1.0078125,-0.02734375,0.015625,-0.01171875,0.0,0.0,0.0
1085981561,868009,0,1.0078125,-0.029296875,0.01171875,-0.017578125,0.0,0.0,0.0
1085982813,868010,0,1.001953125,-0.03125,0.005859375,-0.025390625,0.0,0.0,0.0
1085984063,868011,0,1.00390625,-0.03515625,0.009765625,-0.025390625,0.0,0.0,0.0
1085985313,868012,0,0.99609375,-0.033203125,0.017578125,-0.015625,0.0,0.0,0.0
1085986565,868013,0,1.00390625,-0.037109375,0.013671875,-0.0234375,0.0,0.0,0.0
1085987816,868014,0,1.005859375,-0.033203125,0.00390625,-0.029296875,0.0,0.0,0.0
1085989066,868015,0,1.005859375,-0.037109375,0.01171875,-0.025390625,0.0,0.0,0.0
1085990316,868016,0,1.001953125,-0.037109375,0.0078125,-0.029296875,0.0,0.0,0.0
1085991567,868017,0,1.0078125,-0.033203125,0.01171875,-0.021484375,0.0,0.0,0.0
1085992817,868018,0,1.00390625,-0.03515625,0.00390625,-0.03125,0.0,0.0,0.0
1085994069,868019,0,1.005859375,-0.033203125,0.01171875,-0.021484375,0.0,0.0,0.0
1085995319,868020,0,0.99609375,-0.0390625,0.00390625,-0.03515625,0.0,0.0,0.0
1085996570,868021,0,1.005859375,-0.0390625,0.0078125,-0.03125,0.0,0.0,0.0
1085997822,868022,0,1.001953125,-0.046875,0.001953125,-0.044921875,0.0,0.0,0.0
1085999072,868023,0,1.005859375,-0.037109375,0.0,-0.037109375,0.0,0.0,0.0
1086000322,868024,0,1.01171875,-0.03125,0.005859375,-0.025390625,0.0,0.0,0.0
1086001572,868025,0,1.0078125,-0.037109375,0.001953125,-0.03515625,0.0,0.0,0.0
1086002823,868026,0,0.998046875,-0.04296875,0.013671875,-0.029296875,0.0,0.0,0.0
1086004075,868027,0,1.001953125,-0.03515625,0.001953125,-0.033203125,0.0,0.0,0.0
1086005326,868028,0,1.001953125,-0.03125,0.009765625,-0.021484375,0.0,0.0,0.0
1086006576,868029,0,1.001953125,-0.03125,0.001953125,-0.029296875,0.0,0.0,0.0
1086007827,868030,0,1.0078125,-0.03125,0.0078125,-0.0234375,0.0,0.0,0.0
1086009077,868031,0,1.00390625,-0.03125,0.013671875,-0.017578125,0.0,0.0,0.0
1086010327,868032,0,1.001953125,-0.029296875,0.009765625,-0.01953125,0.0,0.0,0.0
1086011578,868033,0,1.00390625,-0.03125,0.01171875,-0.01953125,0.0,0.0,0.0
1086012829,868034,0,1.001953125,-0.029296875,0.0078125,-0.021484375,0.0,0.0,0.0
1086014080,868035,0,0.998046875,-0.02734375,0.009765625,-0.017578125,0.0,0.0,0.0
1086015332,868036,0,1.00390625,-0.029296875,0.009765625,-0.01953125,0.0,0.0,0.0
1086016582,868037,0,1.001953125,-0.033203125,0.013671875,-0.01953125,0.0,0.0,0.0
1086017834,868038,0,1.001953125,-0.033203125,0.0078125,-0.025390625,0.0,0.0,0.0
1086019085,868039,0,1.00390625,-0.033203125,0.01171875,-0.021484375,0.0,0.0,0.0
1086020335,868040,0,1.00390625,-0.03125,0.0078125,-0.0234375,0.0,0.0,0.0
1086021586,868041,0,1.001953125,-0.037109375,0.009765625,-0.02734375,0.0,0.0,0.0
1086022838,868042,0,1.005859375,-0.03515625,0.005859375,-0.029296875,0.0,0.0,0.0
1086024088,868043,0,0.99609375,-0.033203125,0.005859375,-0.02734375,0.0,0.0,0.0
1086025338,868044,0,1.0,-0.03125,0.01171875,-0.01953125,0.0,0.0,0.0
1086026589,868045,0,1.00390625,-0.03125,0.01171875,-0.01953125,0.0,0.0,0.0
1086027839,868046,0,0.994140625,-0.03515625,0.0078125,-0.02734375,0.0,0.0,0.0
1086029091,868047,0,1.0078125,-0.029296875,0.009765625,-0.01953125,0.0,0.0,0.0
1086030341,868048,0,1.005859375,-0.025390625,0.009765625,-0.015625,0.0,0.0,0.0
1086031592,868049,0,1.017578125,-0.03515625,0.00390625,-0.03125,0.0,0.0,0.0
1086032844,868050,0,1.0,-0.03125,0.015625,-0.015625,0.0,0.0,0.0
1086034094,868051,0,1.001953125,-0.0234375,0.015625,-0.0078125,0.0,0.0,0.0
1086035344,868052,0,1.005859375,-0.02734375,0.01171875,-0.015625,0.0,0.0,0.0
1086036595,868053,0,1.0,-0.03125,0.013671875,-0.017578125,0.0,0.0,0.0
1086037846,868054,0,1.001953125,-0.029296875,0.01953125,-0.009765625,0.0,0.0,0.0
1086039096,868055,0,1.00390625,-0.03125,0.009765625,-0.021484375,0.0,0.0,0.0
1086040346,868056,0,1.001953125,-0.02734375,0.015625,-0.01171875,0.0,0.0,0.0
1086041597,868057,0,1.00390625,-0.033203125,0.015625,-0.017578125,0.0,0.0,0.0
1086042847,868058,0,1.001953125,-0.03515625,0.01171875,-0.0234375,0.0,0.0,0.0
1086044097,868059,0,1.005859375,-0.03515625,0.005859375,-0.029296875,0.0,0.0,0.0
1086045349,868060,0,1.001953125,-0.033203125,0.009765625,-0.0234375,0.0,0.0,0.0
1086046599,868061,0,1.0078125,-0.029296875,0.013671875,-0.015625,0.0,0.0,0.0
1086047850,868062,0,1.009765625,-0.037109375,0.013671875,-0.0234375,0.0,0.0,0.0
1086049101,868063,0,0.998046875,-0.0390625,0.015625,-0.0234375,0.0,0.0,0.0
1086050351,868064,0,1.00390625,-0.0390625,-0.001953125,-0.041015625,0.0,0.0,0.0
1086051602,868065,0,1.005859375,-0.03515625,0.0078125,-0.02734375,0.0,0.0,0.0
1086052853,868066,0,1.013671875,-0.033203125,0.01171875,-0.021484375,0.0,0.0,0.0
1086054103,868067,0,1.009765625,-0.037109375,0.017578125,-0.01953125,0.0,0.0,0.0
1086055355,868068,0,1.001953125,-0.041015625,0.001953125,-0.0390625,0.0,0.0,0.0
1086056606,868069,0,1.0078125,-0.0390625,0.015625,-0.0234375,0.0,0.0,0.0
1086057856,868070,0,1.00390625,-0.03515625,0.009765625,-0.025390625,0.0,0.0,0.0
1086059108,868071,0,1.001953125,-0.03515625,0.009765625,-0.025390625,0.0,0.0,0.0
1086060359,868072,0,1.005859375,-0.03515625,0.0078125,-0.02734375,0.0,0.0,0.0
1086061610,868073,0,1.005859375,-0.0390625,0.01171875,-0.02734375,0.0,0.0,0.0
1086062860,868074,0,1.005859375,-0.037109375,0.01171875,-0.025390625,0.0,0.0,0.0
1086064110,868075,0,1.005859375,-0.0390625,0.01171875,-0.02734375,0.0,0.0,0.0
1086065362,868076,0,0.994140625,-0.0390625,0.0078125,-0.03125,0.0,0.0,0.0
1086066614,868077,0,1.00390625,-0.037109375,0.001953125,-0.03515625,0.0,0.0,0.0
1086067865,868078,0,1.0,-0.037109375,0.005859375,-0.03125,0.0,0.0,0.0
1086069115,868079,0,1.0078125,-0.033203125,0.005859375,-0.02734375,0.0,0.0,0.0
1086070366,868080,0,1.00390625,-0.03515625,0.009765625,-0.025390625,0.0,0.0,0.0
1086071616,868081,0,0.99609375,-0.03515625,0.009765625,-0.025390625,0.0,0.0,0.0
1086072867,868082,0,1.0078125,-0.03515625,0.013671875,-0.021484375,0.0,0.0,0.0
1086074118,868083,0,1.005859375,-0.037109375,0.009765625,-0.02734375,0.0,0.0,0.0
1086075368,868084,0,0.994140625,-0.03515625,0.005859375,-0.029296875,0.0,0.0,0.0
1086076619,868085,0,1.00390625,-0.033203125,0.0078125,-0.025390625,0.0,0.0,0.0
1086077871,868086,0,1.001953125,-0.029296875,0.001953125,-0.02734375,0.0,0.0,0.0
1086079121,868087,0,1.001953125,-0.0390625,0.001953125,-0.037109375,0.0,0.0,0.0
1086080371,868088,0,0.998046875,-0.033203125,0.005859375,-0.02734375,0.0,0.0,0.0
1086081623,868089,0,0.994140625,-0.033203125,0.015625,-0.017578125,0.0,0.0,0.0
1086082873,868090,0,1.001953125,-0.03515625,0.01171875,-0.0234375,0.0,0.0,0.0
1086084124,868091,0,1.00390625,-0.033203125,0.005859375,-0.02734375,0.0,0.0,0.0
1086085376,868092,0,1.005859375,-0.03515625,0.005859375,-0.029296875,0.0,0.0,0.0
1086086626,868093,0,1.009765625,-0.029296875,0.013671875,-0.015625,0.0,0.0,0.0
1086087877,868094,0,1.005859375,-0.029296875,0.01171875,-0.017578125,0.0,0.0,0.0
1086089127,868095,0,1.009765625,-0.025390625,0.001953125,-0.0234375,0.0,0.0,0.0
1086090377,868096,0,1.001953125,-0.025390625,0.0078125,-0.017578125,0.0,0.0,0.0
1086091629,868097,0,1.005859375,-0.02734375,0.00390625,-0.0234375,0.0,0.0,0.0
1086092879,868098,0,1.0078125,-0.029296875,0.0078125,-0.021484375,0.0,0.0,0.0
1086094130,868099,0,1.00390625,-0.025390625,0.013671875,-0.01171875,0.0,0.0,0.0
1086095381,868100,0,1.00390625,-0.03125,0.017578125,-0.013671875,0.0,0.0,0.0
1086096631,868101,0,1.001953125,-0.033203125,0.009765625,-0.0234375,0.0,0.0,0.0
1086097883,868102,0,1.001953125,-0.025390625,0.01171875,-0.013671875,0.0,0.0,0.0
1086099134,868103,0,1.001953125,-0.0234375,0.01171875,-0.01171875,0.0,0.0,0.0
1086100384,868104,0,1.009765625,-0.03125,0.013671875,-0.017578125,0.0,0.0,0.0
1086101635,868105,0,1.0078125,-0.03125,0.017578125,-0.013671875,0.0,0.0,0.0
1086102887,868106,0,1.009765625,-0.029296875,0.01171875,-0.017578125,0.0,0.0,0.0
1086104137,868107,0,1.001953125,-0.025390625,0.0078125,-0.017578125,0.0,0.0,0.0
1086105388,868108,0,1.001953125,-0.025390625,0.005859375,-0.01953125,0.0,0.0,0.0
1086106639,868109,0,0.994140625,-0.03125,0.005859375,-0.025390625,0.0,0.0,0.0
1086107889,868110,0,1.005859375,-0.029296875,0.015625,-0.013671875,0.0,0.0,0.0
1086109140,868111,0,1.005859375,-0.029296875,0.00390625,-0.025390625,0.0,0.0,0.0
1086110392,868112,0,1.001953125,-0.03125,0.009765625,-0.021484375,0.0,0.0,0.0
1086111642,868113,0,1.001953125,-0.03125,0.01171875,-0.01953125,0.0,0.0,0.0
1086112894,868114,0,1.001953125,-0.02734375,0.009765625,-0.017578125,0.0,0.0,0.0
1086114145,868115,0,1.001953125,-0.03125,0.01171875,-0.01953125,0.0,0.0,0.0
1086115396,868116,0,1.00390625,-0.033203125,0.009765625,-0.0234375,0.0,0.0,0.0
1086116647,868117,0,1.005859375,-0.033203125,0.0078125,-0.025390625,0.0,0.0,0.0
1086117899,868118,0,1.001953125,-0.033203125,0.0078125,-0.025390625,0.0,0.0,0.0
1086119150,868119,0,0.998046875,-0.03515625,0.005859375,-0.029296875,0.0,0.0,0.0
1086120400,868120,0,0.99609375,-0.033203125,0.0078125,-0.025390625,0.0,0.0,0.0
1086121652,868121,0,1.005859375,-0.037109375,0.009765625,-0.02734375,0.0,0.0,0.0
1086122902,868122,0,1.0,-0.03515625,0.00390625,-0.03125,0.0,0.0,0.0
1086124152,868123,0,1.00390625,-0.033203125,0.01171875,-0.021484375,0.0,0.0,0.0
1086125402,868124,0,1.005859375,-0.033203125,0.015625,-0.017578125,0.0,0.0,0.0
1086126653,868125,0,1.0078125,-0.037109375,0.01171875,-0.025390625,0.0,0.0,0.0
1086127904,868126,0,1.005859375,-0.03515625,0.01171875,-0.0234375,0.0,0.0,0.0
1086129154,868127,0,1.0078125,-0.037109375,0.009765625,-0.02734375,0.0,0.0,0.0
1086130406,868128,0,1.015625,-0.033203125,0.01171875,-0.021484375,0.0,0.0,0.0
1086131657,868129,0,1.00390625,-0.037109375,0.00390625,-0.033203125,0.0,0.0,0.0
1086132907,868130,0,1.001953125,-0.046875,0.0,-0.046875,0.0,0.0,0.0
1086134158,868131,0,1.00390625,-0.041015625,0.005859375,-0.03515625,0.0,0.0,0.0
1086135408,868132,0,1.001953125,-0.03515625,0.009765625,-0.025390625,0.0,0.0,0.0
1086136659,868133,0,1.0,-0.0390625,0.013671875,-0.025390625,0.0,0.0,0.0
1086137910,868134,0,0.998046875,-0.033203125,0.013671875,-0.01953125,0.0,0.0,0.0
1086139160,868135,0,0.998046875,-0.037109375,0.01171875,-0.025390625,0.0,0.0,0.0
1086140410,868136,0,1.009765625,-0.03515625,0.009765625,-0.025390625,0.0,0.0,0.0
1086141662,868137,0,1.005859375,-0.03125,0.01171875,-0.01953125,0.0,0.0,0.0
1086142912,868138,0,1.0078125,-0.037109375,0.01171875,-0.025390625,0.0,0.0,0.0
1086144163,868139,0,1.0,-0.029296875,0.01171875,-0.017578125,0.0,0.0,0.0
1086145413,868140,0,1.00390625,-0.03125,0.017578125,-0.013671875,0.0,0.0,0.0
1086146664,868141,0,1.005859375,-0.033203125,0.013671875,-0.01953125,0.0,0.0,0.0
1086147915,868142,0,1.005859375,-0.03515625,0.013671875,-0.021484375,0.0,0.0,0.0
1086149167,868143,0,1.0,-0.03125,0.013671875,-0.017578125,0.0,0.0,0.0
1086150417,868144,0,0.99609375,-0.02734375,0.013671875,-0.013671875,0.0,0.0,0.0
1086151668,868145,0,1.0,-0.03125,0.015625,-0.015625,0.0,0.0,0.0
1086152920,868146,0,1.001953125,-0.03125,0.01171875,-0.01953125,0.0,0.0,0.0
1086154171,868147,0,1.001953125,-0.03515625,0.013671875,-0.021484375,0.0,0.0,0.0
1086155422,868148,0,1.005859375,-0.025390625,0.01171875,-0.013671875,0.0,0.0,0.0
1086156674,868149,0,1.01171875,-0.03515625,0.013671875,-0.021484375,0.0,0.0,0.0
1086157924,868150,0,1.0,-0.03125,0.009765625,-0.021484375,0.0,0.0,0.0
1086159175,868151,0,1.01171875,-0.02734375,0.0078125,-0.01953125,0.0,0.0,0.0
1086160426,868152,0,1.009765625,-0.025390625,0.013671875,-0.01171875,0.0,0.0,0.0
1086161677,868153,0,1.005859375,-0.02734375,0.013671875,-0.013671875,0.0,0.0,0.0
1086162928,868154,0,1.0,-0.03125,0.01171875,-0.01953125,0.0,0.0,0.0
1086164179,868155,0,0.998046875,-0.03125,0.005859375,-0.025390625,0.0,0.0,0.0
1086165431,868156,0,1.009765625,-0.03125,0.013671875,-0.017578125,0.0,0.0,0.0
1086166681,868157,0,0.99609375,-0.033203125,0.009765625,-0.0234375,0.0,0.0,0.0
1086167932,868158,0,1.00390625,-0.03125,0.005859375,-0.025390625,0.0,0.0,0.0
1086169182,868159,0,1.005859375,-0.029296875,0.01171875,-0.017578125,0.0,0.0,0.0
1086170432,868160,0,1.001953125,-0.03125,0.005859375,-0.025390625,0.0,0.0,0.0
1086171684,868161,0,1.005859375,-0.025390625,0.0078125,-0.017578125,0.0,0.0,0.0
1086172934,868162,0,1.0078125,-0.029296875,0.01171875,-0.017578125,0.0,0.0,0.0
1086174185,868163,0,1.0078125,-0.0234375,0.013671875,-0.009765625,0.0,0.0,0.0
1086175436,868164,0,1.00390625,-0.02734375,0.009765625,-0.017578125,0.0,0.0,0.0
1086176687,868165,0,1.009765625,-0.029296875,0.01171875,-0.017578125,0.0,0.0,0.0
1086177937,868166,0,1.0,-0.029296875,0.009765625,-0.01953125,0.0,0.0,0.0
1086179187,868167,0,1.005859375,-0.02734375,0.009765625,-0.017578125,0.0,0.0,0.0
1086180439,868168,0,1.0078125,-0.033203125,0.00390625,-0.029296875,0.0,0.0,0.0
1086181690,868169,0,1.009765625,-0.029296875,0.017578125,-0.01171875,0.0,0.0,0.0
1086182940,868170,0,1.009765625,-0.03125,0.013671875,-0.017578125,0.0,0.0,0.0
1086184192,868171,0,0.99609375,-0.029296875,0.015625,-0.013671875,0.0,0.0,0.0
1086185443,868172,0,1.0,-0.033203125,0.009765625,-0.0234375,0.0,0.0,0.0
1086186694,868173,0,0.998046875,-0.03515625,0.013671875,-0.021484375,0.0,0.0,0.0
1086187944,868174,0,1.009765625,-0.037109375,0.005859375,-0.03125,0.0,0.0,0.0
1086189194,868175,0,1.0,-0.03125,0.01171875,-0.01953125,0.0,0.0,0.0
1086190445,868176,0,1.009765625,-0.03515625,0.0,-0.03515625,0.0,0.0,0.0
1086191697,868177,0,1.005859375,-0.03515625,0.005859375,-0.029296875,0.0,0.0,0.0
1086192947,868178,0,1.001953125,-0.037109375,0.005859375,-0.03125,0.0,0.0,0.0
1086194199,868179,0,1.001953125,-0.03515625,0.009765625,-0.025390625,0.0,0.0,0.0
1086195449,868180,0,1.00390625,-0.03125,0.001953125,-0.029296875,0.0,0.0,0.0
1086196701,868181,0,1.0,-0.037109375,0.005859375,-0.03125,0.0,0.0,0.0
1086197951,868182,0,1.00390625,-0.037109375,0.01171875,-0.025390625,0.0,0.0,0.0
1086199202,868183,0,1.01171875,-0.03515625,0.0078125,-0.02734375,0.0,0.0,0.0
1086200454,868184,0,1.001953125,-0.0390625,0.013671875,-0.025390625,0.0,0.0,0.0
1086201704,868185,0,1.0078125,-0.03515625,0.0078125,-0.02734375,0.0,0.0,0.0
1086202955,868186,0,1.005859375,-0.037109375,0.0078125,-0.029296875,0.0,0.0,0.0
1086204206,868187,0,1.0,-0.03515625,0.01171875,-0.0234375,0.0,0.0,0.0
1086205457,868188,0,1.001953125,-0.037109375,0.00390625,-0.033203125,0.0,0.0,0.0
1086206708,868189,0,1.0078125,-0.029296875,0.00390625,-0.025390625,0.0,0.0,0.0
1086207959,868190,0,1.005859375,-0.037109375,0.00390625,-0.033203125,0.0,0.0,0.0
1086209211,868191,0,1.001953125,-0.037109375,0.01171875,-0.025390625,0.0,0.0,0.0
1086210463,868192,0,1.017578125,-0.041015625,0.005859375,-0.03515625,0.0,0.0,0.0
1086211713,868193,0,1.015625,-0.033203125,0.0078125,-0.025390625,0.0,0.0,0.0
1086212965,868194,0,1.0,-0.03515625,0.017578125,-0.017578125,0.0,0.0,0.0
1086214215,868195,0,1.001953125,-0.033203125,0.01171875,-0.021484375,0.0,0.0,0.0
1086215466,868196,0,1.00390625,-0.033203125,0.01171875,-0.021484375,0.0,0.0,0.0
1086216716,868197,0,1.005859375,-0.02734375,0.0078125,-0.01953125,0.0,0.0,0.0
1086217966,868198,0,1.001953125,-0.03125,0.001953125,-0.029296875,0.0,0.0,0.0
1086219216,868199,0,1.00390625,-0.033203125,0.009765625,-0.0234375,0.0,0.0,0.0
1086220468,868200,0,1.00390625,-0.03125,0.01171875,-0.01953125,0.0,0.0,0.0
1086221719,868201,0,1.00390625,-0.033203125,0.01171875,-0.021484375,0.0,0.0,0.0
1086222969,868202,0,1.00390625,-0.03125,0.01171875,-0.01953125,0.0,0.0,0.0
1086224221,868203,0,1.005859375,-0.029296875,0.013671875,-0.015625,0.0,0.0,0.0
1086225471,868204,0,1.0078125,-0.029296875,0.013671875,-0.015625,0.0,0.0,0.0
1086226723,868205,0,0.99609375,-0.029296875,0.017578125,-0.01171875,0.0,0.0,0.0
1086227973,868206,0,0.998046875,-0.03125,0.013671875,-0.017578125,0.0,0.0,0.0
1086229225,868207,0,1.005859375,-0.029296875,0.009765625,-0.01953125,0.0,0.0,0.0
1086230476,868208,0,1.00390625,-0.03125,0.013671875,-0.017578125,0.0,0.0,0.0
1086231727,868209,0,1.005859375,-0.025390625,0.015625,-0.009765625,0.0,0.0,0.0
1086232977,868210,0,1.00390625,-0.025390625,0.013671875,-0.01171875,0.0,0.0,0.0
1086234228,868211,0,1.001953125,-0.02734375,0.013671875,-0.013671875,0.0,0.0,0.0
1086235479,868212,0,1.0,-0.025390625,0.013671875,-0.01171875,0.0,0.0,0.0
1086236730,868213,0,1.005859375,-0.033203125,0.013671875,-0.01953125,0.0,0.0,0.0
1086237981,868214,0,1.00390625,-0.029296875,0.009765625,-0.01953125,0.0,0.0,0.0
1086239233,868215,0,1.017578125,-0.03125,0.017578125,-0.013671875,0.0,0.0,0.0
1086240484,868216,0,1.001953125,-0.03125,0.00390625,-0.02734375,0.0,0.0,0.0
1086241734,868217,0,1.0078125,-0.03125,0.01171875,-0.01953125,0.0,0.0,0.0
1086242984,868218,0,1.0078125,-0.03515625,0.013671875,-0.021484375,0.0,0.0,0.0
1086244235,868219,0,1.001953125,-0.0234375,0.0078125,-0.015625,0.0,0.0,0.0
1086245486,868220,0,1.005859375,-0.025390625,0.005859375,-0.01953125,0.0,0.0,0.0
1086246737,868221,0,1.005859375,-0.033203125,0.01171875,-0.021484375,0.0,0.0,0.0
1086247987,868222,0,1.00390625,-0.037109375,0.01171875,-0.025390625,0.0,0.0,0.0
1086249238,868223,0,1.0078125,-0.033203125,0.013671875,-0.01953125,0.0,0.0,0.0
1086250489,868224,0,0.99609375,-0.03125,0.009765625,-0.021484375,0.0,0.0,0.0
1086251740,868225,0,1.001953125,-0.03125,0.005859375,-0.025390625,0.0,0.0,0.0
1086252992,868226,0,1.005859375,-0.033203125,0.01171875,-0.021484375,0.0,0.0,0.0
1086254242,868227,0,1.0078125,-0.037109375,0.005859375,-0.03125,0.0,0.0,0.0
1086255493,868228,0,1.001953125,-0.03125,0.01171875,-0.01953125,0.0,0.0,0.0
1086256744,868229,0,1.005859375,-0.033203125,0.0078125,-0.025390625,0.0,0.0,0.0
1086257994,868230,0,1.009765625,-0.033203125,0.00390625,-0.029296875,0.0,0.0,0.0
1086259245,868231,0,1.005859375,-0.033203125,0.009765625,-0.0234375,0.0,0.0,0.0
1086260497,868232,0,1.001953125,-0.037109375,0.015625,-0.021484375,0.0,0.0,0.0
1086261749,868233,0,1.005859375,-0.0390625,0.01171875,-0.02734375,0.0,0.0,0.0
1086262999,868234,0,1.005859375,-0.037109375,0.013671875,-0.0234375,0.0,0.0,0.0
1086264250,868235,0,1.00390625,-0.0390625,0.013671875,-0.025390625,0.0,0.0,0.0
1086265500,868236,0,0.998046875,-0.037109375,0.005859375,-0.03125,0.0,0.0,0.0
1086266752,868237,0,0.99609375,-0.033203125,0.013671875,-0.01953125,0.0,0.0,0.0
1086268003,868238,0,1.01171875,-0.037109375,0.013671875,-0.0234375,0.0,0.0,0.0
1086269254,868239,0,1.001953125,-0.037109375,0.009765625,-0.02734375,0.0,0.0,0.0
1086270504,868240,0,1.00390625,-0.03515625,0.01171875,-0.0234375,0.0,0.0,0.0
1086271756,868241,0,1.0,-0.03515625,0.015625,-0.01953125,0.0,0.0,0.0
1086273006,868242,0,1.005859375,-0.033203125,0.01171875,-0.021484375,0.0,0.0,0.0
1086274257,868243,0,1.001953125,-0.037109375,0.009765625,-0.02734375,0.0,0.0,0.0
1086275508,868244,0,1.001953125,-0.03515625,0.01171875,-0.0234375,0.0,0.0,0.0
1086276759,868245,0,1.005859375,-0.03515625,0.013671875,-0.021484375,0.0,0.0,0.0
1086278009,868246,0,1.005859375,-0.03515625,0.013671875,-0.021484375,0.0,0.0,0.0
1086279259,868247,0,1.001953125,-0.033203125,0.009765625,-0.0234375,0.0,0.0,0.0
1086280510,868248,0,1.00390625,-0.033203125,0.01171875,-0.021484375,0.0,0.0,0.0
1086281762,868249,0,1.005859375,-0.037109375,0.01171875,-0.025390625,0.0,0.0,0.0
1086283013,868250,0,1.005859375,-0.033203125,0.0078125,-0.025390625,0.0,0.0,0.0
1086284271,868251,0,1.001953125,-0.033203125,0.013671875,-0.01953125,0.0,0.0,0.0
1086285522,868252,0,1.00390625,-0.033203125,0.01171875,-0.021484375,0.0,0.0,0.0
1086286773,868253,0,1.001953125,-0.033203125,0.009765625,-0.0234375,0.0,0.0,0.0
1086288025,868254,0,0.99609375,-0.029296875,0.015625,-0.013671875,0.0,0.0,0.0
1086289277,868255,0,1.0,-0.029296875,0.01171875,-0.017578125,0.0,0.0,0.0
1086290528,868256,0,0.99609375,-0.02734375,0.015625,-0.01171875,0.0,0.0,0.0
1086291779,868257,0,1.00390625,-0.03125,0.009765625,-0.021484375,0.0,0.0,0.0
1086293031,868258,0,1.001953125,-0.02734375,0.013671875,-0.013671875,0.0,0.0,0.0
1086294283,868259,0,1.015625,-0.03515625,0.005859375,-0.029296875,0.0,0.0,0.0
1086295535,868260,0,1.001953125,-0.029296875,0.015625,-0.013671875,0.0,0.0,0.0
1086296786,868261,0,1.0078125,-0.0390625,0.00390625,-0.03515625,0.0,0.0,0.0
1086298036,868262,0,1.0078125,-0.03125,0.013671875,-0.017578125,0.0,0.0,0.0
1086299287,868263,0,1.001953125,-0.03125,0.013671875,-0.017578125,0.0,0.0,0.0
1086300537,868264,0,1.005859375,-0.029296875,0.0078125,-0.021484375,0.0,0.0,0.0
1086301787,868265,0,1.005859375,-0.03125,0.015625,-0.015625,0.0,0.0,0.0
1086303038,868266,0,1.005859375,-0.03125,0.009765625,-0.021484375,0.0,0.0,0.0
1086304289,868267,0,1.005859375,-0.029296875,0.009765625,-0.01953125,0.0,0.0,0.0
1086305539,868268,0,1.0,-0.03515625,0.009765625,-0.025390625,0.0,0.0,0.0
1086306790,868269,0,1.0,-0.03125,0.015625,-0.015625,0.0,0.0,0.0
1086308042,868270,0,1.0078125,-0.03515625,0.001953125,-0.033203125,0.0,0.0,0.0
1086309292,868271,0,0.998046875,-0.03125,0.001953125,-0.029296875,0.0,0.0,0.0
1086310543,868272,0,0.998046875,-0.029296875,0.015625,-0.013671875,0.0,0.0,0.0
1086311794,868273,0,1.0078125,-0.033203125,0.01171875,-0.021484375,0.0,0.0,0.0
1086313044,868274,0,1.005859375,-0.03515625,0.017578125,-0.017578125,0.0,0.0,0.0
1086314294,868275,0,1.005859375,-0.037109375,0.00390625,-0.033203125,0.0,0.0,0.0
1086315544,868276,0,1.00390625,-0.03125,0.00390625,-0.02734375,0.0,0.0,0.0
1086316796,868277,0,0.998046875,-0.03515625,0.015625,-0.01953125,0.0,0.0,0.0
1086318047,868278,0,1.005859375,-0.025390625,0.01953125,-0.005859375,0.0,0.0,0.0
1086319297,868279,0,1.0078125,-0.03125,0.01171875,-0.01953125,0.0,0.0,0.0
1086320548,868280,0,1.005859375,-0.033203125,0.01171875,-0.021484375,0.0,0.0,0.0
1086321800,868281,0,0.99609375,-0.03515625,0.005859375,-0.029296875,0.0,0.0,0.0
1086323050,868282,0,1.015625,-0.0390625,0.015625,-0.0234375,0.0,0.0,0.0
1086324300,868283,0,1.0078125,-0.03515625,0.00390625,-0.03125,0.0,0.0,0.0
1086325550,868284,0,0.998046875,-0.037109375,0.0078125,-0.029296875,0.0,0.0,0.0
1086326801,868285,0,1.00390625,-0.03515625,0.005859375,-0.029296875,0.0,0.0,0.0
1086328052,868286,0,1.005859375,-0.037109375,0.0078125,-0.029296875,0.0,0.0,0.0
1086329302,868287,0,1.00390625,-0.03125,0.00390625,-0.02734375,0.0,0.0,0.0
1086330553,868288,0,1.00390625,-0.03515625,0.0078125,-0.02734375,0.0,0.0,0.0
1086331804,868289,0,0.998046875,-0.033203125,0.01171875,-0.021484375,0.0,0.0,0.0
1086333054,868290,0,1.005859375,-0.03515625,0.009765625,-0.025390625,0.0,0.0,0.0
1086334305,868291,0,1.005859375,-0.03515625,0.001953125,-0.033203125,0.0,0.0,0.0
1086335556,868292,0,1.01171875,-0.033203125,0.005859375,-0.02734375,0.0,0.0,0.0
1086336807,868293,0,1.00390625,-0.033203125,0.01171875,-0.021484375,0.0,0.0,0.0
1086338058,868294,0,1.00390625,-0.033203125,0.01171875,-0.021484375,0.0,0.0,0.0
1086339310,868295,0,1.0078125,-0.03125,0.009765625,-0.021484375,0.0,0.0,0.0
1086340560,868296,0,1.001953125,-0.037109375,0.005859375,-0.03125,0.0,0.0,0.0
1086341810,868297,0,1.0078125,-0.033203125,0.01171875,-0.021484375,0.0,0.0,0.0
1086343060,868298,0,1.0,-0.03515625,0.0078125,-0.02734375,0.0,0.0,0.0
1086344311,868299,0,1.005859375,-0.033203125,0.013671875,-0.01953125,0.0,0.0,0.0
1086345561,868300,0,1.001953125,-0.029296875,0.01171875,-0.017578125,0.0,0.0,0.0
1086346813,868301,0,1.005859375,-0.025390625,0.009765625,-0.015625,0.0,0.0,0.0
1086348063,868302,0,0.99609375,-0.03125,0.01171875,-0.01953125,0.0,0.0,0.0
1086349313,868303,0,1.009765625,-0.03125,0.01171875,-0.01953125,0.0,0.0,0.0
1086350565,868304,0,1.0078125,-0.02734375,0.009765625,-0.017578125,0.0,0.0,0.0
1086351816,868305,0,1.00390625,-0.03125,0.005859375,-0.025390625,0.0,0.0,0.0
1086353066,868306,0,1.0078125,-0.02734375,0.0078125,-0.01953125,0.0,0.0,0.0
1086354316,868307,0,1.0078125,-0.029296875,0.005859375,-0.0234375,0.0,0.0,0.0
1086355567,868308,0,1.0078125,-0.033203125,0.015625,-0.017578125,0.0,0.0,0.0
1086356817,868309,0,1.00390625,-0.033203125,0.005859375,-0.02734375,0.0,0.0,0.0
1086358069,868310,0,1.005859375,-0.029296875,0.013671875,-0.015625,0.0,0.0,0.0
1086359319,868311,0,1.00390625,-0.029296875,0.009765625,-0.01953125,0.0,0.0,0.0
1086360570,868312,0,1.00390625,-0.025390625,0.009765625,-0.015625,0.0,0.0,0.0
1086361822,868313,0,1.001953125,-0.029296875,0.009765625,-0.01953125,0.0,0.0,0.0
1086363072,868314,0,1.009765625,-0.029296875,0.01171875,-0.017578125,0.0,0.0,0.0
1086364322,868315,0,1.0,-0.02734375,0.01171875,-0.015625,0.0,0.0,0.0
1086365572,868316,0,1.001953125,-0.03125,0.0078125,-0.0234375,0.0,0.0,0.0
1086366823,868317,0,1.005859375,-0.033203125,0.01953125,-0.013671875,0.0,0.0,0.0
1086368075,868318,0,1.0078125,-0.03125,0.0078125,-0.0234375,0.0,0.0,0.0
1086369326,868319,0,1.005859375,-0.029296875,0.015625,-0.013671875,0.0,0.0,0.0
1086370576,868320,0,1.001953125,-0.033203125,0.009765625,-0.0234375,0.0,0.0,0.0
1086371827,868321,0,1.001953125,-0.02734375,0.013671875,-0.013671875,0.0,0.0,0.0
1086373077,868322,0,0.998046875,-0.02734375,0.009765625,-0.017578125,0.0,0.0,0.0
1086374327,868323,0,1.005859375,-0.03125,0.015625,-0.015625,0.0,0.0,0.0
1086375578,868324,0,1.001953125,-0.02734375,0.013671875,-0.013671875,0.0,0.0,0.0
1086376829,868325,0,0.998046875,-0.03125,0.01171875,-0.01953125,0.0,0.0,0.0
1086378080,868326,0,1.0,-0.03515625,0.017578125,-0.017578125,0.0,0.0,0.0
1086379332,868327,0,0.998046875,-0.033203125,0.01171875,-0.021484375,0.0,0.0,0.0
1086380582,868328,0,1.00390625,-0.029296875,0.017578125,-0.01171875,0.0,0.0,0.0
1086381834,868329,0,1.005859375,-0.03515625,0.013671875,-0.021484375,0.0,0.0,0.0
1086383085,868330,0,0.99609375,-0.037109375,0.0078125,-0.029296875,0.0,0.0,0.0
1086384335,868331,0,0.99609375,-0.033203125,0.013671875,-0.01953125,0.0,0.0,0.0
1086385586,868332,0,0.998046875,-0.033203125,0.0078125,-0.025390625,0.0,0.0,0.0
1086386838,868333,0,1.001953125,-0.03515625,0.013671875,-0.021484375,0.0,0.0,0.0
1086388088,868334,0,1.0,-0.03515625,0.01171875,-0.0234375,0.0,0.0,0.0
1086389338,868335,0,1.00390625,-0.037109375,0.0078125,-0.029296875,0.0,0.0,0.0
1086390589,868336,0,1.00390625,-0.033203125,0.005859375,-0.02734375,0.0,0.0,0.0
1086391839,868337,0,1.005859375,-0.03515625,0.0078125,-0.02734375,0.0,0.0,0.0
1086393091,868338,0,1.00390625,-0.03125,0.00390625,-0.02734375,0.0,0.0,0.0
1086394341,868339,0,1.001953125,-0.03515625,0.0078125,-0.02734375,0.0,0.0,0.0
1086395592,868340,0,1.005859375,-0.029296875,0.015625,-0.013671875,0.0,0.0,0.0
1086396844,868341,0,1.001953125,-0.0390625,0.001953125,-0.037109375,0.0,0.0,0.0
1086398094,868342,0,0.994140625,-0.033203125,0.01171875,-0.021484375,0.0,0.0,0.0
1086399344,868343,0,1.001953125,-0.037109375,0.015625,-0.021484375,0.0,0.0,0.0
1086400595,868344,0,0.998046875,-0.033203125,0.005859375,-0.02734375,0.0,0.0,0.0
1086401846,868345,0,1.00390625,-0.03515625,0.017578125,-0.017578125,0.0,0.0,0.0
1086403096,868346,0,0.998046875,-0.029296875,0.0078125,-0.021484375,0.0,0.0,0.0
1086404346,868347,0,1.001953125,-0.029296875,0.00390625,-0.025390625,0.0,0.0,0.0
1086405597,868348,0,1.001953125,-0.02734375,0.005859375,-0.021484375,0.0,0.0,0.0
1086406847,868349,0,1.009765625,-0.015625,-0.001953125,-0.017578125,0.0,0.0,0.0
1086408097,868350,0,1.013671875,0.01171875,0.037109375,0.048828125,0.0,0.0,0.0
1086409349,868351,0,0.9921875,0.017578125,0.01953125,0.037109375,0.0,0.0,0.0
1086410599,868352,0,1.015625,0.033203125,0.03515625,0.068359375,0.0,0.0,0.0
1086411850,868353,0,1.015625,0.02734375,0.033203125,0.060546875,0.0,0.0,0.0
1086413101,868354,0,1.005859375,0.01953125,0.03125,0.05078125,0.0,0.0,0.0
1086414351,868355,0,1.001953125,0.013671875,0.029296875,0.04296875,0.0,0.0,0.0
1086415602,868356,0,1.005859375,-0.005859375,0.02734375,0.021484375,0.0,0.0,0.0
1086416853,868357,0,1.009765625,-0.01171875,0.017578125,0.005859375,0.0,0.0,0.0
1086418103,868358,0,1.0,-0.0390625,0.009765625,-0.029296875,0.0,0.0,0.0
1086419355,868359,0,0.998046875,-0.052734375,0.001953125,-0.05078125,0.0,0.0,0.0
1086420606,868360,0,1.00390625,-0.072265625,-0.009765625,-0.08203125,0.0,0.0,2.1458535194396973
1086423108,868362,0,1.001953125,-0.09375,-0.005859375,-0.099609375,0.0,0.0,0.0
1086424359,868363,0,1.00390625,-0.107421875,-0.025390625,-0.1328125,0.0,0.0,0.0
1086425610,868364,0,1.00390625,-0.115234375,-0.021484375,-0.13671875,0.0,0.0,0.0
1086426860,868365,0,1.0078125,-0.10546875,-0.015625,-0.12109375,0.0,0.0,0.0
1086428110,868366,0,1.005859375,-0.095703125,-0.0078125,-0.103515625,0.0,0.0,0.0
1086429362,868367,0,1.01171875,-0.080078125,-0.017578125,-0.09765625,0.0,0.0,0.0
1086430614,868368,0,1.0078125,-0.064453125,0.00390625,-0.060546875,0.0,0.0,0.0
1086431865,868369,0,0.998046875,-0.037109375,0.005859375,-0.03125,0.0,0.0,0.0
1086433115,868370,0,1.001953125,-0.03125,0.013671875,-0.017578125,0.0,0.0,0.0
1086434366,868371,0,1.005859375,-0.017578125,0.01171875,-0.005859375,0.0,0.0,0.0
1086435616,868372,0,1.005859375,-0.0078125,0.017578125,0.009765625,0.0,0.0,0.0
1086436867,868373,0,1.0,-0.00390625,0.017578125,0.013671875,0.0,0.0,0.0
1086438118,868374,0,1.001953125,-0.00390625,0.021484375,0.017578125,0.0,0.0,0.0
1086439368,868375,0,1.00390625,-0.001953125,0.021484375,0.01953125,0.0,0.0,0.0
1086440619,868376,0,1.005859375,-0.00390625,0.025390625,0.021484375,0.0,0.0,0.0
1086441871,868377,0,1.005859375,-0.0078125,0.017578125,0.009765625,0.0,0.0,0.0
1086443121,868378,0,1.005859375,-0.017578125,0.017578125,0.0,0.0,0.0,0.0
1086444371,868379,0,1.005859375,-0.017578125,0.017578125,0.0,0.0,0.0,0.0
1086445623,868380,0,1.005859375,-0.021484375,0.009765625,-0.01171875,0.0,0.0,0.0
1086446873,868381,0,1.001953125,-0.033203125,0.01953125,-0.013671875,0.0,0.0,0.0
1086448124,868382,0,1.009765625,-0.03125,0.013671875,-0.017578125,0.0,0.0,0.0
1086449376,868383,0,1.015625,-0.037109375,0.009765625,-0.02734375,0.0,0.0,0.0
1086450626,868384,0,1.00390625,-0.041015625,-0.001953125,-0.04296875,0.0,0.0,0.0
1086451877,868385,0,1.001953125,-0.0390625,0.00390625,-0.03515625,0.0,0.0,0.0
1086453127,868386,0,0.99609375,-0.03515625,0.009765625,-0.025390625,0.0,0.0,0.0
1086454377,868387,0,0.99609375,-0.04296875,0.009765625,-0.033203125,0.0,0.0,0.0
1086455629,868388,0,1.005859375,-0.03515625,0.005859375,-0.029296875,0.0,0.0,0.0
1086456879,868389,0,1.015625,-0.037109375,0.005859375,-0.03125,0.0,0.0,0.0
1086458130,868390,0,0.9921875,-0.029296875,0.01171875,-0.017578125,0.0,0.0,0.0
1086459381,868391,0,1.01171875,-0.03125,0.005859375,-0.025390625,0.0,0.0,0.0
1086460631,868392,0,1.005859375,-0.025390625,0.015625,-0.009765625,0.0,0.0,0.0
1086461883,868393,0,1.005859375,-0.025390625,0.013671875,-0.01171875,0.0,0.0,0.0
1086463134,868394,0,1.005859375,-0.025390625,0.013671875,-0.01171875,0.0,0.0,0.0
1086464384,868395,0,1.0078125,-0.025390625,0.0078125,-0.017578125,0.0,0.0,0.0
1086465635,868396,0,1.005859375,-0.01953125,0.01171875,-0.0078125,0.0,0.0,0.0
1086466887,868397,0,1.009765625,-0.01953125,0.015625,-0.00390625,0.0,0.0,0.0
1086468137,868398,0,1.00390625,-0.021484375,0.017578125,-0.00390625,0.0,0.0,0.0
1086469388,868399,0,1.001953125,-0.01953125,0.015625,-0.00390625,0.0,0.0,0.0
1086470639,868400,0,1.01171875,-0.015625,0.01953125,0.00390625,0.0,0.0,0.0
1086471889,868401,0,1.00390625,-0.01171875,0.015625,0.00390625,0.0,0.0,0.0
1086473140,868402,0,1.0078125,-0.01953125,0.017578125,-0.001953125,0.0,0.0,0.0
1086474392,868403,0,1.001953125,-0.015625,0.01953125,0.00390625,0.0,0.0,0.0
1086475642,868404,0,1.005859375,-0.017578125,0.015625,-0.001953125,0.0,0.0,0.0
1086476894,868405,0,1.001953125,-0.009765625,0.015625,0.005859375,0.0,0.0,0.0
1086478145,868406,0,1.001953125,-0.015625,0.013671875,-0.001953125,0.0,0.0,0.0
1086479396,868407,0,1.005859375,-0.013671875,0.017578125,0.00390625,0.0,0.0,0.0
1086480647,868408,0,1.015625,-0.015625,0.0078125,-0.0078125,0.0,0.0,0.0
1086481899,868409,0,1.001953125,-0.017578125,0.01171875,-0.005859375,0.0,0.0,0.0
1086483150,868410,0,1.0,-0.0234375,0.01171875,-0.01171875,0.0,0.0,0.0
1086484400,868411,0,1.00390625,-0.03125,0.013671875,-0.017578125,0.0,0.0,0.0
1086485652,868412,0,1.0078125,-0.03125,0.015625,-0.015625,0.0,0.0,0.0
1086486902,868413,0,1.0078125,-0.03125,0.005859375,-0.025390625,0.0,0.0,0.0
1086488152,868414,0,1.005859375,-0.02734375,0.01171875,-0.015625,0.0,0.0,0.0
1086489402,868415,0,1.001953125,-0.02734375,0.01171875,-0.015625,0.0,0.0,0.0
1086490653,868416,0,1.001953125,-0.03125,0.00390625,-0.02734375,0.0,0.0,0.0
1086491904,868417,0,1.00390625,-0.033203125,0.01171875,-0.021484375,0.0,0.0,0.0
1086493154,868418,0,0.998046875,-0.037109375,0.009765625,-0.02734375,0.0,0.0,0.0
1086494406,868419,0,1.001953125,-0.033203125,0.01953125,-0.013671875,0.0,0.0,0.0
1086495657,868420,0,1.00390625,-0.037109375,0.005859375,-0.03125,0.0,0.0,0.0
1086496907,868421,0,1.00390625,-0.03515625,0.00390625,-0.03125,0.0,0.0,0.0
1086498158,868422,0,1.005859375,-0.0390625,0.009765625,-0.029296875,0.0,0.0,0.0
1086499408,868423,0,1.00390625,-0.037109375,0.0078125,-0.029296875,0.0,0.0,0.0
1086500659,868424,0,1.005859375,-0.041015625,0.013671875,-0.02734375,0.0,0.0,0.0
1086501910,868425,0,1.009765625,-0.04296875,0.009765625,-0.033203125,0.0,0.0,0.0
1086503160,868426,0,1.0,-0.041015625,0.00390625,-0.037109375,0.0,0.0,0.0
1086504410,868427,0,1.009765625,-0.0390625,0.009765625,-0.029296875,0.0,0.0,0.0
1086505662,868428,0,1.009765625,-0.033203125,0.005859375,-0.02734375,0.0,0.0,0.0
1086506912,868429,0,0.998046875,-0.041015625,0.01953125,-0.021484375,0.0,0.0,0.0
1086508163,868430,0,1.005859375,-0.0390625,0.015625,-0.0234375,0.0,0.0,0.0
1086509413,868431,0,1.00390625,-0.033203125,0.005859375,-0.02734375,0.0,0.0,0.0
1086510664,868432,0,1.001953125,-0.03125,0.01171875,-0.01953125,0.0,0.0,0.0
1086511915,868433,0,0.99609375,-0.03515625,0.013671875,-0.021484375,0.0,0.0,0.0
1086513167,868434,0,1.0,-0.033203125,0.0078125,-0.025390625,0.0,0.0,0.0
1086514417,868435,0,1.0,-0.037109375,0.009765625,-0.02734375,0.0,0.0,0.0
1086515668,868436,0,1.0,-0.0390625,0.0078125,-0.03125,0.0,0.0,0.0
1086516920,868437,0,0.998046875,-0.033203125,0.01171875,-0.021484375,0.0,0.0,0.0
1086518171,868438,0,1.00390625,-0.037109375,0.005859375,-0.03125,0.0,0.0,0.0
1086519422,868439,0,1.001953125,-0.03515625,0.01171875,-0.0234375,0.0,0.0,0.0
1086520674,868440,0,1.005859375,-0.04296875,0.013671875,-0.029296875,0.0,0.0,0.0
1086521924,868441,0,1.00390625,-0.037109375,0.0078125,-0.029296875,0.0,0.0,0.0
1086523175,868442,0,1.005859375,-0.037109375,0.01171875,-0.025390625,0.0,0.0,0.0
1086524426,868443,0,1.001953125,-0.0390625,0.009765625,-0.029296875,0.0,0.0,0.0
1086525677,868444,0,1.005859375,-0.037109375,0.013671875,-0.0234375,0.0,0.0,0.0
1086526928,868445,0,1.0078125,-0.046875,0.017578125,-0.029296875,0.0,0.0,0.0
1086528179,868446,0,1.00390625,-0.0390625,0.0078125,-0.03125,0.0,0.0,0.0
1086529431,868447,0,1.00390625,-0.041015625,0.01171875,-0.029296875,0.0,0.0,0.0
1086530681,868448,0,1.005859375,-0.04296875,0.009765625,-0.033203125,0.0,0.0,0.0
1086531932,868449,0,1.00390625,-0.05078125,0.0,-0.05078125,0.0,0.0,0.0
1086533182,868450,0,1.001953125,-0.044921875,0.009765625,-0.03515625,0.0,0.0,0.0
1086534432,868451,0,1.001953125,-0.04296875,0.01171875,-0.03125,0.0,0.0,0.0
1086535684,868452,0,1.001953125,-0.037109375,0.015625,-0.021484375,0.0,0.0,0.0
1086536934,868453,0,0.998046875,-0.04296875,0.01171875,-0.03125,0.0,0.0,0.0
1086538185,868454,0,1.001953125,-0.041015625,0.005859375,-0.03515625,0.0,0.0,0.0
1086539436,868455,0,1.005859375,-0.044921875,0.013671875,-0.03125,0.0,0.0,0.0
1086540687,868456,0,1.001953125,-0.044921875,0.01171875,-0.033203125,0.0,0.0,0.0
1086541937,868457,0,1.005859375,-0.041015625,0.009765625,-0.03125,0.0,0.0,0.0
1086543187,868458,0,1.001953125,-0.0390625,0.01171875,-0.02734375,0.0,0.0,0.0
1086544439,868459,0,1.001953125,-0.0390625,0.009765625,-0.029296875,0.0,0.0,0.0
1086545690,868460,0,1.001953125,-0.037109375,0.009765625,-0.02734375,0.0,0.0,0.0
1086546940,868461,0,1.00390625,-0.037109375,0.0078125,-0.029296875,0.0,0.0,0.0
1086548192,868462,0,1.005859375,-0.03515625,0.01171875,-0.0234375,0.0,0.0,0.0
1086549443,868463,0,1.001953125,-0.03515625,0.009765625,-0.025390625,0.0,0.0,0.0
1086550694,868464,0,1.009765625,-0.033203125,0.013671875,-0.01953125,0.0,0.0,0.0
1086551944,868465,0,1.005859375,-0.03125,0.015625,-0.015625,0.0,0.0,0.0
1086553194,868466,0,1.005859375,-0.02734375,0.01171875,-0.015625,0.0,0.0,0.0
1086554445,868467,0,1.005859375,-0.033203125,0.005859375,-0.02734375,0.0,0.0,0.0
1086555697,868468,0,1.00390625,-0.03515625,0.013671875,-0.021484375,0.0,0.0,0.0
1086556947,868469,0,1.01171875,-0.029296875,0.01171875,-0.017578125,0.0,0.0,0.0
1086558199,868470,0,1.005859375,-0.029296875,0.013671875,-0.015625,0.0,0.0,0.0
1086559449,868471,0,1.0,-0.033203125,0.009765625,-0.0234375,0.0,0.0,0.0
1086560701,868472,0,1.015625,-0.03515625,0.005859375,-0.029296875,0.0,0.0,0.0
1086561951,868473,0,0.99609375,-0.029296875,0.005859375,-0.0234375,0.0,0.0,0.0
1086563202,868474,0,1.005859375,-0.029296875,0.013671875,-0.015625,0.0,0.0,0.0
1086564454,868475,0,1.00390625,-0.029296875,0.015625,-0.013671875,0.0,0.0,0.0
1086565704,868476,0,1.00390625,-0.037109375,0.001953125,-0.03515625,0.0,0.0,0.0
1086566955,868477,0,1.013671875,-0.03515625,0.0,-0.03515625,0.0,0.0,0.0
1086568206,868478,0,1.01171875,-0.033203125,0.009765625,-0.0234375,0.0,0.0,0.0
1086569457,868479,0,1.005859375,-0.03125,0.01171875,-0.01953125,0.0,0.0,0.0
1086570708,868480,0,1.005859375,-0.037109375,0.00390625,-0.033203125,0.0,0.0,0.0
1086571959,868481,0,1.001953125,-0.03515625,0.009765625,-0.025390625,0.0,0.0,0.0
1086573211,868482,0,1.00390625,-0.037109375,0.009765625,-0.02734375,0.0,0.0,0.0
1086574463,868483,0,1.005859375,-0.03125,0.009765625,-0.021484375,0.0,0.0,0.0
1086575713,868484,0,0.99609375,-0.041015625,0.005859375,-0.03515625,0.0,0.0,0.0
1086576965,868485,0,1.001953125,-0.037109375,0.00390625,-0.033203125,0.0,0.0,0.0
1086578215,868486,0,1.001953125,-0.03515625,0.00390625,-0.03125,0.0,0.0,0.0
1086579466,868487,0,1.005859375,-0.033203125,0.01171875,-0.021484375,0.0,0.0,0.0
1086580716,868488,0,1.00390625,-0.03515625,0.01171875,-0.0234375,0.0,0.0,0.0
1086581966,868489,0,1.005859375,-0.03515625,0.009765625,-0.025390625,0.0,0.0,0.0
1086583216,868490,0,1.0078125,-0.037109375,0.01953125,-0.017578125,0.0,0.0,0.0
1086584468,868491,0,1.005859375,-0.02734375,0.015625,-0.01171875,0.0,0.0,0.0
1086585719,868492,0,1.005859375,-0.029296875,0.005859375,-0.0234375,0.0,0.0,0.0
1086586969,868493,0,1.00390625,-0.03125,0.00390625,-0.02734375,0.0,0.0,0.0
1086588221,868494,0,1.0078125,-0.029296875,0.015625,-0.013671875,0.0,0.0,0.0
1086589471,868495,0,1.005859375,-0.029296875,0.0078125,-0.021484375,0.0,0.0,0.0
1086590723,868496,0,1.005859375,-0.02734375,0.013671875,-0.013671875,0.0,0.0,0.0
1086591973,868497,0,0.99609375,-0.029296875,0.0234375,-0.005859375,0.0,0.0,0.0
1086593225,868498,0,0.998046875,-0.0234375,0.017578125,-0.005859375,0.0,0.0,0.0
1086594476,868499,0,1.0,-0.02734375,0.013671875,-0.013671875,0.0,0.0,0.0
1086595727,868500,0,1.005859375,-0.029296875,0.0078125,-0.021484375,0.0,0.0,0.0
1086596977,868501,0,1.001953125,-0.033203125,0.015625,-0.017578125,0.0,0.0,0.0
1086598228,868502,0,1.0078125,-0.029296875,0.009765625,-0.01953125,0.0,0.0,0.0
1086599479,868503,0,1.0078125,-0.033203125,0.009765625,-0.0234375,0.0,0.0,0.0
1086600730,868504,0,1.005859375,-0.033203125,0.015625,-0.017578125,0.0,0.0,0.0
1086601981,868505,0,1.005859375,-0.03515625,0.013671875,-0.021484375,0.0,0.0,0.0
1086603233,868506,0,1.00390625,-0.03125,0.013671875,-0.017578125,0.0,0.0,0.0
1086604484,868507,0,1.00390625,-0.03515625,0.01953125,-0.015625,0.0,0.0,0.0
1086605734,868508,0,1.005859375,-0.033203125,0.013671875,-0.01953125,0.0,0.0,0.0
1086606984,868509,0,1.0,-0.03515625,0.005859375,-0.029296875,0.0,0.0,0.0
1086608235,868510,0,1.00390625,-0.03125,0.015625,-0.015625,0.0,0.0,0.0
1086609486,868511,0,1.0078125,-0.03515625,0.01171875,-0.0234375,0.0,0.0,0.0
1086610737,868512,0,1.009765625,-0.033203125,0.017578125,-0.015625,0.0,0.0,0.0
1086611987,868513,0,1.00390625,-0.03125,0.005859375,-0.025390625,0.0,0.0,0.0
1086613238,868514,0,1.009765625,-0.037109375,0.013671875,-0.0234375,0.0,0.0,0.0
1086614489,868515,0,0.994140625,-0.037109375,0.0078125,-0.029296875,0.0,0.0,0.0
1086615740,868516,0,1.0,-0.037109375,0.015625,-0.021484375,0.0,0.0,0.0
1086616992,868517,0,1.015625,-0.037109375,0.005859375,-0.03125,0.0,0.0,0.0
1086618242,868518,0,0.998046875,-0.037109375,0.017578125,-0.01953125,0.0,0.0,0.0
1086619493,868519,0,1.001953125,-0.033203125,0.009765625,-0.0234375,0.0,0.0,0.0
1086620744,868520,0,1.013671875,-0.03515625,0.013671875,-0.021484375,0.0,0.0,0.0
1086621994,868521,0,1.00390625,-0.03515625,0.009765625,-0.025390625,0.0,0.0,0.0
1086623245,868522,0,1.00390625,-0.033203125,0.013671875,-0.01953125,0.0,0.0,0.0
1086624497,868523,0,1.00390625,-0.037109375,0.021484375,-0.015625,0.0,0.0,0.0
1086625749,868524,0,1.00390625,-0.03515625,0.015625,-0.01953125,0.0,0.0,0.0
1086626999,868525,0,1.005859375,-0.03515625,0.005859375,-0.029296875,0.0,0.0,0.0
1086628250,868526,0,1.005859375,-0.03515625,0.009765625,-0.025390625,0.0,0.0,0.0
1086629500,868527,0,1.005859375,-0.03515625,0.015625,-0.01953125,0.0,0.0,0.0
1086630752,868528,0,1.0078125,-0.03125,0.01171875,-0.01953125,0.0,0.0,0.0
1086632003,868529,0,1.0078125,-0.02734375,0.01171875,-0.015625,0.0,0.0,0.0
1086633254,868530,0,1.00390625,-0.029296875,0.009765625,-0.01953125,0.0,0.0,0.0
1086634504,868531,0,1.0078125,-0.03125,0.017578125,-0.013671875,0.0,0.0,0.0
1086635756,868532,0,1.00390625,-0.03125,0.009765625,-0.021484375,0.0,0.0,0.0
1086637006,868533,0,1.001953125,-0.033203125,0.01171875,-0.021484375,0.0,0.0,0.0
1086638257,868534,0,0.998046875,-0.029296875,0.009765625,-0.01953125,0.0,0.0,0.0
1086639508,868535,0,1.0078125,-0.029296875,0.009765625,-0.01953125,0.0,0.0,0.0
1086640759,868536,0,1.009765625,-0.03515625,0.01171875,-0.0234375,0.0,0.0,0.0
1086642009,868537,0,1.005859375,-0.03125,0.00390625,-0.02734375,0.0,0.0,0.0
1086643259,868538,0,1.005859375,-0.03125,0.0078125,-0.0234375,0.0,0.0,0.0
1086644510,868539,0,0.994140625,-0.03515625,0.013671875,-0.021484375,0.0,0.0,0.0
1086645762,868540,0,0.9921875,-0.033203125,0.01953125,-0.013671875,0.0,0.0,0.0
1086647013,868541,0,0.99609375,-0.033203125,0.009765625,-0.0234375,0.0,0.0,0.0
1086648271,868542,0,1.001953125,-0.033203125,0.0078125,-0.025390625,0.0,0.0,0.0
1086649522,868543,0,1.0,-0.037109375,0.013671875,-0.0234375,0.0,0.0,0.0
1086650773,868544,0,1.00390625,-0.033203125,0.0078125,-0.025390625,0.0,0.0,0.0
1086652025,868545,0,1.0,-0.033203125,0.01171875,-0.021484375,0.0,0.0,0.0
1086653277,868546,0,1.0078125,-0.03515625,0.005859375,-0.029296875,0.0,0.0,0.0
1086654528,868547,0,1.0,-0.033203125,0.01171875,-0.021484375,0.0,0.0,0.0
1086655779,868548,0,1.001953125,-0.03515625,0.013671875,-0.021484375,0.0,0.0,0.0
1086657031,868549,0,1.0,-0.029296875,0.015625,-0.013671875,0.0,0.0,0.0
1086658283,868550,0,1.005859375,-0.033203125,0.01171875,-0.021484375,0.0,0.0,0.0
1086659535,868551,0,1.005859375,-0.033203125,0.009765625,-0.0234375,0.0,0.0,0.0
1086660786,868552,0,1.005859375,-0.03125,0.01171875,-0.01953125,0.0,0.0,0.0
1086662036,868553,0,1.009765625,-0.033203125,0.013671875,-0.01953125,0.0,0.0,0.0
1086663287,868554,0,1.00390625,-0.02734375,0.015625,-0.01171875,0.0,0.0,0.0
1086664537,868555,0,1.013671875,-0.03125,0.013671875,-0.017578125,0.0,0.0,0.0
1086665787,868556,0,1.0078125,-0.037109375,0.001953125,-0.03515625,0.0,0.0,0.0
1086667038,868557,0,1.0,-0.037109375,0.01171875,-0.025390625,0.0,0.0,0.0
1086668289,868558,0,1.01171875,-0.02734375,0.005859375,-0.021484375,0.0,0.0,0.0
1086669539,868559,0,1.0078125,-0.02734375,0.00390625,-0.0234375,0.0,0.0,0.0
1086670790,868560,0,1.001953125,-0.033203125,0.01171875,-0.021484375,0.0,0.0,0.0
1086672042,868561,0,1.0,-0.03515625,0.013671875,-0.021484375,0.0,0.0,0.0
1086673292,868562,0,1.00390625,-0.02734375,0.005859375,-0.021484375,0.0,0.0,0.0
1086674543,868563,0,1.013671875,-0.029296875,0.01171875,-0.017578125,0.0,0.0,0.0
1086675794,868564,0,1.001953125,-0.029296875,0.013671875,-0.015625,0.0,0.0,0.0
1086677044,868565,0,1.001953125,-0.03125,0.013671875,-0.017578125,0.0,0.0,0.0
1086678294,868566,0,1.00390625,-0.03125,0.013671875,-0.017578125,0.0,0.0,0.0
1086679544,868567,0,1.001953125,-0.029296875,0.013671875,-0.015625,0.0,0.0,0.0
1086680796,868568,0,1.005859375,-0.029296875,0.01171875,-0.017578125,0.0,0.0,0.0
1086682047,868569,0,1.005859375,-0.029296875,0.0078125,-0.021484375,0.0,0.0,0.0
1086683297,868570,0,1.001953125,-0.03515625,0.013671875,-0.021484375,0.0,0.0,0.0
1086684548,868571,0,1.00390625,-0.03515625,0.009765625,-0.025390625,0.0,0.0,0.0
1086685800,868572,0,1.00390625,-0.03515625,0.00390625,-0.03125,0.0,0.0,0.0
1086687050,868573,0,1.009765625,-0.033203125,0.01171875,-0.021484375,0.0,0.0,0.0
1086688300,868574,0,1.009765625,-0.03515625,0.009765625,-0.025390625,0.0,0.0,0.0
1086689550,868575,0,1.0078125,-0.03515625,0.01171875,-0.0234375,0.0,0.0,0.0
1086690801,868576,0,1.001953125,-0.033203125,0.009765625,-0.0234375,0.0,0.0,0.0
1086692052,868577,0,1.005859375,-0.03515625,0.015625,-0.01953125,0.0,0.0,0.0
1086693302,868578,0,0.99609375,-0.037109375,0.013671875,-0.0234375,0.0,0.0,0.0
1086694553,868579,0,1.005859375,-0.033203125,0.005859375,-0.02734375,0.0,0.0,0.0
1086695804,868580,0,1.00390625,-0.03515625,0.01171875,-0.0234375,0.0,0.0,0.0
1086697054,868581,0,0.998046875,-0.03515625,0.01171875,-0.0234375,0.0,0.0,0.0
1086698305,868582,0,1.001953125,-0.03125,0.0078125,-0.0234375,0.0,0.0,0.0
1086699556,868583,0,0.994140625,-0.03515625,0.009765625,-0.025390625,0.0,0.0,0.0
1086700807,868584,0,1.00390625,-0.03515625,0.0078125,-0.02734375,0.0,0.0,0.0
1086702058,868585,0,1.005859375,-0.03125,0.005859375,-0.025390625,0.0,0.0,0.0
1086703310,868586,0,1.001953125,-0.03125,0.01171875,-0.01953125,0.0,0.0,0.0
1086704560,868587,0,1.0078125,-0.03125,0.00390625,-0.02734375,0.0,0.0,0.0
1086705810,868588,0,1.00390625,-0.02734375,0.01171875,-0.015625,0.0,0.0,0.0
1086707060,868589,0,0.998046875,-0.029296875,0.005859375,-0.0234375,0.0,0.0,0.0
1086708311,868590,0,1.001953125,-0.029296875,0.01171875,-0.017578125,0.0,0.0,0.0
1086709561,868591,0,1.005859375,-0.029296875,0.005859375,-0.0234375,0.0,0.0,0.0
1086710813,868592,0,1.00390625,-0.03125,0.009765625,-0.021484375,0.0,0.0,0.0
1086712063,868593,0,1.0,-0.0234375,0.00390625,-0.01953125,0.0,0.0,0.0
1086713313,868594,0,0.998046875,-0.029296875,0.009765625,-0.01953125,0.0,0.0,0.0
1086714565,868595,0,1.00390625,-0.033203125,0.009765625,-0.0234375,0.0,0.0,0.0
1086715816,868596,0,1.00390625,-0.025390625,0.01171875,-0.013671875,0.0,0.0,0.0
1086717066,868597,0,1.001953125,-0.029296875,0.013671875,-0.015625,0.0,0.0,0.0
1086718316,868598,0,1.0078125,-0.033203125,0.0078125,-0.025390625,0.0,0.0,0.0
1086719567,868599,0,1.005859375,-0.02734375,0.01171875,-0.015625,0.0,0.0,0.0
1086720817,868600,0,1.0,-0.03515625,0.01171875,-0.0234375,0.0,0.0,0.0
1086722069,868601,0,1.0078125,-0.03125,0.009765625,-0.021484375,0.0,0.0,0.0
1086723319,868602,0,1.0078125,-0.03515625,0.01953125,-0.015625,0.0,0.0,0.0
1086724570,868603,0,0.998046875,-0.033203125,0.005859375,-0.02734375,0.0,0.0,0.0
1086725822,868604,0,0.998046875,-0.037109375,0.01171875,-0.025390625,0.0,0.0,0.0
1086727072,868605,0,1.00390625,-0.033203125,0.009765625,-0.0234375,0.0,0.0,0.0
1086728322,868606,0,1.00390625,-0.037109375,0.009765625,-0.02734375,0.0,0.0,0.0
1086729572,868607,0,1.005859375,-0.03125,0.009765625,-0.021484375,0.0,0.0,0.0
1086730823,868608,0,1.001953125,-0.02734375,0.0078125,-0.01953125,0.0,0.0,0.0
