t_us,frame_id,sensor_id,accX,accY,accZ,acc_sum_YZ,magX,magY,magZ
1081495969,864423,0,1.001953125,-0.0390625,0.017578125,-0.021484375,0.0,0.0,0.0
1081497220,864424,0,1.0078125,-0.041015625,0.009765625,-0.03125,0.0,0.0,0.0
1081498472,864425,0,0.99609375,-0.041015625,0.015625,-0.025390625,0.0,0.0,0.0
1081499723,864426,0,1.005859375,-0.037109375,0.01953125,-0.017578125,0.0,0.0,0.0
1081500973,864427,0,1.005859375,-0.0390625,0.009765625,-0.029296875,0.0,0.0,0.0
1081502225,864428,0,1.001953125,-0.0390625,0.009765625,-0.029296875,0.0,0.0,0.0
1081503476,864429,0,1.00390625,-0.037109375,0.009765625,-0.02734375,0.0,0.0,0.0
1081504727,864430,0,1.005859375,-0.037109375,0.015625,-0.021484375,0.0,0.0,0.0
1081505977,864431,0,1.001953125,-0.03515625,0.01171875,-0.0234375,0.0,0.0,0.0
1081507228,864432,0,1.00390625,-0.037109375,0.01171875,-0.025390625,0.0,0.0,0.0
1081508479,864433,0,1.0,-0.0390625,0.01171875,-0.02734375,0.0,0.0,0.0
1081509730,864434,0,0.998046875,-0.037109375,0.017578125,-0.01953125,0.0,0.0,0.0
1081510981,864435,0,1.0078125,-0.0390625,0.01171875,-0.02734375,0.0,0.0,0.0
1081512233,864436,0,1.005859375,-0.0390625,0.013671875,-0.025390625,0.0,0.0,0.0
1081513484,864437,0,1.01171875,-0.03515625,0.015625,-0.01953125,0.0,0.0,0.0
1081514734,864438,0,0.998046875,-0.03515625,0.013671875,-0.021484375,0.0,0.0,0.0
1081515984,864439,0,0.998046875,-0.037109375,0.015625,-0.021484375,0.0,0.0,0.0
1081517235,864440,0,1.005859375,-0.03515625,0.015625,-0.01953125,0.0,0.0,0.0
1081518486,864441,0,1.005859375,-0.037109375,0.017578125,-0.01953125,0.0,0.0,0.0
1081519737,864442,0,1.00390625,-0.0390625,0.01171875,-0.02734375,0.0,0.0,0.0
1081520987,864443,0,1.009765625,-0.037109375,0.01953125,-0.017578125,0.0,0.0,0.0
1081522238,864444,0,1.001953125,-0.0390625,0.01953125,-0.01953125,0.0,0.0,0.0
1081523489,864445,0,1.005859375,-0.04296875,0.013671875,-0.029296875,0.0,0.0,0.0
1081524740,864446,0,1.0,-0.03515625,0.013671875,-0.021484375,0.0,0.0,0.0
1081525992,864447,0,1.001953125,-0.037109375,0.013671875,-0.0234375,0.0,0.0,0.0
1081527242,864448,0,1.00390625,-0.04296875,0.013671875,-0.029296875,0.0,0.0,0.0
1081528493,864449,0,1.001953125,-0.037109375,0.013671875,-0.0234375,0.0,0.0,0.0
1081529744,864450,0,1.001953125,-0.037109375,0.013671875,-0.0234375,0.0,0.0,0.0
1081530994,864451,0,1.001953125,-0.041015625,0.013671875,-0.02734375,0.0,0.0,0.0
1081532245,864452,0,0.99609375,-0.033203125,0.021484375,-0.01171875,0.0,0.0,0.0
1081533497,864453,0,1.0078125,-0.03515625,0.0078125,-0.02734375,0.0,0.0,0.0
1081534749,864454,0,1.00390625,-0.037109375,0.01953125,-0.017578125,0.0,0.0,0.0
1081535999,864455,0,1.00390625,-0.041015625,0.009765625,-0.03125,0.0,0.0,0.0
1081537250,864456,0,1.0,-0.0390625,0.009765625,-0.029296875,0.0,0.0,0.0
1081538500,864457,0,1.001953125,-0.03125,0.01953125,-0.01171875,0.0,0.0,0.0
1081539752,864458,0,1.00390625,-0.03515625,0.009765625,-0.025390625,0.0,0.0,0.0
1081541003,864459,0,1.00390625,-0.037109375,0.01171875,-0.025390625,0.0,0.0,0.0
1081542254,864460,0,1.0,-0.029296875,0.013671875,-0.015625,0.0,0.0,0.0
1081543504,864461,0,1.0078125,-0.03515625,0.009765625,-0.025390625,0.0,0.0,0.0
1081544756,864462,0,1.0078125,-0.037109375,0.013671875,-0.0234375,0.0,0.0,0.0
1081546006,864463,0,1.005859375,-0.037109375,0.013671875,-0.0234375,0.0,0.0,0.0
1081547257,864464,0,1.009765625,-0.041015625,0.01953125,-0.021484375,0.0,0.0,0.0
1081548508,864465,0,1.0,-0.0390625,0.017578125,-0.021484375,0.0,0.0,0.0
1081549759,864466,0,1.0078125,-0.04296875,0.00390625,-0.0390625,0.0,0.0,0.0
1081551009,864467,0,0.998046875,-0.037109375,0.009765625,-0.02734375,0.0,0.0,0.0
1081552259,864468,0,1.00390625,-0.037109375,0.01171875,-0.025390625,0.0,0.0,0.0
1081553510,864469,0,1.0078125,-0.037109375,0.005859375,-0.03125,0.0,0.0,0.0
1081554762,864470,0,1.00390625,-0.0390625,0.0078125,-0.03125,0.0,0.0,0.0
1081556013,864471,0,1.0078125,-0.037109375,0.017578125,-0.01953125,0.0,0.0,0.0
1081557271,864472,0,1.005859375,-0.0390625,0.017578125,-0.021484375,0.0,0.0,0.0
1081558522,864473,0,1.001953125,-0.03515625,0.0078125,-0.02734375,0.0,0.0,0.0
1081559773,864474,0,1.009765625,-0.037109375,0.01953125,-0.017578125,0.0,0.0,0.0
1081561025,864475,0,1.001953125,-0.033203125,0.009765625,-0.0234375,0.0,0.0,0.0
1081562277,864476,0,1.0078125,-0.0390625,0.01171875,-0.02734375,0.0,0.0,0.0
1081563528,864477,0,1.013671875,-0.03515625,0.00390625,-0.03125,0.0,0.0,0.0
1081564779,864478,0,1.00390625,-0.0390625,0.013671875,-0.025390625,0.0,0.0,0.0
1081566031,864479,0,1.0,-0.044921875,0.01171875,-0.033203125,0.0,0.0,0.0
1081567283,864480,0,0.998046875,-0.037109375,0.017578125,-0.01953125,0.0,0.0,0.0
1081568535,864481,0,1.0,-0.0390625,0.009765625,-0.029296875,0.0,0.0,0.0
1081569786,864482,0,1.00390625,-0.037109375,0.015625,-0.021484375,0.0,0.0,0.0
1081571036,864483,0,1.0,-0.037109375,0.01171875,-0.025390625,0.0,0.0,0.0
1081572287,864484,0,1.001953125,-0.03515625,0.017578125,-0.017578125,0.0,0.0,0.0
1081573537,864485,0,1.005859375,-0.041015625,0.015625,-0.025390625,0.0,0.0,0.0
1081574787,864486,0,1.001953125,-0.0390625,0.015625,-0.0234375,0.0,0.0,0.0
1081576038,864487,0,1.001953125,-0.0390625,0.01953125,-0.01953125,0.0,0.0,0.0
1081577289,864488,0,1.00390625,-0.03125,0.015625,-0.015625,0.0,0.0,0.0
1081578539,864489,0,1.005859375,-0.03515625,0.01953125,-0.015625,0.0,0.0,0.0
1081579790,864490,0,0.998046875,-0.03515625,0.015625,-0.01953125,0.0,0.0,0.0
1081581042,864491,0,1.00390625,-0.033203125,0.015625,-0.017578125,0.0,0.0,0.0
1081582292,864492,0,0.998046875,-0.037109375,0.01953125,-0.017578125,0.0,0.0,0.0
1081583543,864493,0,1.01171875,-0.03515625,0.0078125,-0.02734375,0.0,0.0,0.0
1081584794,864494,0,1.0078125,-0.0390625,0.017578125,-0.021484375,0.0,0.0,0.0
1081586044,864495,0,1.0,-0.04296875,0.015625,-0.02734375,0.0,0.0,0.0
1081587294,864496,0,1.00390625,-0.03515625,0.01171875,-0.0234375,0.0,0.0,0.0
1081588544,864497,0,1.0,-0.033203125,0.01953125,-0.013671875,0.0,0.0,0.0
1081589796,864498,0,1.0,-0.033203125,0.021484375,-0.01171875,0.0,0.0,0.0
1081591047,864499,0,1.0078125,-0.037109375,0.01171875,-0.025390625,0.0,0.0,0.0
1081592297,864500,0,1.009765625,-0.03515625,0.015625,-0.01953125,0.0,0.0,0.0
1081593548,864501,0,1.017578125,-0.029296875,0.013671875,-0.015625,0.0,0.0,0.0
1081594800,864502,0,1.00390625,-0.0234375,0.017578125,-0.005859375,0.0,0.0,0.0
1081596050,864503,0,1.0078125,-0.02734375,0.02734375,0.0,0.0,0.0,0.0
1081597300,864504,0,1.0,-0.037109375,0.009765625,-0.02734375,0.0,0.0,0.0
1081598550,864505,0,0.998046875,-0.0390625,0.013671875,-0.025390625,0.0,0.0,0.0
1081599801,864506,0,1.005859375,-0.0390625,0.015625,-0.0234375,0.0,0.0,0.0
1081601052,864507,0,1.0,-0.03515625,0.01171875,-0.0234375,0.0,0.0,0.0
1081602302,864508,0,1.001953125,-0.0390625,0.015625,-0.0234375,0.0,0.0,0.0
1081603553,864509,0,0.998046875,-0.03515625,0.021484375,-0.013671875,0.0,0.0,0.0
1081604804,864510,0,1.005859375,-0.03515625,0.01171875,-0.0234375,0.0,0.0,0.0
1081606054,864511,0,1.0078125,-0.037109375,0.015625,-0.021484375,0.0,0.0,0.0
1081607305,864512,0,1.0078125,-0.037109375,0.015625,-0.021484375,0.0,0.0,0.0
1081608556,864513,0,1.0,-0.037109375,0.017578125,-0.01953125,0.0,0.0,0.0
1081609807,864514,0,1.001953125,-0.0390625,0.009765625,-0.029296875,0.0,0.0,0.0
1081611058,864515,0,1.005859375,-0.037109375,0.01953125,-0.017578125,0.0,0.0,0.0
1081612310,864516,0,1.005859375,-0.03515625,0.013671875,-0.021484375,0.0,0.0,0.0
1081613560,864517,0,1.0078125,-0.03515625,0.01171875,-0.0234375,0.0,0.0,0.0
1081614810,864518,0,1.001953125,-0.03515625,0.01953125,-0.015625,0.0,0.0,0.0
1081616060,864519,0,1.00390625,-0.03515625,0.009765625,-0.025390625,0.0,0.0,0.0
1081617311,864520,0,1.0078125,-0.041015625,0.0,-0.041015625,0.0,0.0,0.0
1081618561,864521,0,0.99609375,-0.037109375,0.015625,-0.021484375,0.0,0.0,0.0
1081619813,864522,0,0.99609375,-0.03515625,0.015625,-0.01953125,0.0,0.0,0.0
1081621063,864523,0,0.998046875,-0.03515625,0.015625,-0.01953125,0.0,0.0,0.0
1081622313,864524,0,1.005859375,-0.041015625,0.00390625,-0.037109375,0.0,0.0,0.0
1081623565,864525,0,1.00390625,-0.03515625,0.013671875,-0.021484375,0.0,0.0,0.0
1081624816,864526,0,0.998046875,-0.041015625,0.009765625,-0.03125,0.0,0.0,0.0
1081626066,864527,0,1.009765625,-0.037109375,0.013671875,-0.0234375,0.0,0.0,0.0
1081627316,864528,0,0.998046875,-0.037109375,0.0078125,-0.029296875,0.0,0.0,0.0
1081628567,864529,0,1.00390625,-0.03515625,0.015625,-0.01953125,0.0,0.0,0.0
1081629817,864530,0,1.00390625,-0.037109375,0.015625,-0.021484375,0.0,0.0,0.0
1081631069,864531,0,1.009765625,-0.03515625,0.015625,-0.01953125,0.0,0.0,0.0
1081632319,864532,0,1.005859375,-0.037109375,0.009765625,-0.02734375,0.0,0.0,0.0
1081633570,864533,0,1.0,-0.037109375,0.015625,-0.021484375,0.0,0.0,0.0
1081634822,864534,0,1.0078125,-0.037109375,0.017578125,-0.01953125,0.0,0.0,0.0
1081636072,864535,0,1.0078125,-0.03515625,0.009765625,-0.025390625,0.0,0.0,0.0
1081637322,864536,0,1.00390625,-0.0390625,0.01953125,-0.01953125,0.0,0.0,0.0
1081638572,864537,0,1.0078125,-0.0390625,0.015625,-0.0234375,0.0,0.0,0.0
1081639823,864538,0,1.009765625,-0.0390625,0.017578125,-0.021484375,0.0,0.0,0.0
1081641075,864539,0,1.009765625,-0.044921875,0.017578125,-0.02734375,0.0,0.0,0.0
1081642326,864540,0,1.017578125,-0.03125,0.01171875,-0.01953125,0.0,0.0,0.0
1081643576,864541,0,0.99609375,-0.0390625,0.01171875,-0.02734375,0.0,0.0,0.0
1081644827,864542,0,0.998046875,-0.041015625,0.009765625,-0.03125,0.0,0.0,0.0
1081646077,864543,0,1.0078125,-0.0390625,0.017578125,-0.021484375,0.0,0.0,0.0
1081647327,864544,0,1.005859375,-0.0390625,0.01171875,-0.02734375,0.0,0.0,0.0
1081648578,864545,0,0.99609375,-0.037109375,0.01171875,-0.025390625,0.0,0.0,0.0
1081649829,864546,0,0.998046875,-0.037109375,0.017578125,-0.01953125,0.0,0.0,0.0
1081651080,864547,0,1.009765625,-0.03515625,0.01171875,-0.0234375,0.0,0.0,0.0
1081652332,864548,0,1.009765625,-0.03515625,0.01171875,-0.0234375,0.0,0.0,0.0
1081653582,864549,0,1.00390625,-0.037109375,0.015625,-0.021484375,0.0,0.0,0.0
1081654834,864550,0,1.0078125,-0.033203125,0.013671875,-0.01953125,0.0,0.0,0.0
1081656085,864551,0,1.00390625,-0.029296875,0.015625,-0.013671875,0.0,0.0,0.0
1081657335,864552,0,1.0,-0.03515625,0.01953125,-0.015625,0.0,0.0,0.0
1081658586,864553,0,1.005859375,-0.03515625,0.015625,-0.01953125,0.0,0.0,0.0
1081659838,864554,0,1.00390625,-0.033203125,0.017578125,-0.015625,0.0,0.0,0.0
1081661088,864555,0,1.00390625,-0.037109375,0.01171875,-0.025390625,0.0,0.0,0.0
1081662338,864556,0,1.005859375,-0.033203125,0.013671875,-0.01953125,0.0,0.0,0.0
1081663589,864557,0,1.0,-0.041015625,0.015625,-0.025390625,0.0,0.0,0.0
1081664839,864558,0,0.998046875,-0.037109375,0.01953125,-0.017578125,0.0,0.0,0.0
1081666091,864559,0,1.001953125,-0.0390625,0.015625,-0.0234375,0.0,0.0,0.0
1081667341,864560,0,1.0,-0.03515625,0.01171875,-0.0234375,0.0,0.0,0.0
1081668592,864561,0,1.01171875,-0.033203125,0.017578125,-0.015625,0.0,0.0,0.0
1081669844,864562,0,1.005859375,-0.03515625,0.01953125,-0.015625,0.0,0.0,0.0
1081671094,864563,0,1.009765625,-0.037109375,0.00390625,-0.033203125,0.0,0.0,0.0
1081672344,864564,0,1.001953125,-0.0390625,0.013671875,-0.025390625,0.0,0.0,0.0
1081673595,864565,0,1.00390625,-0.0390625,0.01953125,-0.01953125,0.0,0.0,0.0
1081674846,864566,0,1.001953125,-0.037109375,0.01171875,-0.025390625,0.0,0.0,0.0
1081676096,864567,0,1.005859375,-0.037109375,0.01171875,-0.025390625,0.0,0.0,0.0
1081677346,864568,0,1.013671875,-0.03515625,0.015625,-0.01953125,0.0,0.0,0.0
1081678597,864569,0,1.0078125,-0.033203125,0.01953125,-0.013671875,0.0,0.0,0.0
1081679847,864570,0,1.005859375,-0.033203125,0.015625,-0.017578125,0.0,0.0,0.0
1081681097,864571,0,1.0,-0.037109375,0.01171875,-0.025390625,0.0,0.0,0.0
1081682349,864572,0,1.00390625,-0.0390625,0.015625,-0.0234375,0.0,0.0,0.0
1081683599,864573,0,1.005859375,-0.037109375,0.015625,-0.021484375,0.0,0.0,0.0
1081684850,864574,0,1.0,-0.037109375,0.013671875,-0.0234375,0.0,0.0,0.0
1081686101,864575,0,1.005859375,-0.033203125,0.017578125,-0.015625,0.0,0.0,0.0
1081687351,864576,0,1.0,-0.04296875,0.013671875,-0.029296875,0.0,0.0,0.0
1081688602,864577,0,0.99609375,-0.041015625,0.01953125,-0.021484375,0.0,0.0,0.0
1081689853,864578,0,1.00390625,-0.037109375,0.015625,-0.021484375,0.0,0.0,0.0
1081691103,864579,0,1.0078125,-0.033203125,0.01953125,-0.013671875,0.0,0.0,0.0
1081692355,864580,0,1.001953125,-0.03515625,0.017578125,-0.017578125,0.0,0.0,0.0
1081693606,864581,0,1.005859375,-0.03515625,0.025390625,-0.009765625,0.0,0.0,0.0
1081694856,864582,0,1.0078125,-0.037109375,0.01953125,-0.017578125,0.0,0.0,0.0
1081696108,864583,0,1.00390625,-0.03515625,0.01953125,-0.015625,0.0,0.0,0.0
1081697359,864584,0,1.0078125,-0.037109375,0.01171875,-0.025390625,0.0,0.0,0.0
1081698610,864585,0,1.001953125,-0.041015625,0.017578125,-0.0234375,0.0,0.0,0.0
1081699860,864586,0,1.005859375,-0.033203125,0.009765625,-0.0234375,0.0,0.0,0.0
1081701110,864587,0,1.013671875,-0.0390625,0.01953125,-0.01953125,0.0,0.0,0.0
1081702362,864588,0,1.01171875,-0.041015625,0.009765625,-0.03125,0.0,0.0,0.0
1081703614,864589,0,1.001953125,-0.03515625,0.015625,-0.01953125,0.0,0.0,0.0
1081704865,864590,0,1.009765625,-0.0390625,0.015625,-0.0234375,0.0,0.0,0.0
1081706115,864591,0,1.00390625,-0.033203125,0.01953125,-0.013671875,0.0,0.0,0.0
1081707366,864592,0,1.001953125,-0.033203125,0.021484375,-0.01171875,0.0,0.0,0.0
1081708616,864593,0,1.005859375,-0.03125,0.017578125,-0.013671875,0.0,0.0,0.0
1081709867,864594,0,1.009765625,-0.03125,0.01171875,-0.01953125,0.0,0.0,0.0
1081711118,864595,0,1.009765625,-0.03515625,0.017578125,-0.017578125,0.0,0.0,0.0
1081712368,864596,0,1.01171875,-0.037109375,0.01171875,-0.025390625,0.0,0.0,0.0
1081713619,864597,0,1.005859375,-0.033203125,0.017578125,-0.015625,0.0,0.0,0.0
1081714871,864598,0,1.0,-0.0390625,0.01171875,-0.02734375,0.0,0.0,0.0
1081716121,864599,0,1.001953125,-0.03515625,0.009765625,-0.025390625,0.0,0.0,0.0
1081717371,864600,0,1.005859375,-0.03515625,0.01953125,-0.015625,0.0,0.0,0.0
1081718623,864601,0,1.001953125,-0.037109375,0.017578125,-0.01953125,0.0,0.0,0.0
1081719873,864602,0,1.00390625,-0.037109375,0.015625,-0.021484375,0.0,0.0,0.0
1081721124,864603,0,1.0,-0.037109375,0.017578125,-0.01953125,0.0,0.0,0.0
1081722376,864604,0,1.001953125,-0.033203125,0.015625,-0.017578125,0.0,0.0,0.0
1081723626,864605,0,0.998046875,-0.0390625,0.017578125,-0.021484375,0.0,0.0,0.0
1081724877,864606,0,1.00390625,-0.03515625,0.009765625,-0.025390625,0.0,0.0,0.0
1081726127,864607,0,1.001953125,-0.041015625,0.015625,-0.025390625,0.0,0.0,0.0
1081727377,864608,0,0.99609375,-0.03515625,0.013671875,-0.021484375,0.0,0.0,0.0
1081728629,864609,0,1.01171875,-0.033203125,0.013671875,-0.01953125,0.0,0.0,0.0
1081729879,864610,0,1.001953125,-0.037109375,0.01953125,-0.017578125,0.0,0.0,0.0
1081731130,864611,0,0.99609375,-0.03125,0.017578125,-0.013671875,0.0,0.0,0.0
1081732381,864612,0,1.005859375,-0.03125,0.01953125,-0.01171875,0.0,0.0,0.0
1081733631,864613,0,0.994140625,-0.037109375,0.013671875,-0.0234375,0.0,0.0,0.0
1081734883,864614,0,1.0,-0.037109375,0.017578125,-0.01953125,0.0,0.0,0.0
1081736134,864615,0,1.001953125,-0.037109375,0.005859375,-0.03125,0.0,0.0,0.0
1081737384,864616,0,1.0078125,-0.037109375,0.01171875,-0.025390625,0.0,0.0,0.0
1081738635,864617,0,1.009765625,-0.033203125,0.015625,-0.017578125,0.0,0.0,0.0
1081739887,864618,0,1.00390625,-0.03515625,0.017578125,-0.017578125,0.0,0.0,0.0
1081741137,864619,0,1.005859375,-0.03515625,0.017578125,-0.017578125,0.0,0.0,0.0
1081742388,864620,0,0.998046875,-0.0390625,0.009765625,-0.029296875,0.0,0.0,0.0
1081743639,864621,0,1.005859375,-0.03515625,0.017578125,-0.017578125,0.0,0.0,0.0
1081744889,864622,0,1.00390625,-0.03515625,0.015625,-0.01953125,0.0,0.0,0.0
1081746140,864623,0,1.001953125,-0.03515625,0.013671875,-0.021484375,0.0,0.0,0.0
1081747392,864624,0,1.0078125,-0.0390625,0.01953125,-0.01953125,0.0,0.0,0.0
1081748642,864625,0,1.00390625,-0.03515625,0.01953125,-0.015625,0.0,0.0,0.0
1081749894,864626,0,1.00390625,-0.03515625,0.0078125,-0.02734375,0.0,0.0,0.0
1081751145,864627,0,1.009765625,-0.033203125,0.009765625,-0.0234375,0.0,0.0,0.0
1081752396,864628,0,1.00390625,-0.03515625,0.015625,-0.01953125,0.0,0.0,0.0
1081753647,864629,0,1.005859375,-0.0390625,0.01953125,-0.01953125,0.0,0.0,0.0
1081754899,864630,0,0.99609375,-0.04296875,0.009765625,-0.033203125,0.0,0.0,0.0
1081756150,864631,0,0.99609375,-0.029296875,0.013671875,-0.015625,0.0,0.0,0.0
1081757400,864632,0,1.001953125,-0.03515625,0.013671875,-0.021484375,0.0,0.0,0.0
1081758652,864633,0,1.01171875,-0.0390625,0.01171875,-0.02734375,0.0,0.0,0.0
1081759902,864634,0,1.005859375,-0.041015625,0.005859375,-0.03515625,0.0,0.0,0.0
1081761152,864635,0,1.001953125,-0.037109375,0.017578125,-0.01953125,0.0,0.0,0.0
1081762402,864636,0,1.0078125,-0.0390625,0.01171875,-0.02734375,0.0,0.0,0.0
1081763653,864637,0,1.0,-0.037109375,0.013671875,-0.0234375,0.0,0.0,0.0
1081764904,864638,0,1.001953125,-0.037109375,0.009765625,-0.02734375,0.0,0.0,0.0
1081766154,864639,0,1.001953125,-0.037109375,0.01171875,-0.025390625,0.0,0.0,0.0
1081767406,864640,0,0.998046875,-0.041015625,0.0078125,-0.033203125,0.0,0.0,0.0
1081768657,864641,0,0.998046875,-0.0390625,0.01171875,-0.02734375,0.0,0.0,0.0
1081769907,864642,0,1.00390625,-0.041015625,0.0078125,-0.033203125,0.0,0.0,0.0
1081771158,864643,0,1.00390625,-0.037109375,0.015625,-0.021484375,0.0,0.0,0.0
1081772408,864644,0,1.00390625,-0.0390625,0.0078125,-0.03125,0.0,0.0,0.0
1081773659,864645,0,1.001953125,-0.04296875,0.015625,-0.02734375,0.0,0.0,0.0
1081774910,864646,0,1.001953125,-0.0390625,0.01953125,-0.01953125,0.0,0.0,0.0
1081776160,864647,0,1.00390625,-0.041015625,0.01953125,-0.021484375,0.0,0.0,0.0
1081777410,864648,0,1.0078125,-0.037109375,0.01171875,-0.025390625,0.0,0.0,0.0
1081778662,864649,0,1.015625,-0.0390625,0.017578125,-0.021484375,0.0,0.0,0.0
1081779912,864650,0,1.00390625,-0.029296875,0.017578125,-0.01171875,0.0,0.0,0.0
1081781163,864651,0,0.990234375,-0.029296875,0.009765625,-0.01953125,0.0,0.0,0.0
1081782413,864652,0,1.005859375,-0.037109375,0.013671875,-0.0234375,0.0,0.0,0.0
1081783664,864653,0,1.0,-0.04296875,0.01171875,-0.03125,0.0,0.0,0.0
1081784915,864654,0,1.0,-0.0390625,0.009765625,-0.029296875,0.0,0.0,0.0
1081786167,864655,0,1.001953125,-0.037109375,0.015625,-0.021484375,0.0,0.0,0.0
1081787417,864656,0,1.0,-0.037109375,0.017578125,-0.01953125,0.0,0.0,0.0
1081788668,864657,0,1.00390625,-0.037109375,0.017578125,-0.01953125,0.0,0.0,0.0
1081789920,864658,0,1.0078125,-0.037109375,0.013671875,-0.0234375,0.0,0.0,0.0
1081791171,864659,0,0.998046875,-0.0390625,0.017578125,-0.021484375,0.0,0.0,0.0
1081792422,864660,0,1.0078125,-0.037109375,0.01171875,-0.025390625,0.0,0.0,0.0
1081793674,864661,0,1.001953125,-0.0390625,0.013671875,-0.025390625,0.0,0.0,0.0
1081794924,864662,0,1.001953125,-0.037109375,0.01953125,-0.017578125,0.0,0.0,0.0
1081796175,864663,0,1.005859375,-0.037109375,0.009765625,-0.02734375,0.0,0.0,0.0
1081797426,864664,0,1.0,-0.03125,0.017578125,-0.013671875,0.0,0.0,0.0
1081798677,864665,0,1.005859375,-0.03515625,0.01953125,-0.015625,0.0,0.0,0.0
1081799928,864666,0,1.005859375,-0.02734375,0.01953125,-0.0078125,0.0,0.0,0.0
1081801179,864667,0,1.009765625,-0.03515625,0.021484375,-0.013671875,0.0,0.0,0.0
1081802431,864668,0,1.009765625,-0.033203125,0.013671875,-0.01953125,0.0,0.0,0.0
1081803681,864669,0,1.009765625,-0.04296875,0.01171875,-0.03125,0.0,0.0,0.0
1081804932,864670,0,1.005859375,-0.044921875,0.013671875,-0.03125,0.0,0.0,0.0
1081806182,864671,0,1.001953125,-0.0390625,0.013671875,-0.025390625,0.0,0.0,0.0
1081807432,864672,0,1.005859375,-0.037109375,0.009765625,-0.02734375,0.0,0.0,0.0
1081808684,864673,0,1.0,-0.0390625,0.013671875,-0.025390625,0.0,0.0,0.0
1081809934,864674,0,1.00390625,-0.04296875,0.0078125,-0.03515625,0.0,0.0,0.0
1081811185,864675,0,1.001953125,-0.0390625,0.0078125,-0.03125,0.0,0.0,0.0
1081812436,864676,0,0.9921875,-0.041015625,0.013671875,-0.02734375,0.0,0.0,0.0
1081813687,864677,0,1.0,-0.0390625,0.013671875,-0.025390625,0.0,0.0,0.0
1081814937,864678,0,1.0078125,-0.037109375,0.009765625,-0.02734375,0.0,0.0,0.0
1081816187,864679,0,1.005859375,-0.0390625,0.01953125,-0.01953125,0.0,0.0,0.0
1081817439,864680,0,1.00390625,-0.037109375,0.013671875,-0.0234375,0.0,0.0,0.0
1081818690,864681,0,1.005859375,-0.03515625,0.013671875,-0.021484375,0.0,0.0,0.0
1081819940,864682,0,1.005859375,-0.0390625,0.013671875,-0.025390625,0.0,0.0,0.0
1081821192,864683,0,1.001953125,-0.033203125,0.015625,-0.017578125,0.0,0.0,0.0
1081822443,864684,0,0.99609375,-0.03515625,0.015625,-0.01953125,0.0,0.0,0.0
1081823694,864685,0,1.001953125,-0.041015625,0.013671875,-0.02734375,0.0,0.0,0.0
1081824944,864686,0,1.001953125,-0.033203125,0.01171875,-0.021484375,0.0,0.0,0.0
1081826194,864687,0,1.0078125,-0.037109375,0.013671875,-0.0234375,0.0,0.0,0.0
1081827445,864688,0,1.005859375,-0.037109375,0.015625,-0.021484375,0.0,0.0,0.0
1081828697,864689,0,1.001953125,-0.041015625,0.017578125,-0.0234375,0.0,0.0,0.0
1081829947,864690,0,1.01171875,-0.046875,0.01171875,-0.03515625,0.0,0.0,0.0
1081831199,864691,0,1.005859375,-0.041015625,0.005859375,-0.03515625,0.0,0.0,0.0
1081832449,864692,0,1.015625,-0.0390625,0.021484375,-0.017578125,0.0,0.0,0.0
1081833701,864693,0,1.00390625,-0.037109375,0.015625,-0.021484375,0.0,0.0,0.0
1081834951,864694,0,1.01171875,-0.0390625,0.01953125,-0.01953125,0.0,0.0,0.0
1081836202,864695,0,1.00390625,-0.03515625,0.013671875,-0.021484375,0.0,0.0,0.0
1081837454,864696,0,1.009765625,-0.037109375,0.013671875,-0.0234375,0.0,0.0,0.0
1081838704,864697,0,1.009765625,-0.033203125,0.01171875,-0.021484375,0.0,0.0,0.0
1081839955,864698,0,1.0078125,-0.03125,0.015625,-0.015625,0.0,0.0,0.0
1081841206,864699,0,1.001953125,-0.037109375,0.015625,-0.021484375,0.0,0.0,0.0
1081842457,864700,0,1.001953125,-0.037109375,0.01171875,-0.025390625,0.0,0.0,0.0
1081843708,864701,0,1.0078125,-0.03515625,0.015625,-0.01953125,0.0,0.0,0.0
1081844959,864702,0,1.001953125,-0.03125,0.017578125,-0.013671875,0.0,0.0,0.0
1081846211,864703,0,1.001953125,-0.037109375,0.013671875,-0.0234375,0.0,0.0,0.0
1081847463,864704,0,1.001953125,-0.033203125,0.017578125,-0.015625,0.0,0.0,0.0
1081848713,864705,0,1.0078125,-0.03515625,0.0234375,-0.01171875,0.0,0.0,0.0
1081849965,864706,0,1.005859375,-0.03515625,0.013671875,-0.021484375,0.0,0.0,0.0
1081851215,864707,0,1.00390625,-0.037109375,0.015625,-0.021484375,0.0,0.0,0.0
1081852466,864708,0,1.001953125,-0.037109375,0.01171875,-0.025390625,0.0,0.0,0.0
1081853716,864709,0,0.998046875,-0.0390625,0.021484375,-0.017578125,0.0,0.0,0.0
1081854966,864710,0,1.00390625,-0.037109375,0.0078125,-0.029296875,0.0,0.0,0.0
1081856216,864711,0,1.0078125,-0.0390625,0.013671875,-0.025390625,0.0,0.0,0.0
1081857468,864712,0,1.0,-0.037109375,0.017578125,-0.01953125,0.0,0.0,0.0
1081858719,864713,0,1.0078125,-0.0390625,0.013671875,-0.025390625,0.0,0.0,0.0
1081859969,864714,0,1.0078125,-0.03515625,0.015625,-0.01953125,0.0,0.0,0.0
1081861221,864715,0,1.013671875,-0.0390625,0.017578125,-0.021484375,0.0,0.0,0.0
1081862471,864716,0,1.0,-0.033203125,0.0234375,-0.009765625,0.0,0.0,0.0
1081863723,864717,0,1.00390625,-0.0234375,0.017578125,-0.005859375,0.0,0.0,0.0
1081864973,864718,0,1.005859375,-0.03515625,0.015625,-0.01953125,0.0,0.0,0.0
1081866225,864719,0,1.005859375,-0.037109375,0.015625,-0.021484375,0.0,0.0,0.0
1081867476,864720,0,1.0078125,-0.03515625,0.015625,-0.01953125,0.0,0.0,0.0
1081868727,864721,0,1.00390625,-0.03515625,0.01171875,-0.0234375,0.0,0.0,0.0
1081869977,864722,0,1.005859375,-0.0390625,0.015625,-0.0234375,0.0,0.0,0.0
1081871228,864723,0,1.005859375,-0.0390625,0.0078125,-0.03125,0.0,0.0,0.0
1081872479,864724,0,1.001953125,-0.0390625,0.017578125,-0.021484375,0.0,0.0,0.0
1081873730,864725,0,1.00390625,-0.0390625,0.017578125,-0.021484375,0.0,0.0,0.0
1081874981,864726,0,1.001953125,-0.037109375,0.015625,-0.021484375,0.0,0.0,0.0
1081876233,864727,0,1.0,-0.0390625,0.015625,-0.0234375,0.0,0.0,0.0
1081877484,864728,0,1.00390625,-0.0390625,0.013671875,-0.025390625,0.0,0.0,0.0
1081878734,864729,0,1.001953125,-0.033203125,0.015625,-0.017578125,0.0,0.0,0.0
1081879984,864730,0,1.00390625,-0.041015625,0.013671875,-0.02734375,0.0,0.0,0.0
1081881235,864731,0,1.015625,-0.041015625,0.01171875,-0.029296875,0.0,0.0,0.0
1081882486,864732,0,1.0,-0.041015625,0.01953125,-0.021484375,0.0,0.0,0.0
1081883737,864733,0,1.005859375,-0.0390625,0.015625,-0.0234375,0.0,0.0,0.0
1081884987,864734,0,0.998046875,-0.0390625,0.017578125,-0.021484375,0.0,0.0,0.0
1081886238,864735,0,1.001953125,-0.0390625,0.017578125,-0.021484375,0.0,0.0,0.0
1081887489,864736,0,1.00390625,-0.037109375,0.015625,-0.021484375,0.0,0.0,0.0
1081888740,864737,0,1.005859375,-0.033203125,0.01171875,-0.021484375,0.0,0.0,0.0
1081889992,864738,0,1.009765625,-0.037109375,0.01171875,-0.025390625,0.0,0.0,0.0
1081891242,864739,0,1.005859375,-0.037109375,0.009765625,-0.02734375,0.0,0.0,0.0
1081892493,864740,0,1.001953125,-0.0390625,0.017578125,-0.021484375,0.0,0.0,0.0
1081893744,864741,0,1.001953125,-0.041015625,0.013671875,-0.02734375,0.0,0.0,0.0
1081894994,864742,0,1.001953125,-0.037109375,0.015625,-0.021484375,0.0,0.0,0.0
1081896245,864743,0,0.99609375,-0.03515625,0.017578125,-0.017578125,0.0,0.0,0.0
1081897497,864744,0,1.005859375,-0.03515625,0.013671875,-0.021484375,0.0,0.0,0.0
1081898749,864745,0,1.001953125,-0.03515625,0.009765625,-0.025390625,0.0,0.0,0.0
1081899999,864746,0,1.005859375,-0.037109375,0.01171875,-0.025390625,0.0,0.0,0.0
1081901250,864747,0,1.00390625,-0.0390625,0.013671875,-0.025390625,0.0,0.0,0.0
1081902500,864748,0,1.001953125,-0.037109375,0.015625,-0.021484375,0.0,0.0,0.0
1081903752,864749,0,1.0078125,-0.03515625,0.017578125,-0.017578125,0.0,0.0,0.0
1081905003,864750,0,1.0,-0.037109375,0.017578125,-0.01953125,0.0,0.0,0.0
1081906254,864751,0,1.0078125,-0.037109375,0.013671875,-0.0234375,0.0,0.0,0.0
1081907504,864752,0,0.99609375,-0.03125,0.017578125,-0.013671875,0.0,0.0,0.0
1081908756,864753,0,1.001953125,-0.0390625,0.015625,-0.0234375,0.0,0.0,0.0
1081910006,864754,0,0.998046875,-0.044921875,0.005859375,-0.0390625,0.0,0.0,0.0
1081911257,864755,0,1.00390625,-0.04296875,0.005859375,-0.037109375,0.0,0.0,0.0
1081912508,864756,0,1.009765625,-0.03515625,0.01171875,-0.0234375,0.0,0.0,0.0
1081913759,864757,0,1.001953125,-0.03515625,0.015625,-0.01953125,0.0,0.0,0.0
1081915009,864758,0,1.009765625,-0.037109375,0.009765625,-0.02734375,0.0,0.0,0.0
1081916259,864759,0,1.001953125,-0.037109375,0.01171875,-0.025390625,0.0,0.0,0.0
1081917510,864760,0,1.013671875,-0.037109375,0.021484375,-0.015625,0.0,0.0,0.0
1081918762,864761,0,1.00390625,-0.0390625,0.017578125,-0.021484375,0.0,0.0,0.0
1081920013,864762,0,1.0078125,-0.041015625,0.009765625,-0.03125,0.0,0.0,0.0
1081921271,864763,0,1.001953125,-0.03515625,0.013671875,-0.021484375,0.0,0.0,0.0
1081922522,864764,0,1.0078125,-0.037109375,0.01953125,-0.017578125,0.0,0.0,0.0
1081923773,864765,0,1.00390625,-0.037109375,0.013671875,-0.0234375,0.0,0.0,0.0
1081925025,864766,0,1.00390625,-0.0390625,0.021484375,-0.017578125,0.0,0.0,0.0
1081926277,864767,0,1.0,-0.037109375,0.01953125,-0.017578125,0.0,0.0,0.0
1081927528,864768,0,0.998046875,-0.0390625,0.01953125,-0.01953125,0.0,0.0,0.0
1081928779,864769,0,1.001953125,-0.037109375,0.021484375,-0.015625,0.0,0.0,0.0
1081930031,864770,0,1.005859375,-0.037109375,0.01953125,-0.017578125,0.0,0.0,0.0
1081931283,864771,0,1.005859375,-0.03515625,0.017578125,-0.017578125,0.0,0.0,0.0
1081932535,864772,0,1.005859375,-0.033203125,0.017578125,-0.015625,0.0,0.0,0.0
1081933786,864773,0,1.009765625,-0.037109375,0.021484375,-0.015625,0.0,0.0,0.0
1081935036,864774,0,1.0,-0.033203125,0.021484375,-0.01171875,0.0,0.0,0.0
1081936287,864775,0,1.00390625,-0.0390625,0.009765625,-0.029296875,0.0,0.0,0.0
1081937537,864776,0,1.001953125,-0.037109375,0.01171875,-0.025390625,0.0,0.0,0.0
1081938787,864777,0,1.005859375,-0.03515625,0.015625,-0.01953125,0.0,0.0,0.0
1081940038,864778,0,1.005859375,-0.037109375,0.013671875,-0.0234375,0.0,0.0,0.0
1081941289,864779,0,1.00390625,-0.037109375,0.0078125,-0.029296875,0.0,0.0,0.0
1081942539,864780,0,1.00390625,-0.041015625,0.01171875,-0.029296875,0.0,0.0,0.0
1081943790,864781,0,1.001953125,-0.041015625,0.015625,-0.025390625,0.0,0.0,0.0
1081945042,864782,0,1.005859375,-0.037109375,0.01171875,-0.025390625,0.0,0.0,0.0
1081946292,864783,0,1.00390625,-0.03515625,0.015625,-0.01953125,0.0,0.0,0.0
1081947543,864784,0,1.0,-0.0390625,0.015625,-0.0234375,0.0,0.0,0.0
1081948794,864785,0,1.001953125,-0.041015625,0.01171875,-0.029296875,0.0,0.0,0.0
1081950044,864786,0,1.001953125,-0.041015625,0.017578125,-0.0234375,0.0,0.0,0.0
1081951294,864787,0,1.005859375,-0.037109375,0.013671875,-0.0234375,0.0,0.0,0.0
1081952544,864788,0,1.00390625,-0.03515625,0.01171875,-0.0234375,0.0,0.0,0.0
1081953795,864789,0,1.005859375,-0.033203125,0.013671875,-0.01953125,0.0,0.0,0.0
1081955047,864790,0,0.99609375,-0.033203125,0.013671875,-0.01953125,0.0,0.0,0.0
1081956297,864791,0,1.005859375,-0.037109375,0.01171875,-0.025390625,0.0,0.0,0.0
1081957548,864792,0,1.0078125,-0.037109375,0.015625,-0.021484375,0.0,0.0,0.0
1081958800,864793,0,1.001953125,-0.033203125,0.01171875,-0.021484375,0.0,0.0,0.0
1081960050,864794,0,0.994140625,-0.0390625,0.013671875,-0.025390625,0.0,0.0,0.0
1081961300,864795,0,1.0078125,-0.03515625,0.01953125,-0.015625,0.0,0.0,0.0
1081962550,864796,0,1.00390625,-0.044921875,0.009765625,-0.03515625,0.0,0.0,0.0
1081963801,864797,0,1.0078125,-0.03515625,0.01953125,-0.015625,0.0,0.0,0.0
1081965052,864798,0,1.0078125,-0.041015625,0.021484375,-0.01953125,0.0,0.0,0.0
1081966302,864799,0,1.015625,-0.0390625,0.009765625,-0.029296875,0.0,0.0,0.0
1081967553,864800,0,1.0078125,-0.041015625,0.01171875,-0.029296875,0.0,0.0,0.0
1081968804,864801,0,1.001953125,-0.0390625,0.00390625,-0.03515625,0.0,0.0,0.0
1081970054,864802,0,1.015625,-0.03125,0.01171875,-0.01953125,0.0,0.0,0.0
1081971305,864803,0,1.0,-0.037109375,0.015625,-0.021484375,0.0,0.0,0.0
1081972556,864804,0,0.99609375,-0.0390625,0.017578125,-0.021484375,0.0,0.0,0.0
1081973807,864805,0,1.0078125,-0.03515625,0.017578125,-0.017578125,0.0,0.0,0.0
1081975058,864806,0,1.0,-0.037109375,0.0078125,-0.029296875,0.0,0.0,0.0
1081976310,864807,0,1.005859375,-0.03515625,0.015625,-0.01953125,0.0,0.0,0.0
1081977560,864808,0,1.001953125,-0.03515625,0.015625,-0.01953125,0.0,0.0,0.0
1081978810,864809,0,1.001953125,-0.03515625,0.015625,-0.01953125,0.0,0.0,0.0
1081980060,864810,0,1.001953125,-0.0390625,0.013671875,-0.025390625,0.0,0.0,0.0
1081981311,864811,0,1.00390625,-0.03515625,0.009765625,-0.025390625,0.0,0.0,0.0
1081982561,864812,0,1.001953125,-0.037109375,0.01171875,-0.025390625,0.0,0.0,0.0
1081983813,864813,0,1.001953125,-0.0390625,0.013671875,-0.025390625,0.0,0.0,0.0
1081985063,864814,0,1.001953125,-0.037109375,0.017578125,-0.01953125,0.0,0.0,0.0
1081986313,864815,0,1.00390625,-0.0390625,0.013671875,-0.025390625,0.0,0.0,0.0
1081987565,864816,0,1.0078125,-0.037109375,0.015625,-0.021484375,0.0,0.0,0.0
1081988816,864817,0,1.00390625,-0.037109375,0.015625,-0.021484375,0.0,0.0,0.0
1081990066,864818,0,1.00390625,-0.037109375,0.013671875,-0.0234375,0.0,0.0,0.0
1081991316,864819,0,0.99609375,-0.037109375,0.017578125,-0.01953125,0.0,0.0,0.0
1081992567,864820,0,1.0,-0.033203125,0.013671875,-0.01953125,0.0,0.0,0.0
1081993817,864821,0,0.994140625,-0.0390625,0.017578125,-0.021484375,0.0,0.0,0.0
1081995069,864822,0,1.013671875,-0.03515625,0.021484375,-0.013671875,0.0,0.0,0.0
1081996319,864823,0,1.0,-0.03515625,0.015625,-0.01953125,0.0,0.0,0.0
1081997570,864824,0,1.005859375,-0.037109375,0.013671875,-0.0234375,0.0,0.0,0.0
1081998822,864825,0,1.0078125,-0.037109375,0.01171875,-0.025390625,0.0,0.0,0.0
1082000072,864826,0,1.0078125,-0.03515625,0.015625,-0.01953125,0.0,0.0,0.0
1082001322,864827,0,1.001953125,-0.037109375,0.013671875,-0.0234375,0.0,0.0,0.0
1082002572,864828,0,0.998046875,-0.03515625,0.015625,-0.01953125,0.0,0.0,0.0
1082003823,864829,0,1.0,-0.033203125,0.01953125,-0.013671875,0.0,0.0,0.0
1082005075,864830,0,1.001953125,-0.0390625,0.009765625,-0.029296875,0.0,0.0,0.0
1082006326,864831,0,1.005859375,-0.03515625,0.0078125,-0.02734375,0.0,0.0,0.0
1082007576,864832,0,1.001953125,-0.041015625,0.013671875,-0.02734375,0.0,0.0,0.0
1082008827,864833,0,1.005859375,-0.03515625,0.01171875,-0.0234375,0.0,0.0,0.0
1082010077,864834,0,1.00390625,-0.0390625,0.009765625,-0.029296875,0.0,0.0,0.0
1082011327,864835,0,0.998046875,-0.037109375,0.013671875,-0.0234375,0.0,0.0,0.0
1082012578,864836,0,1.009765625,-0.0390625,0.013671875,-0.025390625,0.0,0.0,0.0
1082013829,864837,0,1.0,-0.037109375,0.025390625,-0.01171875,0.0,0.0,0.0
1082015080,864838,0,1.001953125,-0.0390625,0.015625,-0.0234375,0.0,0.0,0.0
1082016332,864839,0,1.015625,-0.0390625,0.013671875,-0.025390625,0.0,0.0,0.0
1082017582,864840,0,1.013671875,-0.0390625,0.015625,-0.0234375,0.0,0.0,0.0
1082018834,864841,0,1.0078125,-0.037109375,0.015625,-0.021484375,0.0,0.0,0.0
1082020085,864842,0,1.013671875,-0.037109375,0.01953125,-0.017578125,0.0,0.0,0.0
1082021335,864843,0,1.001953125,-0.033203125,0.015625,-0.017578125,0.0,0.0,0.0
1082022586,864844,0,0.998046875,-0.044921875,0.0078125,-0.037109375,0.0,0.0,0.0
1082023838,864845,0,1.0078125,-0.0390625,0.015625,-0.0234375,0.0,0.0,0.0
1082025088,864846,0,1.0078125,-0.041015625,0.015625,-0.025390625,0.0,0.0,0.0
1082026338,864847,0,1.00390625,-0.037109375,0.013671875,-0.0234375,0.0,0.0,0.0
1082027589,864848,0,1.001953125,-0.037109375,0.013671875,-0.0234375,0.0,0.0,0.0
1082028839,864849,0,1.001953125,-0.0390625,0.013671875,-0.025390625,0.0,0.0,0.0
1082030091,864850,0,1.005859375,-0.03515625,0.015625,-0.01953125,0.0,0.0,0.0
1082031341,864851,0,1.001953125,-0.037109375,0.01953125,-0.017578125,0.0,0.0,0.0
1082032592,864852,0,1.00390625,-0.041015625,0.01953125,-0.021484375,0.0,0.0,0.0
1082033844,864853,0,1.0,-0.037109375,0.009765625,-0.02734375,0.0,0.0,0.0
1082035094,864854,0,1.005859375,-0.037109375,0.013671875,-0.0234375,0.0,0.0,0.0
1082036344,864855,0,1.00390625,-0.037109375,0.0078125,-0.029296875,0.0,0.0,0.0
1082037595,864856,0,1.00390625,-0.037109375,0.015625,-0.021484375,0.0,0.0,0.0
1082038846,864857,0,1.001953125,-0.0390625,0.017578125,-0.021484375,0.0,0.0,0.0
1082040096,864858,0,1.005859375,-0.0390625,0.017578125,-0.021484375,0.0,0.0,0.0
1082041346,864859,0,0.998046875,-0.04296875,0.009765625,-0.033203125,0.0,0.0,0.0
1082042597,864860,0,1.00390625,-0.037109375,0.01953125,-0.017578125,0.0,0.0,0.0
1082043847,864861,0,0.99609375,-0.037109375,0.013671875,-0.0234375,0.0,0.0,0.0
1082045097,864862,0,1.005859375,-0.041015625,0.017578125,-0.0234375,0.0,0.0,0.0
1082046349,864863,0,0.998046875,-0.03515625,0.009765625,-0.025390625,0.0,0.0,0.0
1082047599,864864,0,1.001953125,-0.0390625,0.013671875,-0.025390625,0.0,0.0,0.0
1082048850,864865,0,0.990234375,-0.0390625,0.013671875,-0.025390625,0.0,0.0,0.0
1082050101,864866,0,0.99609375,-0.037109375,0.017578125,-0.01953125,0.0,0.0,0.0
1082051351,864867,0,1.005859375,-0.033203125,0.009765625,-0.0234375,0.0,0.0,0.0
1082052602,864868,0,1.005859375,-0.033203125,0.021484375,-0.01171875,0.0,0.0,0.0
1082053853,864869,0,1.001953125,-0.03515625,0.017578125,-0.017578125,0.0,0.0,0.0
1082055103,864870,0,1.001953125,-0.037109375,0.015625,-0.021484375,0.0,0.0,0.0
1082056355,864871,0,1.0078125,-0.037109375,0.017578125,-0.01953125,0.0,0.0,0.0
1082057606,864872,0,1.0,-0.04296875,0.013671875,-0.029296875,0.0,0.0,0.0
1082058856,864873,0,1.005859375,-0.037109375,0.017578125,-0.01953125,0.0,0.0,0.0
1082060108,864874,0,1.005859375,-0.037109375,0.01171875,-0.025390625,0.0,0.0,0.0
1082061359,864875,0,1.005859375,-0.037109375,0.015625,-0.021484375,0.0,0.0,0.0
1082062610,864876,0,1.00390625,-0.03515625,0.015625,-0.01953125,0.0,0.0,0.0
1082063860,864877,0,1.001953125,-0.03515625,0.017578125,-0.017578125,0.0,0.0,0.0
1082065110,864878,0,1.00390625,-0.03515625,0.015625,-0.01953125,0.0,0.0,0.0
1082066362,864879,0,1.005859375,-0.033203125,0.01953125,-0.013671875,0.0,0.0,0.0
1082067614,864880,0,1.00390625,-0.041015625,0.013671875,-0.02734375,0.0,0.0,0.0
1082068865,864881,0,1.00390625,-0.04296875,0.013671875,-0.029296875,0.0,0.0,0.0
1082070115,864882,0,1.009765625,-0.037109375,0.001953125,-0.03515625,0.0,0.0,0.0
1082071366,864883,0,1.001953125,-0.0390625,0.009765625,-0.029296875,0.0,0.0,0.0
1082072616,864884,0,1.001953125,-0.03515625,0.013671875,-0.021484375,0.0,0.0,0.0
1082073867,864885,0,1.009765625,-0.03515625,0.01171875,-0.0234375,0.0,0.0,0.0
1082075118,864886,0,0.998046875,-0.04296875,0.013671875,-0.029296875,0.0,0.0,0.0
1082076368,864887,0,0.98828125,-0.041015625,0.017578125,-0.0234375,0.0,0.0,0.0
1082077619,864888,0,0.998046875,-0.03125,0.017578125,-0.013671875,0.0,0.0,0.0
1082078871,864889,0,1.0,-0.037109375,0.017578125,-0.01953125,0.0,0.0,0.0
1082080121,864890,0,1.0,-0.0390625,0.01953125,-0.01953125,0.0,0.0,0.0
1082081371,864891,0,1.0,-0.041015625,0.005859375,-0.03515625,0.0,0.0,0.0
1082082623,864892,0,1.009765625,-0.0390625,0.01171875,-0.02734375,0.0,0.0,0.0
1082083873,864893,0,1.00390625,-0.041015625,0.013671875,-0.02734375,0.0,0.0,0.0
1082085124,864894,0,1.0,-0.0390625,0.013671875,-0.025390625,0.0,0.0,0.0
1082086376,864895,0,1.005859375,-0.03515625,0.01953125,-0.015625,0.0,0.0,0.0
1082087626,864896,0,1.005859375,-0.037109375,0.017578125,-0.01953125,0.0,0.0,0.0
1082088877,864897,0,0.998046875,-0.03515625,0.01953125,-0.015625,0.0,0.0,0.0
1082090127,864898,0,1.005859375,-0.03125,0.01171875,-0.01953125,0.0,0.0,0.0
1082091377,864899,0,1.0,-0.03515625,0.017578125,-0.017578125,0.0,0.0,0.0
1082092629,864900,0,1.001953125,-0.033203125,0.013671875,-0.01953125,0.0,0.0,0.0
1082093879,864901,0,1.0078125,-0.0390625,0.013671875,-0.025390625,0.0,0.0,0.0
1082095130,864902,0,1.001953125,-0.0390625,0.021484375,-0.017578125,0.0,0.0,0.0
1082096381,864903,0,1.009765625,-0.03515625,0.017578125,-0.017578125,0.0,0.0,0.0
1082097631,864904,0,0.998046875,-0.03515625,0.015625,-0.01953125,0.0,0.0,0.0
1082098883,864905,0,1.015625,-0.03515625,0.017578125,-0.017578125,0.0,0.0,0.0
1082100134,864906,0,1.0078125,-0.037109375,0.013671875,-0.0234375,0.0,0.0,0.0
1082101384,864907,0,1.0078125,-0.041015625,0.017578125,-0.0234375,0.0,0.0,0.0
1082102635,864908,0,1.001953125,-0.0390625,0.009765625,-0.029296875,0.0,0.0,0.0
1082103887,864909,0,1.001953125,-0.037109375,0.009765625,-0.02734375,0.0,0.0,0.0
1082105137,864910,0,1.005859375,-0.041015625,0.009765625,-0.03125,0.0,0.0,0.0
1082106388,864911,0,1.0078125,-0.0390625,0.01953125,-0.01953125,0.0,0.0,0.0
1082107639,864912,0,1.005859375,-0.037109375,0.013671875,-0.0234375,0.0,0.0,0.0
1082108889,864913,0,0.998046875,-0.041015625,0.015625,-0.025390625,0.0,0.0,0.0
1082110140,864914,0,1.001953125,-0.04296875,0.017578125,-0.025390625,0.0,0.0,0.0
1082111392,864915,0,1.0,-0.041015625,0.0078125,-0.033203125,0.0,0.0,0.0
1082112642,864916,0,1.0,-0.037109375,0.015625,-0.021484375,0.0,0.0,0.0
1082113894,864917,0,1.0078125,-0.037109375,0.015625,-0.021484375,0.0,0.0,0.0
1082115145,864918,0,1.0078125,-0.04296875,0.015625,-0.02734375,0.0,0.0,0.0
1082116396,864919,0,1.001953125,-0.0390625,0.013671875,-0.025390625,0.0,0.0,0.0
1082117647,864920,0,1.005859375,-0.041015625,0.01171875,-0.029296875,0.0,0.0,0.0
1082118899,864921,0,1.005859375,-0.037109375,0.015625,-0.021484375,0.0,0.0,0.0
1082120150,864922,0,1.0,-0.03515625,0.015625,-0.01953125,0.0,0.0,0.0
1082121400,864923,0,1.00390625,-0.033203125,0.01953125,-0.013671875,0.0,0.0,0.0
1082122652,864924,0,1.005859375,-0.03515625,0.015625,-0.01953125,0.0,0.0,0.0
1082123902,864925,0,1.009765625,-0.033203125,0.01953125,-0.013671875,0.0,0.0,0.0
1082125152,864926,0,0.998046875,-0.03125,0.01953125,-0.01171875,0.0,0.0,0.0
1082126402,864927,0,1.0,-0.03515625,0.013671875,-0.021484375,0.0,0.0,0.0
1082127653,864928,0,1.001953125,-0.041015625,0.015625,-0.025390625,0.0,0.0,0.0
1082128904,864929,0,1.009765625,-0.037109375,0.013671875,-0.0234375,0.0,0.0,0.0
1082130154,864930,0,1.0078125,-0.037109375,0.017578125,-0.01953125,0.0,0.0,0.0
1082131406,864931,0,1.001953125,-0.037109375,0.013671875,-0.0234375,0.0,0.0,0.0
1082132657,864932,0,1.00390625,-0.04296875,0.013671875,-0.029296875,0.0,0.0,0.0
1082133907,864933,0,1.0,-0.037109375,0.013671875,-0.0234375,0.0,0.0,0.0
1082135158,864934,0,1.00390625,-0.0390625,0.01171875,-0.02734375,0.0,0.0,0.0
1082136408,864935,0,1.00390625,-0.0390625,0.009765625,-0.029296875,0.0,0.0,0.0
1082137659,864936,0,1.001953125,-0.04296875,0.01171875,-0.03125,0.0,0.0,0.0
1082138910,864937,0,1.005859375,-0.0390625,0.009765625,-0.029296875,0.0,0.0,0.0
1082140160,864938,0,1.001953125,-0.041015625,0.01171875,-0.029296875,0.0,0.0,0.0
1082141410,864939,0,1.0078125,-0.044921875,0.013671875,-0.03125,0.0,0.0,0.0
1082142662,864940,0,1.0078125,-0.041015625,0.0078125,-0.033203125,0.0,0.0,0.0
1082143912,864941,0,0.998046875,-0.046875,0.00390625,-0.04296875,0.0,0.0,0.0
1082145163,864942,0,0.99609375,-0.044921875,0.0078125,-0.037109375,0.0,0.0,0.0
1082146413,864943,0,1.005859375,-0.037109375,0.0078125,-0.029296875,0.0,0.0,0.0
1082147664,864944,0,1.001953125,-0.0390625,0.009765625,-0.029296875,0.0,0.0,0.0
1082148915,864945,0,1.0078125,-0.041015625,0.017578125,-0.0234375,0.0,0.0,0.0
1082150167,864946,0,0.998046875,-0.04296875,0.015625,-0.02734375,0.0,0.0,0.0
1082151417,864947,0,1.0078125,-0.033203125,0.01171875,-0.021484375,0.0,0.0,0.0
1082152668,864948,0,1.01171875,-0.0390625,0.01171875,-0.02734375,0.0,0.0,0.0
1082153920,864949,0,1.00390625,-0.037109375,0.00390625,-0.033203125,0.0,0.0,0.0
1082155171,864950,0,1.001953125,-0.041015625,0.013671875,-0.02734375,0.0,0.0,0.0
1082156422,864951,0,1.005859375,-0.044921875,0.0078125,-0.037109375,0.0,0.0,0.0
1082157674,864952,0,1.001953125,-0.041015625,0.017578125,-0.0234375,0.0,0.0,0.0
1082158924,864953,0,0.994140625,-0.0390625,0.009765625,-0.029296875,0.0,0.0,0.0
1082160175,864954,0,1.0,-0.048828125,0.005859375,-0.04296875,0.0,0.0,0.0
1082161426,864955,0,0.998046875,-0.046875,0.009765625,-0.037109375,0.0,0.0,0.0
1082162677,864956,0,0.998046875,-0.044921875,0.005859375,-0.0390625,0.0,0.0,0.0
1082163928,864957,0,1.001953125,-0.046875,0.005859375,-0.041015625,0.0,0.0,0.0
1082165179,864958,0,1.00390625,-0.052734375,0.005859375,-0.046875,0.0,0.0,0.0
1082166431,864959,0,1.0,-0.052734375,0.0078125,-0.044921875,0.0,0.0,0.0
1082167681,864960,0,1.0,-0.048828125,0.00390625,-0.044921875,0.0,0.0,0.0
1082168932,864961,0,0.998046875,-0.048828125,0.00390625,-0.044921875,0.0,0.0,0.0
1082170182,864962,0,1.001953125,-0.05859375,0.0078125,-0.05078125,0.0,0.0,0.0
1082171432,864963,0,1.005859375,-0.068359375,-0.00390625,-0.072265625,0.0,0.0,0.0
1082172684,864964,0,0.9921875,-0.068359375,-0.00390625,-0.072265625,0.0,0.0,0.0
1082173934,864965,0,0.998046875,-0.060546875,-0.001953125,-0.0625,0.0,0.0,0.0
1082175185,864966,0,0.998046875,-0.05859375,0.001953125,-0.056640625,0.0,0.0,0.0
1082176436,864967,0,1.0,-0.048828125,0.01953125,-0.029296875,0.0,0.0,0.0
1082177687,864968,0,0.9921875,-0.046875,0.0078125,-0.0390625,0.0,0.0,0.0
1082178937,864969,0,0.994140625,-0.056640625,0.001953125,-0.0546875,0.0,0.0,0.0
1082180187,864970,0,0.99609375,-0.052734375,0.0078125,-0.044921875,0.0,0.0,0.0
1082181439,864971,0,1.0078125,-0.0546875,0.013671875,-0.041015625,0.0,0.0,0.0
1082182690,864972,0,0.998046875,-0.052734375,0.009765625,-0.04296875,0.0,0.0,0.0
1082183940,864973,0,0.99609375,-0.05078125,0.015625,-0.03515625,0.0,0.0,0.0
1082185192,864974,0,0.998046875,-0.046875,0.013671875,-0.033203125,0.0,0.0,0.0
1082186443,864975,0,0.9921875,-0.05078125,0.005859375,-0.044921875,0.0,0.0,0.0
1082187694,864976,0,0.994140625,-0.056640625,0.005859375,-0.05078125,0.0,0.0,0.0
1082188944,864977,0,0.9921875,-0.060546875,0.009765625,-0.05078125,0.0,0.0,0.0
1082190194,864978,0,0.984375,-0.08203125,-0.001953125,-0.083984375,0.0,0.0,0.0
1082191445,864979,0,0.982421875,-0.08203125,-0.005859375,-0.087890625,0.0,0.0,0.0
1082192697,864980,0,0.98828125,-0.08203125,-0.0078125,-0.08984375,0.0,0.0,0.0
1082193947,864981,0,0.994140625,-0.06640625,0.00390625,-0.0625,0.0,0.0,0.0
1082195199,864982,0,0.98828125,-0.072265625,0.0,-0.072265625,0.0,0.0,0.0
1082196449,864983,0,0.994140625,-0.087890625,0.001953125,-0.0859375,0.0,0.0,0.0
1082197701,864984,0,1.001953125,0.00390625,0.02734375,0.03125,0.0,0.0,0.0
1082198951,864985,0,0.9921875,0.09765625,0.115234375,0.212890625,0.0,0.0,0.0
1082200202,864986,0,1.025390625,-0.087890625,0.001953125,-0.0859375,0.0,0.0,0.0
1082201454,864987,0,1.015625,-0.23046875,-0.087890625,-0.318359375,0.0,0.0,0.0
1082202704,864988,0,0.962890625,-0.271484375,-0.09375,-0.365234375,0.0,0.0,0.0
1082203955,864989,0,0.984375,-0.263671875,-0.060546875,-0.32421875,0.0,0.0,0.0
1082205206,864990,0,1.025390625,-0.240234375,-0.013671875,-0.25390625,0.0,0.0,0.0
1082206457,864991,0,1.1484375,-0.359375,0.033203125,-0.326171875,0.0,0.0,0.0
1082207708,864992,0,1.0078125,-0.392578125,-0.12109375,-0.513671875,0.0,0.0,0.0
1082208959,864993,0,0.923828125,-0.4375,-0.130859375,-0.568359375,0.0,0.0,0.0
1082210211,864994,0,1.029296875,-0.482421875,-0.1484375,-0.630859375,0.0,0.0,0.0
1082211463,864995,0,0.994140625,-0.5703125,-0.17578125,-0.74609375,0.0,0.0,0.0
1082212713,864996,0,0.96484375,-0.68359375,-0.19921875,-0.8828125,0.0,0.0,0.0
1082213965,864997,0,0.9453125,-2.916015625,-0.208984375,-3.125,0.0,0.0,0.0
1082215215,864998,0,0.8671875,-2.6171875,-1.6015625,-4.21875,0.0,0.0,0.0
1082216466,864999,0,0.72265625,-1.2890625,0.01953125,-1.26953125,0.0,0.0,0.0
1082217716,865000,0,0.931640625,-0.48046875,-0.46484375,-0.9453125,0.0,0.0,0.0
1082218966,865001,0,1.107421875,0.12890625,0.0390625,0.16796875,0.0,0.0,0.0
1082220216,865002,0,1.087890625,0.390625,-0.005859375,0.384765625,0.0,0.0,0.0
1082221468,865003,0,0.9453125,0.53515625,0.150390625,0.685546875,0.0,0.0,0.0
1082222719,865004,0,0.966796875,0.46875,0.03515625,0.50390625,0.0,0.0,0.0
1082223969,865005,0,1.158203125,0.546875,0.072265625,0.619140625,0.0,0.0,0.0
1082225221,865006,0,0.970703125,0.5234375,0.12890625,0.65234375,0.0,0.0,0.0
1082226471,865007,0,0.93359375,0.439453125,0.076171875,0.515625,0.0,0.0,0.0
1082227723,865008,0,1.09765625,0.283203125,0.068359375,0.3515625,0.0,0.0,0.0
1082228973,865009,0,0.970703125,-0.197265625,-0.05078125,-0.248046875,0.0,0.0,0.0
1082230225,865010,0,0.935546875,-0.91015625,-0.2890625,-1.19921875,0.0,0.0,0.0
1082231476,865011,0,0.978515625,-1.978515625,-0.55859375,-2.537109375,0.0,0.0,0.0
1082232727,865012,0,1.041015625,-2.54296875,-1.109375,-3.65234375,0.0,0.0,0.0
1082233977,865013,0,0.673828125,-3.681640625,-0.712890625,-4.39453125,0.0,0.0,0.0
1082235228,865014,0,0.42578125,-4.0,-2.4296875,-6.4296875,0.0,0.0,0.0
1082236479,865015,0,1.583984375,-3.580078125,-2.025390625,-5.60546875,0.0,0.0,0.0
1082237730,865016,0,0.87109375,-1.755859375,-1.404296875,-3.16015625,0.0,0.0,0.0
1082238981,865017,0,0.7578125,-0.224609375,-1.0078125,-1.232421875,0.0,0.0,0.0
1082240233,865018,0,1.09765625,1.380859375,-0.43359375,0.947265625,0.0,0.0,0.0
1082241484,865019,0,1.484375,2.65234375,-0.060546875,2.591796875,0.0,0.0,0.0
1082242734,865020,0,1.0546875,3.671875,0.8046875,4.4765625,0.0,0.0,0.0
1082243984,865021,0,0.8359375,3.998046875,0.88671875,4.884765625,0.0,0.0,0.0
1082245235,865022,0,1.255859375,3.998046875,1.40625,5.404296875,0.0,0.0,0.0
1082246486,865023,0,1.27734375,3.998046875,1.5703125,5.568359375,0.0,0.0,0.0
1082247737,865024,0,1.07421875,3.998046875,1.603515625,5.6015625,0.0,0.0,0.0
1082248987,865025,0,1.193359375,3.998046875,1.48046875,5.478515625,0.0,0.0,0.0
1082250238,865026,0,1.19921875,3.73046875,1.314453125,5.044921875,0.0,0.0,0.0
1082251489,865027,0,1.03125,2.908203125,0.970703125,3.87890625,0.0,0.0,0.0
1082252740,865028,0,1.0625,1.947265625,0.599609375,2.546875,0.0,0.0,0.0
1082253992,865029,0,1.060546875,1.01171875,0.28515625,1.296875,0.0,0.0,0.0
1082255242,865030,0,0.978515625,-0.013671875,-0.103515625,-0.1171875,0.0,0.0,0.0
1082256493,865031,0,1.0625,-0.9140625,-0.412109375,-1.326171875,0.0,0.0,0.0
1082257744,865032,0,0.97265625,-1.681640625,-0.58984375,-2.271484375,0.0,0.0,0.0
1082258994,865033,0,0.90234375,-2.251953125,-0.798828125,-3.05078125,0.0,0.0,0.0
1082260245,865034,0,0.953125,-2.6484375,-0.859375,-3.5078125,0.0,0.0,0.0
1082261497,865035,0,0.884765625,-2.8125,-0.88671875,-3.69921875,0.0,0.0,0.0
1082262749,865036,0,0.8515625,-2.75,-0.81640625,-3.56640625,0.0,0.0,0.0
1082263999,865037,0,0.935546875,-2.501953125,-0.708984375,-3.2109375,0.0,0.0,0.0
1082265250,865038,0,0.935546875,-1.591796875,-0.568359375,-2.16015625,0.0,0.0,0.0
1082266500,865039,0,0.99609375,-0.9765625,-0.392578125,-1.369140625,0.0,0.0,0.0
1082267752,865040,0,0.990234375,-0.37890625,-0.201171875,-0.580078125,0.0,0.0,0.0
1082269003,865041,0,1.013671875,0.193359375,-0.017578125,0.17578125,0.0,0.0,0.0
1082270254,865042,0,1.052734375,0.728515625,0.17578125,0.904296875,0.0,0.0,0.0
1082271504,865043,0,1.02734375,1.169921875,0.333984375,1.50390625,0.0,0.0,0.0
1082272756,865044,0,1.072265625,1.46875,0.447265625,1.916015625,0.0,0.0,0.0
1082274006,865045,0,1.111328125,1.65234375,0.54296875,2.1953125,0.0,0.0,0.0
1082275257,865046,0,1.068359375,1.720703125,0.591796875,2.3125,0.0,0.0,0.0
1082276508,865047,0,1.052734375,1.623046875,0.564453125,2.1875,0.0,0.0,0.0
1082277759,865048,0,1.060546875,1.44140625,0.5234375,1.96484375,0.0,0.0,0.0
1082279009,865049,0,1.03125,1.181640625,0.4375,1.619140625,0.0,0.0,0.0
1082280259,865050,0,1.025390625,0.84765625,0.306640625,1.154296875,0.0,0.0,0.0
1082281510,865051,0,1.04296875,0.46875,0.19140625,0.66015625,0.0,0.0,0.0
1082282762,865052,0,1.01953125,0.0859375,0.048828125,0.134765625,0.0,0.0,0.0
1082284013,865053,0,1.09375,-0.2734375,-0.08203125,-0.35546875,0.0,0.0,0.0
1082285271,865054,0,1.041015625,-0.58203125,-0.140625,-0.72265625,0.0,0.0,0.0
1082286522,865055,0,0.978515625,-0.81640625,-0.24609375,-1.0625,0.0,0.0,0.0
1082287773,865056,0,0.9609375,-0.984375,-0.28125,-1.265625,0.0,0.0,0.0
1082289025,865057,0,0.962890625,-1.072265625,-0.32421875,-1.396484375,0.0,0.0,0.0
1082290277,865058,0,0.97265625,-1.0859375,-0.326171875,-1.412109375,0.0,0.0,0.0
1082291528,865059,0,0.984375,-1.00390625,-0.31640625,-1.3203125,0.0,0.0,0.0
1082292779,865060,0,0.984375,-0.8671875,-0.26171875,-1.12890625,0.0,0.0,0.0
1082294031,865061,0,0.98046875,-0.666015625,-0.205078125,-0.87109375,0.0,0.0,0.0
1082295283,865062,0,0.986328125,-0.447265625,-0.138671875,-0.5859375,0.0,0.0,0.0
1082296535,865063,0,0.990234375,-0.2109375,-0.064453125,-0.275390625,0.0,0.0,0.0
1082297786,865064,0,1.0,0.009765625,0.005859375,0.015625,0.0,0.0,0.0
1082299036,865065,0,1.029296875,0.232421875,0.083984375,0.31640625,0.0,0.0,0.0
1082300287,865066,0,1.048828125,0.400390625,0.13671875,0.537109375,0.0,0.0,0.0
1082301537,865067,0,1.041015625,0.54296875,0.185546875,0.728515625,0.0,0.0,0.0
1082302787,865068,0,1.03515625,0.62890625,0.224609375,0.853515625,0.0,0.0,0.0
1082304038,865069,0,1.025390625,0.65625,0.244140625,0.900390625,0.0,0.0,0.0
1082305289,865070,0,1.01953125,0.62890625,0.240234375,0.869140625,0.0,0.0,0.0
1082306539,865071,0,1.029296875,0.552734375,0.21484375,0.767578125,0.0,0.0,0.0
1082307790,865072,0,1.029296875,0.447265625,0.18359375,0.630859375,0.0,0.0,0.0
1082309042,865073,0,1.00390625,0.31640625,0.14453125,0.4609375,0.0,0.0,0.0
1082310292,865074,0,1.02734375,0.17578125,0.076171875,0.251953125,0.0,0.0,0.0
1082311543,865075,0,1.017578125,0.029296875,0.041015625,0.0703125,0.0,0.0,0.0
1082312794,865076,0,0.984375,-0.107421875,-0.005859375,-0.11328125,0.0,0.0,0.0
1082314044,865077,0,0.994140625,-0.21875,-0.05859375,-0.27734375,0.0,0.0,0.0
1082315294,865078,0,0.9921875,-0.3203125,-0.080078125,-0.400390625,0.0,0.0,0.0
1082316544,865079,0,0.990234375,-0.39453125,-0.126953125,-0.521484375,0.0,0.0,0.0
1082317796,865080,0,0.990234375,-0.419921875,-0.126953125,-0.546875,0.0,0.0,0.0
1082319047,865081,0,0.99609375,-0.392578125,-0.1171875,-0.509765625,0.0,0.0,0.0
1082320297,865082,0,0.994140625,-0.337890625,-0.091796875,-0.4296875,0.0,0.0,0.0
1082321548,865083,0,0.994140625,-0.259765625,-0.07421875,-0.333984375,0.0,0.0,0.0
1082322800,865084,0,0.994140625,-0.169921875,-0.048828125,-0.21875,0.0,0.0,0.0
1082324050,865085,0,0.99609375,-0.091796875,-0.013671875,-0.10546875,0.0,0.0,0.0
1082325300,865086,0,1.017578125,0.001953125,0.017578125,0.01953125,0.0,0.0,0.0
1082326550,865087,0,1.017578125,0.0859375,0.037109375,0.123046875,0.0,0.0,0.0
1082327801,865088,0,1.01953125,0.150390625,0.060546875,0.2109375,0.0,0.0,0.0
1082329052,865089,0,1.01171875,0.19921875,0.078125,0.27734375,0.0,0.0,0.0
1082330302,865090,0,1.013671875,0.232421875,0.095703125,0.328125,0.0,0.0,0.0
1082331553,865091,0,1.013671875,0.232421875,0.103515625,0.3359375,0.0,0.0,0.0
1082332804,865092,0,1.00390625,0.220703125,0.09375,0.314453125,0.0,0.0,0.0
1082334054,865093,0,1.013671875,0.1875,0.08203125,0.26953125,0.0,0.0,0.0
1082335305,865094,0,1.01953125,0.138671875,0.064453125,0.203125,0.0,0.0,0.0
1082336556,865095,0,1.0234375,0.0859375,0.044921875,0.130859375,0.0,0.0,0.0
1082337807,865096,0,1.009765625,0.029296875,0.029296875,0.05859375,0.0,0.0,0.0
1082339058,865097,0,1.0,-0.033203125,0.01171875,-0.021484375,0.0,0.0,0.0
1082340310,865098,0,0.99609375,-0.08984375,-0.00390625,-0.09375,0.0,0.0,0.0
1082341560,865099,0,1.0,-0.1328125,-0.025390625,-0.158203125,0.0,0.0,0.0
1082342810,865100,0,0.990234375,-0.171875,-0.0390625,-0.2109375,0.0,0.0,0.0
1082344060,865101,0,0.994140625,-0.185546875,-0.044921875,-0.23046875,0.0,0.0,0.0
1082345311,865102,0,0.998046875,-0.1953125,-0.052734375,-0.248046875,0.0,0.0,0.0
1082346561,865103,0,1.009765625,-0.1875,-0.044921875,-0.232421875,0.0,0.0,0.0
1082347813,865104,0,0.998046875,-0.17578125,-0.044921875,-0.220703125,0.0,0.0,0.0
1082349063,865105,0,0.994140625,-0.146484375,-0.02734375,-0.173828125,0.0,0.0,0.0
1082350313,865106,0,0.99609375,-0.119140625,-0.017578125,-0.13671875,0.0,0.0,0.0
1082351565,865107,0,1.00390625,-0.0859375,-0.0078125,-0.09375,0.0,0.0,0.0
1082352816,865108,0,1.0078125,-0.046875,0.0,-0.046875,0.0,0.0,0.0
1082354066,865109,0,1.009765625,-0.009765625,0.013671875,0.00390625,0.0,0.0,0.0
1082355316,865110,0,1.0078125,0.015625,0.025390625,0.041015625,0.0,0.0,0.0
1082356567,865111,0,1.005859375,0.04296875,0.037109375,0.080078125,0.0,0.0,0.0
1082357817,865112,0,1.005859375,0.0625,0.037109375,0.099609375,0.0,0.0,0.0
1082359069,865113,0,1.005859375,0.07421875,0.048828125,0.123046875,0.0,0.0,0.0
1082360319,865114,0,1.009765625,0.072265625,0.041015625,0.11328125,0.0,0.0,0.0
1082361570,865115,0,1.009765625,0.0625,0.0390625,0.1015625,0.0,0.0,0.0
1082362822,865116,0,1.009765625,0.05078125,0.0390625,0.08984375,0.0,0.0,0.0
1082364072,865117,0,1.01171875,0.03125,0.025390625,0.056640625,0.0,0.0,0.0
1082365322,865118,0,1.0,0.009765625,0.01953125,0.029296875,0.0,0.0,0.0
1082366572,865119,0,1.0,-0.01171875,0.01953125,0.0078125,0.0,0.0,0.0
1082367823,865120,0,1.005859375,-0.03515625,0.01953125,-0.015625,0.0,0.0,0.0
1082369075,865121,0,0.998046875,-0.048828125,0.01171875,-0.037109375,0.0,0.0,0.0
1082370326,865122,0,0.99609375,-0.06640625,-0.001953125,-0.068359375,0.0,0.0,0.0
1082371576,865123,0,1.009765625,-0.091796875,-0.0078125,-0.099609375,0.0,0.0,0.0
1082372827,865124,0,1.005859375,-0.087890625,-0.005859375,-0.09375,0.0,0.0,0.0
1082374077,865125,0,1.0,-0.087890625,-0.001953125,-0.08984375,0.0,0.0,0.0
1082375327,865126,0,1.001953125,-0.078125,0.0,-0.078125,0.0,0.0,0.0
1082376578,865127,0,0.998046875,-0.068359375,0.0,-0.068359375,0.0,0.0,0.0
1082377829,865128,0,1.00390625,-0.052734375,0.0078125,-0.044921875,0.0,0.0,0.0
1082379080,865129,0,1.00390625,-0.04296875,0.005859375,-0.037109375,0.0,0.0,0.0
1082380332,865130,0,1.0078125,-0.025390625,0.017578125,-0.0078125,0.0,0.0,0.0
1082381582,865131,0,1.00390625,-0.01171875,0.01953125,0.0078125,0.0,0.0,0.0
1082382834,865132,0,1.005859375,0.0,0.017578125,0.017578125,0.0,0.0,0.0
1082384085,865133,0,1.00390625,0.00390625,0.02734375,0.03125,0.0,0.0,0.0
1082385335,865134,0,1.001953125,0.009765625,0.02734375,0.037109375,0.0,0.0,0.0
1082386586,865135,0,1.001953125,0.015625,0.029296875,0.044921875,0.0,0.0,0.0
1082387838,865136,0,1.01171875,0.009765625,0.029296875,0.0390625,0.0,0.0,0.0
1082389088,865137,0,1.005859375,0.0,0.029296875,0.029296875,0.0,0.0,0.0
1082390338,865138,0,1.009765625,-0.001953125,0.0234375,0.021484375,0.0,0.0,0.0
1082391589,865139,0,1.001953125,-0.01171875,0.0234375,0.01171875,0.0,0.0,0.0
1082392839,865140,0,1.001953125,-0.021484375,0.015625,-0.005859375,0.0,0.0,0.0
1082394091,865141,0,0.99609375,-0.02734375,0.013671875,-0.013671875,0.0,0.0,0.0
1082395341,865142,0,0.998046875,-0.048828125,0.0078125,-0.041015625,0.0,0.0,0.0
1082396592,865143,0,1.017578125,-0.044921875,0.0,-0.044921875,0.0,0.0,0.0
1082397844,865144,0,1.015625,-0.0546875,0.001953125,-0.052734375,0.0,0.0,0.0
1082399094,865145,0,1.001953125,-0.0625,0.0,-0.0625,0.0,0.0,0.0
1082400344,865146,0,1.0,-0.064453125,0.0,-0.064453125,0.0,0.0,0.0
1082401595,865147,0,1.001953125,-0.05859375,-0.001953125,-0.060546875,0.0,0.0,0.0
1082402846,865148,0,0.998046875,-0.064453125,-0.001953125,-0.06640625,0.0,0.0,0.0
1082404096,865149,0,0.99609375,-0.052734375,0.0,-0.052734375,0.0,0.0,0.0
1082405346,865150,0,1.005859375,-0.048828125,0.009765625,-0.0390625,0.0,0.0,0.0
1082406597,865151,0,1.00390625,-0.04296875,0.0,-0.04296875,0.0,0.0,0.0
1082407847,865152,0,1.001953125,-0.03515625,0.0078125,-0.02734375,0.0,0.0,0.0
1082409097,865153,0,1.009765625,-0.03125,0.01171875,-0.01953125,0.0,0.0,0.0
1082410349,865154,0,1.001953125,-0.029296875,0.017578125,-0.01171875,0.0,0.0,0.0
1082411599,865155,0,1.001953125,-0.01953125,0.015625,-0.00390625,0.0,0.0,0.0
1082412850,865156,0,1.0,-0.01953125,0.015625,-0.00390625,0.0,0.0,0.0
1082414101,865157,0,1.005859375,-0.017578125,0.015625,-0.001953125,0.0,0.0,0.0
1082415351,865158,0,1.0078125,-0.01953125,0.015625,-0.00390625,0.0,0.0,0.0
1082416602,865159,0,1.005859375,-0.021484375,0.015625,-0.005859375,0.0,0.0,0.0
1082417853,865160,0,1.0078125,-0.017578125,0.015625,-0.001953125,0.0,0.0,0.0
1082419103,865161,0,1.013671875,-0.02734375,0.01171875,-0.015625,0.0,0.0,0.0
1082420355,865162,0,1.0,-0.033203125,0.0,-0.033203125,0.0,0.0,0.0
1082421606,865163,0,1.005859375,-0.02734375,0.005859375,-0.021484375,0.0,0.0,0.0
1082422856,865164,0,0.99609375,-0.03515625,0.005859375,-0.029296875,0.0,0.0,0.0
1082424108,865165,0,1.0078125,-0.03125,0.009765625,-0.021484375,0.0,0.0,0.0
1082425359,865166,0,1.009765625,-0.0390625,0.005859375,-0.033203125,0.0,0.0,0.0
1082426610,865167,0,1.0078125,-0.0390625,0.001953125,-0.037109375,0.0,0.0,0.0
1082427860,865168,0,1.0078125,-0.041015625,0.005859375,-0.03515625,0.0,0.0,0.0
1082429110,865169,0,1.00390625,-0.037109375,0.0078125,-0.029296875,0.0,0.0,0.0
1082430362,865170,0,1.00390625,-0.037109375,0.0078125,-0.029296875,0.0,0.0,0.0
1082431614,865171,0,1.005859375,-0.033203125,0.009765625,-0.0234375,0.0,0.0,0.0
1082432865,865172,0,1.0078125,-0.03125,0.009765625,-0.021484375,0.0,0.0,0.0
1082434115,865173,0,1.005859375,-0.02734375,0.0078125,-0.01953125,0.0,0.0,0.0
1082435366,865174,0,1.0078125,-0.03125,0.009765625,-0.021484375,0.0,0.0,0.0
1082436616,865175,0,1.005859375,-0.029296875,0.013671875,-0.015625,0.0,0.0,0.0
1082437867,865176,0,1.005859375,-0.01953125,0.01953125,0.0,0.0,0.0,0.0
1082439118,865177,0,1.0078125,-0.0234375,0.017578125,-0.005859375,0.0,0.0,0.0
1082440368,865178,0,1.005859375,-0.017578125,0.015625,-0.001953125,0.0,0.0,0.0
1082441619,865179,0,1.009765625,-0.01953125,0.017578125,-0.001953125,0.0,0.0,0.0
1082442871,865180,0,1.0078125,-0.01953125,0.015625,-0.00390625,0.0,0.0,0.0
1082444121,865181,0,1.005859375,-0.02734375,0.015625,-0.01171875,0.0,0.0,0.0
1082445371,865182,0,1.001953125,-0.03125,0.009765625,-0.021484375,0.0,0.0,0.0
1082446623,865183,0,1.001953125,-0.03125,0.021484375,-0.009765625,0.0,0.0,0.0
1082447873,865184,0,1.0,-0.025390625,0.005859375,-0.01953125,0.0,0.0,0.0
1082449124,865185,0,1.001953125,-0.033203125,0.015625,-0.017578125,0.0,0.0,0.0
1082450376,865186,0,1.00390625,-0.037109375,0.005859375,-0.03125,0.0,0.0,0.0
1082451626,865187,0,1.005859375,-0.037109375,0.015625,-0.021484375,0.0,0.0,0.0
1082452877,865188,0,1.013671875,-0.03515625,0.017578125,-0.017578125,0.0,0.0,0.0
1082454127,865189,0,1.017578125,-0.037109375,0.01171875,-0.025390625,0.0,0.0,0.0
1082455377,865190,0,1.00390625,-0.037109375,0.013671875,-0.0234375,0.0,0.0,0.0
1082456629,865191,0,0.998046875,-0.037109375,0.017578125,-0.01953125,0.0,0.0,0.0
1082457879,865192,0,1.001953125,-0.03515625,0.009765625,-0.025390625,0.0,0.0,0.0
1082459130,865193,0,1.001953125,-0.037109375,0.013671875,-0.0234375,0.0,0.0,0.0
1082460381,865194,0,1.00390625,-0.033203125,0.009765625,-0.0234375,0.0,0.0,0.0
1082461631,865195,0,1.001953125,-0.03515625,0.013671875,-0.021484375,0.0,0.0,0.0
1082462883,865196,0,1.0,-0.033203125,0.021484375,-0.01171875,0.0,0.0,0.0
1082464134,865197,0,1.0,-0.03515625,0.017578125,-0.017578125,0.0,0.0,0.0
1082465384,865198,0,1.00390625,-0.033203125,0.009765625,-0.0234375,0.0,0.0,0.0
1082466635,865199,0,1.0078125,-0.03515625,0.01171875,-0.0234375,0.0,0.0,0.0
1082467887,865200,0,1.00390625,-0.033203125,0.013671875,-0.01953125,0.0,0.0,0.0
1082469137,865201,0,1.0,-0.03515625,0.005859375,-0.029296875,0.0,0.0,0.0
1082470388,865202,0,1.005859375,-0.033203125,0.013671875,-0.01953125,0.0,0.0,0.0
1082471639,865203,0,1.0078125,-0.03515625,0.017578125,-0.017578125,0.0,0.0,0.0
1082472889,865204,0,1.001953125,-0.037109375,0.01171875,-0.025390625,0.0,0.0,0.0
1082474140,865205,0,1.001953125,-0.037109375,0.013671875,-0.0234375,0.0,0.0,0.0
1082475392,865206,0,1.009765625,-0.037109375,-0.001953125,-0.0390625,0.0,0.0,0.0
1082476642,865207,0,1.009765625,-0.03515625,0.01171875,-0.0234375,0.0,0.0,0.0
1082477894,865208,0,1.005859375,-0.029296875,0.009765625,-0.01953125,0.0,0.0,0.0
1082479145,865209,0,1.001953125,-0.0390625,0.01171875,-0.02734375,0.0,0.0,0.0
1082480396,865210,0,1.005859375,-0.0390625,0.0078125,-0.03125,0.0,0.0,0.0
1082481647,865211,0,1.00390625,-0.037109375,0.009765625,-0.02734375,0.0,0.0,0.0
1082482899,865212,0,1.00390625,-0.037109375,0.009765625,-0.02734375,0.0,0.0,0.0
1082484150,865213,0,1.001953125,-0.037109375,0.00390625,-0.033203125,0.0,0.0,0.0
1082485400,865214,0,0.998046875,-0.0390625,0.009765625,-0.029296875,0.0,0.0,0.0
1082486652,865215,0,1.0078125,-0.0390625,0.0078125,-0.03125,0.0,0.0,0.0
1082487902,865216,0,1.001953125,-0.03125,0.009765625,-0.021484375,0.0,0.0,0.0
1082489152,865217,0,1.005859375,-0.033203125,0.009765625,-0.0234375,0.0,0.0,0.0
1082490402,865218,0,1.005859375,-0.03125,0.01171875,-0.01953125,0.0,0.0,0.0
1082491653,865219,0,1.00390625,-0.03515625,0.00390625,-0.03125,0.0,0.0,0.0
1082492904,865220,0,0.998046875,-0.03125,0.0078125,-0.0234375,0.0,0.0,0.0
1082494154,865221,0,1.001953125,-0.03125,0.009765625,-0.021484375,0.0,0.0,0.0
1082495406,865222,0,1.0,-0.021484375,0.005859375,-0.015625,0.0,0.0,0.0
1082496657,865223,0,1.00390625,-0.021484375,0.01171875,-0.009765625,0.0,0.0,0.0
1082497907,865224,0,1.009765625,-0.029296875,0.009765625,-0.01953125,0.0,0.0,0.0
1082499158,865225,0,1.005859375,-0.033203125,0.01171875,-0.021484375,0.0,0.0,0.0
1082500408,865226,0,1.0,-0.025390625,0.015625,-0.009765625,0.0,0.0,0.0
1082501659,865227,0,1.015625,-0.03515625,0.009765625,-0.025390625,0.0,0.0,0.0
1082502910,865228,0,1.00390625,-0.025390625,0.015625,-0.009765625,0.0,0.0,0.0
1082504160,865229,0,1.005859375,-0.033203125,0.017578125,-0.015625,0.0,0.0,0.0
1082505410,865230,0,1.001953125,-0.03125,0.01171875,-0.01953125,0.0,0.0,0.0
1082506662,865231,0,0.998046875,-0.029296875,0.001953125,-0.02734375,0.0,0.0,0.0
1082507912,865232,0,1.00390625,-0.029296875,0.009765625,-0.01953125,0.0,0.0,0.0
1082509163,865233,0,1.005859375,-0.02734375,0.00390625,-0.0234375,0.0,0.0,0.0
1082510413,865234,0,1.00390625,-0.02734375,0.013671875,-0.013671875,0.0,0.0,0.0
1082511664,865235,0,1.0,-0.025390625,0.01953125,-0.005859375,0.0,0.0,0.0
1082512915,865236,0,1.009765625,-0.02734375,0.015625,-0.01171875,0.0,0.0,0.0
1082514167,865237,0,1.005859375,-0.03125,0.013671875,-0.017578125,0.0,0.0,0.0
1082515417,865238,0,1.0078125,-0.029296875,0.01171875,-0.017578125,0.0,0.0,0.0
1082516668,865239,0,1.0,-0.03125,0.009765625,-0.021484375,0.0,0.0,0.0
1082517920,865240,0,1.001953125,-0.029296875,0.015625,-0.013671875,0.0,0.0,0.0
1082519171,865241,0,1.00390625,-0.029296875,0.01953125,-0.009765625,0.0,0.0,0.0
1082520422,865242,0,1.001953125,-0.033203125,0.009765625,-0.0234375,0.0,0.0,0.0
1082521674,865243,0,1.00390625,-0.03515625,0.009765625,-0.025390625,0.0,0.0,0.0
1082522924,865244,0,1.01171875,-0.025390625,0.005859375,-0.01953125,0.0,0.0,0.0
1082524175,865245,0,1.00390625,-0.029296875,0.01171875,-0.017578125,0.0,0.0,0.0
1082525426,865246,0,1.00390625,-0.03125,0.017578125,-0.013671875,0.0,0.0,0.0
1082526677,865247,0,1.005859375,-0.03515625,0.00390625,-0.03125,0.0,0.0,0.0
1082527928,865248,0,1.00390625,-0.02734375,0.01171875,-0.015625,0.0,0.0,0.0
1082529179,865249,0,1.0078125,-0.037109375,0.005859375,-0.03125,0.0,0.0,0.0
1082530431,865250,0,1.0078125,-0.03125,0.009765625,-0.021484375,0.0,0.0,0.0
1082531681,865251,0,1.009765625,-0.03125,0.009765625,-0.021484375,0.0,0.0,0.0
1082532932,865252,0,0.9921875,-0.03515625,0.01171875,-0.0234375,0.0,0.0,0.0
1082534182,865253,0,1.005859375,-0.03125,0.009765625,-0.021484375,0.0,0.0,0.0
1082535432,865254,0,1.0,-0.03125,0.01171875,-0.01953125,0.0,0.0,0.0
1082536684,865255,0,1.005859375,-0.033203125,0.0078125,-0.025390625,0.0,0.0,0.0
1082537934,865256,0,1.0078125,-0.03515625,0.013671875,-0.021484375,0.0,0.0,0.0
1082539185,865257,0,1.005859375,-0.037109375,0.009765625,-0.02734375,0.0,0.0,0.0
1082540436,865258,0,1.001953125,-0.037109375,0.009765625,-0.02734375,0.0,0.0,0.0
1082541687,865259,0,1.0078125,-0.03515625,0.013671875,-0.021484375,0.0,0.0,0.0
1082542937,865260,0,1.0,-0.03515625,0.01171875,-0.0234375,0.0,0.0,0.0
1082544187,865261,0,1.00390625,-0.037109375,0.0078125,-0.029296875,0.0,0.0,0.0
1082545439,865262,0,1.0,-0.033203125,0.013671875,-0.01953125,0.0,0.0,0.0
1082546690,865263,0,0.998046875,-0.03515625,0.009765625,-0.025390625,0.0,0.0,0.0
1082547940,865264,0,1.0,-0.03515625,0.005859375,-0.029296875,0.0,0.0,0.0
1082549192,865265,0,1.009765625,-0.03515625,0.015625,-0.01953125,0.0,0.0,0.0
1082550443,865266,0,0.998046875,-0.033203125,0.0078125,-0.025390625,0.0,0.0,0.0
1082551694,865267,0,0.998046875,-0.03515625,0.013671875,-0.021484375,0.0,0.0,0.0
1082552944,865268,0,1.005859375,-0.041015625,0.001953125,-0.0390625,0.0,0.0,0.0
1082554194,865269,0,1.001953125,-0.0390625,0.01171875,-0.02734375,0.0,0.0,0.0
1082555445,865270,0,0.998046875,-0.0390625,0.013671875,-0.025390625,0.0,0.0,0.0
1082556697,865271,0,0.99609375,-0.03515625,0.017578125,-0.017578125,0.0,0.0,0.0
1082557947,865272,0,0.998046875,-0.033203125,0.017578125,-0.015625,0.0,0.0,0.0
1082559199,865273,0,1.005859375,-0.03515625,0.0,-0.03515625,0.0,0.0,0.0
1082560449,865274,0,1.0078125,-0.03515625,0.009765625,-0.025390625,0.0,0.0,0.0
1082561701,865275,0,1.005859375,-0.037109375,0.015625,-0.021484375,0.0,0.0,1.1750246642350248e-07
1082564202,865277,0,1.0,-0.03515625,0.0078125,-0.02734375,0.0,0.0,0.0
1082565454,865278,0,1.0,-0.033203125,0.009765625,-0.0234375,0.0,0.0,0.0
1082566704,865279,0,1.00390625,-0.03515625,0.01171875,-0.0234375,0.0,0.0,0.0
1082567955,865280,0,1.005859375,-0.03515625,0.017578125,-0.017578125,0.0,0.0,0.0
1082569206,865281,0,0.998046875,-0.029296875,0.01171875,-0.017578125,0.0,0.0,0.0
1082570457,865282,0,1.001953125,-0.03125,0.0078125,-0.0234375,0.0,0.0,0.0
1082571708,865283,0,0.998046875,-0.03515625,0.005859375,-0.029296875,0.0,0.0,0.0
1082572959,865284,0,1.001953125,-0.033203125,0.013671875,-0.01953125,0.0,0.0,0.0
1082574211,865285,0,1.005859375,-0.03125,0.009765625,-0.021484375,0.0,0.0,0.0
1082575463,865286,0,1.005859375,-0.03515625,0.005859375,-0.029296875,0.0,0.0,0.0
1082576713,865287,0,1.009765625,-0.033203125,0.009765625,-0.0234375,0.0,0.0,0.0
1082577965,865288,0,1.00390625,-0.02734375,0.01171875,-0.015625,0.0,0.0,0.0
1082579215,865289,0,0.9921875,-0.02734375,0.017578125,-0.009765625,0.0,0.0,0.0
1082580466,865290,0,1.0078125,-0.03125,0.01171875,-0.01953125,0.0,0.0,0.0
1082581716,865291,0,1.0,-0.0234375,0.01171875,-0.01171875,0.0,0.0,0.0
1082582966,865292,0,1.0,-0.03125,0.005859375,-0.025390625,0.0,0.0,0.0
1082584216,865293,0,1.01171875,-0.025390625,0.013671875,-0.01171875,0.0,0.0,0.0
1082585468,865294,0,1.001953125,-0.025390625,0.015625,-0.009765625,0.0,0.0,0.0
1082586719,865295,0,1.001953125,-0.03125,0.0,-0.03125,0.0,0.0,0.0
1082587969,865296,0,1.005859375,-0.029296875,0.0078125,-0.021484375,0.0,0.0,0.0
1082589221,865297,0,1.00390625,-0.025390625,0.005859375,-0.01953125,0.0,0.0,0.0
1082590471,865298,0,1.0078125,-0.03125,0.01171875,-0.01953125,0.0,0.0,0.0
1082591723,865299,0,1.00390625,-0.029296875,0.0078125,-0.021484375,0.0,0.0,0.0
1082592973,865300,0,1.00390625,-0.029296875,0.015625,-0.013671875,0.0,0.0,0.0
1082594225,865301,0,1.005859375,-0.025390625,0.017578125,-0.0078125,0.0,0.0,0.0
1082595476,865302,0,1.005859375,-0.02734375,0.015625,-0.01171875,0.0,0.0,0.0
1082596727,865303,0,1.00390625,-0.025390625,0.0078125,-0.017578125,0.0,0.0,0.0
1082597977,865304,0,1.00390625,-0.029296875,0.009765625,-0.01953125,0.0,0.0,0.0
1082599228,865305,0,1.001953125,-0.0234375,0.015625,-0.0078125,0.0,0.0,0.0
1082600479,865306,0,1.00390625,-0.03515625,0.005859375,-0.029296875,0.0,0.0,0.0
1082601730,865307,0,1.005859375,-0.033203125,0.0078125,-0.025390625,0.0,0.0,0.0
1082602981,865308,0,1.005859375,-0.025390625,0.009765625,-0.015625,0.0,0.0,0.0
1082604233,865309,0,1.00390625,-0.03515625,0.015625,-0.01953125,0.0,0.0,0.0
1082605484,865310,0,1.001953125,-0.03125,0.009765625,-0.021484375,0.0,0.0,0.0
1082606734,865311,0,1.013671875,-0.033203125,0.01171875,-0.021484375,0.0,0.0,0.0
1082607984,865312,0,1.015625,-0.033203125,0.009765625,-0.0234375,0.0,0.0,0.0
1082609235,865313,0,1.013671875,-0.04296875,0.0,-0.04296875,0.0,0.0,0.0
1082610486,865314,0,1.005859375,-0.033203125,0.013671875,-0.01953125,0.0,0.0,0.0
1082611737,865315,0,1.005859375,-0.03515625,0.009765625,-0.025390625,0.0,0.0,0.0
1082612987,865316,0,1.001953125,-0.0390625,0.0078125,-0.03125,0.0,0.0,0.0
1082614238,865317,0,1.0078125,-0.033203125,0.009765625,-0.0234375,0.0,0.0,0.0
1082615489,865318,0,1.0,-0.037109375,0.0078125,-0.029296875,0.0,0.0,0.0
1082616740,865319,0,0.99609375,-0.037109375,0.009765625,-0.02734375,0.0,0.0,0.0
1082617992,865320,0,1.0,-0.037109375,0.009765625,-0.02734375,0.0,0.0,0.0
1082619242,865321,0,1.005859375,-0.03515625,0.015625,-0.01953125,0.0,0.0,0.0
1082620493,865322,0,1.005859375,-0.037109375,0.01171875,-0.025390625,0.0,0.0,0.0
1082621744,865323,0,1.005859375,-0.03515625,0.005859375,-0.029296875,0.0,0.0,0.0
1082622994,865324,0,1.005859375,-0.0390625,0.017578125,-0.021484375,0.0,0.0,0.0
1082624245,865325,0,1.001953125,-0.04296875,0.0078125,-0.03515625,0.0,0.0,0.0
1082625497,865326,0,0.998046875,-0.037109375,0.01171875,-0.025390625,0.0,0.0,0.0
1082626749,865327,0,1.00390625,-0.037109375,0.01171875,-0.025390625,0.0,0.0,0.0
1082627999,865328,0,0.998046875,-0.03515625,0.015625,-0.01953125,0.0,0.0,0.0
1082629250,865329,0,1.0078125,-0.033203125,0.009765625,-0.0234375,0.0,0.0,0.0
1082630500,865330,0,1.005859375,-0.037109375,0.015625,-0.021484375,0.0,0.0,0.0
1082631752,865331,0,1.001953125,-0.044921875,0.015625,-0.029296875,0.0,0.0,0.0
1082633003,865332,0,1.0078125,-0.041015625,0.0078125,-0.033203125,0.0,0.0,0.0
1082634254,865333,0,1.005859375,-0.03515625,0.009765625,-0.025390625,0.0,0.0,0.0
1082635504,865334,0,1.015625,-0.03515625,0.009765625,-0.025390625,0.0,0.0,0.0
1082636756,865335,0,1.009765625,-0.037109375,0.01171875,-0.025390625,0.0,0.0,0.0
1082638006,865336,0,0.998046875,-0.03515625,0.015625,-0.01953125,0.0,0.0,0.0
1082639257,865337,0,1.00390625,-0.03515625,0.01171875,-0.0234375,0.0,0.0,0.0
1082640508,865338,0,1.00390625,-0.033203125,0.009765625,-0.0234375,0.0,0.0,0.0
1082641759,865339,0,1.005859375,-0.033203125,0.01171875,-0.021484375,0.0,0.0,0.0
1082643009,865340,0,1.0078125,-0.03515625,0.013671875,-0.021484375,0.0,0.0,0.0
1082644259,865341,0,1.00390625,-0.033203125,0.013671875,-0.01953125,0.0,0.0,0.0
1082645510,865342,0,1.0078125,-0.02734375,0.009765625,-0.017578125,0.0,0.0,0.0
1082646762,865343,0,1.005859375,-0.029296875,0.013671875,-0.015625,0.0,0.0,0.0
1082648013,865344,0,1.00390625,-0.033203125,0.015625,-0.017578125,0.0,0.0,0.0
1082649271,865345,0,1.00390625,-0.029296875,0.005859375,-0.0234375,0.0,0.0,0.0
1082650522,865346,0,1.0078125,-0.02734375,0.01171875,-0.015625,0.0,0.0,0.0
1082651773,865347,0,1.005859375,-0.02734375,0.009765625,-0.017578125,0.0,0.0,0.0
1082653025,865348,0,1.0078125,-0.025390625,0.00390625,-0.021484375,0.0,0.0,0.0
1082654277,865349,0,1.009765625,-0.025390625,0.01171875,-0.013671875,0.0,0.0,0.0
1082655528,865350,0,1.0,-0.02734375,0.015625,-0.01171875,0.0,0.0,0.0
1082656779,865351,0,1.001953125,-0.033203125,0.017578125,-0.015625,0.0,0.0,0.0
1082658031,865352,0,1.005859375,-0.03125,0.0,-0.03125,0.0,0.0,0.0
1082659283,865353,0,1.0078125,-0.02734375,0.005859375,-0.021484375,0.0,0.0,0.0
1082660535,865354,0,1.001953125,-0.03515625,0.01953125,-0.015625,0.0,0.0,0.0
1082661786,865355,0,0.998046875,-0.029296875,0.0078125,-0.021484375,0.0,0.0,0.0
1082663036,865356,0,1.005859375,-0.029296875,0.0078125,-0.021484375,0.0,0.0,0.0
1082664287,865357,0,1.00390625,-0.02734375,0.015625,-0.01171875,0.0,0.0,0.0
1082665537,865358,0,1.00390625,-0.02734375,0.009765625,-0.017578125,0.0,0.0,0.0
1082666787,865359,0,1.00390625,-0.03515625,0.015625,-0.01953125,0.0,0.0,0.0
1082668038,865360,0,1.0078125,-0.03125,0.009765625,-0.021484375,0.0,0.0,0.0
1082669289,865361,0,1.005859375,-0.033203125,0.0078125,-0.025390625,0.0,0.0,0.0
1082670539,865362,0,1.0078125,-0.033203125,0.009765625,-0.0234375,0.0,0.0,0.0
1082671790,865363,0,1.005859375,-0.03515625,0.005859375,-0.029296875,0.0,0.0,0.0
1082673042,865364,0,1.005859375,-0.033203125,0.0078125,-0.025390625,0.0,0.0,0.0
1082674292,865365,0,1.001953125,-0.033203125,0.005859375,-0.02734375,0.0,0.0,0.0
1082675543,865366,0,1.001953125,-0.03515625,0.0078125,-0.02734375,0.0,0.0,0.0
1082676794,865367,0,1.0,-0.033203125,0.013671875,-0.01953125,0.0,0.0,0.0
1082678044,865368,0,1.0078125,-0.033203125,0.0078125,-0.025390625,0.0,0.0,0.0
1082679294,865369,0,1.00390625,-0.037109375,0.005859375,-0.03125,0.0,0.0,0.0
1082680544,865370,0,1.00390625,-0.033203125,0.013671875,-0.01953125,0.0,0.0,0.0
1082681796,865371,0,1.0,-0.037109375,0.005859375,-0.03125,0.0,0.0,0.0
1082683047,865372,0,1.0,-0.033203125,0.017578125,-0.015625,0.0,0.0,0.0
1082684297,865373,0,1.0078125,-0.02734375,0.005859375,-0.021484375,0.0,0.0,0.0
1082685548,865374,0,1.0078125,-0.03515625,0.009765625,-0.025390625,0.0,0.0,0.0
1082686800,865375,0,1.001953125,-0.03515625,0.01171875,-0.0234375,0.0,0.0,0.0
1082688050,865376,0,1.0,-0.03515625,0.013671875,-0.021484375,0.0,0.0,0.0
1082689300,865377,0,1.0078125,-0.0390625,0.01171875,-0.02734375,0.0,0.0,0.0
1082690550,865378,0,1.013671875,-0.03125,0.005859375,-0.025390625,0.0,0.0,0.0
1082691801,865379,0,1.001953125,-0.033203125,0.005859375,-0.02734375,0.0,0.0,0.0
1082693052,865380,0,1.001953125,-0.041015625,0.0078125,-0.033203125,0.0,0.0,0.0
1082694302,865381,0,1.005859375,-0.0390625,0.013671875,-0.025390625,0.0,0.0,0.0
1082695553,865382,0,1.005859375,-0.03125,0.0078125,-0.0234375,0.0,0.0,0.0
1082696804,865383,0,1.0,-0.03515625,0.01171875,-0.0234375,0.0,0.0,0.0
1082698054,865384,0,1.005859375,-0.03515625,0.00390625,-0.03125,0.0,0.0,0.0
1082699305,865385,0,1.005859375,-0.037109375,0.01171875,-0.025390625,0.0,0.0,0.0
1082700556,865386,0,0.998046875,-0.033203125,0.01171875,-0.021484375,0.0,0.0,0.0
1082701807,865387,0,1.001953125,-0.037109375,0.0078125,-0.029296875,0.0,0.0,0.0
1082703058,865388,0,1.00390625,-0.02734375,0.017578125,-0.009765625,0.0,0.0,0.0
1082704310,865389,0,1.001953125,-0.03125,0.015625,-0.015625,0.0,0.0,0.0
1082705560,865390,0,1.001953125,-0.033203125,0.01171875,-0.021484375,0.0,0.0,0.0
1082706810,865391,0,1.00390625,-0.03125,0.01171875,-0.01953125,0.0,0.0,0.0
1082708060,865392,0,1.005859375,-0.02734375,0.0234375,-0.00390625,0.0,0.0,0.0
1082709311,865393,0,1.0078125,-0.033203125,0.01171875,-0.021484375,0.0,0.0,0.0
1082710561,865394,0,1.005859375,-0.025390625,0.015625,-0.009765625,0.0,0.0,0.0
1082711813,865395,0,1.001953125,-0.03515625,0.009765625,-0.025390625,0.0,0.0,0.0
1082713063,865396,0,0.998046875,-0.029296875,0.01953125,-0.009765625,0.0,0.0,0.0
1082714313,865397,0,0.99609375,-0.033203125,0.01953125,-0.013671875,0.0,0.0,0.0
1082715565,865398,0,1.001953125,-0.025390625,0.015625,-0.009765625,0.0,0.0,0.0
1082716816,865399,0,1.0078125,-0.02734375,0.021484375,-0.005859375,0.0,0.0,0.0
1082718066,865400,0,1.0,-0.029296875,0.0078125,-0.021484375,0.0,0.0,0.0
1082719316,865401,0,1.001953125,-0.029296875,0.015625,-0.013671875,0.0,0.0,0.0
1082720567,865402,0,1.0078125,-0.029296875,0.017578125,-0.01171875,0.0,0.0,0.0
1082721817,865403,0,1.009765625,-0.029296875,0.0078125,-0.021484375,0.0,0.0,0.0
1082723069,865404,0,1.0,-0.03125,0.01171875,-0.01953125,0.0,0.0,0.0
1082724319,865405,0,1.00390625,-0.029296875,0.015625,-0.013671875,0.0,0.0,0.0
1082725570,865406,0,1.005859375,-0.029296875,0.0078125,-0.021484375,0.0,0.0,0.0
1082726822,865407,0,1.0078125,-0.03125,0.009765625,-0.021484375,0.0,0.0,0.0
1082728072,865408,0,1.0,-0.029296875,0.01171875,-0.017578125,0.0,0.0,0.0
1082729322,865409,0,1.00390625,-0.03515625,0.017578125,-0.017578125,0.0,0.0,0.0
1082730572,865410,0,1.005859375,-0.03125,0.01171875,-0.01953125,0.0,0.0,0.0
1082731823,865411,0,1.0078125,-0.029296875,0.009765625,-0.01953125,0.0,0.0,0.0
1082733075,865412,0,1.00390625,-0.03515625,0.017578125,-0.017578125,0.0,0.0,0.0
1082734326,865413,0,1.005859375,-0.03125,0.001953125,-0.029296875,0.0,0.0,0.0
1082735576,865414,0,0.99609375,-0.03515625,0.009765625,-0.025390625,0.0,0.0,0.0
1082736827,865415,0,1.00390625,-0.03125,0.0078125,-0.0234375,0.0,0.0,0.0
1082738077,865416,0,1.0078125,-0.03125,0.005859375,-0.025390625,0.0,0.0,0.0
1082739327,865417,0,1.0078125,-0.029296875,0.0078125,-0.021484375,0.0,0.0,0.0
1082740578,865418,0,1.013671875,-0.0390625,0.005859375,-0.033203125,0.0,0.0,0.0
1082741829,865419,0,0.998046875,-0.029296875,0.001953125,-0.02734375,0.0,0.0,0.0
1082743080,865420,0,1.001953125,-0.03515625,0.00390625,-0.03125,0.0,0.0,0.0
1082744332,865421,0,1.009765625,-0.03515625,0.0234375,-0.01171875,0.0,0.0,0.0
1082745582,865422,0,1.005859375,-0.029296875,0.00390625,-0.025390625,0.0,0.0,0.0
1082746834,865423,0,0.994140625,-0.03515625,0.009765625,-0.025390625,0.0,0.0,0.0
1082748085,865424,0,1.005859375,-0.03515625,0.0078125,-0.02734375,0.0,0.0,0.0
1082749335,865425,0,1.0,-0.041015625,0.009765625,-0.03125,0.0,0.0,0.0
1082750586,865426,0,1.0078125,-0.03515625,0.009765625,-0.025390625,0.0,0.0,0.0
1082751838,865427,0,1.00390625,-0.033203125,0.0078125,-0.025390625,0.0,0.0,0.0
1082753088,865428,0,1.00390625,-0.037109375,0.0078125,-0.029296875,0.0,0.0,0.0
1082754338,865429,0,1.005859375,-0.029296875,0.005859375,-0.0234375,0.0,0.0,0.0
1082755589,865430,0,1.009765625,-0.03125,0.009765625,-0.021484375,0.0,0.0,0.0
1082756839,865431,0,1.005859375,-0.03515625,0.013671875,-0.021484375,0.0,0.0,0.0
1082758091,865432,0,0.998046875,-0.033203125,0.005859375,-0.02734375,0.0,0.0,0.0
1082759341,865433,0,1.009765625,-0.03515625,0.005859375,-0.029296875,0.0,0.0,0.0
1082760592,865434,0,1.005859375,-0.03125,0.005859375,-0.025390625,0.0,0.0,0.0
1082761844,865435,0,1.005859375,-0.03515625,0.01171875,-0.0234375,0.0,0.0,0.0
1082763094,865436,0,1.00390625,-0.02734375,0.013671875,-0.013671875,0.0,0.0,0.0
1082764344,865437,0,1.00390625,-0.03515625,0.001953125,-0.033203125,0.0,0.0,0.0
1082765595,865438,0,1.00390625,-0.033203125,0.021484375,-0.01171875,0.0,0.0,0.0
1082766846,865439,0,0.994140625,-0.025390625,0.01171875,-0.013671875,0.0,0.0,0.0
1082768096,865440,0,1.0078125,-0.029296875,0.015625,-0.013671875,0.0,0.0,0.0
1082769346,865441,0,1.0,-0.029296875,0.013671875,-0.015625,0.0,0.0,0.0
1082770597,865442,0,1.015625,-0.03125,0.00390625,-0.02734375,0.0,0.0,0.0
1082771847,865443,0,1.013671875,-0.03515625,0.015625,-0.01953125,0.0,0.0,0.0
1082773097,865444,0,1.001953125,-0.029296875,0.015625,-0.013671875,0.0,0.0,0.0
1082774349,865445,0,1.0,-0.03125,0.009765625,-0.021484375,0.0,0.0,0.0
1082775599,865446,0,1.01171875,-0.029296875,0.0078125,-0.021484375,0.0,0.0,0.0
1082776850,865447,0,1.005859375,-0.025390625,0.01171875,-0.013671875,0.0,0.0,0.0
1082778101,865448,0,1.00390625,-0.03125,0.00390625,-0.02734375,0.0,0.0,0.0
1082779351,865449,0,1.0078125,-0.03125,0.005859375,-0.025390625,0.0,0.0,0.0
1082780602,865450,0,1.001953125,-0.033203125,0.009765625,-0.0234375,0.0,0.0,0.0
1082781853,865451,0,1.00390625,-0.03515625,0.0078125,-0.02734375,0.0,0.0,0.0
1082783103,865452,0,1.0,-0.03125,0.00390625,-0.02734375,0.0,0.0,0.0
1082784355,865453,0,0.998046875,-0.02734375,0.015625,-0.01171875,0.0,0.0,0.0
1082785606,865454,0,0.998046875,-0.029296875,0.013671875,-0.015625,0.0,0.0,0.0
1082786856,865455,0,1.00390625,-0.02734375,0.013671875,-0.013671875,0.0,0.0,0.0
1082788108,865456,0,1.001953125,-0.029296875,0.013671875,-0.015625,0.0,0.0,0.0
1082789359,865457,0,1.0078125,-0.03125,0.0078125,-0.0234375,0.0,0.0,0.0
1082790610,865458,0,1.0078125,-0.03515625,0.0078125,-0.02734375,0.0,0.0,0.0
1082791860,865459,0,1.005859375,-0.033203125,0.00390625,-0.029296875,0.0,0.0,0.0
1082793110,865460,0,1.009765625,-0.02734375,0.015625,-0.01171875,0.0,0.0,0.0
1082794362,865461,0,1.005859375,-0.033203125,0.01171875,-0.021484375,0.0,0.0,0.0
1082795614,865462,0,0.994140625,-0.02734375,0.013671875,-0.013671875,0.0,0.0,0.0
1082796865,865463,0,1.00390625,-0.0390625,0.015625,-0.0234375,0.0,0.0,0.0
1082798115,865464,0,1.0234375,-0.033203125,-0.00390625,-0.037109375,0.0,0.0,0.0
1082799366,865465,0,1.001953125,-0.03125,0.0078125,-0.0234375,0.0,0.0,0.0
1082800616,865466,0,1.009765625,-0.033203125,0.01171875,-0.021484375,0.0,0.0,0.0
1082801867,865467,0,1.005859375,-0.03125,0.013671875,-0.017578125,0.0,0.0,0.0
1082803118,865468,0,1.005859375,-0.033203125,0.01171875,-0.021484375,0.0,0.0,0.0
1082804368,865469,0,1.005859375,-0.03515625,0.005859375,-0.029296875,0.0,0.0,0.0
1082805619,865470,0,1.0078125,-0.033203125,0.009765625,-0.0234375,0.0,0.0,0.0
1082806871,865471,0,1.001953125,-0.037109375,0.01171875,-0.025390625,0.0,0.0,0.0
1082808121,865472,0,1.001953125,-0.03515625,0.009765625,-0.025390625,0.0,0.0,0.0
1082809371,865473,0,1.00390625,-0.037109375,0.01171875,-0.025390625,0.0,0.0,0.0
1082810623,865474,0,1.005859375,-0.033203125,0.01171875,-0.021484375,0.0,0.0,0.0
1082811873,865475,0,1.005859375,-0.03515625,0.0,-0.03515625,0.0,0.0,0.0
1082813124,865476,0,1.0,-0.03515625,0.01171875,-0.0234375,0.0,0.0,0.0
1082814376,865477,0,1.00390625,-0.03125,0.009765625,-0.021484375,0.0,0.0,0.0
1082815626,865478,0,1.001953125,-0.03515625,0.01171875,-0.0234375,0.0,0.0,0.0
1082816877,865479,0,1.00390625,-0.03515625,0.0078125,-0.02734375,0.0,0.0,0.0
1082818127,865480,0,1.00390625,-0.037109375,0.001953125,-0.03515625,0.0,0.0,0.0
1082819377,865481,0,1.005859375,-0.03515625,0.005859375,-0.029296875,0.0,0.0,0.0
1082820629,865482,0,1.0078125,-0.03515625,0.01171875,-0.0234375,0.0,0.0,0.0
1082821879,865483,0,1.001953125,-0.041015625,0.001953125,-0.0390625,0.0,0.0,0.0
1082823130,865484,0,1.009765625,-0.03125,-0.001953125,-0.033203125,0.0,0.0,0.0
1082824381,865485,0,1.0078125,-0.03515625,0.00390625,-0.03125,0.0,0.0,0.0
1082825631,865486,0,1.021484375,-0.037109375,0.009765625,-0.02734375,0.0,0.0,0.0
1082826883,865487,0,1.005859375,-0.03515625,0.005859375,-0.029296875,0.0,0.0,0.0
1082828134,865488,0,1.005859375,-0.033203125,0.015625,-0.017578125,0.0,0.0,0.0
1082829384,865489,0,1.001953125,-0.033203125,0.015625,-0.017578125,0.0,0.0,0.0
1082830635,865490,0,0.998046875,-0.03515625,0.009765625,-0.025390625,0.0,0.0,0.0
1082831887,865491,0,1.001953125,-0.03125,0.013671875,-0.017578125,0.0,0.0,0.0
1082833137,865492,0,1.0,-0.033203125,0.015625,-0.017578125,0.0,0.0,0.0
1082834388,865493,0,1.00390625,-0.025390625,0.009765625,-0.015625,0.0,0.0,0.0
1082835639,865494,0,1.00390625,-0.029296875,0.0078125,-0.021484375,0.0,0.0,0.0
1082836889,865495,0,1.001953125,-0.02734375,0.015625,-0.01171875,0.0,0.0,0.0
1082838140,865496,0,1.00390625,-0.029296875,0.009765625,-0.01953125,0.0,0.0,0.0
1082839392,865497,0,1.005859375,-0.033203125,0.013671875,-0.01953125,0.0,0.0,0.0
1082840642,865498,0,1.0,-0.029296875,0.00390625,-0.025390625,0.0,0.0,0.0
1082841894,865499,0,1.005859375,-0.029296875,0.009765625,-0.01953125,0.0,0.0,0.0
1082843145,865500,0,1.0,-0.029296875,0.009765625,-0.01953125,0.0,0.0,0.0
1082844396,865501,0,1.001953125,-0.029296875,0.017578125,-0.01171875,0.0,0.0,0.0
1082845647,865502,0,1.017578125,-0.025390625,0.015625,-0.009765625,0.0,0.0,0.0
1082846899,865503,0,1.015625,-0.025390625,0.005859375,-0.01953125,0.0,0.0,0.0
1082848150,865504,0,0.994140625,-0.029296875,0.01171875,-0.017578125,0.0,0.0,0.0
1082849400,865505,0,1.005859375,-0.03515625,0.01171875,-0.0234375,0.0,0.0,0.0
1082850652,865506,0,1.0,-0.03125,0.0078125,-0.0234375,0.0,0.0,0.0
1082851902,865507,0,1.0078125,-0.029296875,0.005859375,-0.0234375,0.0,0.0,0.0
1082853152,865508,0,1.00390625,-0.02734375,0.013671875,-0.013671875,0.0,0.0,0.0
1082854402,865509,0,0.998046875,-0.029296875,0.01171875,-0.017578125,0.0,0.0,0.0
1082855653,865510,0,1.001953125,-0.029296875,0.009765625,-0.01953125,0.0,0.0,0.0
1082856904,865511,0,1.0078125,-0.03515625,0.01171875,-0.0234375,0.0,0.0,0.0
1082858154,865512,0,1.0078125,-0.033203125,0.01171875,-0.021484375,0.0,0.0,0.0
1082859406,865513,0,1.001953125,-0.03125,0.01171875,-0.01953125,0.0,0.0,0.0
1082860657,865514,0,1.0078125,-0.029296875,0.009765625,-0.01953125,0.0,0.0,0.0
1082861907,865515,0,1.00390625,-0.033203125,0.0078125,-0.025390625,0.0,0.0,0.0
1082863158,865516,0,1.005859375,-0.03125,0.01171875,-0.01953125,0.0,0.0,0.0
1082864408,865517,0,0.998046875,-0.033203125,0.005859375,-0.02734375,0.0,0.0,0.0
1082865659,865518,0,1.0078125,-0.037109375,0.01171875,-0.025390625,0.0,0.0,0.0
1082866910,865519,0,1.00390625,-0.03125,0.013671875,-0.017578125,0.0,0.0,0.0
1082868160,865520,0,1.005859375,-0.03125,0.009765625,-0.021484375,0.0,0.0,0.0
1082869410,865521,0,1.0078125,-0.041015625,-0.00390625,-0.044921875,0.0,0.0,0.0
1082870662,865522,0,1.033203125,0.017578125,0.02734375,0.044921875,0.0,0.0,0.0
1082871912,865523,0,1.015625,0.02734375,0.025390625,0.052734375,0.0,0.0,0.0
1082873163,865524,0,0.990234375,0.048828125,0.044921875,0.09375,0.0,0.0,0.0
1082874413,865525,0,1.00390625,0.033203125,0.025390625,0.05859375,0.0,0.0,0.0
1082875664,865526,0,1.00390625,0.009765625,0.029296875,0.0390625,0.0,0.0,0.0
1082876915,865527,0,1.0,0.0,0.0078125,0.0078125,0.0,0.0,0.0
1082878167,865528,0,0.998046875,-0.0234375,0.0234375,0.0,0.0,0.0,0.0
1082879417,865529,0,1.00390625,-0.04296875,0.0078125,-0.03515625,0.0,0.0,0.0
1082880668,865530,0,1.009765625,-0.076171875,0.00390625,-0.072265625,0.0,0.0,0.0
1082881920,865531,0,0.99609375,-0.09375,-0.01171875,-0.10546875,0.0,0.0,0.0
1082883171,865532,0,0.99609375,-0.11328125,-0.015625,-0.12890625,0.0,0.0,0.0
1082884422,865533,0,1.001953125,-0.126953125,-0.01953125,-0.146484375,0.0,0.0,0.0
1082885674,865534,0,0.994140625,-0.126953125,-0.0234375,-0.150390625,0.0,0.0,0.0
1082886924,865535,0,1.001953125,-0.1171875,-0.01953125,-0.13671875,0.0,0.0,0.0
1082888175,865536,0,1.001953125,-0.09375,-0.0078125,-0.1015625,0.0,0.0,0.0
1082889426,865537,0,1.0078125,-0.07421875,-0.00390625,-0.078125,0.0,0.0,0.0
1082890677,865538,0,1.001953125,-0.056640625,0.001953125,-0.0546875,0.0,0.0,0.0
1082891928,865539,0,0.998046875,-0.03515625,0.001953125,-0.033203125,0.0,0.0,0.0
1082893179,865540,0,1.00390625,-0.013671875,0.015625,0.001953125,0.0,0.0,0.0
1082894431,865541,0,0.998046875,-0.0078125,0.015625,0.0078125,0.0,0.0,0.0
1082895681,865542,0,1.005859375,0.005859375,0.021484375,0.02734375,0.0,0.0,0.0
1082896932,865543,0,1.005859375,0.01171875,0.025390625,0.037109375,0.0,0.0,0.0
1082898182,865544,0,1.001953125,0.005859375,0.025390625,0.03125,0.0,0.0,0.0
1082899432,865545,0,1.01171875,0.00390625,0.01953125,0.0234375,0.0,0.0,0.0
1082900684,865546,0,1.001953125,0.0,0.025390625,0.025390625,0.0,0.0,0.0
1082901934,865547,0,1.0,-0.017578125,0.0234375,0.005859375,0.0,0.0,0.0
1082903185,865548,0,0.998046875,-0.029296875,0.01953125,-0.009765625,0.0,0.0,0.0
1082904436,865549,0,1.0,-0.037109375,0.005859375,-0.03125,0.0,0.0,0.0
1082905687,865550,0,1.015625,-0.05078125,0.00390625,-0.046875,0.0,0.0,0.0
1082906937,865551,0,1.005859375,-0.056640625,-0.001953125,-0.05859375,0.0,0.0,0.0
1082908187,865552,0,1.009765625,-0.052734375,0.0,-0.052734375,0.0,0.0,0.0
1082909439,865553,0,1.0,-0.052734375,0.00390625,-0.048828125,0.0,0.0,0.0
1082910690,865554,0,1.0,-0.05078125,0.00390625,-0.046875,0.0,0.0,0.0
1082911940,865555,0,1.0,-0.041015625,0.00390625,-0.037109375,0.0,0.0,0.0
1082913192,865556,0,1.00390625,-0.03515625,0.009765625,-0.025390625,0.0,0.0,0.0
1082914443,865557,0,1.0,-0.029296875,0.013671875,-0.015625,0.0,0.0,0.0
1082915694,865558,0,1.005859375,-0.02734375,0.005859375,-0.021484375,0.0,0.0,0.0
1082916944,865559,0,1.00390625,-0.01953125,0.015625,-0.00390625,0.0,0.0,0.0
1082918194,865560,0,1.001953125,-0.025390625,0.015625,-0.009765625,0.0,0.0,0.0
1082919445,865561,0,1.0,-0.021484375,0.009765625,-0.01171875,0.0,0.0,0.0
1082920697,865562,0,1.0,-0.025390625,0.009765625,-0.015625,0.0,0.0,0.0
1082921947,865563,0,1.015625,-0.021484375,0.015625,-0.005859375,0.0,0.0,0.0
1082923199,865564,0,1.00390625,-0.01953125,0.021484375,0.001953125,0.0,0.0,0.0
1082924449,865565,0,1.0,-0.01953125,0.013671875,-0.005859375,0.0,0.0,0.0
1082925701,865566,0,1.0078125,-0.013671875,0.00390625,-0.009765625,0.0,0.0,0.0
1082926951,865567,0,1.005859375,-0.01953125,0.021484375,0.001953125,0.0,0.0,0.0
1082928202,865568,0,0.998046875,-0.017578125,0.021484375,0.00390625,0.0,0.0,0.0
1082929454,865569,0,1.01171875,-0.009765625,0.015625,0.005859375,0.0,0.0,0.0
1082930704,865570,0,1.0078125,-0.015625,0.015625,0.0,0.0,0.0,0.0
1082931955,865571,0,1.0078125,-0.013671875,0.021484375,0.0078125,0.0,0.0,0.0
1082933206,865572,0,1.0078125,-0.009765625,0.021484375,0.01171875,0.0,0.0,0.0
1082934457,865573,0,1.0078125,-0.01171875,0.015625,0.00390625,0.0,0.0,0.0
1082935708,865574,0,1.005859375,-0.013671875,0.015625,0.001953125,0.0,0.0,0.0
1082936959,865575,0,1.005859375,-0.017578125,0.01953125,0.001953125,0.0,0.0,0.0
1082938211,865576,0,1.0078125,-0.01953125,0.013671875,-0.005859375,0.0,0.0,0.0
1082939463,865577,0,1.0078125,-0.0234375,0.017578125,-0.005859375,0.0,0.0,0.0
1082940713,865578,0,1.005859375,-0.03125,0.015625,-0.015625,0.0,0.0,0.0
1082941965,865579,0,1.0078125,-0.03125,0.009765625,-0.021484375,0.0,0.0,0.0
1082943215,865580,0,1.0,-0.02734375,0.0078125,-0.01953125,0.0,0.0,0.0
1082944466,865581,0,1.0078125,-0.03125,0.013671875,-0.017578125,0.0,0.0,0.0
1082945716,865582,0,1.00390625,-0.033203125,0.005859375,-0.02734375,0.0,0.0,0.0
1082946966,865583,0,1.005859375,-0.029296875,0.009765625,-0.01953125,0.0,0.0,0.0
1082948216,865584,0,1.005859375,-0.03125,0.01171875,-0.01953125,0.0,0.0,0.0
1082949468,865585,0,1.00390625,-0.03515625,0.01171875,-0.0234375,0.0,0.0,0.0
1082950719,865586,0,1.00390625,-0.03125,0.009765625,-0.021484375,0.0,0.0,0.0
1082951969,865587,0,1.001953125,-0.03125,0.01171875,-0.01953125,0.0,0.0,0.0
1082953221,865588,0,1.0,-0.03125,0.025390625,-0.005859375,0.0,0.0,0.0
1082954471,865589,0,1.0,-0.033203125,0.0078125,-0.025390625,0.0,0.0,0.0
1082955723,865590,0,1.01171875,-0.02734375,0.013671875,-0.013671875,0.0,0.0,0.0
1082956973,865591,0,1.0,-0.02734375,0.0078125,-0.01953125,0.0,0.0,0.0
1082958225,865592,0,1.0078125,-0.02734375,0.01953125,-0.0078125,0.0,0.0,0.0
1082959476,865593,0,1.015625,-0.03125,0.01953125,-0.01171875,0.0,0.0,0.0
1082960727,865594,0,1.015625,-0.03125,0.013671875,-0.017578125,0.0,0.0,0.0
1082961977,865595,0,1.001953125,-0.03125,0.013671875,-0.017578125,0.0,0.0,0.0
1082963228,865596,0,1.00390625,-0.033203125,0.01171875,-0.021484375,0.0,0.0,0.0
1082964479,865597,0,1.001953125,-0.03125,0.015625,-0.015625,0.0,0.0,0.0
1082965730,865598,0,1.0,-0.037109375,0.009765625,-0.02734375,0.0,0.0,0.0
1082966981,865599,0,1.0,-0.033203125,0.009765625,-0.0234375,0.0,0.0,0.0
1082968233,865600,0,1.001953125,-0.03125,0.009765625,-0.021484375,0.0,0.0,0.0
1082969484,865601,0,1.005859375,-0.037109375,0.009765625,-0.02734375,0.0,0.0,0.0
1082970734,865602,0,0.998046875,-0.037109375,0.01171875,-0.025390625,0.0,0.0,0.0
1082971984,865603,0,1.0,-0.037109375,0.009765625,-0.02734375,0.0,0.0,0.0
1082973235,865604,0,0.998046875,-0.0390625,0.005859375,-0.033203125,0.0,0.0,0.0
1082974486,865605,0,0.99609375,-0.0390625,0.005859375,-0.033203125,0.0,0.0,0.0
1082975737,865606,0,1.005859375,-0.0390625,0.009765625,-0.029296875,0.0,0.0,0.0
1082976987,865607,0,1.009765625,-0.037109375,0.015625,-0.021484375,0.0,0.0,0.0
1082978238,865608,0,1.005859375,-0.03125,0.005859375,-0.025390625,0.0,0.0,0.0
1082979489,865609,0,1.00390625,-0.041015625,0.021484375,-0.01953125,0.0,0.0,0.0
1082980740,865610,0,1.013671875,-0.03515625,0.013671875,-0.021484375,0.0,0.0,0.0
1082981992,865611,0,1.0,-0.03515625,0.01171875,-0.0234375,0.0,0.0,0.0
1082983242,865612,0,1.015625,-0.041015625,0.00390625,-0.037109375,0.0,0.0,0.0
1082984493,865613,0,1.0,-0.037109375,0.005859375,-0.03125,0.0,0.0,0.0
1082985744,865614,0,1.001953125,-0.03515625,0.005859375,-0.029296875,0.0,0.0,0.0
1082986994,865615,0,1.005859375,-0.03515625,0.01953125,-0.015625,0.0,0.0,0.0
1082988245,865616,0,1.0,-0.033203125,0.013671875,-0.01953125,0.0,0.0,0.0
1082989497,865617,0,1.0,-0.03515625,0.013671875,-0.021484375,0.0,0.0,0.0
1082990749,865618,0,1.0078125,-0.03125,0.015625,-0.015625,0.0,0.0,0.0
1082991999,865619,0,1.00390625,-0.037109375,0.0078125,-0.029296875,0.0,0.0,0.0
1082993250,865620,0,1.001953125,-0.03515625,0.017578125,-0.017578125,0.0,0.0,0.0
1082994500,865621,0,1.001953125,-0.03515625,0.013671875,-0.021484375,0.0,0.0,0.0
1082995752,865622,0,0.998046875,-0.037109375,0.0078125,-0.029296875,0.0,0.0,0.0
1082997003,865623,0,1.001953125,-0.0390625,0.009765625,-0.029296875,0.0,0.0,0.0
1082998254,865624,0,1.0,-0.0390625,0.0078125,-0.03125,0.0,0.0,0.0
1082999504,865625,0,1.001953125,-0.0390625,0.013671875,-0.025390625,0.0,0.0,0.0
1083000756,865626,0,1.00390625,-0.041015625,0.009765625,-0.03125,0.0,0.0,0.0
1083002006,865627,0,1.00390625,-0.041015625,0.0078125,-0.033203125,0.0,0.0,0.0
1083003257,865628,0,1.005859375,-0.046875,0.005859375,-0.041015625,0.0,0.0,0.0
1083004508,865629,0,1.0078125,-0.04296875,0.00390625,-0.0390625,0.0,0.0,0.0
1083005759,865630,0,1.017578125,-0.04296875,0.0,-0.04296875,0.0,0.0,0.0
1083007009,865631,0,1.0078125,-0.041015625,0.001953125,-0.0390625,0.0,0.0,0.0
1083008259,865632,0,1.001953125,-0.05078125,0.001953125,-0.048828125,0.0,0.0,0.0
1083009510,865633,0,1.001953125,-0.044921875,0.013671875,-0.03125,0.0,0.0,0.0
1083010762,865634,0,1.001953125,-0.048828125,0.005859375,-0.04296875,0.0,0.0,0.0
1083012013,865635,0,1.0,-0.048828125,0.005859375,-0.04296875,0.0,0.0,0.0
1083013271,865636,0,0.994140625,-0.05078125,0.0,-0.05078125,0.0,0.0,0.0
1083014522,865637,0,1.005859375,-0.046875,0.0078125,-0.0390625,0.0,0.0,0.0
1083015773,865638,0,1.005859375,-0.044921875,0.0078125,-0.037109375,0.0,0.0,0.0
1083017025,865639,0,1.009765625,-0.044921875,0.00390625,-0.041015625,0.0,0.0,0.0
1083018277,865640,0,1.0,-0.04296875,0.00390625,-0.0390625,0.0,0.0,0.0
1083019528,865641,0,1.005859375,-0.044921875,0.009765625,-0.03515625,0.0,0.0,0.0
1083020779,865642,0,1.001953125,-0.046875,0.0078125,-0.0390625,0.0,0.0,0.0
1083022031,865643,0,1.00390625,-0.044921875,0.001953125,-0.04296875,0.0,0.0,0.0
1083023283,865644,0,1.001953125,-0.044921875,0.0,-0.044921875,0.0,0.0,0.0
1083024535,865645,0,1.005859375,-0.052734375,0.0,-0.052734375,0.0,0.0,0.0
1083025786,865646,0,0.998046875,-0.056640625,0.005859375,-0.05078125,0.0,0.0,0.0
1083027036,865647,0,1.005859375,-0.0546875,-0.001953125,-0.056640625,0.0,0.0,0.0
1083028287,865648,0,1.005859375,-0.0546875,0.001953125,-0.052734375,0.0,0.0,0.0
1083029537,865649,0,1.009765625,-0.052734375,0.001953125,-0.05078125,0.0,0.0,0.0
1083030787,865650,0,1.005859375,-0.05078125,-0.001953125,-0.052734375,0.0,0.0,0.0
1083032038,865651,0,1.00390625,-0.048828125,0.009765625,-0.0390625,0.0,0.0,0.0
1083033289,865652,0,1.013671875,-0.04296875,0.001953125,-0.041015625,0.0,0.0,0.0
1083034539,865653,0,1.01171875,-0.041015625,0.0,-0.041015625,0.0,0.0,0.0
1083035790,865654,0,1.001953125,-0.0390625,0.0,-0.0390625,0.0,0.0,0.0
1083037042,865655,0,0.998046875,-0.03515625,0.013671875,-0.021484375,0.0,0.0,0.0
1083038292,865656,0,1.0078125,-0.041015625,0.0078125,-0.033203125,0.0,0.0,0.0
1083039543,865657,0,1.0,-0.029296875,0.01171875,-0.017578125,0.0,0.0,0.0
1083040794,865658,0,0.998046875,-0.03515625,0.015625,-0.01953125,0.0,0.0,0.0
1083042044,865659,0,1.0,-0.02734375,0.015625,-0.01171875,0.0,0.0,0.0
1083043294,865660,0,1.005859375,-0.02734375,0.017578125,-0.009765625,0.0,0.0,0.0
1083044544,865661,0,1.001953125,-0.021484375,0.01171875,-0.009765625,0.0,0.0,0.0
1083045796,865662,0,1.00390625,-0.021484375,0.01171875,-0.009765625,0.0,0.0,0.0
1083047047,865663,0,1.00390625,-0.021484375,0.021484375,0.0,0.0,0.0,0.0
1083048297,865664,0,1.005859375,-0.021484375,0.017578125,-0.00390625,0.0,0.0,0.0
1083049548,865665,0,1.00390625,-0.025390625,0.017578125,-0.0078125,0.0,0.0,0.0
1083050800,865666,0,1.00390625,-0.0234375,0.009765625,-0.013671875,0.0,0.0,0.0
1083052050,865667,0,1.0,-0.025390625,0.017578125,-0.0078125,0.0,0.0,0.0
1083053300,865668,0,1.00390625,-0.029296875,0.013671875,-0.015625,0.0,0.0,0.0
1083054550,865669,0,1.0,-0.025390625,0.009765625,-0.015625,0.0,0.0,0.0
1083055801,865670,0,1.00390625,-0.021484375,0.009765625,-0.01171875,0.0,0.0,0.0
1083057052,865671,0,0.998046875,-0.029296875,0.017578125,-0.01171875,0.0,0.0,0.0
1083058302,865672,0,0.998046875,-0.025390625,0.005859375,-0.01953125,0.0,0.0,0.0
1083059553,865673,0,1.0078125,-0.03125,0.015625,-0.015625,0.0,0.0,0.0
1083060804,865674,0,1.00390625,-0.025390625,0.013671875,-0.01171875,0.0,0.0,0.0
1083062054,865675,0,0.99609375,-0.0234375,0.013671875,-0.009765625,0.0,0.0,0.0
1083063305,865676,0,1.0,-0.03125,0.017578125,-0.013671875,0.0,0.0,0.0
1083064556,865677,0,1.0078125,-0.02734375,0.013671875,-0.013671875,0.0,0.0,0.0
1083065807,865678,0,1.0,-0.029296875,0.015625,-0.013671875,0.0,0.0,0.0
1083067058,865679,0,1.0,-0.033203125,0.009765625,-0.0234375,0.0,0.0,0.0
1083068310,865680,0,0.998046875,-0.03125,0.009765625,-0.021484375,0.0,0.0,0.0
1083069560,865681,0,1.005859375,-0.033203125,0.015625,-0.017578125,0.0,0.0,0.0
1083070810,865682,0,1.01171875,-0.03125,0.013671875,-0.017578125,0.0,0.0,0.0
1083072060,865683,0,1.00390625,-0.033203125,0.005859375,-0.02734375,0.0,0.0,0.0
1083073311,865684,0,1.0078125,-0.037109375,0.005859375,-0.03125,0.0,0.0,0.0
1083074561,865685,0,1.0,-0.041015625,0.005859375,-0.03515625,0.0,0.0,0.0
1083075813,865686,0,1.0,-0.0390625,0.0078125,-0.03125,0.0,0.0,0.0
1083077063,865687,0,1.009765625,-0.041015625,0.00390625,-0.037109375,0.0,0.0,0.0
1083078313,865688,0,1.005859375,-0.041015625,0.009765625,-0.03125,0.0,0.0,0.0
1083079565,865689,0,1.005859375,-0.041015625,0.001953125,-0.0390625,0.0,0.0,0.0
1083080816,865690,0,1.0,-0.04296875,0.005859375,-0.037109375,0.0,0.0,0.0
1083082066,865691,0,1.005859375,-0.048828125,0.0,-0.048828125,0.0,0.0,0.0
1083083316,865692,0,1.009765625,-0.05078125,0.0078125,-0.04296875,0.0,0.0,0.0
1083084567,865693,0,1.00390625,-0.05078125,0.00390625,-0.046875,0.0,0.0,0.0
1083085817,865694,0,1.00390625,-0.05078125,0.005859375,-0.044921875,0.0,0.0,0.0
1083087069,865695,0,1.0,-0.048828125,0.00390625,-0.044921875,0.0,0.0,0.0
1083088319,865696,0,1.001953125,-0.046875,0.0,-0.046875,0.0,0.0,0.0
1083089570,865697,0,0.998046875,-0.037109375,0.005859375,-0.03125,0.0,0.0,0.0
1083090822,865698,0,1.0,-0.0390625,-0.001953125,-0.041015625,0.0,0.0,0.0
1083092072,865699,0,1.00390625,-0.037109375,0.009765625,-0.02734375,0.0,0.0,0.0
1083093322,865700,0,1.00390625,-0.03125,0.005859375,-0.025390625,0.0,0.0,0.0
1083094572,865701,0,0.994140625,-0.03125,0.017578125,-0.013671875,0.0,0.0,0.0
1083095823,865702,0,0.9921875,-0.033203125,0.0078125,-0.025390625,0.0,0.0,0.0
1083097075,865703,0,0.998046875,-0.02734375,0.01171875,-0.015625,0.0,0.0,0.0
1083098326,865704,0,1.00390625,-0.021484375,0.009765625,-0.01171875,0.0,0.0,0.0
1083099576,865705,0,1.005859375,-0.017578125,0.017578125,0.0,0.0,0.0,0.0
1083100827,865706,0,0.998046875,0.001953125,0.01953125,0.021484375,0.0,0.0,0.0
1083102077,865707,0,0.998046875,0.078125,0.029296875,0.107421875,0.0,0.0,0.0
1083103327,865708,0,1.01171875,0.185546875,0.1015625,0.287109375,0.0,0.0,0.0
1083104578,865709,0,1.025390625,0.173828125,0.080078125,0.25390625,0.0,0.0,0.0
1083105829,865710,0,1.01171875,0.138671875,0.078125,0.216796875,0.0,0.0,0.0
1083107080,865711,0,1.001953125,0.111328125,0.052734375,0.1640625,0.0,0.0,0.0
1083108332,865712,0,1.0078125,0.064453125,0.04296875,0.107421875,0.0,0.0,0.0
1083109582,865713,0,1.009765625,0.005859375,0.02734375,0.033203125,0.0,0.0,0.0
1083110834,865714,0,1.015625,-0.052734375,0.005859375,-0.046875,0.0,0.0,0.0
1083112085,865715,0,0.9921875,-0.10546875,-0.015625,-0.12109375,0.0,0.0,0.0
1083113335,865716,0,1.00390625,-0.14453125,-0.029296875,-0.173828125,0.0,0.0,0.0
1083114586,865717,0,1.0,-0.177734375,-0.048828125,-0.2265625,0.0,0.0,0.0
1083115838,865718,0,0.998046875,-0.201171875,-0.046875,-0.248046875,0.0,0.0,0.0
1083117088,865719,0,0.986328125,-0.193359375,-0.052734375,-0.24609375,0.0,0.0,0.0
1083118338,865720,0,1.0,-0.193359375,-0.044921875,-0.23828125,0.0,0.0,0.0
1083119589,865721,0,1.001953125,-0.171875,-0.029296875,-0.201171875,0.0,0.0,0.0
1083120839,865722,0,0.99609375,-0.103515625,-0.013671875,-0.1171875,0.0,0.0,0.0
1083122091,865723,0,1.001953125,-0.064453125,0.0,-0.064453125,0.0,0.0,0.0
1083123341,865724,0,1.001953125,-0.021484375,0.013671875,-0.0078125,0.0,0.0,0.0
1083124592,865725,0,1.009765625,0.01171875,0.01953125,0.03125,0.0,0.0,0.0
1083125844,865726,0,1.005859375,0.0390625,0.03515625,0.07421875,0.0,0.0,0.0
1083127094,865727,0,1.0078125,0.0625,0.0390625,0.1015625,0.0,0.0,0.0
1083128344,865728,0,1.0078125,0.076171875,0.044921875,0.12109375,0.0,0.0,0.0
1083129595,865729,0,1.005859375,0.080078125,0.0390625,0.119140625,0.0,0.0,0.0
1083130846,865730,0,1.01171875,0.076171875,0.052734375,0.12890625,0.0,0.0,0.0
1083132096,865731,0,1.0078125,0.060546875,0.04296875,0.103515625,0.0,0.0,0.0
1083133346,865732,0,1.001953125,0.037109375,0.033203125,0.0703125,0.0,0.0,0.0
1083134597,865733,0,1.001953125,0.009765625,0.02734375,0.037109375,0.0,0.0,0.0
1083135847,865734,0,1.00390625,-0.017578125,0.015625,-0.001953125,0.0,0.0,0.0
1083137097,865735,0,0.998046875,-0.0390625,0.005859375,-0.033203125,0.0,0.0,0.0
1083138349,865736,0,1.00390625,-0.0625,0.0,-0.0625,0.0,0.0,0.0
1083139599,865737,0,1.009765625,-0.0859375,-0.0078125,-0.09375,0.0,0.0,0.0
1083140850,865738,0,1.01171875,-0.091796875,-0.009765625,-0.1015625,0.0,0.0,0.0
1083142101,865739,0,1.00390625,-0.103515625,-0.01171875,-0.115234375,0.0,0.0,0.0
1083143351,865740,0,0.99609375,-0.10546875,-0.0234375,-0.12890625,0.0,0.0,0.0
1083144602,865741,0,1.005859375,-0.099609375,-0.017578125,-0.1171875,0.0,0.0,0.0
1083145853,865742,0,1.0,-0.087890625,-0.009765625,-0.09765625,0.0,0.0,0.0
1083147103,865743,0,0.998046875,-0.080078125,-0.005859375,-0.0859375,0.0,0.0,0.0
1083148355,865744,0,1.0,-0.0625,-0.001953125,-0.064453125,0.0,0.0,0.0
1083149606,865745,0,1.00390625,-0.04296875,0.005859375,-0.037109375,0.0,0.0,0.0
1083150856,865746,0,1.0,-0.029296875,0.013671875,-0.015625,0.0,0.0,0.0
1083152108,865747,0,1.005859375,-0.009765625,0.017578125,0.0078125,0.0,0.0,0.0
1083153359,865748,0,1.0078125,0.0,0.021484375,0.021484375,0.0,0.0,0.0
1083154610,865749,0,1.0078125,0.015625,0.025390625,0.041015625,0.0,0.0,0.0
1083155860,865750,0,1.00390625,0.01171875,0.033203125,0.044921875,0.0,0.0,0.0
1083157110,865751,0,1.005859375,0.015625,0.02734375,0.04296875,0.0,0.0,0.0
1083158362,865752,0,1.005859375,0.013671875,0.0234375,0.037109375,0.0,0.0,0.0
1083159614,865753,0,1.00390625,0.001953125,0.01953125,0.021484375,0.0,0.0,0.0
1083160865,865754,0,1.00390625,-0.009765625,0.021484375,0.01171875,0.0,0.0,0.0
1083162115,865755,0,1.0,-0.015625,0.017578125,0.001953125,0.0,0.0,0.0
1083163366,865756,0,1.00390625,-0.0234375,0.0078125,-0.015625,0.0,0.0,0.0
1083164616,865757,0,1.005859375,-0.03515625,0.00390625,-0.03125,0.0,0.0,0.0
1083165867,865758,0,1.0,-0.046875,0.01171875,-0.03515625,0.0,0.0,0.0
1083167118,865759,0,1.005859375,-0.052734375,-0.001953125,-0.0546875,0.0,0.0,0.0
1083168368,865760,0,1.001953125,-0.0546875,0.001953125,-0.052734375,0.0,0.0,0.0
1083169619,865761,0,0.99609375,-0.064453125,0.001953125,-0.0625,0.0,0.0,0.0
1083170871,865762,0,1.0078125,-0.068359375,0.009765625,-0.05859375,0.0,0.0,0.0
1083172121,865763,0,1.0,-0.064453125,0.005859375,-0.05859375,0.0,0.0,0.0
1083173371,865764,0,1.0078125,-0.060546875,0.015625,-0.044921875,0.0,0.0,0.0
1083174623,865765,0,0.99609375,-0.041015625,0.005859375,-0.03515625,0.0,0.0,0.0
1083175873,865766,0,1.005859375,-0.03515625,0.005859375,-0.029296875,0.0,0.0,0.0
1083177124,865767,0,1.00390625,-0.029296875,0.01171875,-0.017578125,0.0,0.0,0.0
1083178376,865768,0,1.009765625,-0.021484375,0.013671875,-0.0078125,0.0,0.0,0.0
1083179626,865769,0,1.0,-0.013671875,0.015625,0.001953125,0.0,0.0,0.0
1083180877,865770,0,1.005859375,-0.017578125,0.015625,-0.001953125,0.0,0.0,0.0
1083182127,865771,0,1.0,-0.013671875,0.0234375,0.009765625,0.0,0.0,0.0
1083183377,865772,0,1.00390625,-0.013671875,0.01953125,0.005859375,0.0,0.0,0.0
1083184629,865773,0,1.005859375,-0.009765625,0.021484375,0.01171875,0.0,0.0,0.0
1083185879,865774,0,1.00390625,-0.015625,0.017578125,0.001953125,0.0,0.0,0.0
1083187130,865775,0,1.005859375,-0.021484375,0.015625,-0.005859375,0.0,0.0,0.0
1083188381,865776,0,1.0,-0.021484375,0.009765625,-0.01171875,0.0,0.0,0.0
1083189631,865777,0,1.005859375,-0.029296875,0.009765625,-0.01953125,0.0,0.0,0.0
1083190883,865778,0,0.998046875,-0.03515625,0.0078125,-0.02734375,0.0,0.0,0.0
1083192134,865779,0,1.01953125,-0.041015625,0.005859375,-0.03515625,0.0,0.0,0.0
1083193384,865780,0,1.00390625,-0.041015625,0.001953125,-0.0390625,0.0,0.0,0.0
1083194635,865781,0,1.0,-0.044921875,-0.001953125,-0.046875,0.0,0.0,0.0
1083195887,865782,0,1.005859375,-0.048828125,0.001953125,-0.046875,0.0,0.0,0.0
1083197137,865783,0,1.009765625,-0.044921875,0.005859375,-0.0390625,0.0,0.0,0.0
1083198388,865784,0,0.998046875,-0.046875,0.005859375,-0.041015625,0.0,0.0,0.0
1083199639,865785,0,1.005859375,-0.04296875,0.001953125,-0.041015625,0.0,0.0,0.0
1083200889,865786,0,1.001953125,-0.041015625,0.009765625,-0.03125,0.0,0.0,0.0
1083202140,865787,0,1.005859375,-0.03515625,0.01171875,-0.0234375,0.0,0.0,0.0
1083203392,865788,0,1.00390625,-0.029296875,0.00390625,-0.025390625,0.0,0.0,0.0
1083204642,865789,0,1.005859375,-0.013671875,0.017578125,0.00390625,0.0,0.0,0.0
1083205894,865790,0,1.0078125,0.0,0.025390625,0.025390625,0.0,0.0,0.0
1083207145,865791,0,1.001953125,0.0078125,0.025390625,0.033203125,0.0,0.0,0.0
1083208396,865792,0,1.005859375,0.015625,0.025390625,0.041015625,0.0,0.0,0.0
1083209647,865793,0,1.009765625,0.0234375,0.0234375,0.046875,0.0,0.0,0.0
1083210899,865794,0,1.001953125,0.013671875,0.0234375,0.037109375,0.0,0.0,0.0
1083212150,865795,0,1.005859375,0.01171875,0.025390625,0.037109375,0.0,0.0,0.0
1083213400,865796,0,1.00390625,-0.009765625,0.021484375,0.01171875,0.0,0.0,0.0
1083214652,865797,0,1.00390625,-0.021484375,0.015625,-0.005859375,0.0,0.0,0.0
