t_us,frame_id,sensor_id,accX,accY,accZ,acc_sum_YZ,magX,magY,magZ
1021639571,816547,0,0.99609375,-0.0390625,0.013671875,-0.025390625,0.0,0.0,0.0
1021640821,816548,0,1.005859375,-0.03515625,0.013671875,-0.021484375,0.0,0.0,0.0
1021642071,816549,0,1.005859375,-0.037109375,0.01953125,-0.017578125,0.0,0.0,0.0
1021643322,816550,0,1.0,-0.037109375,0.01171875,-0.025390625,0.0,0.0,0.0
1021644572,816551,0,1.0,-0.037109375,0.015625,-0.021484375,0.0,0.0,0.0
1021645823,816552,0,1.001953125,-0.029296875,0.015625,-0.013671875,0.0,0.0,0.0
1021647075,816553,0,1.009765625,-0.03125,0.017578125,-0.013671875,0.0,0.0,0.0
1021648326,816554,0,1.009765625,-0.03125,0.015625,-0.015625,0.0,0.0,0.0
1021649577,816555,0,1.0078125,-0.03125,0.015625,-0.015625,0.0,0.0,0.0
1021650829,816556,0,1.005859375,-0.025390625,0.017578125,-0.0078125,0.0,0.0,0.0
1021652079,816557,0,1.009765625,-0.03125,0.01953125,-0.01171875,0.0,0.0,0.0
1021653329,816558,0,1.001953125,-0.029296875,0.01953125,-0.009765625,0.0,0.0,0.0
1021654580,816559,0,1.001953125,-0.021484375,0.015625,-0.005859375,0.0,0.0,0.0
1021655831,816560,0,0.998046875,-0.021484375,0.01953125,-0.001953125,0.0,0.0,0.0
1021657082,816561,0,1.00390625,-0.0234375,0.013671875,-0.009765625,0.0,0.0,0.0
1021658333,816562,0,0.998046875,-0.017578125,0.013671875,-0.00390625,0.0,0.0,0.0
1021659584,816563,0,1.017578125,-0.01953125,0.025390625,0.005859375,0.0,0.0,0.0
1021660835,816564,0,1.00390625,-0.01953125,0.015625,-0.00390625,0.0,0.0,0.0
1021662087,816565,0,1.001953125,-0.021484375,0.013671875,-0.0078125,0.0,0.0,0.0
1021663338,816566,0,1.001953125,-0.0234375,0.021484375,-0.001953125,0.0,0.0,0.0
1021664590,816567,0,1.0078125,-0.015625,0.021484375,0.005859375,0.0,0.0,0.0
1021665841,816568,0,1.0078125,-0.015625,0.017578125,0.001953125,0.0,0.0,0.0
1021667092,816569,0,1.0078125,-0.013671875,0.01953125,0.005859375,0.0,0.0,0.0
1021668343,816570,0,1.0,-0.013671875,0.025390625,0.01171875,0.0,0.0,0.0
1021669595,816571,0,1.00390625,-0.015625,0.01953125,0.00390625,0.0,0.0,0.0
1021670845,816572,0,0.998046875,-0.01171875,0.015625,0.00390625,0.0,0.0,0.0
1021672097,816573,0,1.005859375,-0.015625,0.017578125,0.001953125,0.0,0.0,0.0
1021673348,816574,0,1.005859375,-0.013671875,0.021484375,0.0078125,0.0,0.0,0.0
1021674600,816575,0,1.009765625,-0.013671875,0.021484375,0.0078125,0.0,0.0,0.0
1021675850,816576,0,1.005859375,-0.013671875,0.015625,0.001953125,0.0,0.0,0.0
1021677101,816577,0,1.0078125,-0.01953125,0.015625,-0.00390625,0.0,0.0,0.0
1021678351,816578,0,1.0078125,-0.021484375,0.017578125,-0.00390625,0.0,0.0,0.0
1021679602,816579,0,1.005859375,-0.0234375,0.021484375,-0.001953125,0.0,0.0,0.0
1021680853,816580,0,1.009765625,-0.017578125,0.01953125,0.001953125,0.0,0.0,0.0
1021682104,816581,0,1.009765625,-0.017578125,0.017578125,0.0,0.0,0.0,0.0
1021683355,816582,0,1.009765625,-0.017578125,0.021484375,0.00390625,0.0,0.0,0.0
1021684606,816583,0,1.0,-0.0234375,0.013671875,-0.009765625,0.0,0.0,0.0
1021685857,816584,0,1.00390625,-0.0234375,0.015625,-0.0078125,0.0,0.0,0.0
1021687109,816585,0,1.0078125,-0.021484375,0.0234375,0.001953125,0.0,0.0,0.0
1021688360,816586,0,1.001953125,-0.025390625,0.01953125,-0.005859375,0.0,0.0,0.0
1021689610,816587,0,0.998046875,-0.029296875,0.013671875,-0.015625,0.0,0.0,0.0
1021690861,816588,0,0.998046875,-0.03125,0.01171875,-0.01953125,0.0,0.0,0.0
1021692112,816589,0,1.0078125,-0.03125,0.017578125,-0.013671875,0.0,0.0,0.0
1021693362,816590,0,1.005859375,-0.033203125,0.01953125,-0.013671875,0.0,0.0,0.0
1021694613,816591,0,1.0078125,-0.03125,0.01953125,-0.01171875,0.0,0.0,0.0
1021695863,816592,0,1.005859375,-0.03125,0.015625,-0.015625,0.0,0.0,0.0
1021697115,816593,0,1.00390625,-0.03515625,0.009765625,-0.025390625,0.0,0.0,0.0
1021698366,816594,0,1.005859375,-0.03515625,0.013671875,-0.021484375,0.0,0.0,0.0
1021699616,816595,0,1.0078125,-0.033203125,0.015625,-0.017578125,0.0,0.0,0.0
1021700867,816596,0,1.001953125,-0.037109375,0.009765625,-0.02734375,0.0,0.0,0.0
1021702117,816597,0,1.00390625,-0.03515625,0.013671875,-0.021484375,0.0,0.0,0.0
1021703367,816598,0,1.005859375,-0.037109375,0.01953125,-0.017578125,0.0,0.0,0.0
1021704618,816599,0,1.0,-0.037109375,0.01953125,-0.017578125,0.0,0.0,0.0
1021705868,816600,0,1.0078125,-0.041015625,0.01171875,-0.029296875,0.0,0.0,0.0
1021707120,816601,0,1.001953125,-0.037109375,0.01171875,-0.025390625,0.0,0.0,0.0
1021708371,816602,0,1.01953125,-0.03125,0.01171875,-0.01953125,0.0,0.0,0.0
1021709621,816603,0,1.0078125,-0.033203125,0.017578125,-0.015625,0.0,0.0,0.0
1021710873,816604,0,1.001953125,-0.03515625,0.013671875,-0.021484375,0.0,0.0,0.0
1021712123,816605,0,0.998046875,-0.033203125,0.017578125,-0.015625,0.0,0.0,0.0
1021713373,816606,0,1.00390625,-0.03515625,0.017578125,-0.017578125,0.0,0.0,0.0
1021714623,816607,0,1.01953125,-0.033203125,0.017578125,-0.015625,0.0,0.0,0.0
1021715873,816608,0,1.0078125,-0.03125,0.013671875,-0.017578125,0.0,0.0,0.0
1021717125,816609,0,1.005859375,-0.03125,0.015625,-0.015625,0.0,0.0,0.0
1021718376,816610,0,1.005859375,-0.0234375,0.017578125,-0.005859375,0.0,0.0,0.0
1021719626,816611,0,0.998046875,-0.02734375,0.01171875,-0.015625,0.0,0.0,0.0
1021720877,816612,0,1.001953125,-0.0234375,0.013671875,-0.009765625,0.0,0.0,0.0
1021722128,816613,0,1.0,-0.0234375,0.01953125,-0.00390625,0.0,0.0,0.0
1021723378,816614,0,1.0,-0.025390625,0.021484375,-0.00390625,0.0,0.0,0.0
1021724629,816615,0,1.00390625,-0.021484375,0.013671875,-0.0078125,0.0,0.0,0.0
1021725880,816616,0,1.00390625,-0.01953125,0.017578125,-0.001953125,0.0,0.0,0.0
1021727131,816617,0,1.0078125,-0.01953125,0.0234375,0.00390625,0.0,0.0,0.0
1021728382,816618,0,1.0078125,-0.015625,0.017578125,0.001953125,0.0,0.0,0.0
1021729632,816619,0,1.00390625,-0.017578125,0.021484375,0.00390625,0.0,0.0,0.0
1021730883,816620,0,1.009765625,-0.013671875,0.015625,0.001953125,0.0,0.0,0.0
1021732134,816621,0,1.005859375,-0.01953125,0.01953125,0.0,0.0,0.0,0.0
1021733384,816622,0,1.005859375,-0.015625,0.015625,0.0,0.0,0.0,0.0
1021734636,816623,0,1.017578125,-0.009765625,0.021484375,0.01171875,0.0,0.0,0.0
1021735886,816624,0,1.009765625,-0.021484375,0.013671875,-0.0078125,0.0,0.0,0.0
1021737137,816625,0,1.00390625,-0.021484375,0.0078125,-0.013671875,0.0,0.0,0.0
1021738388,816626,0,1.0,-0.005859375,0.0234375,0.017578125,0.0,0.0,0.0
1021739639,816627,0,0.998046875,-0.017578125,0.021484375,0.00390625,0.0,0.0,0.0
1021740889,816628,0,1.00390625,-0.013671875,0.013671875,0.0,0.0,0.0,0.0
1021742140,816629,0,0.99609375,-0.015625,0.021484375,0.005859375,0.0,0.0,0.0
1021743392,816630,0,1.0,-0.015625,0.013671875,-0.001953125,0.0,0.0,0.0
1021744642,816631,0,1.00390625,-0.01953125,0.01953125,0.0,0.0,0.0,0.0
1021745894,816632,0,1.0,-0.01953125,0.01171875,-0.0078125,0.0,0.0,0.0
1021747145,816633,0,1.001953125,-0.017578125,0.015625,-0.001953125,0.0,0.0,0.0
1021748396,816634,0,1.001953125,-0.01953125,0.021484375,0.001953125,0.0,0.0,0.0
1021749648,816635,0,1.0,-0.01953125,0.015625,-0.00390625,0.0,0.0,0.0
1021750899,816636,0,1.00390625,-0.025390625,0.015625,-0.009765625,0.0,0.0,0.0
1021752150,816637,0,1.01171875,-0.025390625,0.017578125,-0.0078125,0.0,0.0,0.0
1021753400,816638,0,1.009765625,-0.025390625,0.021484375,-0.00390625,0.0,0.0,0.0
1021754651,816639,0,1.00390625,-0.025390625,0.013671875,-0.01171875,0.0,0.0,0.0
1021755902,816640,0,1.0078125,-0.02734375,0.01953125,-0.0078125,0.0,0.0,0.0
1021757152,816641,0,1.00390625,-0.03125,0.013671875,-0.017578125,0.0,0.0,0.0
1021758402,816642,0,0.99609375,-0.029296875,0.021484375,-0.0078125,0.0,0.0,0.0
1021759654,816643,0,1.001953125,-0.03125,0.01953125,-0.01171875,0.0,0.0,0.0
1021760904,816644,0,1.005859375,-0.03125,0.01953125,-0.01171875,0.0,0.0,0.0
1021762154,816645,0,0.9921875,-0.029296875,0.021484375,-0.0078125,0.0,0.0,0.0
1021763405,816646,0,1.00390625,-0.03125,0.017578125,-0.013671875,0.0,0.0,0.0
1021764655,816647,0,1.005859375,-0.033203125,0.015625,-0.017578125,0.0,0.0,0.0
1021765906,816648,0,1.00390625,-0.03125,0.009765625,-0.021484375,0.0,0.0,0.0
1021767157,816649,0,1.00390625,-0.033203125,0.017578125,-0.015625,0.0,0.0,0.0
1021768408,816650,0,0.99609375,-0.037109375,0.005859375,-0.03125,0.0,0.0,0.0
1021769659,816651,0,1.005859375,-0.03515625,0.017578125,-0.017578125,0.0,0.0,0.0
1021770911,816652,0,1.0078125,-0.03125,0.01171875,-0.01953125,0.0,0.0,0.0
1021772162,816653,0,1.0078125,-0.03515625,0.009765625,-0.025390625,0.0,0.0,0.0
1021773414,816654,0,1.00390625,-0.037109375,0.017578125,-0.01953125,0.0,0.0,0.0
1021774664,816655,0,1.0,-0.03515625,0.013671875,-0.021484375,0.0,0.0,0.0
1021775916,816656,0,1.00390625,-0.037109375,0.013671875,-0.0234375,0.0,0.0,0.0
1021777167,816657,0,1.00390625,-0.03125,0.013671875,-0.017578125,0.0,0.0,0.0
1021778417,816658,0,0.99609375,-0.033203125,0.01953125,-0.013671875,0.0,0.0,0.0
1021779668,816659,0,1.00390625,-0.03515625,0.01953125,-0.015625,0.0,0.0,0.0
1021780919,816660,0,1.0,-0.03515625,0.017578125,-0.017578125,0.0,0.0,0.0
1021782170,816661,0,1.001953125,-0.02734375,0.017578125,-0.009765625,0.0,0.0,0.0
1021783421,816662,0,1.001953125,-0.029296875,0.01171875,-0.017578125,0.0,0.0,0.0
1021784672,816663,0,1.00390625,-0.029296875,0.01953125,-0.009765625,0.0,0.0,0.0
1021785922,816664,0,1.00390625,-0.021484375,0.015625,-0.005859375,0.0,0.0,0.0
1021787173,816665,0,1.001953125,-0.025390625,0.017578125,-0.0078125,0.0,0.0,0.0
1021788425,816666,0,1.0,-0.02734375,0.017578125,-0.009765625,0.0,0.0,0.0
1021789675,816667,0,1.0,-0.02734375,0.00390625,-0.0234375,0.0,0.0,0.0
1021790927,816668,0,0.998046875,-0.0234375,0.01171875,-0.01171875,0.0,0.0,0.0
1021792177,816669,0,1.005859375,-0.025390625,0.025390625,0.0,0.0,0.0,8.028519309105865e+32
1021794680,816671,0,1.00390625,-0.015625,0.01953125,0.00390625,0.0,0.0,0.0
1021795930,816672,0,1.001953125,-0.021484375,0.01953125,-0.001953125,0.0,0.0,0.0
1021797180,816673,0,1.005859375,-0.01953125,0.01953125,0.0,0.0,0.0,0.0
1021798431,816674,0,1.001953125,-0.017578125,0.015625,-0.001953125,0.0,0.0,0.0
1021799682,816675,0,1.0,-0.013671875,0.021484375,0.0078125,0.0,0.0,0.0
1021800933,816676,0,1.00390625,-0.017578125,0.01953125,0.001953125,0.0,0.0,0.0
1021802184,816677,0,1.0078125,-0.017578125,0.01953125,0.001953125,0.0,0.0,0.0
1021803434,816678,0,1.00390625,-0.017578125,0.01953125,0.001953125,0.0,0.0,0.0
1021804685,816679,0,1.00390625,-0.015625,0.021484375,0.005859375,0.0,0.0,0.0
1021805936,816680,0,1.00390625,-0.013671875,0.021484375,0.0078125,0.0,0.0,0.0
1021807188,816681,0,0.998046875,-0.013671875,0.013671875,0.0,0.0,0.0,0.0
1021808439,816682,0,1.001953125,-0.015625,0.015625,0.0,0.0,0.0,0.0
1021809690,816683,0,1.005859375,-0.017578125,0.017578125,0.0,0.0,0.0,0.0
1021810941,816684,0,1.001953125,-0.017578125,0.021484375,0.00390625,0.0,0.0,0.0
1021812192,816685,0,1.001953125,-0.015625,0.017578125,0.001953125,0.0,0.0,0.0
1021813443,816686,0,1.00390625,-0.021484375,0.017578125,-0.00390625,0.0,0.0,0.0
1021814695,816687,0,1.0078125,-0.021484375,0.021484375,0.0,0.0,0.0,0.0
1021815945,816688,0,1.001953125,-0.021484375,0.009765625,-0.01171875,0.0,0.0,0.0
1021817195,816689,0,1.0078125,-0.025390625,0.009765625,-0.015625,0.0,0.0,0.0
1021818447,816690,0,1.00390625,-0.015625,0.013671875,-0.001953125,0.0,0.0,0.0
1021819697,816691,0,1.00390625,-0.0234375,0.015625,-0.0078125,0.0,0.0,0.0
1021820949,816692,0,1.001953125,-0.021484375,0.015625,-0.005859375,0.0,0.0,0.0
1021822200,816693,0,1.001953125,-0.025390625,0.013671875,-0.01171875,0.0,0.0,0.0
1021823452,816694,0,1.009765625,-0.025390625,0.013671875,-0.01171875,0.0,0.0,0.0
1021824702,816695,0,1.001953125,-0.0234375,0.009765625,-0.013671875,0.0,0.0,0.0
1021825954,816696,0,1.0078125,-0.02734375,0.013671875,-0.013671875,0.0,0.0,0.0
1021827205,816697,0,1.001953125,-0.0234375,0.0,-0.0234375,0.0,0.0,0.0
1021828456,816698,0,0.99609375,-0.009765625,0.005859375,-0.00390625,0.0,0.0,0.0
1021829708,816699,0,0.99609375,0.009765625,0.0234375,0.033203125,0.0,0.0,0.0
1021830958,816700,0,0.998046875,0.02734375,0.029296875,0.056640625,0.0,0.0,0.0
1021832209,816701,0,1.00390625,0.041015625,0.021484375,0.0625,0.0,0.0,0.0
1021833459,816702,0,1.001953125,0.05859375,0.017578125,0.076171875,0.0,0.0,0.0
1021834710,816703,0,1.0,0.078125,0.0234375,0.1015625,0.0,0.0,0.0
1021835961,816704,0,1.0078125,0.083984375,0.041015625,0.125,0.0,0.0,0.0
1021837212,816705,0,1.005859375,0.091796875,0.0390625,0.130859375,0.0,0.0,0.0
1021838462,816706,0,1.0078125,0.095703125,0.03125,0.126953125,0.0,0.0,0.0
1021839713,816707,0,1.005859375,0.0859375,0.03125,0.1171875,0.0,0.0,0.0
1021840965,816708,0,1.0078125,0.076171875,0.03515625,0.111328125,0.0,0.0,0.0
1021842216,816709,0,1.01171875,0.056640625,0.048828125,0.10546875,0.0,0.0,0.0
1021843468,816710,0,1.015625,0.03125,0.03125,0.0625,0.0,0.0,0.0
1021844719,816711,0,1.017578125,0.0078125,0.0234375,0.03125,0.0,0.0,0.0
1021845969,816712,0,1.00390625,-0.013671875,0.01953125,0.005859375,0.0,0.0,0.0
1021847221,816713,0,1.01171875,-0.03125,0.013671875,-0.017578125,0.0,0.0,0.0
1021848471,816714,0,1.01171875,-0.056640625,0.013671875,-0.04296875,0.0,0.0,0.0
1021849721,816715,0,1.0078125,-0.06640625,0.009765625,-0.056640625,0.0,0.0,0.0
1021850972,816716,0,0.99609375,-0.076171875,0.0078125,-0.068359375,0.0,0.0,0.0
1021852224,816717,0,1.0,-0.083984375,0.0,-0.083984375,0.0,0.0,0.0
1021853474,816718,0,1.00390625,-0.087890625,0.0078125,-0.080078125,0.0,0.0,0.0
1021854724,816719,0,1.00390625,-0.0859375,0.0,-0.0859375,0.0,0.0,0.0
1021855976,816720,0,0.998046875,-0.087890625,-0.001953125,-0.08984375,0.0,0.0,0.0
1021857226,816721,0,1.0078125,-0.083984375,0.001953125,-0.08203125,0.0,0.0,0.0
1021858476,816722,0,1.001953125,-0.078125,0.00390625,-0.07421875,0.0,0.0,0.0
1021859728,816723,0,1.00390625,-0.0703125,0.0078125,-0.0625,0.0,0.0,0.0
1021860978,816724,0,1.001953125,-0.06640625,0.0078125,-0.05859375,0.0,0.0,0.0
1021862230,816725,0,0.99609375,-0.052734375,0.01171875,-0.041015625,0.0,0.0,0.0
1021863481,816726,0,1.00390625,-0.05078125,0.01171875,-0.0390625,0.0,0.0,0.0
1021864732,816727,0,1.0078125,-0.0390625,0.015625,-0.0234375,0.0,0.0,0.0
1021865983,816728,0,0.998046875,-0.03125,0.021484375,-0.009765625,0.0,0.0,0.0
1021867235,816729,0,1.0078125,-0.01953125,0.021484375,0.001953125,0.0,0.0,0.0
1021868485,816730,0,1.005859375,-0.017578125,0.015625,-0.001953125,0.0,0.0,0.0
1021869736,816731,0,1.001953125,-0.009765625,0.021484375,0.01171875,0.0,0.0,0.0
1021870987,816732,0,0.998046875,0.0,0.01953125,0.01953125,0.0,0.0,0.0
1021872237,816733,0,1.0078125,0.0,0.025390625,0.025390625,0.0,0.0,0.0
1021873488,816734,0,1.009765625,0.0,0.0234375,0.0234375,0.0,0.0,0.0
1021874738,816735,0,1.01171875,0.0,0.029296875,0.029296875,0.0,0.0,0.0
1021875989,816736,0,1.001953125,-0.00390625,0.0234375,0.01953125,0.0,0.0,0.0
1021877239,816737,0,1.001953125,-0.00390625,0.025390625,0.021484375,0.0,0.0,0.0
1021878490,816738,0,1.005859375,-0.0078125,0.021484375,0.013671875,0.0,0.0,0.0
1021879741,816739,0,1.00390625,-0.009765625,0.015625,0.005859375,0.0,0.0,0.0
1021880991,816740,0,1.001953125,-0.015625,0.017578125,0.001953125,0.0,0.0,0.0
1021882242,816741,0,1.005859375,-0.013671875,0.017578125,0.00390625,0.0,0.0,0.0
1021883493,816742,0,1.001953125,-0.01953125,0.017578125,-0.001953125,0.0,0.0,0.0
1021884745,816743,0,0.998046875,-0.015625,0.013671875,-0.001953125,0.0,0.0,0.0
1021885995,816744,0,1.005859375,-0.017578125,0.015625,-0.001953125,0.0,0.0,0.0
1021887247,816745,0,0.998046875,-0.01953125,0.021484375,0.001953125,0.0,0.0,0.0
1021888498,816746,0,0.998046875,-0.01171875,0.015625,0.00390625,0.0,0.0,0.0
1021889749,816747,0,1.00390625,-0.009765625,0.017578125,0.0078125,0.0,0.0,0.0
1021891000,816748,0,1.005859375,-0.009765625,0.017578125,0.0078125,0.0,0.0,0.0
1021892250,816749,0,1.005859375,-0.0078125,0.02734375,0.01953125,0.0,0.0,0.0
1021893501,816750,0,1.015625,-0.01171875,0.01953125,0.0078125,0.0,0.0,0.0
1021894752,816751,0,1.013671875,-0.015625,0.0078125,-0.0078125,0.0,0.0,0.0
1021896003,816752,0,1.00390625,-0.0078125,0.01953125,0.01171875,0.0,0.0,0.0
1021897254,816753,0,1.005859375,-0.017578125,0.01171875,-0.005859375,0.0,0.0,0.0
1021898504,816754,0,1.01171875,-0.0234375,0.01953125,-0.00390625,0.0,0.0,0.0
1021899755,816755,0,1.0,-0.01953125,0.01171875,-0.0078125,0.0,0.0,0.0
1021901006,816756,0,1.00390625,-0.017578125,0.015625,-0.001953125,0.0,0.0,0.0
1021902257,816757,0,1.0078125,-0.01953125,0.017578125,-0.001953125,0.0,0.0,0.0
1021903508,816758,0,0.99609375,-0.01953125,0.01171875,-0.0078125,0.0,0.0,0.0
1021904760,816759,0,1.0,-0.025390625,0.01171875,-0.013671875,0.0,0.0,0.0
1021906010,816760,0,1.005859375,-0.017578125,0.015625,-0.001953125,0.0,0.0,0.0
1021907261,816761,0,0.994140625,-0.03515625,0.009765625,-0.025390625,0.0,0.0,0.0
1021908513,816762,0,1.00390625,-0.029296875,0.015625,-0.013671875,0.0,0.0,0.0
1021909763,816763,0,1.0078125,-0.03515625,0.01171875,-0.0234375,0.0,0.0,0.0
1021911014,816764,0,1.00390625,-0.033203125,0.021484375,-0.01171875,0.0,0.0,0.0
1021912271,816765,0,1.0078125,-0.0390625,0.01171875,-0.02734375,0.0,0.0,0.0
1021913522,816766,0,1.0,-0.03515625,0.0078125,-0.02734375,0.0,0.0,0.0
1021914774,816767,0,1.009765625,-0.03515625,0.013671875,-0.021484375,0.0,0.0,0.0
1021916024,816768,0,1.00390625,-0.029296875,0.017578125,-0.01171875,0.0,0.0,0.0
1021917275,816769,0,1.00390625,-0.029296875,0.01953125,-0.009765625,0.0,0.0,0.0
1021918527,816770,0,1.005859375,-0.02734375,0.017578125,-0.009765625,0.0,0.0,0.0
1021919778,816771,0,1.00390625,-0.021484375,0.017578125,-0.00390625,0.0,0.0,0.0
1021921028,816772,0,0.99609375,-0.013671875,0.017578125,0.00390625,0.0,0.0,0.0
1021922278,816773,0,1.0,-0.015625,0.01953125,0.00390625,0.0,0.0,0.0
1021923528,816774,0,1.001953125,-0.013671875,0.01953125,0.005859375,0.0,0.0,0.0
1021924780,816775,0,0.998046875,-0.009765625,0.025390625,0.015625,0.0,0.0,0.0
1021926031,816776,0,1.005859375,-0.01171875,0.01953125,0.0078125,0.0,0.0,0.0
1021927282,816777,0,1.0,-0.015625,0.021484375,0.005859375,0.0,0.0,0.0
1021928533,816778,0,1.005859375,-0.017578125,0.015625,-0.001953125,0.0,0.0,0.0
1021929784,816779,0,1.00390625,-0.017578125,0.015625,-0.001953125,0.0,0.0,0.0
1021931034,816780,0,0.998046875,-0.02734375,0.025390625,-0.001953125,0.0,0.0,0.0
1021932284,816781,0,1.005859375,-0.025390625,0.01953125,-0.005859375,0.0,0.0,0.0
1021933536,816782,0,1.005859375,-0.021484375,0.021484375,0.0,0.0,0.0,0.0
1021934787,816783,0,1.009765625,-0.021484375,0.021484375,0.0,0.0,0.0,0.0
1021936038,816784,0,1.005859375,-0.03125,0.01953125,-0.01171875,0.0,0.0,0.0
1021937288,816785,0,1.001953125,-0.021484375,0.005859375,-0.015625,0.0,0.0,0.0
1021938539,816786,0,0.998046875,-0.021484375,0.015625,-0.005859375,0.0,0.0,0.0
1021939790,816787,0,1.001953125,-0.021484375,0.01953125,-0.001953125,0.0,0.0,0.0
1021941040,816788,0,1.005859375,-0.025390625,0.01171875,-0.013671875,0.0,0.0,0.0
1021942290,816789,0,0.99609375,-0.025390625,0.013671875,-0.01171875,0.0,0.0,0.0
1021943542,816790,0,1.0078125,-0.021484375,0.013671875,-0.0078125,0.0,0.0,0.0
1021944793,816791,0,1.0,-0.021484375,0.013671875,-0.0078125,0.0,0.0,0.0
1021946044,816792,0,0.99609375,-0.017578125,0.01953125,0.001953125,0.0,0.0,0.0
1021947295,816793,0,1.005859375,-0.015625,0.01953125,0.00390625,0.0,0.0,0.0
1021948546,816794,0,1.0078125,-0.01953125,0.015625,-0.00390625,0.0,0.0,0.0
1021949796,816795,0,1.009765625,-0.01953125,0.017578125,-0.001953125,0.0,0.0,0.0
1021951048,816796,0,1.015625,-0.0078125,0.015625,0.0078125,0.0,0.0,0.0
1021952299,816797,0,1.00390625,-0.0078125,0.017578125,0.009765625,0.0,0.0,0.0
1021953549,816798,0,1.00390625,-0.009765625,0.0234375,0.013671875,0.0,0.0,0.0
1021954801,816799,0,1.0,-0.00390625,0.01953125,0.015625,0.0,0.0,0.0
1021956051,816800,0,1.01953125,-0.00390625,0.021484375,0.017578125,0.0,0.0,0.0
1021957301,816801,0,1.009765625,0.0078125,0.017578125,0.025390625,0.0,0.0,0.0
1021958552,816802,0,1.009765625,0.01171875,0.021484375,0.033203125,0.0,0.0,0.0
1021959803,816803,0,1.017578125,0.017578125,0.021484375,0.0390625,0.0,0.0,0.0
1021961054,816804,0,1.0078125,0.021484375,0.017578125,0.0390625,0.0,0.0,0.0
1021962305,816805,0,0.998046875,0.01953125,0.0234375,0.04296875,0.0,0.0,0.0
1021963556,816806,0,1.00390625,0.01953125,0.021484375,0.041015625,0.0,0.0,0.0
1021964807,816807,0,1.001953125,0.017578125,0.021484375,0.0390625,0.0,0.0,0.0
1021966059,816808,0,1.0,0.01171875,0.021484375,0.033203125,0.0,0.0,0.0
1021967310,816809,0,1.0,0.009765625,0.01953125,0.029296875,0.0,0.0,0.0
1021968560,816810,0,1.0,0.00390625,0.015625,0.01953125,0.0,0.0,0.0
1021969810,816811,0,1.00390625,-0.00390625,0.017578125,0.013671875,0.0,0.0,0.0
1021971061,816812,0,0.994140625,-0.001953125,0.017578125,0.015625,0.0,0.0,0.0
1021972311,816813,0,1.01171875,-0.015625,0.01953125,0.00390625,0.0,0.0,0.0
1021973563,816814,0,1.0,-0.0078125,0.017578125,0.009765625,0.0,0.0,0.0
1021974813,816815,0,1.005859375,-0.005859375,0.025390625,0.01953125,0.0,0.0,0.0
1021976065,816816,0,1.0078125,0.0,0.015625,0.015625,0.0,0.0,0.0
1021977316,816817,0,1.00390625,0.009765625,0.0234375,0.033203125,0.0,0.0,0.0
1021978566,816818,0,1.0,0.025390625,0.0234375,0.048828125,0.0,0.0,0.0
1021979817,816819,0,0.994140625,0.03125,0.021484375,0.052734375,0.0,0.0,0.0
1021981067,816820,0,0.99609375,0.037109375,0.017578125,0.0546875,0.0,0.0,0.0
1021982317,816821,0,0.998046875,0.0390625,0.02734375,0.06640625,0.0,0.0,0.0
1021983567,816822,0,1.0078125,0.037109375,0.0234375,0.060546875,0.0,0.0,0.0
1021984818,816823,0,1.009765625,0.04296875,0.02734375,0.0703125,0.0,0.0,0.0
1021986070,816824,0,1.009765625,0.048828125,0.01953125,0.068359375,0.0,0.0,0.0
1021987321,816825,0,1.01171875,0.048828125,0.021484375,0.0703125,0.0,0.0,0.0
1021988571,816826,0,1.009765625,0.056640625,0.025390625,0.08203125,0.0,0.0,0.0
1021989821,816827,0,0.99609375,0.052734375,0.025390625,0.078125,0.0,0.0,0.0
1021991071,816828,0,0.998046875,0.048828125,0.025390625,0.07421875,0.0,0.0,0.0
1021992322,816829,0,0.99609375,0.044921875,0.017578125,0.0625,0.0,0.0,0.0
1021993572,816830,0,0.994140625,0.033203125,0.0234375,0.056640625,0.0,0.0,0.0
1021994823,816831,0,0.998046875,0.0234375,0.0234375,0.046875,0.0,0.0,0.0
1021996075,816832,0,1.005859375,0.017578125,0.015625,0.033203125,0.0,0.0,0.0
1021997326,816833,0,1.001953125,0.0,0.01953125,0.01953125,0.0,0.0,0.0
1021998577,816834,0,1.0078125,-0.009765625,0.017578125,0.0078125,0.0,0.0,0.0
1021999829,816835,0,1.0078125,-0.021484375,0.01171875,-0.009765625,0.0,0.0,0.0
1022001079,816836,0,1.001953125,-0.03515625,0.013671875,-0.021484375,0.0,0.0,0.0
1022002329,816837,0,1.005859375,-0.03515625,0.01171875,-0.0234375,0.0,0.0,0.0
1022003580,816838,0,1.0078125,-0.04296875,0.00390625,-0.0390625,0.0,0.0,0.0
1022004831,816839,0,1.001953125,-0.048828125,0.00390625,-0.044921875,0.0,0.0,0.0
1022006082,816840,0,1.001953125,-0.044921875,0.00390625,-0.041015625,0.0,0.0,0.0
1022007333,816841,0,0.99609375,-0.046875,0.01171875,-0.03515625,0.0,0.0,0.0
1022008584,816842,0,1.009765625,-0.046875,0.01171875,-0.03515625,0.0,0.0,0.0
1022009835,816843,0,1.005859375,-0.0390625,0.013671875,-0.025390625,0.0,0.0,0.0
1022011087,816844,0,1.009765625,-0.03125,0.015625,-0.015625,0.0,0.0,0.0
1022012338,816845,0,1.0078125,-0.03125,0.009765625,-0.021484375,0.0,0.0,0.0
1022013590,816846,0,1.009765625,-0.0234375,0.01171875,-0.01171875,0.0,0.0,0.0
1022014841,816847,0,1.005859375,-0.021484375,0.013671875,-0.0078125,0.0,0.0,0.0
1022016092,816848,0,1.001953125,-0.009765625,0.017578125,0.0078125,0.0,0.0,0.0
1022017343,816849,0,1.0,-0.015625,0.01171875,-0.00390625,0.0,0.0,0.0
1022018595,816850,0,1.00390625,-0.009765625,0.005859375,-0.00390625,0.0,0.0,0.0
1022019845,816851,0,1.0,-0.015625,0.0078125,-0.0078125,0.0,0.0,0.0
1022021095,816852,0,0.994140625,-0.01953125,0.01171875,-0.0078125,0.0,0.0,0.0
1022022346,816853,0,0.994140625,-0.03125,0.009765625,-0.021484375,0.0,0.0,0.0
1022023596,816854,0,0.99609375,-0.03515625,0.005859375,-0.029296875,0.0,0.0,0.0
1022024848,816855,0,1.001953125,-0.044921875,0.005859375,-0.0390625,0.0,0.0,0.0
1022026098,816856,0,0.994140625,-0.048828125,0.0078125,-0.041015625,0.0,0.0,0.0
1022027349,816857,0,0.9921875,-0.060546875,0.005859375,-0.0546875,0.0,0.0,0.0
1022028600,816858,0,1.001953125,-0.076171875,0.0,-0.076171875,0.0,0.0,0.0
1022029852,816859,0,1.01171875,-0.07421875,0.0,-0.07421875,0.0,0.0,0.0
1022031103,816860,0,1.00390625,-0.08203125,-0.001953125,-0.083984375,0.0,0.0,0.0
1022032354,816861,0,1.001953125,-0.0859375,0.001953125,-0.083984375,0.0,0.0,0.0
1022033606,816862,0,1.005859375,-0.080078125,0.005859375,-0.07421875,0.0,0.0,0.0
1022034857,816863,0,1.01171875,-0.07421875,0.005859375,-0.068359375,0.0,0.0,0.0
1022036109,816864,0,1.0078125,-0.06640625,0.0078125,-0.05859375,0.0,0.0,0.0
1022037360,816865,0,1.0078125,-0.056640625,0.00390625,-0.052734375,0.0,0.0,0.0
1022038610,816866,0,1.0078125,-0.046875,0.009765625,-0.037109375,0.0,0.0,0.0
1022039861,816867,0,1.0,-0.041015625,0.009765625,-0.03125,0.0,0.0,0.0
1022041112,816868,0,1.0,-0.037109375,0.009765625,-0.02734375,0.0,0.0,0.0
1022042362,816869,0,1.0,-0.033203125,0.013671875,-0.01953125,0.0,0.0,0.0
1022043613,816870,0,0.998046875,-0.03515625,0.01171875,-0.0234375,0.0,0.0,0.0
1022044863,816871,0,0.994140625,-0.037109375,0.0078125,-0.029296875,0.0,0.0,0.0
1022046115,816872,0,0.99609375,-0.0390625,0.01171875,-0.02734375,0.0,0.0,0.0
1022047366,816873,0,1.00390625,-0.041015625,0.005859375,-0.03515625,0.0,0.0,0.0
1022048616,816874,0,0.998046875,-0.044921875,0.00390625,-0.041015625,0.0,0.0,0.0
1022049867,816875,0,1.00390625,-0.044921875,0.013671875,-0.03125,0.0,0.0,0.0
1022051117,816876,0,1.001953125,-0.052734375,0.009765625,-0.04296875,0.0,0.0,0.0
1022052367,816877,0,1.005859375,-0.0546875,0.0078125,-0.046875,0.0,0.0,0.0
1022053618,816878,0,1.009765625,-0.0703125,0.0,-0.0703125,0.0,0.0,0.0
1022054868,816879,0,1.0,-0.06640625,0.00390625,-0.0625,0.0,0.0,0.0
1022056120,816880,0,1.0,-0.076171875,-0.00390625,-0.080078125,0.0,0.0,0.0
1022057371,816881,0,1.00390625,-0.0703125,0.001953125,-0.068359375,0.0,0.0,0.0
1022058621,816882,0,1.0,-0.076171875,0.0,-0.076171875,0.0,0.0,0.0
1022059873,816883,0,0.994140625,-0.078125,0.005859375,-0.072265625,0.0,0.0,0.0
1022061123,816884,0,1.001953125,-0.08203125,0.009765625,-0.072265625,0.0,0.0,0.0
1022062373,816885,0,1.01171875,-0.078125,0.005859375,-0.072265625,0.0,0.0,0.0
1022063623,816886,0,1.013671875,-0.0625,0.005859375,-0.056640625,0.0,0.0,0.0
1022064873,816887,0,1.009765625,-0.044921875,0.013671875,-0.03125,0.0,0.0,0.0
1022066125,816888,0,1.013671875,-0.02734375,0.015625,-0.01171875,0.0,0.0,0.0
1022067376,816889,0,1.017578125,-0.0078125,0.015625,0.0078125,0.0,0.0,0.0
1022068626,816890,0,1.00390625,0.009765625,0.021484375,0.03125,0.0,0.0,0.0
1022069877,816891,0,1.0,0.02734375,0.029296875,0.056640625,0.0,0.0,0.0
1022071128,816892,0,0.998046875,0.03515625,0.02734375,0.0625,0.0,0.0,0.0
1022072378,816893,0,0.99609375,0.044921875,0.0234375,0.068359375,0.0,0.0,0.0
1022073629,816894,0,0.994140625,0.044921875,0.021484375,0.06640625,0.0,0.0,0.0
1022074880,816895,0,0.99609375,0.041015625,0.015625,0.056640625,0.0,0.0,0.0
1022076131,816896,0,0.994140625,0.0390625,0.021484375,0.060546875,0.0,0.0,0.0
1022077382,816897,0,1.00390625,0.033203125,0.017578125,0.05078125,0.0,0.0,0.0
1022078632,816898,0,1.005859375,0.025390625,0.0234375,0.048828125,0.0,0.0,0.0
1022079883,816899,0,1.015625,0.015625,0.013671875,0.029296875,0.0,0.0,0.0
1022081134,816900,0,1.015625,0.005859375,0.01171875,0.017578125,0.0,0.0,0.0
1022082384,816901,0,1.0078125,-0.001953125,0.0078125,0.005859375,0.0,0.0,0.0
1022083636,816902,0,1.0078125,-0.0078125,0.021484375,0.013671875,0.0,0.0,0.0
1022084886,816903,0,1.015625,-0.015625,0.021484375,0.005859375,0.0,0.0,0.0
1022086137,816904,0,1.0,-0.0234375,0.013671875,-0.009765625,0.0,0.0,0.0
1022087388,816905,0,1.001953125,-0.0234375,0.013671875,-0.009765625,0.0,0.0,0.0
1022088639,816906,0,1.001953125,-0.01953125,0.017578125,-0.001953125,0.0,0.0,0.0
1022089889,816907,0,1.0,-0.013671875,0.01171875,-0.001953125,0.0,0.0,0.0
1022091140,816908,0,1.0078125,-0.013671875,0.015625,0.001953125,0.0,0.0,0.0
1022092392,816909,0,1.00390625,-0.009765625,0.01953125,0.009765625,0.0,0.0,0.0
1022093642,816910,0,1.005859375,-0.00390625,0.01953125,0.015625,0.0,0.0,0.0
1022094894,816911,0,1.013671875,-0.001953125,0.01953125,0.017578125,0.0,0.0,0.0
1022096145,816912,0,1.001953125,-0.00390625,0.01953125,0.015625,0.0,0.0,0.0
1022097396,816913,0,1.00390625,0.0,0.013671875,0.013671875,0.0,0.0,0.0
1022098648,816914,0,1.0078125,0.00390625,0.015625,0.01953125,0.0,0.0,0.0
1022099899,816915,0,1.001953125,0.005859375,0.01953125,0.025390625,0.0,0.0,0.0
1022101150,816916,0,0.998046875,0.015625,0.021484375,0.037109375,0.0,0.0,0.0
1022102400,816917,0,0.99609375,0.013671875,0.017578125,0.03125,0.0,0.0,0.0
1022103651,816918,0,0.99609375,0.01171875,0.029296875,0.041015625,0.0,0.0,0.0
1022104902,816919,0,0.9921875,0.013671875,0.021484375,0.03515625,0.0,0.0,0.0
1022106152,816920,0,0.998046875,0.013671875,0.009765625,0.0234375,0.0,0.0,0.0
1022107402,816921,0,0.994140625,0.00390625,0.009765625,0.013671875,0.0,0.0,0.0
1022108654,816922,0,0.998046875,0.001953125,0.0078125,0.009765625,0.0,0.0,0.0
1022109904,816923,0,1.009765625,0.001953125,0.01171875,0.013671875,0.0,0.0,0.0
1022111154,816924,0,1.009765625,-0.00390625,-0.005859375,-0.009765625,0.0,0.0,0.0
1022112405,816925,0,1.0078125,-0.0078125,-0.017578125,-0.025390625,0.0,0.0,0.0
1022113655,816926,0,1.015625,-0.015625,-0.005859375,-0.021484375,0.0,0.0,0.0
1022114906,816927,0,0.998046875,-0.01953125,0.044921875,0.025390625,0.0,0.0,0.0
1022116157,816928,0,1.005859375,-0.015625,0.03125,0.015625,0.0,0.0,0.0
1022117408,816929,0,1.00390625,-0.009765625,0.013671875,0.00390625,0.0,0.0,0.0
1022118659,816930,0,1.0078125,-0.009765625,0.021484375,0.01171875,0.0,0.0,0.0
1022119911,816931,0,1.0078125,-0.0078125,0.017578125,0.009765625,0.0,0.0,0.0
1022121162,816932,0,1.00390625,-0.0078125,0.015625,0.0078125,0.0,0.0,0.0
1022122414,816933,0,1.00390625,-0.001953125,0.015625,0.013671875,0.0,0.0,0.0
1022123664,816934,0,1.00390625,0.0,0.017578125,0.017578125,0.0,0.0,0.0
1022124916,816935,0,1.001953125,0.001953125,0.01953125,0.021484375,0.0,0.0,0.0
1022126167,816936,0,1.0,-0.001953125,0.017578125,0.015625,0.0,0.0,0.0
1022127417,816937,0,1.00390625,-0.00390625,0.015625,0.01171875,0.0,0.0,0.0
1022128668,816938,0,1.00390625,-0.01171875,0.013671875,0.001953125,0.0,0.0,0.0
1022129919,816939,0,1.013671875,-0.005859375,0.013671875,0.0078125,0.0,0.0,0.0
1022131170,816940,0,1.0,-0.013671875,0.013671875,0.0,0.0,0.0,0.0
1022132421,816941,0,1.013671875,-0.015625,0.009765625,-0.005859375,0.0,0.0,0.0
1022133672,816942,0,1.0,-0.01953125,0.0078125,-0.01171875,0.0,0.0,0.0
1022134922,816943,0,0.9921875,-0.0234375,0.013671875,-0.009765625,0.0,0.0,0.0
1022136173,816944,0,1.01171875,-0.025390625,0.0078125,-0.017578125,0.0,0.0,0.0
1022137425,816945,0,1.00390625,-0.033203125,0.0078125,-0.025390625,0.0,0.0,0.0
1022138675,816946,0,0.990234375,-0.041015625,0.01953125,-0.021484375,0.0,0.0,0.0
1022139927,816947,0,1.005859375,-0.044921875,0.01171875,-0.033203125,0.0,0.0,0.0
1022141177,816948,0,1.00390625,-0.048828125,0.01171875,-0.037109375,0.0,0.0,0.0
1022142429,816949,0,1.0078125,-0.044921875,0.00390625,-0.041015625,0.0,0.0,0.0
1022143680,816950,0,0.998046875,-0.037109375,0.0078125,-0.029296875,0.0,0.0,0.0
1022144930,816951,0,1.0,-0.044921875,0.013671875,-0.03125,0.0,0.0,0.0
1022146180,816952,0,1.001953125,-0.0390625,0.005859375,-0.033203125,0.0,0.0,0.0
1022147431,816953,0,1.005859375,-0.037109375,0.00390625,-0.033203125,0.0,0.0,0.0
1022148682,816954,0,1.0,-0.03515625,0.009765625,-0.025390625,0.0,0.0,0.0
1022149933,816955,0,1.013671875,-0.041015625,0.013671875,-0.02734375,0.0,0.0,0.0
1022151184,816956,0,1.0078125,-0.041015625,0.013671875,-0.02734375,0.0,0.0,0.0
1022152434,816957,0,1.0,-0.03515625,0.0078125,-0.02734375,0.0,0.0,0.0
1022153685,816958,0,1.001953125,-0.041015625,0.017578125,-0.0234375,0.0,0.0,0.0
1022154936,816959,0,0.994140625,-0.05078125,0.005859375,-0.044921875,0.0,0.0,0.0
1022156188,816960,0,1.009765625,-0.029296875,0.01171875,-0.017578125,0.0,0.0,0.0
1022157439,816961,0,1.001953125,-0.029296875,0.009765625,-0.01953125,0.0,0.0,0.0
1022158690,816962,0,1.001953125,-0.037109375,0.013671875,-0.0234375,0.0,0.0,0.0
1022159941,816963,0,0.994140625,-0.03515625,0.013671875,-0.021484375,0.0,0.0,0.0
1022161192,816964,0,1.00390625,-0.03515625,0.017578125,-0.017578125,0.0,0.0,0.0
1022162443,816965,0,1.005859375,-0.044921875,0.009765625,-0.03515625,0.0,0.0,0.0
1022163695,816966,0,1.005859375,-0.046875,0.0078125,-0.0390625,0.0,0.0,0.0
1022164945,816967,0,0.998046875,-0.044921875,0.001953125,-0.04296875,0.0,0.0,0.0
1022166195,816968,0,0.99609375,-0.04296875,0.01171875,-0.03125,0.0,0.0,0.0
1022167447,816969,0,1.017578125,-0.0390625,0.01171875,-0.02734375,0.0,0.0,0.0
1022168697,816970,0,1.01171875,-0.044921875,0.009765625,-0.03515625,0.0,0.0,0.0
1022169949,816971,0,1.009765625,-0.041015625,0.0078125,-0.033203125,0.0,0.0,0.0
1022171200,816972,0,1.005859375,-0.03515625,0.005859375,-0.029296875,0.0,0.0,0.0
1022172452,816973,0,1.0078125,-0.02734375,0.01171875,-0.015625,0.0,0.0,0.0
1022173702,816974,0,1.0078125,-0.0234375,0.01953125,-0.00390625,0.0,0.0,0.0
1022174954,816975,0,1.001953125,-0.009765625,0.01171875,0.001953125,0.0,0.0,0.0
1022176205,816976,0,1.001953125,-0.005859375,0.015625,0.009765625,0.0,0.0,0.0
1022177456,816977,0,1.0,-0.00390625,0.01953125,0.015625,0.0,0.0,0.0
1022178708,816978,0,0.994140625,0.0,0.021484375,0.021484375,0.0,0.0,0.0
1022179958,816979,0,0.994140625,0.0,0.01171875,0.01171875,0.0,0.0,0.0
1022181209,816980,0,1.001953125,0.001953125,0.01171875,0.013671875,0.0,0.0,0.0
1022182459,816981,0,1.0,-0.001953125,0.009765625,0.0078125,0.0,0.0,0.0
1022183710,816982,0,1.009765625,0.0,0.01953125,0.01953125,0.0,0.0,0.0
1022184961,816983,0,1.005859375,-0.009765625,0.015625,0.005859375,0.0,0.0,0.0
1022186212,816984,0,1.013671875,-0.0078125,0.005859375,-0.001953125,0.0,0.0,0.0
1022187462,816985,0,1.013671875,-0.02734375,0.005859375,-0.021484375,0.0,0.0,0.0
1022188713,816986,0,1.01953125,-0.02734375,0.013671875,-0.013671875,0.0,0.0,0.0
1022189965,816987,0,1.005859375,-0.037109375,0.013671875,-0.0234375,0.0,0.0,0.0
1022191216,816988,0,1.001953125,-0.041015625,0.009765625,-0.03125,0.0,0.0,0.0
1022192468,816989,0,1.0,-0.044921875,0.009765625,-0.03515625,0.0,0.0,0.0
1022193719,816990,0,1.0078125,-0.05078125,0.00390625,-0.046875,0.0,0.0,0.0
1022194969,816991,0,1.001953125,-0.046875,0.013671875,-0.033203125,0.0,0.0,0.0
1022196221,816992,0,0.998046875,-0.0546875,0.01171875,-0.04296875,0.0,0.0,0.0
1022197471,816993,0,1.0078125,-0.04296875,0.015625,-0.02734375,0.0,0.0,0.0
1022198721,816994,0,1.001953125,-0.046875,0.013671875,-0.033203125,0.0,0.0,0.0
1022199972,816995,0,1.00390625,-0.04296875,0.0078125,-0.03515625,0.0,0.0,0.0
1022201224,816996,0,1.00390625,-0.037109375,0.015625,-0.021484375,0.0,0.0,0.0
1022202474,816997,0,1.001953125,-0.03515625,0.009765625,-0.025390625,0.0,0.0,0.0
1022203724,816998,0,1.00390625,-0.03515625,0.0078125,-0.02734375,0.0,0.0,0.0
1022204976,816999,0,1.00390625,-0.029296875,0.009765625,-0.01953125,0.0,0.0,0.0
1022206226,817000,0,1.00390625,-0.03125,0.01171875,-0.01953125,0.0,0.0,0.0
1022207476,817001,0,1.005859375,-0.03515625,0.0078125,-0.02734375,0.0,0.0,0.0
1022208728,817002,0,1.00390625,-0.03515625,0.005859375,-0.029296875,0.0,0.0,0.0
1022209978,817003,0,1.0,-0.03125,0.009765625,-0.021484375,0.0,0.0,0.0
1022211230,817004,0,0.998046875,-0.033203125,0.01171875,-0.021484375,0.0,0.0,0.0
1022212481,817005,0,1.009765625,-0.033203125,0.009765625,-0.0234375,0.0,0.0,0.0
1022213732,817006,0,1.005859375,-0.03515625,0.009765625,-0.025390625,0.0,0.0,0.0
1022214983,817007,0,1.00390625,-0.044921875,0.013671875,-0.03125,0.0,0.0,0.0
1022216235,817008,0,0.99609375,-0.0390625,0.013671875,-0.025390625,0.0,0.0,0.0
1022217485,817009,0,0.998046875,-0.044921875,0.013671875,-0.03125,0.0,0.0,0.0
1022218736,817010,0,0.99609375,-0.044921875,0.013671875,-0.03125,0.0,0.0,0.0
1022219987,817011,0,1.0,-0.046875,0.009765625,-0.037109375,0.0,0.0,0.0
1022221237,817012,0,1.001953125,-0.044921875,0.0078125,-0.037109375,0.0,0.0,0.0
1022222488,817013,0,1.0078125,-0.044921875,0.005859375,-0.0390625,0.0,0.0,0.0
1022223738,817014,0,1.0,-0.046875,0.0078125,-0.0390625,0.0,0.0,0.0
1022224989,817015,0,1.005859375,-0.05078125,0.005859375,-0.044921875,0.0,0.0,0.0
1022226239,817016,0,1.00390625,-0.052734375,0.001953125,-0.05078125,0.0,0.0,0.0
1022227490,817017,0,1.001953125,-0.05078125,0.009765625,-0.041015625,0.0,0.0,0.0
1022228741,817018,0,0.998046875,-0.052734375,0.005859375,-0.046875,0.0,0.0,0.0
1022229991,817019,0,0.998046875,-0.04296875,0.00390625,-0.0390625,0.0,0.0,0.0
1022231242,817020,0,0.99609375,-0.046875,0.01171875,-0.03515625,0.0,0.0,0.0
1022232493,817021,0,0.998046875,-0.044921875,0.005859375,-0.0390625,0.0,0.0,0.0
1022233745,817022,0,0.99609375,-0.04296875,0.0078125,-0.03515625,0.0,0.0,0.0
1022234995,817023,0,1.0078125,-0.037109375,0.015625,-0.021484375,0.0,0.0,0.0
1022236247,817024,0,1.0078125,-0.0390625,0.017578125,-0.021484375,0.0,0.0,0.0
1022237498,817025,0,1.009765625,-0.0390625,0.01171875,-0.02734375,0.0,0.0,0.0
1022238749,817026,0,1.00390625,-0.048828125,0.005859375,-0.04296875,0.0,0.0,0.0
1022240000,817027,0,1.0078125,-0.04296875,0.01171875,-0.03125,0.0,0.0,0.0
1022241250,817028,0,1.013671875,-0.048828125,0.005859375,-0.04296875,0.0,0.0,0.0
1022242501,817029,0,1.017578125,-0.044921875,0.0078125,-0.037109375,0.0,0.0,0.0
1022243752,817030,0,1.00390625,-0.056640625,0.01953125,-0.037109375,0.0,0.0,0.0
1022245003,817031,0,1.001953125,-0.052734375,0.009765625,-0.04296875,0.0,0.0,0.0
1022246254,817032,0,1.001953125,-0.052734375,0.0078125,-0.044921875,0.0,0.0,0.0
1022247504,817033,0,1.001953125,-0.048828125,0.005859375,-0.04296875,0.0,0.0,0.0
1022248755,817034,0,1.0,-0.044921875,0.005859375,-0.0390625,0.0,0.0,0.0
1022250006,817035,0,1.00390625,-0.041015625,0.015625,-0.025390625,0.0,0.0,0.0
1022251257,817036,0,1.001953125,-0.0390625,0.01953125,-0.01953125,0.0,0.0,0.0
1022252508,817037,0,1.00390625,-0.033203125,0.013671875,-0.01953125,0.0,0.0,0.0
1022253760,817038,0,1.0078125,-0.033203125,0.017578125,-0.015625,0.0,0.0,0.0
1022255010,817039,0,1.00390625,-0.025390625,0.017578125,-0.0078125,0.0,0.0,0.0
1022256261,817040,0,1.00390625,-0.03125,0.015625,-0.015625,0.0,0.0,0.0
1022257513,817041,0,1.00390625,-0.025390625,0.013671875,-0.01171875,0.0,0.0,0.0
1022258763,817042,0,1.009765625,-0.0234375,0.009765625,-0.013671875,0.0,0.0,0.0
1022260014,817043,0,1.001953125,-0.0234375,0.021484375,-0.001953125,0.0,0.0,0.0
1022261271,817044,0,1.0,-0.025390625,0.015625,-0.009765625,0.0,0.0,0.0
1022262522,817045,0,1.00390625,-0.02734375,0.013671875,-0.013671875,0.0,0.0,0.0
1022263774,817046,0,1.00390625,-0.02734375,0.015625,-0.01171875,0.0,0.0,0.0
1022265024,817047,0,1.0078125,-0.029296875,0.015625,-0.013671875,0.0,0.0,0.0
1022266275,817048,0,1.0,-0.033203125,0.01953125,-0.013671875,0.0,0.0,0.0
1022267527,817049,0,1.005859375,-0.037109375,0.013671875,-0.0234375,0.0,0.0,0.0
1022268778,817050,0,1.0078125,-0.03515625,0.015625,-0.01953125,0.0,0.0,0.0
1022270028,817051,0,1.0078125,-0.041015625,0.013671875,-0.02734375,0.0,0.0,0.0
1022271278,817052,0,1.0,-0.03515625,0.009765625,-0.025390625,0.0,0.0,0.0
1022272528,817053,0,1.0078125,-0.03125,0.0078125,-0.0234375,0.0,0.0,0.0
1022273780,817054,0,1.005859375,-0.0234375,0.01953125,-0.00390625,0.0,0.0,0.0
1022275031,817055,0,1.0078125,-0.01171875,0.013671875,0.001953125,0.0,0.0,0.0
1022276282,817056,0,1.0,-0.001953125,0.01953125,0.017578125,0.0,0.0,0.0
1022277533,817057,0,0.994140625,0.009765625,0.021484375,0.03125,0.0,0.0,0.0
1022278784,817058,0,1.0,0.017578125,0.01953125,0.037109375,0.0,0.0,0.0
1022280034,817059,0,0.998046875,0.029296875,0.021484375,0.05078125,0.0,0.0,0.0
1022281284,817060,0,1.001953125,0.02734375,0.01953125,0.046875,0.0,0.0,0.0
1022282536,817061,0,1.005859375,0.033203125,0.0234375,0.056640625,0.0,0.0,0.0
1022283787,817062,0,1.0078125,0.02734375,0.021484375,0.048828125,0.0,0.0,0.0
1022285038,817063,0,1.001953125,0.015625,0.0234375,0.0390625,0.0,0.0,0.0
1022286288,817064,0,1.005859375,0.015625,0.017578125,0.033203125,0.0,0.0,0.0
1022287539,817065,0,1.00390625,0.001953125,0.01953125,0.021484375,0.0,0.0,0.0
1022288790,817066,0,1.001953125,-0.001953125,0.0078125,0.005859375,0.0,0.0,0.0
1022290040,817067,0,0.99609375,-0.0078125,0.015625,0.0078125,0.0,0.0,0.0
1022291290,817068,0,1.0,-0.02734375,0.0234375,-0.00390625,0.0,0.0,0.0
1022292542,817069,0,0.998046875,-0.03125,0.009765625,-0.021484375,0.0,0.0,0.0
1022293793,817070,0,1.009765625,-0.04296875,0.021484375,-0.021484375,0.0,0.0,0.0
1022295044,817071,0,1.041015625,-0.07421875,0.037109375,-0.037109375,0.0,0.0,0.0
1022296295,817072,0,1.07421875,-0.087890625,0.03125,-0.056640625,0.0,0.0,0.0
1022297546,817073,0,1.068359375,-0.2265625,0.087890625,-0.138671875,0.0,0.0,0.0
1022298796,817074,0,1.130859375,-0.34375,0.0859375,-0.2578125,0.0,0.0,0.0
1022300048,817075,0,1.181640625,-0.240234375,-0.064453125,-0.3046875,0.0,0.0,0.0
1022301299,817076,0,1.037109375,-0.333984375,-0.09375,-0.427734375,0.0,0.0,0.0
1022302549,817077,0,0.822265625,-0.24609375,-0.091796875,-0.337890625,0.0,0.0,0.0
1022303801,817078,0,0.75390625,-0.2109375,-0.11328125,-0.32421875,0.0,0.0,0.0
1022305051,817079,0,0.79296875,-0.236328125,-0.087890625,-0.32421875,0.0,0.0,0.0
1022306301,817080,0,0.87109375,-0.193359375,-0.0859375,-0.279296875,0.0,0.0,0.0
1022307552,817081,0,0.923828125,-0.16796875,-0.08203125,-0.25,0.0,0.0,0.0
1022308803,817082,0,0.974609375,-0.11328125,-0.0546875,-0.16796875,0.0,0.0,0.0
1022310054,817083,0,1.009765625,-0.041015625,-0.015625,-0.056640625,0.0,0.0,0.0
1022311305,817084,0,1.0390625,-0.001953125,0.02734375,0.025390625,0.0,0.0,0.0
1022312556,817085,0,1.080078125,0.091796875,0.16015625,0.251953125,0.0,0.0,0.0
1022313807,817086,0,1.095703125,0.083984375,0.158203125,0.2421875,0.0,0.0,0.0
1022315059,817087,0,1.041015625,0.03125,0.0,0.03125,0.0,0.0,0.0
1022316310,817088,0,1.05859375,0.01953125,0.021484375,0.041015625,0.0,0.0,0.0
1022317560,817089,0,1.025390625,0.0078125,0.041015625,0.048828125,0.0,0.0,0.0
1022318810,817090,0,1.009765625,0.025390625,0.041015625,0.06640625,0.0,0.0,0.0
1022320061,817091,0,0.98828125,0.0078125,0.0859375,0.09375,0.0,0.0,0.0
1022321311,817092,0,1.009765625,-0.01953125,0.02734375,0.0078125,0.0,0.0,0.0
1022322563,817093,0,1.001953125,-0.05078125,0.005859375,-0.044921875,0.0,0.0,0.0
1022323813,817094,0,1.009765625,-0.048828125,0.0,-0.048828125,0.0,0.0,0.0
1022325065,817095,0,0.998046875,-0.060546875,0.0078125,-0.052734375,0.0,0.0,0.0
1022326316,817096,0,0.9765625,-0.0625,0.0,-0.0625,0.0,0.0,0.0
1022327566,817097,0,0.97265625,-0.052734375,0.00390625,-0.048828125,0.0,0.0,0.0
1022328817,817098,0,0.9765625,-0.05078125,0.005859375,-0.044921875,0.0,0.0,0.0
1022330067,817099,0,0.982421875,-0.05078125,0.013671875,-0.037109375,0.0,0.0,0.0
1022331317,817100,0,0.986328125,-0.033203125,0.01953125,-0.013671875,0.0,0.0,0.0
1022332567,817101,0,1.0078125,-0.03125,0.015625,-0.015625,0.0,0.0,0.0
1022333818,817102,0,1.009765625,-0.0234375,0.01953125,-0.00390625,0.0,0.0,0.0
1022335070,817103,0,1.01171875,-0.02734375,0.0234375,-0.00390625,0.0,0.0,0.0
1022336321,817104,0,1.017578125,-0.013671875,0.021484375,0.0078125,0.0,0.0,0.0
1022337571,817105,0,1.0078125,-0.017578125,0.015625,-0.001953125,0.0,0.0,0.0
1022338821,817106,0,0.998046875,-0.01953125,0.0234375,0.00390625,0.0,0.0,0.0
1022340071,817107,0,0.994140625,-0.01953125,0.02734375,0.0078125,0.0,0.0,0.0
1022341322,817108,0,0.998046875,-0.0234375,0.015625,-0.0078125,0.0,0.0,0.0
1022342572,817109,0,1.013671875,-0.02734375,0.015625,-0.01171875,0.0,0.0,0.0
1022343823,817110,0,1.013671875,-0.03125,0.005859375,-0.025390625,0.0,0.0,0.0
1022345075,817111,0,1.00390625,-0.02734375,0.005859375,-0.021484375,0.0,0.0,0.0
1022346326,817112,0,0.990234375,-0.02734375,0.021484375,-0.005859375,0.0,0.0,0.0
1022347577,817113,0,0.982421875,-0.025390625,0.021484375,-0.00390625,0.0,0.0,0.0
1022348829,817114,0,0.98828125,-0.029296875,0.025390625,-0.00390625,0.0,0.0,0.0
1022350079,817115,0,1.015625,-0.029296875,0.0078125,-0.021484375,0.0,0.0,0.0
1022351329,817116,0,1.005859375,-0.02734375,0.01953125,-0.0078125,0.0,0.0,0.0
1022352580,817117,0,1.005859375,-0.025390625,0.017578125,-0.0078125,0.0,0.0,0.0
1022353831,817118,0,0.99609375,-0.02734375,0.015625,-0.01171875,0.0,0.0,0.0
1022355082,817119,0,0.998046875,-0.02734375,0.021484375,-0.005859375,0.0,0.0,0.0
1022356333,817120,0,1.00390625,-0.0234375,0.021484375,-0.001953125,0.0,0.0,0.0
1022357584,817121,0,1.009765625,-0.0234375,0.01953125,-0.00390625,0.0,0.0,0.0
1022358835,817122,0,1.005859375,-0.025390625,0.0234375,-0.001953125,0.0,0.0,0.0
1022360087,817123,0,1.0078125,-0.0234375,0.013671875,-0.009765625,0.0,0.0,0.0
1022361338,817124,0,1.0,-0.02734375,0.01953125,-0.0078125,0.0,0.0,0.0
1022362590,817125,0,1.009765625,-0.021484375,0.0234375,0.001953125,0.0,0.0,0.0
1022363841,817126,0,1.0,-0.021484375,0.021484375,0.0,0.0,0.0,0.0
1022365092,817127,0,1.01953125,-0.021484375,0.01953125,-0.001953125,0.0,0.0,0.0
1022366343,817128,0,1.005859375,-0.017578125,0.017578125,0.0,0.0,0.0,0.0
1022367595,817129,0,1.0078125,-0.009765625,0.01953125,0.009765625,0.0,0.0,0.0
1022368845,817130,0,1.009765625,-0.01953125,0.029296875,0.009765625,0.0,0.0,0.0
1022370097,817131,0,1.013671875,-0.017578125,0.029296875,0.01171875,0.0,0.0,0.0
1022371348,817132,0,1.005859375,-0.0234375,0.025390625,0.001953125,0.0,0.0,0.0
1022372600,817133,0,1.01171875,-0.021484375,0.017578125,-0.00390625,0.0,0.0,0.0
1022373850,817134,0,1.009765625,-0.025390625,0.0234375,-0.001953125,0.0,0.0,0.0
1022375101,817135,0,1.001953125,-0.02734375,0.021484375,-0.005859375,0.0,0.0,0.0
1022376351,817136,0,0.994140625,-0.0234375,0.021484375,-0.001953125,0.0,0.0,0.0
1022377602,817137,0,0.998046875,-0.02734375,0.01953125,-0.0078125,0.0,0.0,0.0
1022378853,817138,0,1.009765625,-0.03515625,0.013671875,-0.021484375,0.0,0.0,0.0
1022380104,817139,0,1.009765625,-0.037109375,0.013671875,-0.0234375,0.0,0.0,0.0
1022381355,817140,0,1.009765625,-0.037109375,0.017578125,-0.01953125,0.0,0.0,0.0
1022382606,817141,0,1.0,-0.03515625,0.009765625,-0.025390625,0.0,0.0,0.0
1022383857,817142,0,0.99609375,-0.03515625,0.017578125,-0.017578125,0.0,0.0,0.0
1022385109,817143,0,0.994140625,-0.029296875,0.009765625,-0.01953125,0.0,0.0,0.0
1022386360,817144,0,1.00390625,-0.02734375,0.017578125,-0.009765625,0.0,0.0,0.0
1022387610,817145,0,1.0078125,-0.0234375,0.021484375,-0.001953125,0.0,0.0,0.0
1022388861,817146,0,1.0078125,-0.025390625,0.01953125,-0.005859375,0.0,0.0,0.0
1022390112,817147,0,1.0078125,-0.01953125,0.025390625,0.005859375,0.0,0.0,0.0
1022391362,817148,0,1.005859375,-0.015625,0.021484375,0.005859375,0.0,0.0,0.0
1022392613,817149,0,1.017578125,-0.021484375,0.021484375,0.0,0.0,0.0,0.0
1022393863,817150,0,1.001953125,-0.02734375,0.01953125,-0.0078125,0.0,0.0,0.0
1022395115,817151,0,1.009765625,-0.03125,0.01953125,-0.01171875,0.0,0.0,0.0
1022396366,817152,0,1.013671875,-0.025390625,0.015625,-0.009765625,0.0,0.0,0.0
1022397616,817153,0,1.0,-0.029296875,0.021484375,-0.0078125,0.0,0.0,0.0
1022398867,817154,0,0.99609375,-0.03125,0.01953125,-0.01171875,0.0,0.0,0.0
1022400117,817155,0,0.990234375,-0.03125,0.025390625,-0.005859375,0.0,0.0,0.0
1022401367,817156,0,0.99609375,-0.03125,0.025390625,-0.005859375,0.0,0.0,0.0
1022402618,817157,0,0.998046875,-0.03125,0.01953125,-0.01171875,0.0,0.0,0.0
1022403868,817158,0,0.994140625,-0.02734375,0.0234375,-0.00390625,0.0,0.0,0.0
1022405120,817159,0,1.0,-0.029296875,0.01953125,-0.009765625,0.0,0.0,0.0
1022406371,817160,0,1.0,-0.029296875,0.017578125,-0.01171875,0.0,0.0,0.0
1022407621,817161,0,1.005859375,-0.029296875,0.0234375,-0.005859375,0.0,0.0,0.0
1022408873,817162,0,1.001953125,-0.02734375,0.021484375,-0.005859375,0.0,0.0,0.0
1022410123,817163,0,1.005859375,-0.0234375,0.017578125,-0.005859375,0.0,0.0,0.0
1022411373,817164,0,1.005859375,-0.0234375,0.021484375,-0.001953125,0.0,0.0,0.0
1022412623,817165,0,0.99609375,-0.029296875,0.0234375,-0.005859375,0.0,0.0,0.0
1022413873,817166,0,0.998046875,-0.02734375,0.0234375,-0.00390625,0.0,0.0,0.0
1022415125,817167,0,1.001953125,-0.02734375,0.021484375,-0.005859375,0.0,0.0,0.0
1022416376,817168,0,1.001953125,-0.02734375,0.025390625,-0.001953125,0.0,0.0,0.0
1022417626,817169,0,1.00390625,-0.029296875,0.021484375,-0.0078125,0.0,0.0,0.0
1022418877,817170,0,1.005859375,-0.02734375,0.025390625,-0.001953125,0.0,0.0,0.0
1022420128,817171,0,1.001953125,-0.01953125,0.0234375,0.00390625,0.0,0.0,0.0
1022421378,817172,0,1.0,-0.0234375,0.021484375,-0.001953125,0.0,0.0,0.0
1022422629,817173,0,0.990234375,-0.01953125,0.021484375,0.001953125,0.0,0.0,0.0
1022423880,817174,0,1.001953125,-0.0234375,0.029296875,0.005859375,0.0,0.0,0.0
1022425131,817175,0,1.0,-0.02734375,0.01953125,-0.0078125,0.0,0.0,0.0
1022426382,817176,0,1.0,-0.03125,0.01953125,-0.01171875,0.0,0.0,0.0
1022427632,817177,0,1.0,-0.033203125,0.013671875,-0.01953125,0.0,0.0,0.0
1022428883,817178,0,1.005859375,-0.03125,0.01953125,-0.01171875,0.0,0.0,0.0
1022430134,817179,0,1.0,-0.033203125,0.0234375,-0.009765625,0.0,0.0,0.0
1022431384,817180,0,0.998046875,-0.037109375,0.015625,-0.021484375,0.0,0.0,0.0
1022432636,817181,0,0.9921875,-0.029296875,0.017578125,-0.01171875,0.0,0.0,0.0
1022433886,817182,0,0.99609375,-0.037109375,0.01953125,-0.017578125,0.0,0.0,0.0
1022435137,817183,0,0.998046875,-0.029296875,0.013671875,-0.015625,0.0,0.0,0.0
1022436388,817184,0,0.99609375,-0.033203125,0.01953125,-0.013671875,0.0,0.0,0.0
1022437639,817185,0,1.001953125,-0.02734375,0.015625,-0.01171875,0.0,0.0,0.0
1022438889,817186,0,0.99609375,-0.03515625,0.01171875,-0.0234375,0.0,0.0,0.0
1022440140,817187,0,1.00390625,-0.03125,0.01953125,-0.01171875,0.0,0.0,0.0
1022441392,817188,0,1.0078125,-0.029296875,0.017578125,-0.01171875,0.0,0.0,0.0
1022442642,817189,0,1.001953125,-0.029296875,0.015625,-0.013671875,0.0,0.0,0.0
1022443894,817190,0,1.005859375,-0.02734375,0.01953125,-0.0078125,0.0,0.0,0.0
1022445145,817191,0,1.005859375,-0.02734375,0.021484375,-0.005859375,0.0,0.0,0.0
1022446396,817192,0,1.009765625,-0.029296875,0.017578125,-0.01171875,0.0,0.0,0.0
1022447648,817193,0,1.01171875,-0.025390625,0.02734375,0.001953125,0.0,0.0,0.0
1022448899,817194,0,1.0078125,-0.029296875,0.025390625,-0.00390625,0.0,0.0,0.0
1022450150,817195,0,0.998046875,-0.021484375,0.025390625,0.00390625,0.0,0.0,0.0
1022451400,817196,0,1.001953125,-0.0234375,0.02734375,0.00390625,0.0,0.0,0.0
1022452651,817197,0,1.005859375,-0.02734375,0.015625,-0.01171875,0.0,0.0,0.0
1022453902,817198,0,1.013671875,-0.029296875,0.01953125,-0.009765625,0.0,0.0,0.0
1022455152,817199,0,1.00390625,-0.021484375,0.0234375,0.001953125,0.0,0.0,0.0
1022456402,817200,0,1.001953125,-0.025390625,0.017578125,-0.0078125,0.0,0.0,0.0
1022457654,817201,0,0.99609375,-0.025390625,0.021484375,-0.00390625,0.0,0.0,0.0
1022458904,817202,0,1.001953125,-0.02734375,0.01953125,-0.0078125,0.0,0.0,0.0
1022460154,817203,0,0.998046875,-0.03515625,0.021484375,-0.013671875,0.0,0.0,0.0
1022461405,817204,0,1.0,-0.03125,0.01953125,-0.01171875,0.0,0.0,0.0
1022462655,817205,0,1.001953125,-0.03125,0.021484375,-0.009765625,0.0,0.0,0.0
1022463906,817206,0,1.00390625,-0.03125,0.01953125,-0.01171875,0.0,0.0,0.0
1022465157,817207,0,1.0078125,-0.025390625,0.01953125,-0.005859375,0.0,0.0,0.0
1022466408,817208,0,1.009765625,-0.021484375,0.025390625,0.00390625,0.0,0.0,0.0
1022467659,817209,0,1.009765625,-0.0234375,0.021484375,-0.001953125,0.0,0.0,0.0
1022468911,817210,0,1.013671875,-0.01953125,0.029296875,0.009765625,0.0,0.0,0.0
1022470162,817211,0,1.009765625,-0.015625,0.03125,0.015625,0.0,0.0,0.0
1022471414,817212,0,1.015625,-0.01953125,0.021484375,0.001953125,0.0,0.0,0.0
1022472664,817213,0,1.009765625,-0.025390625,0.025390625,0.0,0.0,0.0,0.0
1022473916,817214,0,1.001953125,-0.033203125,0.015625,-0.017578125,0.0,0.0,0.0
1022475167,817215,0,0.998046875,-0.033203125,0.021484375,-0.01171875,0.0,0.0,0.0
1022476417,817216,0,1.0078125,-0.033203125,0.025390625,-0.0078125,0.0,0.0,0.0
1022477668,817217,0,1.0078125,-0.025390625,0.02734375,0.001953125,0.0,0.0,0.0
1022478919,817218,0,1.005859375,-0.0234375,0.025390625,0.001953125,0.0,0.0,0.0
1022480170,817219,0,0.998046875,-0.025390625,0.0234375,-0.001953125,0.0,0.0,0.0
1022481421,817220,0,1.001953125,-0.029296875,0.0234375,-0.005859375,0.0,0.0,0.0
1022482672,817221,0,1.009765625,-0.025390625,0.025390625,0.0,0.0,0.0,0.0
1022483922,817222,0,1.005859375,-0.0234375,0.025390625,0.001953125,0.0,0.0,0.0
1022485173,817223,0,1.001953125,-0.021484375,0.021484375,0.0,0.0,0.0,0.0
1022486425,817224,0,1.0078125,-0.021484375,0.021484375,0.0,0.0,0.0,0.0
1022487675,817225,0,1.01171875,-0.021484375,0.0234375,0.001953125,0.0,0.0,0.0
1022488927,817226,0,1.005859375,-0.025390625,0.025390625,0.0,0.0,0.0,0.0
1022490177,817227,0,1.0078125,-0.021484375,0.01953125,-0.001953125,0.0,0.0,0.0
1022491429,817228,0,1.001953125,-0.0234375,0.025390625,0.001953125,0.0,0.0,0.0
1022492680,817229,0,1.0078125,-0.029296875,0.025390625,-0.00390625,0.0,0.0,0.0
1022493930,817230,0,1.0078125,-0.025390625,0.021484375,-0.00390625,0.0,0.0,0.0
1022495180,817231,0,0.99609375,-0.02734375,0.021484375,-0.005859375,0.0,0.0,0.0
1022496431,817232,0,0.998046875,-0.02734375,0.025390625,-0.001953125,0.0,0.0,0.0
1022497682,817233,0,1.009765625,-0.029296875,0.025390625,-0.00390625,0.0,0.0,0.0
1022498933,817234,0,1.0,-0.02734375,0.0234375,-0.00390625,0.0,0.0,0.0
1022500184,817235,0,1.0,-0.033203125,0.0234375,-0.009765625,0.0,0.0,0.0
1022501434,817236,0,1.001953125,-0.033203125,0.01953125,-0.013671875,0.0,0.0,0.0
1022502685,817237,0,1.00390625,-0.033203125,0.017578125,-0.015625,0.0,0.0,0.0
1022503936,817238,0,1.001953125,-0.033203125,0.017578125,-0.015625,0.0,0.0,0.0
1022505188,817239,0,1.0078125,-0.02734375,0.01953125,-0.0078125,0.0,0.0,0.0
1022506439,817240,0,1.001953125,-0.021484375,0.01953125,-0.001953125,0.0,0.0,0.0
1022507690,817241,0,1.009765625,-0.025390625,0.015625,-0.009765625,0.0,0.0,0.0
1022508941,817242,0,1.0078125,-0.025390625,0.02734375,0.001953125,0.0,0.0,0.0
1022510192,817243,0,1.00390625,-0.029296875,0.021484375,-0.0078125,0.0,0.0,0.0
1022511443,817244,0,1.0078125,-0.029296875,0.021484375,-0.0078125,0.0,0.0,0.0
1022512695,817245,0,1.001953125,-0.033203125,0.0234375,-0.009765625,0.0,0.0,0.0
1022513945,817246,0,1.00390625,-0.03125,0.015625,-0.015625,0.0,0.0,0.0
1022515195,817247,0,1.001953125,-0.03125,0.01953125,-0.01171875,0.0,0.0,0.0
1022516447,817248,0,1.001953125,-0.03125,0.017578125,-0.013671875,0.0,0.0,0.0
1022517697,817249,0,1.001953125,-0.033203125,0.01953125,-0.013671875,0.0,0.0,0.0
1022518949,817250,0,1.0,-0.03125,0.021484375,-0.009765625,0.0,0.0,0.0
1022520200,817251,0,1.001953125,-0.03515625,0.021484375,-0.013671875,0.0,0.0,0.0
1022521452,817252,0,1.001953125,-0.029296875,0.025390625,-0.00390625,0.0,0.0,0.0
1022522702,817253,0,1.001953125,-0.03125,0.0234375,-0.0078125,0.0,0.0,0.0
1022523954,817254,0,1.001953125,-0.029296875,0.021484375,-0.0078125,0.0,0.0,0.0
1022525205,817255,0,1.0,-0.03125,0.0234375,-0.0078125,0.0,0.0,0.0
1022526456,817256,0,0.998046875,-0.03125,0.017578125,-0.013671875,0.0,0.0,0.0
1022527708,817257,0,1.0078125,-0.03125,0.013671875,-0.017578125,0.0,0.0,0.0
1022528958,817258,0,1.009765625,-0.03125,0.009765625,-0.021484375,0.0,0.0,0.0
1022530209,817259,0,1.0078125,-0.033203125,0.025390625,-0.0078125,0.0,0.0,0.0
1022531459,817260,0,1.0,-0.0234375,0.021484375,-0.001953125,0.0,0.0,0.0
1022532710,817261,0,1.0,-0.03125,0.01953125,-0.01171875,0.0,0.0,0.0
1022533961,817262,0,1.009765625,-0.03125,0.025390625,-0.005859375,0.0,0.0,0.0
1022535212,817263,0,1.0,-0.025390625,0.021484375,-0.00390625,0.0,0.0,0.0
1022536462,817264,0,0.998046875,-0.02734375,0.02734375,0.0,0.0,0.0,0.0
1022537713,817265,0,0.99609375,-0.02734375,0.021484375,-0.005859375,0.0,0.0,0.0
1022538965,817266,0,1.005859375,-0.025390625,0.025390625,0.0,0.0,0.0,0.0
1022540216,817267,0,1.0078125,-0.033203125,0.025390625,-0.0078125,0.0,0.0,0.0
1022541468,817268,0,1.005859375,-0.029296875,0.025390625,-0.00390625,0.0,0.0,0.0
1022542719,817269,0,1.00390625,-0.03125,0.0234375,-0.0078125,0.0,0.0,0.0
1022543969,817270,0,1.001953125,-0.02734375,0.025390625,-0.001953125,0.0,0.0,0.0
1022545221,817271,0,0.994140625,-0.033203125,0.025390625,-0.0078125,0.0,0.0,0.0
1022546471,817272,0,1.001953125,-0.02734375,0.017578125,-0.009765625,0.0,0.0,0.0
1022547721,817273,0,1.0,-0.033203125,0.02734375,-0.005859375,0.0,0.0,0.0
1022548972,817274,0,1.0,-0.03125,0.025390625,-0.005859375,0.0,0.0,0.0
1022550224,817275,0,0.998046875,-0.029296875,0.02734375,-0.001953125,0.0,0.0,0.0
1022551474,817276,0,1.00390625,-0.025390625,0.029296875,0.00390625,0.0,0.0,0.0
1022552724,817277,0,1.005859375,-0.015625,0.02734375,0.01171875,0.0,0.0,0.0
1022553976,817278,0,1.0078125,-0.017578125,0.029296875,0.01171875,0.0,0.0,0.0
1022555226,817279,0,1.005859375,-0.017578125,0.033203125,0.015625,0.0,0.0,0.0
1022556476,817280,0,1.01953125,-0.0234375,0.033203125,0.009765625,0.0,0.0,0.0
1022557728,817281,0,1.0078125,-0.01953125,0.03125,0.01171875,0.0,0.0,0.0
1022558978,817282,0,0.998046875,-0.0234375,0.029296875,0.005859375,0.0,0.0,0.0
1022560230,817283,0,1.0078125,-0.02734375,0.01953125,-0.0078125,0.0,0.0,0.0
1022561481,817284,0,0.99609375,-0.03125,0.029296875,-0.001953125,0.0,0.0,0.0
1022562732,817285,0,1.005859375,-0.033203125,0.021484375,-0.01171875,0.0,0.0,0.0
1022563983,817286,0,1.00390625,-0.02734375,0.021484375,-0.005859375,0.0,0.0,0.0
1022565235,817287,0,1.0,-0.037109375,0.025390625,-0.01171875,0.0,0.0,0.0
1022566485,817288,0,0.994140625,-0.03125,0.01953125,-0.01171875,0.0,0.0,0.0
1022567736,817289,0,0.998046875,-0.033203125,0.025390625,-0.0078125,0.0,0.0,0.0
1022568987,817290,0,1.005859375,-0.03515625,0.0234375,-0.01171875,0.0,0.0,0.0
1022570237,817291,0,1.0078125,-0.03125,0.021484375,-0.009765625,0.0,0.0,0.0
1022571488,817292,0,0.998046875,-0.033203125,0.01953125,-0.013671875,0.0,0.0,0.0
1022572738,817293,0,0.998046875,-0.029296875,0.021484375,-0.0078125,0.0,0.0,0.0
1022573989,817294,0,1.00390625,-0.02734375,0.0234375,-0.00390625,0.0,0.0,0.0
1022575239,817295,0,1.0078125,-0.025390625,0.021484375,-0.00390625,0.0,0.0,0.0
1022576490,817296,0,1.001953125,-0.02734375,0.0234375,-0.00390625,0.0,0.0,0.0
1022577741,817297,0,1.009765625,-0.033203125,0.0234375,-0.009765625,0.0,0.0,0.0
1022578991,817298,0,1.001953125,-0.03125,0.02734375,-0.00390625,0.0,0.0,0.0
1022580242,817299,0,1.0,-0.029296875,0.021484375,-0.0078125,0.0,0.0,0.0
1022581493,817300,0,1.001953125,-0.03515625,0.021484375,-0.013671875,0.0,0.0,0.0
1022582745,817301,0,0.998046875,-0.033203125,0.021484375,-0.01171875,0.0,0.0,0.0
1022583995,817302,0,1.0,-0.03515625,0.021484375,-0.013671875,0.0,0.0,0.0
1022585247,817303,0,1.0078125,-0.03515625,0.025390625,-0.009765625,0.0,0.0,0.0
1022586498,817304,0,0.9921875,-0.033203125,0.01953125,-0.013671875,0.0,0.0,0.0
1022587749,817305,0,0.9921875,-0.03125,0.025390625,-0.005859375,0.0,0.0,0.0
1022589000,817306,0,0.998046875,-0.033203125,0.01953125,-0.013671875,0.0,0.0,0.0
1022590250,817307,0,1.0078125,-0.033203125,0.025390625,-0.0078125,0.0,0.0,0.0
1022591501,817308,0,1.009765625,-0.03125,0.021484375,-0.009765625,0.0,0.0,0.0
1022592752,817309,0,1.00390625,-0.033203125,0.02734375,-0.005859375,0.0,0.0,0.0
1022594003,817310,0,1.0,-0.03515625,0.021484375,-0.013671875,0.0,0.0,0.0
1022595254,817311,0,1.00390625,-0.03125,0.02734375,-0.00390625,0.0,0.0,0.0
1022596504,817312,0,0.998046875,-0.033203125,0.0234375,-0.009765625,0.0,0.0,0.0
1022597755,817313,0,1.00390625,-0.02734375,0.0234375,-0.00390625,0.0,0.0,0.0
1022599006,817314,0,1.001953125,-0.02734375,0.0234375,-0.00390625,0.0,0.0,0.0
1022600257,817315,0,1.001953125,-0.03125,0.0234375,-0.0078125,0.0,0.0,0.0
1022601508,817316,0,1.00390625,-0.0234375,0.013671875,-0.009765625,0.0,0.0,0.0
1022602760,817317,0,1.005859375,-0.02734375,0.0234375,-0.00390625,0.0,0.0,0.0
1022604010,817318,0,1.009765625,-0.025390625,0.025390625,0.0,0.0,0.0,0.0
1022605261,817319,0,1.009765625,-0.021484375,0.029296875,0.0078125,0.0,0.0,0.0
1022606513,817320,0,1.017578125,-0.021484375,0.033203125,0.01171875,0.0,0.0,0.0
1022607763,817321,0,1.009765625,-0.01953125,0.02734375,0.0078125,0.0,0.0,0.0
1022609014,817322,0,1.017578125,-0.021484375,0.0234375,0.001953125,0.0,0.0,0.0
1022610271,817323,0,1.01953125,-0.0234375,0.025390625,0.001953125,0.0,0.0,0.0
1022611522,817324,0,1.0078125,-0.029296875,0.015625,-0.013671875,0.0,0.0,0.0
1022612774,817325,0,1.005859375,-0.02734375,0.025390625,-0.001953125,0.0,0.0,0.0
1022614024,817326,0,1.0,-0.033203125,0.021484375,-0.01171875,0.0,0.0,0.0
1022615275,817327,0,1.0,-0.03125,0.0234375,-0.0078125,0.0,0.0,0.0
1022616527,817328,0,0.99609375,-0.033203125,0.0234375,-0.009765625,0.0,0.0,0.0
1022617778,817329,0,1.005859375,-0.029296875,0.0234375,-0.005859375,0.0,0.0,0.0
1022619028,817330,0,0.99609375,-0.033203125,0.0234375,-0.009765625,0.0,0.0,0.0
1022620278,817331,0,1.001953125,-0.0234375,0.02734375,0.00390625,0.0,0.0,0.0
1022621528,817332,0,1.005859375,-0.025390625,0.0234375,-0.001953125,0.0,0.0,0.0
1022622780,817333,0,1.001953125,-0.025390625,0.03125,0.005859375,0.0,0.0,0.0
1022624031,817334,0,1.005859375,-0.02734375,0.025390625,-0.001953125,0.0,0.0,0.0
1022625282,817335,0,1.005859375,-0.02734375,0.029296875,0.001953125,0.0,0.0,0.0
1022626533,817336,0,1.0078125,-0.029296875,0.025390625,-0.00390625,0.0,0.0,0.0
1022627784,817337,0,1.0,-0.033203125,0.025390625,-0.0078125,0.0,0.0,0.0
1022629034,817338,0,1.001953125,-0.03125,0.0234375,-0.0078125,0.0,0.0,0.0
1022630284,817339,0,1.005859375,-0.03125,0.0234375,-0.0078125,0.0,0.0,0.0
1022631536,817340,0,1.0078125,-0.03125,0.0234375,-0.0078125,0.0,0.0,0.0
1022632787,817341,0,1.00390625,-0.037109375,0.02734375,-0.009765625,0.0,0.0,0.0
1022634038,817342,0,1.001953125,-0.037109375,0.025390625,-0.01171875,0.0,0.0,0.0
1022635288,817343,0,0.99609375,-0.03125,0.02734375,-0.00390625,0.0,0.0,0.0
1022636539,817344,0,0.99609375,-0.033203125,0.02734375,-0.005859375,0.0,0.0,0.0
1022637790,817345,0,1.0078125,-0.03125,0.0234375,-0.0078125,0.0,0.0,0.0
1022639040,817346,0,1.009765625,-0.02734375,0.03125,0.00390625,0.0,0.0,0.0
1022640290,817347,0,0.99609375,-0.033203125,0.03125,-0.001953125,0.0,0.0,0.0
1022641542,817348,0,1.0,-0.02734375,0.025390625,-0.001953125,0.0,0.0,0.0
1022642793,817349,0,1.0078125,-0.03125,0.021484375,-0.009765625,0.0,0.0,0.0
1022644044,817350,0,0.998046875,-0.029296875,0.021484375,-0.0078125,0.0,0.0,0.0
1022645295,817351,0,0.99609375,-0.025390625,0.025390625,0.0,0.0,0.0,0.0
1022646546,817352,0,1.005859375,-0.03125,0.025390625,-0.005859375,0.0,0.0,0.0
1022647796,817353,0,1.009765625,-0.025390625,0.021484375,-0.00390625,0.0,0.0,0.0
1022649048,817354,0,1.005859375,-0.03125,0.025390625,-0.005859375,0.0,0.0,0.0
1022650299,817355,0,1.00390625,-0.025390625,0.0234375,-0.001953125,0.0,0.0,0.0
1022651549,817356,0,1.005859375,-0.02734375,0.03125,0.00390625,0.0,0.0,0.0
1022652801,817357,0,1.005859375,-0.021484375,0.029296875,0.0078125,0.0,0.0,0.0
1022654051,817358,0,1.0078125,-0.0234375,0.025390625,0.001953125,0.0,0.0,0.0
1022655301,817359,0,1.0078125,-0.025390625,0.03125,0.005859375,0.0,0.0,0.0
1022656552,817360,0,1.009765625,-0.025390625,0.02734375,0.001953125,0.0,0.0,0.0
1022657803,817361,0,1.0078125,-0.025390625,0.037109375,0.01171875,0.0,0.0,0.0
1022659054,817362,0,1.0078125,-0.02734375,0.02734375,0.0,0.0,0.0,0.0
1022660305,817363,0,1.0078125,-0.02734375,0.021484375,-0.005859375,0.0,0.0,0.0
1022661556,817364,0,1.009765625,-0.025390625,0.02734375,0.001953125,0.0,0.0,0.0
1022662807,817365,0,1.013671875,-0.02734375,0.01953125,-0.0078125,0.0,0.0,0.0
1022664059,817366,0,1.005859375,-0.021484375,0.03125,0.009765625,0.0,0.0,0.0
1022665310,817367,0,1.0078125,-0.029296875,0.02734375,-0.001953125,0.0,0.0,0.0
1022666560,817368,0,0.99609375,-0.02734375,0.015625,-0.01171875,0.0,0.0,0.0
1022667810,817369,0,1.005859375,-0.025390625,0.017578125,-0.0078125,0.0,0.0,0.0
1022669061,817370,0,1.001953125,-0.03515625,0.025390625,-0.009765625,0.0,0.0,0.0
1022670311,817371,0,0.998046875,-0.033203125,0.0234375,-0.009765625,0.0,0.0,0.0
1022671563,817372,0,1.0,-0.033203125,0.025390625,-0.0078125,0.0,0.0,0.0
1022672813,817373,0,0.998046875,-0.033203125,0.0234375,-0.009765625,0.0,0.0,0.0
1022674065,817374,0,0.998046875,-0.03125,0.0234375,-0.0078125,0.0,0.0,0.0
1022675316,817375,0,0.998046875,-0.03125,0.017578125,-0.013671875,0.0,0.0,0.0
1022676566,817376,0,1.00390625,-0.03125,0.021484375,-0.009765625,0.0,0.0,0.0
1022677817,817377,0,1.00390625,-0.02734375,0.02734375,0.0,0.0,0.0,0.0
1022679067,817378,0,1.0078125,-0.02734375,0.0234375,-0.00390625,0.0,0.0,0.0
1022680317,817379,0,1.005859375,-0.021484375,0.03125,0.009765625,0.0,0.0,0.0
1022681567,817380,0,1.005859375,-0.025390625,0.02734375,0.001953125,0.0,0.0,0.0
1022682818,817381,0,1.005859375,-0.025390625,0.02734375,0.001953125,0.0,0.0,0.0
1022684070,817382,0,1.0078125,-0.021484375,0.033203125,0.01171875,0.0,0.0,0.0
1022685321,817383,0,1.005859375,-0.03125,0.02734375,-0.00390625,0.0,0.0,0.0
1022686571,817384,0,1.009765625,-0.02734375,0.025390625,-0.001953125,0.0,0.0,0.0
1022687821,817385,0,1.001953125,-0.029296875,0.0234375,-0.005859375,0.0,0.0,0.0
1022689071,817386,0,0.990234375,-0.02734375,0.02734375,0.0,0.0,0.0,0.0
1022690322,817387,0,1.0078125,-0.033203125,0.01953125,-0.013671875,0.0,0.0,0.0
1022691572,817388,0,0.990234375,-0.033203125,0.025390625,-0.0078125,0.0,0.0,0.0
1022692823,817389,0,0.998046875,-0.03515625,0.015625,-0.01953125,0.0,0.0,0.0
1022694075,817390,0,0.990234375,-0.03125,0.02734375,-0.00390625,0.0,0.0,0.0
1022695326,817391,0,1.0078125,-0.033203125,0.029296875,-0.00390625,0.0,0.0,0.0
1022696577,817392,0,1.001953125,-0.033203125,0.025390625,-0.0078125,0.0,0.0,0.0
1022697829,817393,0,0.998046875,-0.02734375,0.0234375,-0.00390625,0.0,0.0,0.0
1022699079,817394,0,1.001953125,-0.03125,0.02734375,-0.00390625,0.0,0.0,0.0
1022700329,817395,0,1.001953125,-0.033203125,0.021484375,-0.01171875,0.0,0.0,0.0
1022701580,817396,0,1.005859375,-0.029296875,0.0234375,-0.005859375,0.0,0.0,0.0
1022702831,817397,0,1.00390625,-0.029296875,0.021484375,-0.0078125,0.0,0.0,0.0
1022704082,817398,0,1.0,-0.033203125,0.029296875,-0.00390625,0.0,0.0,0.0
1022705333,817399,0,1.00390625,-0.033203125,0.0234375,-0.009765625,0.0,0.0,0.0
1022706584,817400,0,1.0078125,-0.025390625,0.01953125,-0.005859375,0.0,0.0,0.0
1022707835,817401,0,1.00390625,-0.029296875,0.025390625,-0.00390625,0.0,0.0,0.0
1022709087,817402,0,1.0078125,-0.029296875,0.0234375,-0.005859375,0.0,0.0,0.0
1022710338,817403,0,1.00390625,-0.02734375,0.029296875,0.001953125,0.0,0.0,0.0
1022711590,817404,0,1.009765625,-0.025390625,0.02734375,0.001953125,0.0,0.0,0.0
1022712841,817405,0,1.009765625,-0.029296875,0.02734375,-0.001953125,0.0,0.0,0.0
1022714092,817406,0,1.021484375,-0.025390625,0.025390625,0.0,0.0,0.0,0.0
1022715343,817407,0,1.005859375,-0.02734375,0.033203125,0.005859375,0.0,0.0,0.0
1022716595,817408,0,1.00390625,-0.02734375,0.029296875,0.001953125,0.0,0.0,0.0
1022717845,817409,0,1.00390625,-0.03125,0.033203125,0.001953125,0.0,0.0,0.0
1022719097,817410,0,1.0,-0.029296875,0.021484375,-0.0078125,0.0,0.0,0.0
1022720348,817411,0,1.001953125,-0.033203125,0.015625,-0.017578125,0.0,0.0,0.0
1022721600,817412,0,0.998046875,-0.033203125,0.02734375,-0.005859375,0.0,0.0,0.0
1022722850,817413,0,1.0,-0.029296875,0.021484375,-0.0078125,0.0,0.0,0.0
1022724101,817414,0,0.998046875,-0.033203125,0.02734375,-0.005859375,0.0,0.0,0.0
1022725351,817415,0,1.00390625,-0.0234375,0.025390625,0.001953125,0.0,0.0,0.0
1022726602,817416,0,1.0,-0.0234375,0.02734375,0.00390625,0.0,0.0,0.0
1022727853,817417,0,1.005859375,-0.025390625,0.02734375,0.001953125,0.0,0.0,0.0
1022729104,817418,0,1.001953125,-0.0234375,0.0234375,0.0,0.0,0.0,0.0
1022730355,817419,0,1.009765625,-0.029296875,0.029296875,0.0,0.0,0.0,0.0
1022731606,817420,0,1.017578125,-0.025390625,0.02734375,0.001953125,0.0,0.0,0.0
1022732857,817421,0,1.0,-0.021484375,0.021484375,0.0,0.0,0.0,0.0
1022734109,817422,0,1.001953125,-0.033203125,0.025390625,-0.0078125,0.0,0.0,0.0
1022735360,817423,0,1.001953125,-0.02734375,0.0234375,-0.00390625,0.0,0.0,0.0
1022736610,817424,0,1.001953125,-0.03125,0.0234375,-0.0078125,0.0,0.0,0.0
1022737861,817425,0,0.99609375,-0.033203125,0.01953125,-0.013671875,0.0,0.0,0.0
1022739112,817426,0,1.0,-0.03125,0.021484375,-0.009765625,0.0,0.0,0.0
1022740362,817427,0,0.998046875,-0.03515625,0.0234375,-0.01171875,0.0,0.0,0.0
1022741613,817428,0,1.00390625,-0.037109375,0.0234375,-0.013671875,0.0,0.0,0.0
1022742863,817429,0,0.99609375,-0.03125,0.021484375,-0.009765625,0.0,0.0,0.0
1022744115,817430,0,1.001953125,-0.029296875,0.02734375,-0.001953125,0.0,0.0,0.0
1022745366,817431,0,1.0,-0.03125,0.025390625,-0.005859375,0.0,0.0,0.0
1022746616,817432,0,1.009765625,-0.033203125,0.029296875,-0.00390625,0.0,0.0,0.0
1022747867,817433,0,1.00390625,-0.03125,0.025390625,-0.005859375,0.0,0.0,0.0
1022749117,817434,0,1.0078125,-0.03125,0.02734375,-0.00390625,0.0,0.0,0.0
1022750367,817435,0,1.0078125,-0.03125,0.02734375,-0.00390625,0.0,0.0,0.0
1022751618,817436,0,1.005859375,-0.025390625,0.03515625,0.009765625,0.0,0.0,0.0
1022752868,817437,0,1.0078125,-0.02734375,0.03515625,0.0078125,0.0,0.0,0.0
1022754120,817438,0,1.001953125,-0.021484375,0.029296875,0.0078125,0.0,0.0,0.0
1022755371,817439,0,1.01171875,-0.0234375,0.03125,0.0078125,0.0,0.0,0.0
1022756621,817440,0,1.0078125,-0.0234375,0.03125,0.0078125,0.0,0.0,0.0
1022757873,817441,0,1.0078125,-0.021484375,0.03125,0.009765625,0.0,0.0,0.0
1022759123,817442,0,1.005859375,-0.0234375,0.0234375,0.0,0.0,0.0,0.0
1022760373,817443,0,0.998046875,-0.029296875,0.029296875,0.0,0.0,0.0,0.0
1022761623,817444,0,1.001953125,-0.033203125,0.0234375,-0.009765625,0.0,0.0,0.0
1022762873,817445,0,1.0,-0.03515625,0.025390625,-0.009765625,0.0,0.0,0.0
1022764125,817446,0,1.00390625,-0.0390625,0.021484375,-0.017578125,0.0,0.0,0.0
1022765376,817447,0,0.99609375,-0.03515625,0.0234375,-0.01171875,0.0,0.0,0.0
1022766626,817448,0,1.005859375,-0.033203125,0.021484375,-0.01171875,0.0,0.0,0.0
1022767877,817449,0,1.001953125,-0.0390625,0.01953125,-0.01953125,0.0,0.0,0.0
1022769128,817450,0,1.001953125,-0.03515625,0.021484375,-0.013671875,0.0,0.0,0.0
1022770378,817451,0,0.99609375,-0.03515625,0.01953125,-0.015625,0.0,0.0,0.0
1022771629,817452,0,0.9921875,-0.03125,0.01953125,-0.01171875,0.0,0.0,0.0
1022772880,817453,0,0.998046875,-0.037109375,0.017578125,-0.01953125,0.0,0.0,0.0
1022774131,817454,0,0.994140625,-0.033203125,0.025390625,-0.0078125,0.0,0.0,0.0
1022775382,817455,0,1.001953125,-0.033203125,0.01953125,-0.013671875,0.0,0.0,0.0
1022776632,817456,0,1.0,-0.037109375,0.021484375,-0.015625,0.0,0.0,0.0
1022777883,817457,0,1.01171875,-0.02734375,0.025390625,-0.001953125,0.0,0.0,0.0
1022779134,817458,0,1.01171875,-0.02734375,0.029296875,0.001953125,0.0,0.0,0.0
1022780384,817459,0,1.0078125,-0.0234375,0.029296875,0.005859375,0.0,0.0,0.0
1022781636,817460,0,1.001953125,-0.02734375,0.02734375,0.0,0.0,0.0,0.0
1022782886,817461,0,1.001953125,-0.02734375,0.029296875,0.001953125,0.0,0.0,0.0
1022784137,817462,0,1.00390625,-0.02734375,0.0234375,-0.00390625,0.0,0.0,0.0
1022785388,817463,0,1.001953125,-0.03125,0.025390625,-0.005859375,0.0,0.0,0.0
1022786639,817464,0,1.001953125,-0.03125,0.02734375,-0.00390625,0.0,0.0,0.0
1022787889,817465,0,1.001953125,-0.037109375,0.01953125,-0.017578125,0.0,0.0,0.0
1022789140,817466,0,1.00390625,-0.037109375,0.01953125,-0.017578125,0.0,0.0,0.0
1022790392,817467,0,0.99609375,-0.0390625,0.015625,-0.0234375,0.0,0.0,0.0
1022791642,817468,0,0.9921875,-0.037109375,0.021484375,-0.015625,0.0,0.0,0.0
1022792894,817469,0,0.994140625,-0.041015625,0.01953125,-0.021484375,0.0,0.0,0.0
1022794145,817470,0,0.994140625,-0.041015625,0.015625,-0.025390625,0.0,0.0,0.0
1022795396,817471,0,0.98828125,-0.041015625,0.01953125,-0.021484375,0.0,0.0,0.0
1022796648,817472,0,0.986328125,-0.044921875,0.01953125,-0.025390625,0.0,0.0,0.0
1022797899,817473,0,0.994140625,-0.0390625,0.0234375,-0.015625,0.0,0.0,0.0
1022799150,817474,0,1.0078125,-0.0390625,0.017578125,-0.021484375,0.0,0.0,0.0
1022800400,817475,0,0.98828125,-0.037109375,0.01953125,-0.017578125,0.0,0.0,0.0
1022801651,817476,0,1.00390625,-0.03515625,0.029296875,-0.005859375,0.0,0.0,0.0
1022802902,817477,0,1.001953125,-0.03515625,0.021484375,-0.013671875,0.0,0.0,0.0
1022804152,817478,0,0.998046875,-0.029296875,0.021484375,-0.0078125,0.0,0.0,6.468778427827303e+34
1022806654,817480,0,1.009765625,-0.025390625,0.03125,0.005859375,0.0,0.0,0.0
1022807904,817481,0,1.01171875,-0.0234375,0.033203125,0.009765625,0.0,0.0,0.0
1022809154,817482,0,1.009765625,-0.021484375,0.03515625,0.013671875,0.0,0.0,0.0
1022810405,817483,0,1.009765625,-0.0234375,0.029296875,0.005859375,0.0,0.0,0.0
1022811655,817484,0,1.01171875,-0.0234375,0.03125,0.0078125,0.0,0.0,0.0
1022812906,817485,0,1.00390625,-0.03125,0.033203125,0.001953125,0.0,0.0,0.0
1022814157,817486,0,0.99609375,-0.033203125,0.025390625,-0.0078125,0.0,0.0,0.0
1022815408,817487,0,0.998046875,-0.0390625,0.01953125,-0.01953125,0.0,0.0,0.0
1022816659,817488,0,0.9921875,-0.041015625,0.021484375,-0.01953125,0.0,0.0,0.0
1022817911,817489,0,0.9921875,-0.044921875,0.015625,-0.029296875,0.0,0.0,0.0
1022819162,817490,0,1.0,-0.04296875,0.017578125,-0.025390625,0.0,0.0,0.0
1022820414,817491,0,1.0,-0.041015625,0.021484375,-0.01953125,0.0,0.0,0.0
1022821664,817492,0,0.998046875,-0.046875,0.015625,-0.03125,0.0,0.0,0.0
1022822916,817493,0,1.0078125,-0.0390625,0.013671875,-0.025390625,0.0,0.0,0.0
1022824167,817494,0,0.998046875,-0.03515625,0.017578125,-0.017578125,0.0,0.0,0.0
1022825417,817495,0,1.005859375,-0.033203125,0.02734375,-0.005859375,0.0,0.0,0.0
1022826668,817496,0,1.00390625,-0.029296875,0.02734375,-0.001953125,0.0,0.0,0.0
1022827919,817497,0,1.001953125,-0.02734375,0.025390625,-0.001953125,0.0,0.0,0.0
1022829170,817498,0,0.998046875,-0.03515625,0.0234375,-0.01171875,0.0,0.0,0.0
1022830421,817499,0,1.001953125,-0.033203125,0.01953125,-0.013671875,0.0,0.0,0.0
1022831672,817500,0,0.998046875,-0.037109375,0.01953125,-0.017578125,0.0,0.0,0.0
1022832922,817501,0,0.9921875,-0.033203125,0.01953125,-0.013671875,0.0,0.0,0.0
1022834173,817502,0,0.9921875,-0.0390625,0.013671875,-0.025390625,0.0,0.0,0.0
1022835425,817503,0,0.990234375,-0.046875,0.01953125,-0.02734375,0.0,0.0,0.0
1022836675,817504,0,0.98828125,-0.048828125,0.017578125,-0.03125,0.0,0.0,0.0
1022837927,817505,0,0.986328125,-0.048828125,0.0078125,-0.041015625,0.0,0.0,0.0
1022839177,817506,0,0.98828125,-0.0546875,0.0078125,-0.046875,0.0,0.0,0.0
1022840429,817507,0,0.986328125,-0.056640625,-0.001953125,-0.05859375,0.0,0.0,0.0
1022841680,817508,0,0.98046875,-0.05859375,0.0,-0.05859375,0.0,0.0,0.0
1022842930,817509,0,0.98046875,-0.072265625,0.0,-0.072265625,0.0,0.0,0.0
1022844180,817510,0,0.96875,-0.1015625,-0.02734375,-0.12890625,0.0,0.0,0.0
1022845431,817511,0,0.978515625,-0.109375,-0.021484375,-0.130859375,0.0,0.0,0.0
1022846682,817512,0,0.96484375,-0.24609375,-0.060546875,-0.306640625,0.0,0.0,0.0
1022847933,817513,0,0.8359375,-0.42578125,-0.37109375,-0.796875,0.0,0.0,0.0
1022849184,817514,0,0.92578125,-0.259765625,-0.103515625,-0.36328125,0.0,0.0,0.0
1022850434,817515,0,0.76953125,0.029296875,0.119140625,0.1484375,0.0,0.0,0.0
1022851685,817516,0,0.8828125,0.048828125,0.0703125,0.119140625,0.0,0.0,0.0
1022852936,817517,0,1.12890625,0.1640625,0.19921875,0.36328125,0.0,0.0,0.0
1022854188,817518,0,1.2109375,0.080078125,0.193359375,0.2734375,0.0,0.0,0.0
1022855439,817519,0,1.19921875,0.046875,0.03125,0.078125,0.0,0.0,0.0
1022856690,817520,0,1.16015625,-0.009765625,0.02734375,0.017578125,0.0,0.0,0.0
1022857941,817521,0,1.09375,0.05859375,0.08203125,0.140625,0.0,0.0,0.0
1022859192,817522,0,0.986328125,-0.078125,0.056640625,-0.021484375,0.0,0.0,0.0
1022860443,817523,0,0.95703125,-0.11328125,0.009765625,-0.103515625,0.0,0.0,0.0
1022861695,817524,0,0.966796875,-0.220703125,0.013671875,-0.20703125,0.0,0.0,0.0
1022862945,817525,0,1.041015625,-0.3125,0.03125,-0.28125,0.0,0.0,0.0
1022864195,817526,0,1.1328125,-0.376953125,0.013671875,-0.36328125,0.0,0.0,0.0
1022865447,817527,0,1.1484375,-0.447265625,0.0078125,-0.439453125,0.0,0.0,0.0
1022866697,817528,0,1.142578125,-0.49609375,-0.005859375,-0.501953125,0.0,0.0,0.0
1022867949,817529,0,1.078125,-0.521484375,-0.03125,-0.552734375,0.0,0.0,0.0
1022869200,817530,0,1.029296875,-0.5234375,-0.064453125,-0.587890625,0.0,0.0,0.0
1022870452,817531,0,0.98046875,-0.546875,-0.099609375,-0.646484375,0.0,0.0,0.0
1022871702,817532,0,0.943359375,-0.5390625,-0.099609375,-0.638671875,0.0,0.0,0.0
1022872954,817533,0,0.953125,-0.521484375,-0.078125,-0.599609375,0.0,0.0,0.0
1022874205,817534,0,0.951171875,-0.474609375,-0.07421875,-0.548828125,0.0,0.0,0.0
1022875456,817535,0,0.9765625,-0.421875,-0.05859375,-0.48046875,0.0,0.0,0.0
1022876708,817536,0,0.9921875,-0.392578125,-0.041015625,-0.43359375,0.0,0.0,0.0
1022877958,817537,0,1.01171875,-0.337890625,-0.033203125,-0.37109375,0.0,0.0,0.0
1022879209,817538,0,1.021484375,-0.3125,-0.05078125,-0.36328125,0.0,0.0,0.0
1022880459,817539,0,1.0234375,-0.2890625,-0.099609375,-0.388671875,0.0,0.0,0.0
1022881710,817540,0,1.005859375,-0.26953125,-0.076171875,-0.345703125,0.0,0.0,0.0
1022882961,817541,0,1.005859375,-0.296875,-0.041015625,-0.337890625,0.0,0.0,0.0
1022884212,817542,0,0.9921875,-0.41796875,-0.029296875,-0.447265625,0.0,0.0,0.0
1022885462,817543,0,1.00390625,-0.474609375,-0.09765625,-0.572265625,0.0,0.0,0.0
1022886713,817544,0,1.025390625,-0.595703125,-0.140625,-0.736328125,0.0,0.0,0.0
1022887965,817545,0,1.02734375,-0.734375,-0.119140625,-0.853515625,0.0,0.0,0.0
1022889216,817546,0,1.041015625,-1.107421875,-0.11328125,-1.220703125,0.0,0.0,0.0
1022890468,817547,0,0.994140625,-1.5234375,-0.220703125,-1.744140625,0.0,0.0,0.0
1022891719,817548,0,1.076171875,-2.9140625,-0.13671875,-3.05078125,0.0,0.0,0.0
1022892969,817549,0,0.81640625,-3.69921875,-0.55859375,-4.2578125,0.0,0.0,0.0
1022894221,817550,0,0.732421875,-2.314453125,-1.30078125,-3.615234375,0.0,0.0,0.0
1022895471,817551,0,1.4453125,-3.3828125,-0.767578125,-4.150390625,0.0,0.0,0.0
1022896721,817552,0,1.125,-2.392578125,-0.71484375,-3.107421875,0.0,0.0,0.0
1022897972,817553,0,0.8828125,-2.037109375,-0.669921875,-2.70703125,0.0,0.0,0.0
1022899224,817554,0,0.67578125,-1.728515625,-0.560546875,-2.2890625,0.0,0.0,0.0
1022900474,817555,0,0.513671875,-1.5234375,-0.353515625,-1.876953125,0.0,0.0,0.0
1022901724,817556,0,0.38671875,-1.0625,-0.41015625,-1.47265625,0.0,0.0,0.0
1022902976,817557,0,1.501953125,-0.5390625,-1.744140625,-2.283203125,0.0,0.0,0.0
1022904226,817558,0,0.74609375,-0.287109375,-1.36328125,-1.650390625,0.0,0.0,0.0
1022905476,817559,0,0.935546875,-0.015625,-0.8203125,-0.8359375,0.0,0.0,0.0
1022906728,817560,0,1.181640625,0.193359375,-0.880859375,-0.6875,0.0,0.0,0.0
1022907978,817561,0,1.255859375,1.013671875,-0.345703125,0.66796875,0.0,0.0,0.0
1022909230,817562,0,1.23828125,0.775390625,-1.15234375,-0.376953125,0.0,0.0,0.0
1022910481,817563,0,1.306640625,1.326171875,-0.583984375,0.7421875,0.0,0.0,0.0
1022911732,817564,0,1.19921875,1.349609375,-0.271484375,1.078125,0.0,0.0,0.0
1022912983,817565,0,1.171875,1.73828125,-0.201171875,1.537109375,0.0,0.0,0.0
1022914235,817566,0,0.994140625,1.896484375,-0.16796875,1.728515625,0.0,0.0,0.0
1022915485,817567,0,0.892578125,2.12890625,-0.13671875,1.9921875,0.0,0.0,0.0
1022916736,817568,0,0.81640625,2.28125,-0.041015625,2.240234375,0.0,0.0,0.0
1022917987,817569,0,0.818359375,2.443359375,0.115234375,2.55859375,0.0,0.0,0.0
1022919237,817570,0,0.923828125,2.521484375,0.263671875,2.78515625,0.0,0.0,0.0
1022920488,817571,0,0.970703125,2.626953125,0.390625,3.017578125,0.0,0.0,0.0
1022921738,817572,0,1.087890625,2.611328125,0.39453125,3.005859375,0.0,0.0,0.0
1022922989,817573,0,1.154296875,2.716796875,0.38671875,3.103515625,0.0,0.0,0.0
1022924239,817574,0,1.216796875,2.71484375,0.451171875,3.166015625,0.0,0.0,0.0
1022925490,817575,0,1.185546875,2.6875,0.55078125,3.23828125,0.0,0.0,0.0
1022926741,817576,0,1.162109375,2.666015625,0.55859375,3.224609375,0.0,0.0,0.0
1022927991,817577,0,1.12109375,2.56640625,0.544921875,3.111328125,0.0,0.0,0.0
1022929242,817578,0,1.052734375,2.498046875,0.505859375,3.00390625,0.0,0.0,0.0
1022930493,817579,0,1.01171875,2.35546875,0.455078125,2.810546875,0.0,0.0,0.0
1022931745,817580,0,0.962890625,2.251953125,0.37109375,2.623046875,0.0,0.0,0.0
1022932995,817581,0,0.982421875,2.1015625,0.318359375,2.419921875,0.0,0.0,0.0
1022934247,817582,0,0.9609375,1.712890625,0.23046875,1.943359375,0.0,0.0,0.0
1022935498,817583,0,1.048828125,1.51953125,0.158203125,1.677734375,0.0,0.0,0.0
1022936749,817584,0,1.07421875,1.310546875,0.123046875,1.43359375,0.0,0.0,0.0
1022938000,817585,0,1.08984375,1.091796875,0.052734375,1.14453125,0.0,0.0,0.0
1022939250,817586,0,1.08203125,0.865234375,-0.01953125,0.845703125,0.0,0.0,0.0
1022940501,817587,0,1.060546875,0.619140625,-0.08984375,0.529296875,0.0,0.0,0.0
1022941752,817588,0,1.02734375,0.39453125,-0.16796875,0.2265625,0.0,0.0,0.0
1022943003,817589,0,0.9765625,0.154296875,-0.2265625,-0.072265625,0.0,0.0,0.0
1022944254,817590,0,0.958984375,-0.056640625,-0.263671875,-0.3203125,0.0,0.0,0.0
1022945504,817591,0,0.919921875,-0.296875,-0.337890625,-0.634765625,0.0,0.0,0.0
1022946755,817592,0,0.923828125,-0.515625,-0.3984375,-0.9140625,0.0,0.0,0.0
1022948006,817593,0,0.92578125,-0.70703125,-0.451171875,-1.158203125,0.0,0.0,0.0
1022949257,817594,0,1.0546875,-0.79296875,-0.287109375,-1.080078125,0.0,0.0,0.0
1022950508,817595,0,1.1640625,-0.859375,-0.27734375,-1.13671875,0.0,0.0,0.0
1022951760,817596,0,1.029296875,-1.142578125,-0.21484375,-1.357421875,0.0,0.0,0.0
1022953010,817597,0,0.94140625,-1.388671875,-0.17578125,-1.564453125,0.0,0.0,0.0
1022954261,817598,0,1.08203125,-1.396484375,-0.251953125,-1.6484375,0.0,0.0,0.0
1022955513,817599,0,1.0234375,-1.52734375,-0.279296875,-1.806640625,0.0,0.0,0.0
1022956763,817600,0,0.9296875,-1.654296875,-0.26171875,-1.916015625,0.0,0.0,0.0
1022958014,817601,0,0.931640625,-1.67578125,-0.28515625,-1.9609375,0.0,0.0,0.0
1022959271,817602,0,0.93359375,-1.69921875,-0.337890625,-2.037109375,0.0,0.0,0.0
1022960522,817603,0,0.90625,-1.763671875,-0.314453125,-2.078125,0.0,0.0,0.0
1022961774,817604,0,0.912109375,-1.76953125,-0.28515625,-2.0546875,0.0,0.0,0.0
1022963024,817605,0,0.9453125,-1.736328125,-0.271484375,-2.0078125,0.0,0.0,0.0
1022964275,817606,0,0.951171875,-1.6875,-0.2421875,-1.9296875,0.0,0.0,0.0
1022965527,817607,0,0.9609375,-1.623046875,-0.21875,-1.841796875,0.0,0.0,0.0
1022966778,817608,0,0.978515625,-1.541015625,-0.193359375,-1.734375,0.0,0.0,0.0
1022968028,817609,0,0.978515625,-1.451171875,-0.18359375,-1.634765625,0.0,0.0,0.0
1022969278,817610,0,0.9921875,-1.337890625,-0.19921875,-1.537109375,0.0,0.0,0.0
1022970528,817611,0,0.98046875,-1.24609375,-0.22265625,-1.46875,0.0,0.0,0.0
1022971780,817612,0,0.98046875,-1.11328125,-0.23046875,-1.34375,0.0,0.0,0.0
1022973031,817613,0,0.986328125,-0.97265625,-0.22265625,-1.1953125,0.0,0.0,0.0
1022974282,817614,0,0.990234375,-0.82421875,-0.1953125,-1.01953125,0.0,0.0,0.0
1022975533,817615,0,1.017578125,-0.6171875,-0.091796875,-0.708984375,0.0,0.0,0.0
1022976784,817616,0,0.98828125,-0.5234375,-0.10546875,-0.62890625,0.0,0.0,0.0
1022978034,817617,0,1.02734375,-0.375,-0.166015625,-0.541015625,0.0,0.0,0.0
1022979284,817618,0,1.01953125,-0.1796875,-0.04296875,-0.22265625,0.0,0.0,0.0
1022980536,817619,0,0.9609375,-0.103515625,-0.001953125,-0.10546875,0.0,0.0,0.0
1022981787,817620,0,1.03515625,0.0859375,-0.05078125,0.03515625,0.0,0.0,0.0
1022983038,817621,0,1.03125,0.236328125,-0.048828125,0.1875,0.0,0.0,0.0
1022984288,817622,0,1.05078125,0.30078125,-0.21875,0.08203125,0.0,0.0,0.0
1022985539,817623,0,1.03125,0.447265625,-0.080078125,0.3671875,0.0,0.0,0.0
1022986790,817624,0,0.958984375,0.65625,0.021484375,0.677734375,0.0,0.0,0.0
1022988040,817625,0,1.01953125,0.806640625,0.125,0.931640625,0.0,0.0,0.0
1022989290,817626,0,1.037109375,0.8828125,0.158203125,1.041015625,0.0,0.0,0.0
1022990542,817627,0,1.0234375,0.9453125,0.15625,1.1015625,0.0,0.0,0.0
1022991793,817628,0,1.029296875,1.0078125,0.14453125,1.15234375,0.0,0.0,0.0
1022993044,817629,0,1.029296875,1.044921875,0.181640625,1.2265625,0.0,0.0,0.0
1022994295,817630,0,1.02734375,1.080078125,0.220703125,1.30078125,0.0,0.0,0.0
1022995546,817631,0,1.029296875,1.09765625,0.216796875,1.314453125,0.0,0.0,0.0
1022996796,817632,0,1.01953125,1.109375,0.2265625,1.3359375,0.0,0.0,0.0
1022998048,817633,0,1.02734375,1.099609375,0.220703125,1.3203125,0.0,0.0,0.0
1022999299,817634,0,1.025390625,1.08984375,0.23046875,1.3203125,0.0,0.0,0.0
1023000549,817635,0,1.03515625,1.0546875,0.228515625,1.283203125,0.0,0.0,0.0
1023001801,817636,0,1.03515625,1.021484375,0.21484375,1.236328125,0.0,0.0,0.0
1023003051,817637,0,1.0390625,0.95703125,0.208984375,1.166015625,0.0,0.0,0.0
1023004301,817638,0,1.033203125,0.91015625,0.1875,1.09765625,0.0,0.0,0.0
1023005552,817639,0,1.033203125,0.83203125,0.169921875,1.001953125,0.0,0.0,0.0
1023006803,817640,0,1.013671875,0.755859375,0.14453125,0.900390625,0.0,0.0,0.0
1023008054,817641,0,1.02734375,0.669921875,0.123046875,0.79296875,0.0,0.0,0.0
1023009305,817642,0,1.01171875,0.572265625,0.103515625,0.67578125,0.0,0.0,0.0
1023010556,817643,0,1.013671875,0.482421875,0.078125,0.560546875,0.0,0.0,0.0
1023011807,817644,0,1.00390625,0.384765625,0.048828125,0.43359375,0.0,0.0,0.0
1023013059,817645,0,0.998046875,0.291015625,0.033203125,0.32421875,0.0,0.0,0.0
1023014310,817646,0,1.0078125,0.17578125,0.01171875,0.1875,0.0,0.0,0.0
1023015560,817647,0,1.009765625,0.080078125,-0.017578125,0.0625,0.0,0.0,0.0
1023016810,817648,0,1.01171875,-0.013671875,-0.03515625,-0.048828125,0.0,0.0,0.0
1023018061,817649,0,1.013671875,-0.09375,-0.033203125,-0.126953125,0.0,0.0,0.0
1023019311,817650,0,1.009765625,-0.177734375,-0.017578125,-0.1953125,0.0,0.0,0.0
1023020561,817651,0,0.99609375,-0.271484375,-0.041015625,-0.3125,0.0,0.0,0.0
1023021813,817652,0,0.998046875,-0.353515625,-0.07421875,-0.427734375,0.0,0.0,0.0
1023023064,817653,0,0.9921875,-0.43359375,-0.08984375,-0.5234375,0.0,0.0,0.0
1023024315,817654,0,0.986328125,-0.505859375,-0.10546875,-0.611328125,0.0,0.0,0.0
1023025565,817655,0,0.986328125,-0.56640625,-0.119140625,-0.685546875,0.0,0.0,0.0
1023026815,817656,0,0.98828125,-0.619140625,-0.11328125,-0.732421875,0.0,0.0,0.0
1023028066,817657,0,0.994140625,-0.646484375,-0.103515625,-0.75,0.0,0.0,0.0
1023029317,817658,0,0.994140625,-0.705078125,-0.109375,-0.814453125,0.0,0.0,0.0
1023030567,817659,0,0.9921875,-0.73046875,-0.115234375,-0.845703125,0.0,0.0,0.0
1023031818,817660,0,0.994140625,-0.7421875,-0.12109375,-0.86328125,0.0,0.0,0.0
1023033070,817661,0,0.994140625,-0.751953125,-0.11328125,-0.865234375,0.0,0.0,0.0
1023034321,817662,0,0.990234375,-0.748046875,-0.109375,-0.857421875,0.0,0.0,0.0
1023035571,817663,0,0.98046875,-0.744140625,-0.1015625,-0.845703125,0.0,0.0,0.0
1023036821,817664,0,0.98046875,-0.720703125,-0.09765625,-0.818359375,0.0,0.0,0.0
1023038071,817665,0,0.974609375,-0.69921875,-0.10546875,-0.8046875,0.0,0.0,0.0
1023039322,817666,0,0.974609375,-0.66796875,-0.109375,-0.77734375,0.0,0.0,0.0
1023040572,817667,0,0.98046875,-0.578125,-0.09765625,-0.67578125,0.0,0.0,0.0
1023041823,817668,0,0.9921875,-0.53515625,-0.08203125,-0.6171875,0.0,0.0,0.0
1023043075,817669,0,1.02734375,-0.44140625,-0.056640625,-0.498046875,0.0,0.0,0.0
1023044326,817670,0,0.974609375,-0.439453125,-0.095703125,-0.53515625,0.0,0.0,0.0
1023045577,817671,0,1.029296875,-0.33984375,-0.078125,-0.41796875,0.0,0.0,0.0
1023046829,817672,0,1.017578125,-0.2890625,-0.056640625,-0.345703125,0.0,0.0,0.0
1023048079,817673,0,1.01171875,-0.220703125,-0.0234375,-0.244140625,0.0,0.0,0.0
1023049329,817674,0,1.001953125,-0.158203125,-0.02734375,-0.185546875,0.0,0.0,0.0
1023050580,817675,0,1.005859375,-0.08984375,-0.02734375,-0.1171875,0.0,0.0,0.0
1023051831,817676,0,0.98828125,-0.033203125,-0.015625,-0.048828125,0.0,0.0,0.0
1023053082,817677,0,0.9921875,0.025390625,0.0,0.025390625,0.0,0.0,0.0
1023054333,817678,0,0.990234375,0.087890625,0.017578125,0.10546875,0.0,0.0,0.0
1023055584,817679,0,0.99609375,0.142578125,0.021484375,0.1640625,0.0,0.0,0.0
1023056835,817680,0,1.005859375,0.193359375,0.04296875,0.236328125,0.0,0.0,0.0
1023058087,817681,0,1.01171875,0.244140625,0.056640625,0.30078125,0.0,0.0,0.0
1023059338,817682,0,1.017578125,0.29296875,0.068359375,0.361328125,0.0,0.0,0.0
1023060590,817683,0,1.02734375,0.33203125,0.064453125,0.396484375,0.0,0.0,0.0
1023061841,817684,0,1.01953125,0.373046875,0.07421875,0.447265625,0.0,0.0,0.0
1023063092,817685,0,1.02734375,0.392578125,0.076171875,0.46875,0.0,0.0,0.0
1023064343,817686,0,1.015625,0.41796875,0.099609375,0.517578125,0.0,0.0,0.0
1023065595,817687,0,1.009765625,0.43359375,0.087890625,0.521484375,0.0,0.0,0.0
1023066845,817688,0,1.013671875,0.447265625,0.091796875,0.5390625,0.0,0.0,0.0
1023068097,817689,0,1.009765625,0.453125,0.107421875,0.560546875,0.0,0.0,0.0
1023069348,817690,0,1.009765625,0.451171875,0.10546875,0.556640625,0.0,0.0,0.0
1023070600,817691,0,1.01171875,0.44921875,0.107421875,0.556640625,0.0,0.0,0.0
1023071850,817692,0,1.0078125,0.439453125,0.109375,0.548828125,0.0,0.0,0.0
1023073101,817693,0,1.01953125,0.421875,0.1015625,0.5234375,0.0,0.0,0.0
1023074351,817694,0,1.0234375,0.3984375,0.09765625,0.49609375,0.0,0.0,0.0
1023075602,817695,0,1.013671875,0.373046875,0.09375,0.466796875,0.0,0.0,0.0
1023076853,817696,0,1.021484375,0.34375,0.087890625,0.431640625,0.0,0.0,0.0
1023078104,817697,0,1.013671875,0.314453125,0.080078125,0.39453125,0.0,0.0,0.0
1023079355,817698,0,1.009765625,0.271484375,0.078125,0.349609375,0.0,0.0,0.0
1023080606,817699,0,1.0078125,0.240234375,0.0703125,0.310546875,0.0,0.0,0.0
1023081857,817700,0,1.005859375,0.197265625,0.056640625,0.25390625,0.0,0.0,0.0
1023083109,817701,0,1.0078125,0.154296875,0.0546875,0.208984375,0.0,0.0,0.0
1023084360,817702,0,1.005859375,0.115234375,0.0390625,0.154296875,0.0,0.0,0.0
1023085610,817703,0,1.0078125,0.072265625,0.03125,0.103515625,0.0,0.0,0.0
1023086861,817704,0,1.01171875,0.03125,0.021484375,0.052734375,0.0,0.0,0.0
1023088112,817705,0,1.005859375,-0.01171875,0.013671875,0.001953125,0.0,0.0,0.0
1023089362,817706,0,1.00390625,-0.044921875,0.00390625,-0.041015625,0.0,0.0,0.0
1023090613,817707,0,0.99609375,-0.08984375,0.0,-0.08984375,0.0,0.0,0.0
1023091863,817708,0,1.001953125,-0.125,-0.017578125,-0.142578125,0.0,0.0,0.0
1023093115,817709,0,0.998046875,-0.18359375,-0.017578125,-0.201171875,0.0,0.0,0.0
1023094366,817710,0,1.0,-0.21484375,-0.021484375,-0.236328125,0.0,0.0,0.0
1023095616,817711,0,0.99609375,-0.23828125,-0.03125,-0.26953125,0.0,0.0,0.0
1023096867,817712,0,0.99609375,-0.265625,-0.033203125,-0.298828125,0.0,0.0,0.0
1023098117,817713,0,1.001953125,-0.28125,-0.04296875,-0.32421875,0.0,0.0,0.0
1023099367,817714,0,0.99609375,-0.296875,-0.041015625,-0.337890625,0.0,0.0,0.0
1023100618,817715,0,1.0,-0.30859375,-0.0390625,-0.34765625,0.0,0.0,0.0
1023101868,817716,0,0.994140625,-0.31640625,-0.04296875,-0.359375,0.0,0.0,0.0
1023103120,817717,0,0.99609375,-0.326171875,-0.04296875,-0.369140625,0.0,0.0,0.0
1023104371,817718,0,0.994140625,-0.322265625,-0.044921875,-0.3671875,0.0,0.0,0.0
1023105621,817719,0,0.99609375,-0.3125,-0.04296875,-0.35546875,0.0,0.0,0.0
1023106873,817720,0,0.998046875,-0.30859375,-0.04296875,-0.3515625,0.0,0.0,0.0
1023108123,817721,0,0.998046875,-0.294921875,-0.041015625,-0.3359375,0.0,0.0,0.0
1023109373,817722,0,0.994140625,-0.287109375,-0.04296875,-0.330078125,0.0,0.0,0.0
1023110623,817723,0,0.994140625,-0.26953125,-0.037109375,-0.306640625,0.0,0.0,0.0
1023111873,817724,0,0.998046875,-0.259765625,-0.0390625,-0.298828125,0.0,0.0,0.0
1023113125,817725,0,0.998046875,-0.234375,-0.033203125,-0.267578125,0.0,0.0,0.0
1023114376,817726,0,0.998046875,-0.208984375,-0.03125,-0.240234375,0.0,0.0,0.0
1023115626,817727,0,1.0,-0.19140625,-0.025390625,-0.216796875,0.0,0.0,0.0
1023116877,817728,0,1.00390625,-0.166015625,-0.015625,-0.181640625,0.0,0.0,0.0
1023118128,817729,0,1.0,-0.1328125,-0.013671875,-0.146484375,0.0,0.0,0.0
1023119378,817730,0,1.0,-0.111328125,-0.013671875,-0.125,0.0,0.0,0.0
1023120629,817731,0,1.005859375,-0.083984375,-0.009765625,-0.09375,0.0,0.0,0.0
1023121880,817732,0,1.005859375,-0.060546875,0.001953125,-0.05859375,0.0,0.0,0.0
1023123131,817733,0,1.0078125,-0.033203125,0.005859375,-0.02734375,0.0,0.0,0.0
1023124382,817734,0,1.00390625,-0.009765625,0.015625,0.005859375,0.0,0.0,0.0
1023125632,817735,0,1.005859375,0.013671875,0.017578125,0.03125,0.0,0.0,0.0
1023126883,817736,0,1.009765625,0.0390625,0.02734375,0.06640625,0.0,0.0,0.0
1023128134,817737,0,1.0078125,0.064453125,0.02734375,0.091796875,0.0,0.0,0.0
1023129384,817738,0,1.005859375,0.080078125,0.02734375,0.107421875,0.0,0.0,0.0
1023130636,817739,0,1.00390625,0.099609375,0.037109375,0.13671875,0.0,0.0,0.0
1023131886,817740,0,1.0078125,0.1171875,0.0390625,0.15625,0.0,0.0,0.0
1023133137,817741,0,1.0078125,0.130859375,0.0390625,0.169921875,0.0,0.0,0.0
1023134388,817742,0,1.005859375,0.142578125,0.046875,0.189453125,0.0,0.0,0.0
1023135639,817743,0,1.0078125,0.150390625,0.05078125,0.201171875,0.0,0.0,0.0
1023136889,817744,0,1.009765625,0.1640625,0.0546875,0.21875,0.0,0.0,0.0
1023138140,817745,0,1.009765625,0.171875,0.0546875,0.2265625,0.0,0.0,0.0
1023139392,817746,0,1.009765625,0.17578125,0.056640625,0.232421875,0.0,0.0,0.0
1023140642,817747,0,1.00390625,0.173828125,0.056640625,0.23046875,0.0,0.0,0.0
1023141894,817748,0,1.01171875,0.171875,0.052734375,0.224609375,0.0,0.0,0.0
1023143145,817749,0,1.009765625,0.16796875,0.052734375,0.220703125,0.0,0.0,0.0
1023144396,817750,0,1.00390625,0.15625,0.05859375,0.21484375,0.0,0.0,0.0
1023145648,817751,0,1.0,0.150390625,0.046875,0.197265625,0.0,0.0,0.0
1023146899,817752,0,1.01171875,0.130859375,0.048828125,0.1796875,0.0,0.0,0.0
1023148150,817753,0,1.0078125,0.11328125,0.048828125,0.162109375,0.0,0.0,0.0
1023149400,817754,0,1.00390625,0.103515625,0.044921875,0.1484375,0.0,0.0,0.0
1023150651,817755,0,1.0078125,0.083984375,0.0390625,0.123046875,0.0,0.0,0.0
1023151902,817756,0,1.00390625,0.07421875,0.041015625,0.115234375,0.0,0.0,0.0
1023153152,817757,0,1.005859375,0.048828125,0.037109375,0.0859375,0.0,0.0,0.0
1023154402,817758,0,1.001953125,0.03515625,0.025390625,0.060546875,0.0,0.0,0.0
1023155654,817759,0,1.001953125,0.015625,0.025390625,0.041015625,0.0,0.0,0.0
1023156904,817760,0,1.005859375,-0.001953125,0.0234375,0.021484375,0.0,0.0,0.0
1023158154,817761,0,1.001953125,-0.015625,0.021484375,0.005859375,0.0,0.0,0.0
1023159405,817762,0,1.0078125,-0.02734375,0.017578125,-0.009765625,0.0,0.0,0.0
1023160655,817763,0,1.005859375,-0.046875,0.015625,-0.03125,0.0,0.0,0.0
1023161906,817764,0,1.0,-0.0625,0.009765625,-0.052734375,0.0,0.0,0.0
1023163157,817765,0,1.009765625,-0.076171875,0.009765625,-0.06640625,0.0,0.0,0.0
1023164408,817766,0,0.998046875,-0.091796875,0.0,-0.091796875,0.0,0.0,0.0
1023165659,817767,0,1.00390625,-0.103515625,0.001953125,-0.1015625,0.0,0.0,0.0
1023166911,817768,0,0.994140625,-0.111328125,0.001953125,-0.109375,0.0,0.0,0.0
1023168162,817769,0,1.005859375,-0.12890625,-0.009765625,-0.138671875,0.0,0.0,0.0
1023169414,817770,0,0.990234375,-0.12890625,-0.00390625,-0.1328125,0.0,0.0,0.0
1023170664,817771,0,0.998046875,-0.13671875,-0.0078125,-0.14453125,0.0,0.0,0.0
1023171916,817772,0,1.0,-0.140625,-0.013671875,-0.154296875,0.0,0.0,0.0
1023173167,817773,0,1.0,-0.14453125,-0.005859375,-0.150390625,0.0,0.0,0.0
1023174417,817774,0,1.00390625,-0.146484375,-0.0078125,-0.154296875,0.0,0.0,0.0
1023175668,817775,0,1.001953125,-0.146484375,-0.015625,-0.162109375,0.0,0.0,0.0
1023176919,817776,0,1.00390625,-0.14453125,-0.0078125,-0.15234375,0.0,0.0,0.0
1023178170,817777,0,1.0078125,-0.138671875,-0.005859375,-0.14453125,0.0,0.0,0.0
1023179421,817778,0,1.005859375,-0.138671875,-0.005859375,-0.14453125,0.0,0.0,0.0
1023180672,817779,0,1.00390625,-0.13671875,-0.0078125,-0.14453125,0.0,0.0,0.0
1023181922,817780,0,1.00390625,-0.125,-0.01171875,-0.13671875,0.0,0.0,0.0
1023183173,817781,0,1.001953125,-0.12109375,-0.005859375,-0.126953125,0.0,0.0,0.0
1023184425,817782,0,1.00390625,-0.115234375,-0.01171875,-0.126953125,0.0,0.0,0.0
1023185675,817783,0,1.0,-0.103515625,-0.005859375,-0.109375,0.0,0.0,0.0
1023186927,817784,0,0.998046875,-0.091796875,-0.0078125,-0.099609375,0.0,0.0,0.0
1023188177,817785,0,1.005859375,-0.08984375,-0.0078125,-0.09765625,0.0,0.0,0.0
1023189429,817786,0,1.0078125,-0.076171875,0.001953125,-0.07421875,0.0,0.0,0.0
1023190680,817787,0,1.001953125,-0.060546875,0.001953125,-0.05859375,0.0,0.0,0.0
1023191930,817788,0,0.998046875,-0.05078125,0.005859375,-0.044921875,0.0,0.0,0.0
1023193180,817789,0,1.001953125,-0.04296875,0.001953125,-0.041015625,0.0,0.0,0.0
1023194431,817790,0,1.005859375,-0.029296875,0.005859375,-0.0234375,0.0,0.0,0.0
1023195682,817791,0,1.01171875,-0.01953125,0.017578125,-0.001953125,0.0,0.0,0.0
1023196933,817792,0,1.00390625,-0.01171875,0.017578125,0.005859375,0.0,0.0,0.0
1023198184,817793,0,1.001953125,-0.001953125,0.015625,0.013671875,0.0,0.0,0.0
1023199434,817794,0,1.015625,0.015625,0.015625,0.03125,0.0,0.0,0.0
1023200685,817795,0,1.01171875,0.021484375,0.01953125,0.041015625,0.0,0.0,0.0
1023201936,817796,0,1.005859375,0.02734375,0.0234375,0.05078125,0.0,0.0,0.0
1023203188,817797,0,1.0078125,0.03515625,0.025390625,0.060546875,0.0,0.0,0.0
1023204439,817798,0,1.005859375,0.0390625,0.033203125,0.072265625,0.0,0.0,0.0
1023205690,817799,0,1.00390625,0.044921875,0.033203125,0.078125,0.0,0.0,0.0
1023206941,817800,0,1.009765625,0.046875,0.03125,0.078125,0.0,0.0,0.0
1023208192,817801,0,1.0078125,0.044921875,0.03515625,0.080078125,0.0,0.0,0.0
1023209443,817802,0,1.005859375,0.05078125,0.033203125,0.083984375,0.0,0.0,0.0
1023210695,817803,0,1.005859375,0.048828125,0.03125,0.080078125,0.0,0.0,0.0
1023211945,817804,0,0.998046875,0.05859375,0.033203125,0.091796875,0.0,0.0,0.0
1023213195,817805,0,1.00390625,0.048828125,0.02734375,0.076171875,0.0,0.0,0.0
1023214447,817806,0,1.005859375,0.048828125,0.03125,0.080078125,0.0,0.0,0.0
1023215697,817807,0,1.01171875,0.046875,0.033203125,0.080078125,0.0,0.0,0.0
1023216949,817808,0,1.009765625,0.044921875,0.041015625,0.0859375,0.0,0.0,0.0
1023218200,817809,0,1.005859375,0.044921875,0.029296875,0.07421875,0.0,0.0,0.0
1023219452,817810,0,1.015625,0.04296875,0.033203125,0.076171875,0.0,0.0,0.0
1023220702,817811,0,1.005859375,0.033203125,0.029296875,0.0625,0.0,0.0,0.0
1023221954,817812,0,1.0,0.029296875,0.029296875,0.05859375,0.0,0.0,0.0
1023223205,817813,0,1.01171875,0.025390625,0.033203125,0.05859375,0.0,0.0,0.0
1023224456,817814,0,1.00390625,0.009765625,0.02734375,0.037109375,0.0,0.0,0.0
1023225708,817815,0,1.009765625,0.005859375,0.03125,0.037109375,0.0,0.0,0.0
1023226958,817816,0,0.998046875,-0.001953125,0.02734375,0.025390625,0.0,0.0,0.0
1023228209,817817,0,0.998046875,-0.0078125,0.02734375,0.01953125,0.0,0.0,0.0
1023229459,817818,0,1.001953125,-0.005859375,0.021484375,0.015625,0.0,0.0,0.0
1023230710,817819,0,0.998046875,-0.021484375,0.025390625,0.00390625,0.0,0.0,0.0
1023231961,817820,0,1.00390625,-0.0234375,0.021484375,-0.001953125,0.0,0.0,0.0
1023233212,817821,0,1.00390625,-0.03125,0.01953125,-0.01171875,0.0,0.0,0.0
1023234462,817822,0,1.005859375,-0.037109375,0.017578125,-0.01953125,0.0,0.0,0.0
1023235713,817823,0,0.998046875,-0.04296875,0.01171875,-0.03125,0.0,0.0,0.0
1023236965,817824,0,1.001953125,-0.048828125,0.0078125,-0.041015625,0.0,0.0,0.0
1023238216,817825,0,1.00390625,-0.052734375,0.0078125,-0.044921875,0.0,0.0,0.0
1023239468,817826,0,1.001953125,-0.056640625,0.0078125,-0.048828125,0.0,0.0,0.0
1023240719,817827,0,1.005859375,-0.0625,0.0078125,-0.0546875,0.0,0.0,0.0
1023241969,817828,0,1.0078125,-0.0625,0.001953125,-0.060546875,0.0,0.0,0.0
1023243221,817829,0,1.00390625,-0.0625,0.005859375,-0.056640625,0.0,0.0,0.0
1023244471,817830,0,1.0078125,-0.0703125,0.001953125,-0.068359375,0.0,0.0,0.0
1023245721,817831,0,1.00390625,-0.078125,0.0078125,-0.0703125,0.0,0.0,0.0
1023246972,817832,0,1.009765625,-0.072265625,0.00390625,-0.068359375,0.0,0.0,0.0
1023248224,817833,0,1.0078125,-0.07421875,0.00390625,-0.0703125,0.0,0.0,0.0
1023249474,817834,0,1.005859375,-0.080078125,0.001953125,-0.078125,0.0,0.0,0.0
1023250724,817835,0,1.00390625,-0.087890625,0.00390625,-0.083984375,0.0,0.0,0.0
1023251976,817836,0,0.998046875,-0.0703125,0.0,-0.0703125,0.0,0.0,0.0
1023253226,817837,0,1.005859375,-0.076171875,0.0,-0.076171875,0.0,0.0,0.0
1023254476,817838,0,0.998046875,-0.068359375,0.005859375,-0.0625,0.0,0.0,0.0
1023255728,817839,0,1.0,-0.060546875,0.0,-0.060546875,0.0,0.0,0.0
1023256978,817840,0,1.001953125,-0.064453125,0.00390625,-0.060546875,0.0,0.0,0.0
1023258230,817841,0,0.99609375,-0.064453125,0.005859375,-0.05859375,0.0,0.0,0.0
1023259481,817842,0,1.00390625,-0.0546875,0.009765625,-0.044921875,0.0,0.0,0.0
1023260732,817843,0,0.998046875,-0.052734375,0.005859375,-0.046875,0.0,0.0,0.0
1023261983,817844,0,1.0078125,-0.05078125,0.0078125,-0.04296875,0.0,0.0,0.0
1023263235,817845,0,1.001953125,-0.04296875,0.015625,-0.02734375,0.0,0.0,0.0
1023264485,817846,0,1.0078125,-0.0390625,0.009765625,-0.029296875,0.0,0.0,0.0
1023265736,817847,0,1.005859375,-0.037109375,0.017578125,-0.01953125,0.0,0.0,0.0
1023266987,817848,0,1.00390625,-0.033203125,0.015625,-0.017578125,0.0,0.0,0.0
1023268237,817849,0,1.001953125,-0.03515625,0.01171875,-0.0234375,0.0,0.0,0.0
1023269488,817850,0,1.001953125,-0.021484375,0.01171875,-0.009765625,0.0,0.0,0.0
1023270738,817851,0,1.0,-0.01953125,0.01953125,0.0,0.0,0.0,0.0
1023271989,817852,0,0.994140625,-0.015625,0.021484375,0.005859375,0.0,0.0,0.0
1023273239,817853,0,1.009765625,-0.005859375,0.025390625,0.01953125,0.0,0.0,0.0
1023274490,817854,0,0.99609375,-0.013671875,0.017578125,0.00390625,0.0,0.0,0.0
1023275741,817855,0,1.013671875,-0.009765625,0.0234375,0.013671875,0.0,0.0,0.0
1023276991,817856,0,1.001953125,-0.0078125,0.015625,0.0078125,0.0,0.0,0.0
1023278242,817857,0,1.005859375,-0.0078125,0.021484375,0.013671875,0.0,0.0,0.0
1023279493,817858,0,1.005859375,0.005859375,0.013671875,0.01953125,0.0,0.0,0.0
1023280745,817859,0,1.001953125,0.00390625,0.029296875,0.033203125,0.0,0.0,0.0
1023281995,817860,0,1.005859375,0.00390625,0.0234375,0.02734375,0.0,0.0,0.0
1023283247,817861,0,1.005859375,0.00390625,0.02734375,0.03125,0.0,0.0,0.0
1023284498,817862,0,1.001953125,0.001953125,0.025390625,0.02734375,0.0,0.0,0.0
1023285749,817863,0,1.0078125,0.01171875,0.025390625,0.037109375,0.0,0.0,0.0
1023287000,817864,0,1.005859375,0.0078125,0.02734375,0.03515625,0.0,0.0,0.0
1023288250,817865,0,1.0,0.0078125,0.021484375,0.029296875,0.0,0.0,0.0
1023289501,817866,0,1.0078125,0.009765625,0.0234375,0.033203125,0.0,0.0,0.0
1023290752,817867,0,1.001953125,0.009765625,0.0234375,0.033203125,0.0,0.0,0.0
1023292003,817868,0,1.001953125,0.005859375,0.029296875,0.03515625,0.0,0.0,0.0
1023293254,817869,0,1.001953125,0.0078125,0.0234375,0.03125,0.0,0.0,0.0
1023294504,817870,0,0.998046875,0.0078125,0.025390625,0.033203125,0.0,0.0,0.0
1023295755,817871,0,1.00390625,0.005859375,0.02734375,0.033203125,0.0,0.0,0.0
1023297006,817872,0,1.0078125,0.005859375,0.021484375,0.02734375,0.0,0.0,0.0
1023298257,817873,0,1.0078125,0.0,0.0234375,0.0234375,0.0,0.0,0.0
1023299508,817874,0,1.005859375,-0.00390625,0.02734375,0.0234375,0.0,0.0,0.0
1023300760,817875,0,0.9921875,-0.005859375,0.02734375,0.021484375,0.0,0.0,0.0
1023302010,817876,0,1.005859375,-0.009765625,0.01171875,0.001953125,0.0,0.0,0.0
1023303261,817877,0,1.009765625,-0.009765625,0.017578125,0.0078125,0.0,0.0,0.0
1023304513,817878,0,1.005859375,-0.015625,0.02734375,0.01171875,0.0,0.0,0.0
1023305763,817879,0,1.0078125,-0.025390625,0.01171875,-0.013671875,0.0,0.0,0.0
1023307014,817880,0,1.001953125,-0.02734375,0.015625,-0.01171875,0.0,0.0,0.0
1023308271,817881,0,1.00390625,-0.029296875,0.017578125,-0.01171875,0.0,0.0,0.0
1023309522,817882,0,1.005859375,-0.025390625,0.015625,-0.009765625,0.0,0.0,0.0
1023310774,817883,0,1.0078125,-0.03515625,0.01171875,-0.0234375,0.0,0.0,0.0
1023312024,817884,0,1.00390625,-0.03515625,0.00390625,-0.03125,0.0,0.0,0.0
1023313275,817885,0,1.005859375,-0.033203125,0.015625,-0.017578125,0.0,0.0,0.0
1023314527,817886,0,1.001953125,-0.0390625,0.013671875,-0.025390625,0.0,0.0,0.0
1023315778,817887,0,1.0078125,-0.046875,0.013671875,-0.033203125,0.0,0.0,0.0
1023317028,817888,0,1.001953125,-0.044921875,0.013671875,-0.03125,0.0,0.0,0.0
1023318278,817889,0,1.00390625,-0.05078125,0.0078125,-0.04296875,0.0,0.0,0.0
1023319528,817890,0,1.00390625,-0.048828125,0.01171875,-0.037109375,0.0,0.0,0.0
1023320780,817891,0,1.005859375,-0.056640625,0.005859375,-0.05078125,0.0,0.0,0.0
1023322031,817892,0,1.0078125,-0.052734375,0.013671875,-0.0390625,0.0,0.0,0.0
1023323282,817893,0,1.0078125,-0.0546875,0.0078125,-0.046875,0.0,0.0,0.0
1023324533,817894,0,1.001953125,-0.05859375,0.013671875,-0.044921875,0.0,0.0,0.0
1023325784,817895,0,1.0078125,-0.064453125,0.00390625,-0.060546875,0.0,0.0,0.0
1023327034,817896,0,1.005859375,-0.052734375,0.009765625,-0.04296875,0.0,0.0,0.0
1023328284,817897,0,1.005859375,-0.0546875,0.013671875,-0.041015625,0.0,0.0,0.0
1023329536,817898,0,1.0078125,-0.060546875,0.01171875,-0.048828125,0.0,0.0,0.0
1023330787,817899,0,1.01171875,-0.05078125,0.0078125,-0.04296875,0.0,0.0,0.0
1023332038,817900,0,1.005859375,-0.052734375,0.009765625,-0.04296875,0.0,0.0,0.0
1023333288,817901,0,1.001953125,-0.05078125,0.001953125,-0.048828125,0.0,0.0,0.0
1023334539,817902,0,1.0078125,-0.05078125,0.015625,-0.03515625,0.0,0.0,0.0
1023335790,817903,0,1.0,-0.05078125,0.015625,-0.03515625,0.0,0.0,0.0
1023337040,817904,0,1.001953125,-0.04296875,0.01171875,-0.03125,0.0,0.0,0.0
1023338290,817905,0,0.998046875,-0.04296875,0.013671875,-0.029296875,0.0,0.0,0.0
1023339542,817906,0,1.005859375,-0.041015625,0.005859375,-0.03515625,0.0,0.0,0.0
1023340793,817907,0,1.0078125,-0.0390625,0.013671875,-0.025390625,0.0,0.0,0.0
1023342044,817908,0,1.0078125,-0.033203125,0.01171875,-0.021484375,0.0,0.0,0.0
1023343295,817909,0,1.00390625,-0.033203125,0.015625,-0.017578125,0.0,0.0,0.0
1023344546,817910,0,1.005859375,-0.029296875,0.017578125,-0.01171875,0.0,0.0,0.0
1023345796,817911,0,1.001953125,-0.0234375,0.015625,-0.0078125,0.0,0.0,0.0
1023347048,817912,0,1.001953125,-0.01953125,0.013671875,-0.005859375,0.0,0.0,0.0
1023348299,817913,0,1.0,-0.017578125,0.01953125,0.001953125,0.0,0.0,0.0
1023349549,817914,0,0.998046875,-0.015625,0.015625,0.0,0.0,0.0,0.0
1023350801,817915,0,1.009765625,-0.01171875,0.0234375,0.01171875,0.0,0.0,0.0
1023352051,817916,0,0.998046875,-0.015625,0.021484375,0.005859375,0.0,0.0,0.0
1023353301,817917,0,1.017578125,-0.009765625,0.021484375,0.01171875,0.0,0.0,0.0
1023354552,817918,0,0.99609375,-0.013671875,0.013671875,0.0,0.0,0.0,0.0
1023355803,817919,0,1.0,-0.001953125,0.021484375,0.01953125,0.0,0.0,0.0
1023357054,817920,0,1.005859375,0.0,0.021484375,0.021484375,0.0,0.0,0.0
1023358305,817921,0,1.0,0.0,0.015625,0.015625,0.0,0.0,0.0
1023359556,817922,0,1.013671875,0.00390625,0.017578125,0.021484375,0.0,0.0,0.0
1023360807,817923,0,1.0078125,0.0078125,0.021484375,0.029296875,0.0,0.0,0.0
1023362059,817924,0,1.009765625,0.0078125,0.017578125,0.025390625,0.0,0.0,0.0
1023363310,817925,0,1.001953125,0.00390625,0.0234375,0.02734375,0.0,0.0,0.0
1023364560,817926,0,1.001953125,0.0,0.021484375,0.021484375,0.0,0.0,0.0
1023365810,817927,0,1.0078125,0.009765625,0.021484375,0.03125,0.0,0.0,0.0
1023367061,817928,0,1.00390625,0.005859375,0.017578125,0.0234375,0.0,0.0,0.0
1023368311,817929,0,1.005859375,0.001953125,0.01953125,0.021484375,0.0,0.0,0.0
1023369563,817930,0,1.005859375,0.00390625,0.021484375,0.025390625,0.0,0.0,0.0
1023370813,817931,0,1.00390625,-0.001953125,0.017578125,0.015625,0.0,0.0,0.0
1023372065,817932,0,1.001953125,-0.00390625,0.021484375,0.017578125,0.0,0.0,0.0
1023373316,817933,0,1.001953125,-0.001953125,0.021484375,0.01953125,0.0,0.0,0.0
1023374566,817934,0,1.0078125,-0.00390625,0.017578125,0.013671875,0.0,0.0,0.0
1023375817,817935,0,0.99609375,-0.009765625,0.0234375,0.013671875,0.0,0.0,0.0
1023377067,817936,0,1.015625,-0.015625,0.001953125,-0.013671875,0.0,0.0,0.0
1023378317,817937,0,1.0,-0.01953125,0.017578125,-0.001953125,0.0,0.0,0.0
1023379567,817938,0,1.009765625,-0.021484375,0.015625,-0.005859375,0.0,0.0,0.0
1023380818,817939,0,1.0,-0.025390625,0.009765625,-0.015625,0.0,0.0,0.0
1023382070,817940,0,1.00390625,-0.01953125,0.017578125,-0.001953125,0.0,0.0,0.0
1023383321,817941,0,1.013671875,-0.029296875,0.0234375,-0.005859375,0.0,0.0,0.0
1023384571,817942,0,1.00390625,-0.029296875,0.00390625,-0.025390625,0.0,0.0,0.0
1023385821,817943,0,1.00390625,-0.037109375,0.015625,-0.021484375,0.0,0.0,0.0
1023387071,817944,0,1.0078125,-0.037109375,0.015625,-0.021484375,0.0,0.0,0.0
1023388322,817945,0,1.005859375,-0.0390625,0.015625,-0.0234375,0.0,0.0,0.0
1023389572,817946,0,1.001953125,-0.041015625,0.015625,-0.025390625,0.0,0.0,0.0
1023390823,817947,0,1.00390625,-0.048828125,0.015625,-0.033203125,0.0,0.0,0.0
1023392075,817948,0,1.00390625,-0.046875,0.013671875,-0.033203125,0.0,0.0,0.0
1023393326,817949,0,1.001953125,-0.0546875,0.009765625,-0.044921875,0.0,0.0,0.0
1023394577,817950,0,1.00390625,-0.056640625,0.0078125,-0.048828125,0.0,0.0,0.0
1023395829,817951,0,1.005859375,-0.0546875,0.009765625,-0.044921875,0.0,0.0,0.0
1023397079,817952,0,1.0,-0.0546875,0.01171875,-0.04296875,0.0,0.0,0.0
1023398329,817953,0,1.0,-0.05078125,0.01171875,-0.0390625,0.0,0.0,0.0
1023399580,817954,0,1.005859375,-0.056640625,0.013671875,-0.04296875,0.0,0.0,0.0
1023400831,817955,0,0.99609375,-0.05859375,0.013671875,-0.044921875,0.0,0.0,0.0
1023402082,817956,0,1.00390625,-0.0625,0.009765625,-0.052734375,0.0,0.0,0.0
1023403333,817957,0,1.00390625,-0.052734375,0.015625,-0.037109375,0.0,0.0,0.0
1023404584,817958,0,1.0078125,-0.056640625,0.021484375,-0.03515625,0.0,0.0,0.0
1023405835,817959,0,1.0,-0.056640625,0.009765625,-0.046875,0.0,0.0,0.0
1023407087,817960,0,1.01171875,-0.048828125,0.015625,-0.033203125,0.0,0.0,0.0
1023408338,817961,0,1.00390625,-0.052734375,0.013671875,-0.0390625,0.0,0.0,0.0
1023409590,817962,0,0.998046875,-0.046875,0.01171875,-0.03515625,0.0,0.0,0.0
1023410841,817963,0,0.994140625,-0.041015625,0.0078125,-0.033203125,0.0,0.0,0.0
1023412092,817964,0,1.015625,-0.041015625,0.013671875,-0.02734375,0.0,0.0,0.0
1023413343,817965,0,1.0078125,-0.03515625,0.01953125,-0.015625,0.0,0.0,0.0
1023414595,817966,0,1.0,-0.03125,0.01953125,-0.01171875,0.0,0.0,0.0
1023415845,817967,0,1.005859375,-0.0234375,0.01953125,-0.00390625,0.0,0.0,0.0
1023417097,817968,0,1.001953125,-0.02734375,0.0078125,-0.01953125,0.0,0.0,0.0
1023418348,817969,0,1.0078125,-0.01953125,0.01953125,0.0,0.0,0.0,0.0
1023419600,817970,0,0.998046875,-0.013671875,0.01953125,0.005859375,0.0,0.0,0.0
1023420850,817971,0,1.00390625,-0.013671875,0.0234375,0.009765625,0.0,0.0,0.0
1023422101,817972,0,1.00390625,-0.01171875,0.013671875,0.001953125,0.0,0.0,0.0
1023423351,817973,0,1.0078125,-0.00390625,0.01953125,0.015625,0.0,0.0,0.0
1023424602,817974,0,1.009765625,-0.00390625,0.0234375,0.01953125,0.0,0.0,0.0
1023425853,817975,0,1.00390625,-0.0078125,0.01953125,0.01171875,0.0,0.0,0.0
1023427104,817976,0,1.00390625,-0.001953125,0.01953125,0.017578125,0.0,0.0,0.0
1023428355,817977,0,1.00390625,0.0,0.01953125,0.01953125,0.0,0.0,0.0
1023429606,817978,0,1.005859375,0.00390625,0.017578125,0.021484375,0.0,0.0,0.0
1023430857,817979,0,1.005859375,0.01171875,0.013671875,0.025390625,0.0,0.0,0.0
1023432109,817980,0,1.00390625,0.015625,0.0234375,0.0390625,0.0,0.0,0.0
1023433360,817981,0,0.998046875,0.005859375,0.01953125,0.025390625,0.0,0.0,0.0
1023434610,817982,0,1.00390625,0.0,0.017578125,0.017578125,0.0,0.0,0.0
1023435861,817983,0,1.0078125,0.005859375,0.01953125,0.025390625,0.0,0.0,0.0
1023437112,817984,0,1.0,0.01171875,0.0234375,0.03515625,0.0,0.0,0.0
1023438362,817985,0,1.00390625,0.0078125,0.017578125,0.025390625,0.0,0.0,0.0
1023439613,817986,0,0.998046875,0.001953125,0.01953125,0.021484375,0.0,0.0,0.0
1023440863,817987,0,1.00390625,0.005859375,0.01953125,0.025390625,0.0,0.0,0.0
1023442115,817988,0,1.0078125,-0.001953125,0.01953125,0.017578125,0.0,0.0,0.0
1023443366,817989,0,1.00390625,-0.001953125,0.01953125,0.017578125,0.0,0.0,0.0
1023444616,817990,0,1.00390625,-0.005859375,0.017578125,0.01171875,0.0,0.0,0.0
1023445867,817991,0,1.00390625,-0.00390625,0.021484375,0.017578125,0.0,0.0,0.0
1023447117,817992,0,1.0078125,-0.0078125,0.013671875,0.005859375,0.0,0.0,0.0
1023448367,817993,0,1.00390625,-0.013671875,0.013671875,0.0,0.0,0.0,0.0
1023449618,817994,0,1.0078125,-0.015625,0.015625,0.0,0.0,0.0,0.0
1023450868,817995,0,1.005859375,-0.015625,0.013671875,-0.001953125,0.0,0.0,0.0
1023452120,817996,0,1.005859375,-0.0234375,0.013671875,-0.009765625,0.0,0.0,0.0
1023453371,817997,0,1.001953125,-0.029296875,0.017578125,-0.01171875,0.0,0.0,0.0
1023454621,817998,0,1.005859375,-0.0234375,0.013671875,-0.009765625,0.0,0.0,0.0
1023455873,817999,0,1.00390625,-0.029296875,0.013671875,-0.015625,0.0,0.0,0.0
1023457123,818000,0,1.009765625,-0.029296875,0.013671875,-0.015625,0.0,0.0,0.0
1023458373,818001,0,1.01171875,-0.03515625,0.01171875,-0.0234375,0.0,0.0,0.0
1023459623,818002,0,1.005859375,-0.04296875,0.0078125,-0.03515625,0.0,0.0,0.0
1023460873,818003,0,1.0,-0.05078125,0.0078125,-0.04296875,0.0,0.0,0.0
1023462125,818004,0,1.001953125,-0.048828125,0.0078125,-0.041015625,0.0,0.0,0.0
1023463376,818005,0,1.00390625,-0.052734375,0.013671875,-0.0390625,0.0,0.0,0.0
1023464626,818006,0,1.001953125,-0.05078125,0.015625,-0.03515625,0.0,0.0,0.0
1023465877,818007,0,1.005859375,-0.052734375,0.013671875,-0.0390625,0.0,0.0,0.0
1023467128,818008,0,1.0078125,-0.052734375,0.0078125,-0.044921875,0.0,0.0,0.0
1023468378,818009,0,1.001953125,-0.0546875,0.013671875,-0.041015625,0.0,0.0,0.0
1023469629,818010,0,1.001953125,-0.056640625,0.015625,-0.041015625,0.0,0.0,0.0
1023470880,818011,0,1.005859375,-0.05859375,0.01171875,-0.046875,0.0,0.0,0.0
1023472131,818012,0,1.001953125,-0.056640625,0.009765625,-0.046875,0.0,0.0,0.0
1023473382,818013,0,0.998046875,-0.052734375,0.0078125,-0.044921875,0.0,0.0,0.0
1023474632,818014,0,1.005859375,-0.056640625,0.013671875,-0.04296875,0.0,0.0,0.0
1023475883,818015,0,0.99609375,-0.05078125,0.015625,-0.03515625,0.0,0.0,0.0
1023477134,818016,0,1.0,-0.052734375,0.0078125,-0.044921875,0.0,0.0,0.0
1023478384,818017,0,1.001953125,-0.046875,0.0078125,-0.0390625,0.0,0.0,0.0
1023479636,818018,0,1.009765625,-0.044921875,0.013671875,-0.03125,0.0,0.0,0.0
1023480886,818019,0,1.001953125,-0.041015625,0.01953125,-0.021484375,0.0,0.0,0.0
1023482137,818020,0,1.001953125,-0.044921875,0.01953125,-0.025390625,0.0,0.0,0.0
1023483388,818021,0,1.001953125,-0.03515625,0.021484375,-0.013671875,0.0,0.0,0.0
1023484639,818022,0,0.994140625,-0.03515625,0.013671875,-0.021484375,0.0,0.0,0.0
1023485889,818023,0,1.00390625,-0.029296875,0.01953125,-0.009765625,0.0,0.0,0.0
1023487140,818024,0,1.01171875,-0.025390625,0.01171875,-0.013671875,0.0,0.0,0.0
1023488392,818025,0,1.0,-0.0234375,0.0234375,0.0,0.0,0.0,0.0
1023489642,818026,0,0.99609375,-0.021484375,0.021484375,0.0,0.0,0.0,0.0
1023490894,818027,0,0.99609375,-0.009765625,0.021484375,0.01171875,0.0,0.0,0.0
1023492145,818028,0,1.001953125,-0.009765625,0.0234375,0.013671875,0.0,0.0,0.0
1023493396,818029,0,1.001953125,-0.009765625,0.0234375,0.013671875,0.0,0.0,0.0
1023494648,818030,0,0.998046875,-0.009765625,0.01953125,0.009765625,0.0,0.0,0.0
1023495899,818031,0,1.005859375,-0.001953125,0.021484375,0.01953125,0.0,0.0,0.0
1023497150,818032,0,0.998046875,-0.001953125,0.021484375,0.01953125,0.0,0.0,0.0
1023498400,818033,0,1.00390625,0.0,0.025390625,0.025390625,0.0,0.0,0.0
1023499651,818034,0,1.0078125,-0.001953125,0.021484375,0.01953125,0.0,0.0,0.0
1023500902,818035,0,1.005859375,0.0,0.017578125,0.017578125,0.0,0.0,0.0
1023502152,818036,0,1.005859375,0.005859375,0.017578125,0.0234375,0.0,0.0,0.0
1023503402,818037,0,1.00390625,0.00390625,0.01953125,0.0234375,0.0,0.0,0.0
1023504654,818038,0,1.001953125,0.00390625,0.025390625,0.029296875,0.0,0.0,0.0
1023505904,818039,0,1.005859375,0.00390625,0.0234375,0.02734375,0.0,0.0,0.0
1023507154,818040,0,1.005859375,0.005859375,0.021484375,0.02734375,0.0,0.0,0.0
1023508405,818041,0,1.013671875,0.001953125,0.021484375,0.0234375,0.0,0.0,0.0
1023509655,818042,0,0.998046875,0.00390625,0.015625,0.01953125,0.0,0.0,0.0
1023510906,818043,0,1.001953125,0.00390625,0.013671875,0.017578125,0.0,0.0,0.0
1023512157,818044,0,1.00390625,-0.00390625,0.017578125,0.013671875,0.0,0.0,0.0
1023513408,818045,0,1.015625,-0.00390625,0.021484375,0.017578125,0.0,0.0,0.0
1023514659,818046,0,1.001953125,0.001953125,0.0234375,0.025390625,0.0,0.0,0.0
1023515911,818047,0,1.0078125,-0.009765625,0.01953125,0.009765625,0.0,0.0,0.0
1023517162,818048,0,1.00390625,-0.01171875,0.01953125,0.0078125,0.0,0.0,0.0
1023518414,818049,0,1.015625,-0.013671875,0.01953125,0.005859375,0.0,0.0,0.0
1023519664,818050,0,1.009765625,-0.015625,0.017578125,0.001953125,0.0,0.0,0.0
1023520916,818051,0,1.005859375,-0.0234375,0.015625,-0.0078125,0.0,0.0,0.0
1023522167,818052,0,1.0,-0.03125,0.01171875,-0.01953125,0.0,0.0,0.0
1023523417,818053,0,1.00390625,-0.03125,0.017578125,-0.013671875,0.0,0.0,0.0
1023524668,818054,0,0.998046875,-0.033203125,0.015625,-0.017578125,0.0,0.0,0.0
1023525919,818055,0,1.001953125,-0.037109375,0.017578125,-0.01953125,0.0,0.0,0.0
1023527170,818056,0,1.00390625,-0.041015625,0.015625,-0.025390625,0.0,0.0,0.0
1023528421,818057,0,1.0078125,-0.044921875,0.01171875,-0.033203125,0.0,0.0,0.0
1023529672,818058,0,1.00390625,-0.044921875,0.01171875,-0.033203125,0.0,0.0,0.0
1023530922,818059,0,0.998046875,-0.046875,0.005859375,-0.041015625,0.0,0.0,0.0
1023532173,818060,0,1.00390625,-0.052734375,0.0078125,-0.044921875,0.0,0.0,0.0
1023533425,818061,0,1.005859375,-0.048828125,0.015625,-0.033203125,0.0,0.0,0.0
1023534675,818062,0,1.00390625,-0.044921875,0.017578125,-0.02734375,0.0,0.0,0.0
1023535927,818063,0,1.001953125,-0.05859375,0.0078125,-0.05078125,0.0,0.0,0.0
1023537177,818064,0,1.001953125,-0.056640625,0.0078125,-0.048828125,0.0,0.0,0.0
1023538429,818065,0,1.00390625,-0.0546875,0.009765625,-0.044921875,0.0,0.0,0.0
1023539680,818066,0,1.0078125,-0.0546875,0.017578125,-0.037109375,0.0,0.0,0.0
1023540930,818067,0,1.00390625,-0.048828125,0.017578125,-0.03125,0.0,0.0,0.0
1023542180,818068,0,1.0078125,-0.0546875,0.013671875,-0.041015625,0.0,0.0,0.0
1023543431,818069,0,1.001953125,-0.052734375,0.015625,-0.037109375,0.0,0.0,0.0
1023544682,818070,0,1.00390625,-0.046875,0.013671875,-0.033203125,0.0,0.0,0.0
1023545933,818071,0,1.0078125,-0.046875,0.01171875,-0.03515625,0.0,0.0,0.0
1023547184,818072,0,1.0,-0.046875,0.015625,-0.03125,0.0,0.0,0.0
1023548434,818073,0,1.00390625,-0.044921875,0.005859375,-0.0390625,0.0,0.0,0.0
1023549685,818074,0,1.001953125,-0.0390625,0.01171875,-0.02734375,0.0,0.0,0.0
1023550936,818075,0,1.00390625,-0.037109375,0.015625,-0.021484375,0.0,0.0,0.0
1023552188,818076,0,1.001953125,-0.03515625,0.015625,-0.01953125,0.0,0.0,0.0
1023553439,818077,0,1.001953125,-0.029296875,0.015625,-0.013671875,0.0,0.0,0.0
1023554690,818078,0,1.0078125,-0.02734375,0.015625,-0.01171875,0.0,0.0,0.0
1023555941,818079,0,1.001953125,-0.025390625,0.015625,-0.009765625,0.0,0.0,0.0
1023557192,818080,0,1.00390625,-0.01953125,0.01953125,0.0,0.0,0.0,0.0
1023558443,818081,0,1.005859375,-0.017578125,0.017578125,0.0,0.0,0.0,0.0
1023559695,818082,0,1.00390625,-0.017578125,0.017578125,0.0,0.0,0.0,0.0
1023560945,818083,0,1.005859375,-0.005859375,0.013671875,0.0078125,0.0,0.0,0.0
1023562195,818084,0,1.00390625,-0.013671875,0.025390625,0.01171875,0.0,0.0,0.0
1023563447,818085,0,1.001953125,-0.009765625,0.013671875,0.00390625,0.0,0.0,0.0
1023564697,818086,0,1.0078125,-0.00390625,0.0234375,0.01953125,0.0,0.0,0.0
1023565949,818087,0,1.01171875,-0.00390625,0.021484375,0.017578125,0.0,0.0,0.0
1023567200,818088,0,0.998046875,-0.001953125,0.025390625,0.0234375,0.0,0.0,0.0
1023568452,818089,0,1.00390625,-0.00390625,0.025390625,0.021484375,0.0,0.0,0.0
1023569702,818090,0,1.0,0.001953125,0.025390625,0.02734375,0.0,0.0,0.0
1023570954,818091,0,1.00390625,0.001953125,0.0234375,0.025390625,0.0,0.0,0.0
1023572205,818092,0,1.001953125,0.00390625,0.021484375,0.025390625,0.0,0.0,0.0
1023573456,818093,0,1.0078125,0.001953125,0.025390625,0.02734375,0.0,0.0,0.0
1023574708,818094,0,1.0078125,0.0,0.015625,0.015625,0.0,0.0,0.0
1023575958,818095,0,1.0078125,0.001953125,0.015625,0.017578125,0.0,0.0,0.0
1023577209,818096,0,1.00390625,-0.00390625,0.017578125,0.013671875,0.0,0.0,0.0
1023578459,818097,0,1.005859375,0.0,0.01953125,0.01953125,0.0,0.0,0.0
1023579710,818098,0,1.005859375,-0.005859375,0.01171875,0.005859375,0.0,0.0,0.0
1023580961,818099,0,0.998046875,-0.001953125,0.01171875,0.009765625,0.0,0.0,0.0
1023582212,818100,0,1.001953125,-0.0078125,0.013671875,0.005859375,0.0,0.0,0.0
1023583462,818101,0,1.001953125,-0.009765625,0.021484375,0.01171875,0.0,0.0,0.0
1023584713,818102,0,1.00390625,-0.017578125,0.015625,-0.001953125,0.0,0.0,0.0
1023585965,818103,0,1.00390625,-0.021484375,0.017578125,-0.00390625,0.0,0.0,0.0
1023587216,818104,0,1.001953125,-0.021484375,0.0234375,0.001953125,0.0,0.0,0.0
1023588468,818105,0,1.00390625,-0.025390625,0.009765625,-0.015625,0.0,0.0,0.0
1023589719,818106,0,1.00390625,-0.01953125,0.009765625,-0.009765625,0.0,0.0,0.0
1023590969,818107,0,1.00390625,-0.033203125,0.01171875,-0.021484375,0.0,0.0,0.0
1023592221,818108,0,0.998046875,-0.033203125,0.01171875,-0.021484375,0.0,0.0,0.0
1023593471,818109,0,0.998046875,-0.03515625,0.01171875,-0.0234375,0.0,0.0,0.0
1023594721,818110,0,1.001953125,-0.03515625,0.005859375,-0.029296875,0.0,0.0,0.0
1023595972,818111,0,0.998046875,-0.04296875,0.001953125,-0.041015625,0.0,0.0,0.0
1023597224,818112,0,1.00390625,-0.037109375,0.009765625,-0.02734375,0.0,0.0,0.0
1023598474,818113,0,1.00390625,-0.04296875,0.009765625,-0.033203125,0.0,0.0,0.0
1023599724,818114,0,1.0,-0.044921875,0.009765625,-0.03515625,0.0,0.0,0.0
1023600976,818115,0,0.998046875,-0.04296875,0.013671875,-0.029296875,0.0,0.0,0.0
1023602226,818116,0,1.001953125,-0.048828125,0.009765625,-0.0390625,0.0,0.0,0.0
1023603476,818117,0,1.0078125,-0.046875,0.009765625,-0.037109375,0.0,0.0,0.0
1023604728,818118,0,1.00390625,-0.048828125,0.01171875,-0.037109375,0.0,0.0,0.0
1023605978,818119,0,1.005859375,-0.048828125,0.005859375,-0.04296875,0.0,0.0,0.0
1023607230,818120,0,1.009765625,-0.05078125,0.005859375,-0.044921875,0.0,0.0,0.0
1023608481,818121,0,1.00390625,-0.048828125,0.009765625,-0.0390625,0.0,0.0,0.0
1023609732,818122,0,1.001953125,-0.044921875,0.01171875,-0.033203125,0.0,0.0,0.0
1023610983,818123,0,1.001953125,-0.046875,0.009765625,-0.037109375,0.0,0.0,0.0
1023612235,818124,0,1.00390625,-0.046875,0.00390625,-0.04296875,0.0,0.0,0.0
1023613485,818125,0,1.001953125,-0.046875,0.005859375,-0.041015625,0.0,0.0,0.0
1023614736,818126,0,1.005859375,-0.04296875,0.005859375,-0.037109375,0.0,0.0,0.0
1023615987,818127,0,1.0078125,-0.044921875,0.0078125,-0.037109375,0.0,0.0,0.0
1023617237,818128,0,0.994140625,-0.04296875,0.013671875,-0.029296875,0.0,0.0,0.0
1023618488,818129,0,1.0078125,-0.037109375,0.01171875,-0.025390625,0.0,0.0,0.0
1023619738,818130,0,0.99609375,-0.037109375,0.01953125,-0.017578125,0.0,0.0,0.0
1023620989,818131,0,1.001953125,-0.037109375,0.01171875,-0.025390625,0.0,0.0,0.0
1023622239,818132,0,1.00390625,-0.033203125,0.009765625,-0.0234375,0.0,0.0,0.0
1023623490,818133,0,1.0078125,-0.0234375,0.015625,-0.0078125,0.0,0.0,0.0
1023624741,818134,0,1.0,-0.0234375,0.01953125,-0.00390625,0.0,0.0,0.0
1023625991,818135,0,1.005859375,-0.017578125,0.015625,-0.001953125,0.0,0.0,0.0
1023627242,818136,0,1.009765625,-0.015625,0.01953125,0.00390625,0.0,0.0,0.0
1023628493,818137,0,1.005859375,-0.015625,0.015625,0.0,0.0,0.0,0.0
1023629745,818138,0,1.005859375,-0.013671875,0.017578125,0.00390625,0.0,0.0,0.0
1023630995,818139,0,1.005859375,-0.009765625,0.0234375,0.013671875,0.0,0.0,0.0
1023632247,818140,0,1.009765625,-0.009765625,0.01953125,0.009765625,0.0,0.0,0.0
1023633498,818141,0,1.005859375,-0.0078125,0.021484375,0.013671875,0.0,0.0,0.0
1023634749,818142,0,1.0078125,-0.00390625,0.01953125,0.015625,0.0,0.0,0.0
1023636000,818143,0,1.005859375,-0.001953125,0.021484375,0.01953125,0.0,0.0,0.0
1023637250,818144,0,1.001953125,-0.00390625,0.01953125,0.015625,0.0,0.0,0.0
1023638501,818145,0,1.001953125,0.0,0.0234375,0.0234375,0.0,0.0,0.0
1023639752,818146,0,1.00390625,-0.001953125,0.025390625,0.0234375,0.0,0.0,0.0
1023641003,818147,0,1.001953125,0.001953125,0.021484375,0.0234375,0.0,0.0,0.0
1023642254,818148,0,1.001953125,0.00390625,0.013671875,0.017578125,0.0,0.0,0.0
1023643504,818149,0,1.009765625,-0.009765625,0.015625,0.005859375,0.0,0.0,0.0
1023644755,818150,0,1.0,-0.001953125,0.025390625,0.0234375,0.0,0.0,0.0
1023646006,818151,0,1.01171875,-0.005859375,0.025390625,0.01953125,0.0,0.0,0.0
1023647257,818152,0,1.0,-0.0078125,0.017578125,0.009765625,0.0,0.0,0.0
1023648508,818153,0,0.994140625,-0.009765625,0.015625,0.005859375,0.0,0.0,0.0
1023649760,818154,0,1.015625,-0.009765625,0.015625,0.005859375,0.0,0.0,0.0
1023651010,818155,0,0.99609375,-0.013671875,0.009765625,-0.00390625,0.0,0.0,0.0
1023652261,818156,0,1.001953125,-0.009765625,0.01953125,0.009765625,0.0,0.0,0.0
1023653513,818157,0,1.001953125,-0.01953125,0.021484375,0.001953125,0.0,0.0,0.0
1023654763,818158,0,1.005859375,-0.01953125,0.01953125,0.0,0.0,0.0,0.0
1023656014,818159,0,1.0078125,-0.01953125,0.015625,-0.00390625,0.0,0.0,0.0
1023657271,818160,0,0.998046875,-0.025390625,0.021484375,-0.00390625,0.0,0.0,0.0
1023658522,818161,0,1.001953125,-0.0234375,0.01171875,-0.01171875,0.0,0.0,0.0
1023659774,818162,0,1.0078125,-0.025390625,0.01171875,-0.013671875,0.0,0.0,0.0
1023661024,818163,0,1.005859375,-0.029296875,0.015625,-0.013671875,0.0,0.0,0.0
1023662275,818164,0,1.001953125,-0.03515625,0.009765625,-0.025390625,0.0,0.0,0.0
1023663527,818165,0,1.005859375,-0.033203125,0.013671875,-0.01953125,0.0,0.0,0.0
1023664778,818166,0,1.001953125,-0.03515625,0.009765625,-0.025390625,0.0,0.0,0.0
1023666028,818167,0,1.005859375,-0.037109375,0.009765625,-0.02734375,0.0,0.0,0.0
1023667278,818168,0,0.998046875,-0.04296875,0.017578125,-0.025390625,0.0,0.0,0.0
1023668528,818169,0,1.009765625,-0.04296875,0.009765625,-0.033203125,0.0,0.0,0.0
1023669780,818170,0,1.001953125,-0.04296875,0.01171875,-0.03125,0.0,0.0,0.0
1023671031,818171,0,1.005859375,-0.041015625,0.01171875,-0.029296875,0.0,0.0,0.0
1023672282,818172,0,1.009765625,-0.05078125,0.015625,-0.03515625,0.0,0.0,0.0
1023673533,818173,0,1.00390625,-0.048828125,0.009765625,-0.0390625,0.0,0.0,0.0
1023674784,818174,0,1.009765625,-0.04296875,0.015625,-0.02734375,0.0,0.0,0.0
1023676034,818175,0,1.00390625,-0.046875,0.013671875,-0.033203125,0.0,0.0,0.0
1023677284,818176,0,1.01171875,-0.044921875,0.013671875,-0.03125,0.0,0.0,0.0
1023678536,818177,0,1.005859375,-0.04296875,0.017578125,-0.025390625,0.0,0.0,0.0
1023679787,818178,0,0.99609375,-0.044921875,0.01171875,-0.033203125,0.0,0.0,0.0
1023681038,818179,0,0.998046875,-0.041015625,0.01953125,-0.021484375,0.0,0.0,0.0
1023682288,818180,0,1.00390625,-0.044921875,0.015625,-0.029296875,0.0,0.0,0.0
1023683539,818181,0,1.005859375,-0.0390625,0.005859375,-0.033203125,0.0,0.0,0.0
1023684790,818182,0,1.005859375,-0.037109375,0.017578125,-0.01953125,0.0,0.0,0.0
1023686040,818183,0,1.005859375,-0.033203125,0.01171875,-0.021484375,0.0,0.0,0.0
1023687290,818184,0,1.005859375,-0.03125,0.01171875,-0.01953125,0.0,0.0,0.0
1023688542,818185,0,1.001953125,-0.033203125,0.015625,-0.017578125,0.0,0.0,0.0
1023689793,818186,0,1.001953125,-0.02734375,0.017578125,-0.009765625,0.0,0.0,0.0
1023691044,818187,0,1.005859375,-0.021484375,0.015625,-0.005859375,0.0,0.0,0.0
1023692295,818188,0,1.0078125,-0.021484375,0.015625,-0.005859375,0.0,0.0,0.0
1023693546,818189,0,1.005859375,-0.01953125,0.017578125,-0.001953125,0.0,0.0,0.0
1023694796,818190,0,1.005859375,-0.025390625,0.013671875,-0.01171875,0.0,0.0,0.0
1023696048,818191,0,1.00390625,-0.017578125,0.015625,-0.001953125,0.0,0.0,0.0
1023697299,818192,0,0.990234375,-0.01171875,0.021484375,0.009765625,0.0,0.0,0.0
1023698549,818193,0,1.0,-0.013671875,0.03125,0.017578125,0.0,0.0,0.0
1023699801,818194,0,1.001953125,-0.009765625,0.021484375,0.01171875,0.0,0.0,0.0
1023701051,818195,0,1.001953125,-0.009765625,0.013671875,0.00390625,0.0,0.0,0.0
1023702301,818196,0,1.01171875,-0.005859375,0.0234375,0.017578125,0.0,0.0,0.0
1023703552,818197,0,1.00390625,-0.005859375,0.01171875,0.005859375,0.0,0.0,0.0
1023704803,818198,0,1.001953125,-0.005859375,0.021484375,0.015625,0.0,0.0,0.0
1023706054,818199,0,1.00390625,-0.00390625,0.0234375,0.01953125,0.0,0.0,0.0
1023707305,818200,0,1.00390625,-0.001953125,0.021484375,0.01953125,0.0,0.0,0.0
1023708556,818201,0,1.0078125,0.0,0.01953125,0.01953125,0.0,0.0,0.0
1023709807,818202,0,1.0078125,-0.001953125,0.021484375,0.01953125,0.0,0.0,0.0
1023711059,818203,0,1.00390625,-0.001953125,0.025390625,0.0234375,0.0,0.0,0.0
1023712310,818204,0,1.00390625,-0.001953125,0.017578125,0.015625,0.0,0.0,0.0
1023713560,818205,0,1.0078125,-0.0078125,0.01953125,0.01171875,0.0,0.0,0.0
1023714810,818206,0,1.009765625,-0.005859375,0.013671875,0.0078125,0.0,0.0,0.0
1023716061,818207,0,1.0,-0.0078125,0.021484375,0.013671875,0.0,0.0,0.0
1023717311,818208,0,1.0,-0.0078125,0.01953125,0.01171875,0.0,0.0,0.0
1023718563,818209,0,1.00390625,-0.009765625,0.017578125,0.0078125,0.0,0.0,0.0
1023719813,818210,0,1.005859375,-0.009765625,0.01953125,0.009765625,0.0,0.0,0.0
1023721065,818211,0,1.0078125,-0.01953125,0.0234375,0.00390625,0.0,0.0,0.0
1023722316,818212,0,0.994140625,-0.021484375,0.0234375,0.001953125,0.0,0.0,0.0
1023723566,818213,0,0.99609375,-0.01953125,0.01953125,0.0,0.0,0.0,0.0
1023724817,818214,0,1.0,-0.0234375,0.005859375,-0.017578125,0.0,0.0,0.0
1023726067,818215,0,0.998046875,-0.0234375,0.017578125,-0.005859375,0.0,0.0,0.0
1023727317,818216,0,1.0078125,-0.025390625,0.021484375,-0.00390625,0.0,0.0,0.0
1023728567,818217,0,1.005859375,-0.029296875,0.00390625,-0.025390625,0.0,0.0,0.0
1023729818,818218,0,1.0,-0.03515625,0.013671875,-0.021484375,0.0,0.0,0.0
1023731070,818219,0,1.00390625,-0.033203125,0.013671875,-0.01953125,0.0,0.0,0.0
1023732321,818220,0,1.00390625,-0.0390625,0.015625,-0.0234375,0.0,0.0,0.0
1023733571,818221,0,1.00390625,-0.029296875,0.013671875,-0.015625,0.0,0.0,0.0
1023734821,818222,0,1.005859375,-0.021484375,0.013671875,-0.0078125,0.0,0.0,0.0
1023736071,818223,0,1.0,-0.01953125,0.015625,-0.00390625,0.0,0.0,0.0
1023737322,818224,0,1.001953125,-0.009765625,0.021484375,0.01171875,0.0,0.0,0.0
1023738572,818225,0,1.0,-0.00390625,0.009765625,0.005859375,0.0,0.0,0.0
1023739823,818226,0,1.005859375,-0.00390625,0.015625,0.01171875,0.0,0.0,0.0
1023741075,818227,0,1.001953125,-0.001953125,0.0234375,0.021484375,0.0,0.0,0.0
1023742326,818228,0,1.001953125,0.0078125,0.021484375,0.029296875,0.0,0.0,0.0
1023743577,818229,0,1.00390625,0.015625,0.01953125,0.03515625,0.0,0.0,0.0
1023744829,818230,0,0.99609375,0.013671875,0.025390625,0.0390625,0.0,0.0,0.0
1023746079,818231,0,1.0,0.01953125,0.021484375,0.041015625,0.0,0.0,0.0
1023747329,818232,0,1.005859375,0.017578125,0.0234375,0.041015625,0.0,0.0,0.0
1023748580,818233,0,1.0078125,0.01953125,0.01953125,0.0390625,0.0,0.0,0.0
1023749831,818234,0,1.0,0.0078125,0.02734375,0.03515625,0.0,0.0,0.0
1023751082,818235,0,1.013671875,0.001953125,0.02734375,0.029296875,0.0,0.0,0.0
1023752333,818236,0,1.0078125,-0.013671875,0.029296875,0.015625,0.0,0.0,0.0
1023753584,818237,0,1.0078125,-0.01953125,0.017578125,-0.001953125,0.0,0.0,0.0
1023754835,818238,0,1.009765625,-0.03125,0.013671875,-0.017578125,0.0,0.0,0.0
1023756087,818239,0,1.0,-0.03515625,0.009765625,-0.025390625,0.0,0.0,0.0
1023757338,818240,0,1.013671875,-0.044921875,0.0078125,-0.037109375,0.0,0.0,0.0
1023758590,818241,0,1.00390625,-0.052734375,0.01171875,-0.041015625,0.0,0.0,0.0
1023759841,818242,0,1.001953125,-0.0625,0.013671875,-0.048828125,0.0,0.0,0.0
1023761092,818243,0,1.001953125,-0.07421875,0.00390625,-0.0703125,0.0,0.0,0.0
1023762343,818244,0,1.005859375,-0.07421875,0.0,-0.07421875,0.0,0.0,0.0
1023763595,818245,0,1.005859375,-0.080078125,0.005859375,-0.07421875,0.0,0.0,0.0
1023764845,818246,0,1.0078125,-0.083984375,0.005859375,-0.078125,0.0,0.0,0.0
1023766097,818247,0,1.00390625,-0.083984375,0.00390625,-0.080078125,0.0,0.0,0.0
1023767348,818248,0,0.99609375,-0.0859375,0.001953125,-0.083984375,0.0,0.0,0.0
1023768600,818249,0,1.001953125,-0.087890625,0.005859375,-0.08203125,0.0,0.0,0.0
1023769850,818250,0,1.0,-0.08203125,0.01171875,-0.0703125,0.0,0.0,0.0
1023771101,818251,0,1.001953125,-0.08203125,0.009765625,-0.072265625,0.0,0.0,0.0
1023772351,818252,0,1.0,-0.0703125,0.001953125,-0.068359375,0.0,0.0,0.0
1023773602,818253,0,1.00390625,-0.072265625,0.00390625,-0.068359375,0.0,0.0,0.0
1023774853,818254,0,0.998046875,-0.0625,0.005859375,-0.056640625,0.0,0.0,0.0
1023776104,818255,0,1.005859375,-0.056640625,0.009765625,-0.046875,0.0,0.0,0.0
1023777355,818256,0,0.998046875,-0.046875,0.01171875,-0.03515625,0.0,0.0,0.0
1023778606,818257,0,1.0078125,-0.044921875,0.02734375,-0.017578125,0.0,0.0,0.0
1023779857,818258,0,1.001953125,-0.037109375,0.005859375,-0.03125,0.0,0.0,0.0
1023781109,818259,0,1.00390625,-0.029296875,0.01953125,-0.009765625,0.0,0.0,0.0
1023782360,818260,0,1.00390625,-0.017578125,0.015625,-0.001953125,0.0,0.0,0.0
1023783610,818261,0,1.005859375,-0.013671875,0.01953125,0.005859375,0.0,0.0,0.0
1023784861,818262,0,1.00390625,-0.01171875,0.01953125,0.0078125,0.0,0.0,0.0
1023786112,818263,0,1.001953125,-0.0078125,0.0234375,0.015625,0.0,0.0,0.0
1023787362,818264,0,1.001953125,-0.001953125,0.01953125,0.017578125,0.0,0.0,0.0
1023788613,818265,0,1.001953125,-0.00390625,0.015625,0.01171875,0.0,0.0,0.0
1023789863,818266,0,1.0078125,-0.00390625,0.01953125,0.015625,0.0,0.0,0.0
1023791115,818267,0,1.0078125,-0.001953125,0.021484375,0.01953125,0.0,0.0,0.0
1023792366,818268,0,1.0078125,0.0,0.021484375,0.021484375,0.0,0.0,0.0
1023793616,818269,0,1.009765625,-0.001953125,0.021484375,0.01953125,0.0,0.0,0.0
1023794867,818270,0,1.00390625,-0.005859375,0.017578125,0.01171875,0.0,0.0,0.0
1023796117,818271,0,1.001953125,-0.00390625,0.017578125,0.013671875,0.0,0.0,0.0
1023797367,818272,0,1.005859375,-0.0078125,0.017578125,0.009765625,0.0,0.0,0.0
1023798618,818273,0,1.005859375,-0.005859375,0.017578125,0.01171875,0.0,0.0,0.0
1023799868,818274,0,1.005859375,-0.00390625,0.015625,0.01171875,0.0,0.0,0.0
1023801120,818275,0,1.005859375,-0.013671875,0.01953125,0.005859375,0.0,0.0,0.0
1023802371,818276,0,1.0,-0.017578125,0.01953125,0.001953125,0.0,0.0,0.0
1023803621,818277,0,1.0078125,-0.015625,0.01953125,0.00390625,0.0,0.0,0.0
1023804873,818278,0,1.00390625,-0.017578125,0.01953125,0.001953125,0.0,0.0,0.0
1023806123,818279,0,1.001953125,-0.01953125,0.025390625,0.005859375,0.0,0.0,4.8254013791360713e+36
1023808623,818281,0,1.0,-0.017578125,0.013671875,-0.00390625,0.0,0.0,0.0
1023809873,818282,0,1.009765625,-0.021484375,0.009765625,-0.01171875,0.0,0.0,0.0
1023811125,818283,0,1.0078125,-0.02734375,0.01171875,-0.015625,0.0,0.0,0.0
1023812376,818284,0,1.0,-0.021484375,0.01953125,-0.001953125,0.0,0.0,0.0
1023813626,818285,0,1.0078125,-0.025390625,0.013671875,-0.01171875,0.0,0.0,0.0
1023814877,818286,0,1.009765625,-0.029296875,0.017578125,-0.01171875,0.0,0.0,0.0
1023816128,818287,0,1.0078125,-0.01953125,0.01953125,0.0,0.0,0.0,0.0
1023817378,818288,0,1.005859375,-0.025390625,0.017578125,-0.0078125,0.0,0.0,0.0
1023818629,818289,0,1.0078125,-0.0234375,0.01953125,-0.00390625,0.0,0.0,0.0
1023819880,818290,0,1.00390625,-0.0234375,0.017578125,-0.005859375,0.0,0.0,0.0
1023821131,818291,0,1.0,-0.025390625,0.017578125,-0.0078125,0.0,0.0,0.0
1023822382,818292,0,1.00390625,-0.0234375,0.021484375,-0.001953125,0.0,0.0,0.0
1023823632,818293,0,1.001953125,-0.025390625,0.01953125,-0.005859375,0.0,0.0,0.0
1023824883,818294,0,1.005859375,-0.029296875,0.017578125,-0.01171875,0.0,0.0,0.0
1023826134,818295,0,1.0,-0.0234375,0.01953125,-0.00390625,0.0,0.0,0.0
1023827384,818296,0,1.005859375,-0.01953125,0.017578125,-0.001953125,0.0,0.0,0.0
1023828636,818297,0,1.005859375,-0.021484375,0.01953125,-0.001953125,0.0,0.0,0.0
1023829886,818298,0,0.99609375,-0.025390625,0.021484375,-0.00390625,0.0,0.0,0.0
1023831137,818299,0,0.99609375,-0.021484375,0.017578125,-0.00390625,0.0,0.0,0.0
1023832388,818300,0,0.998046875,-0.0234375,0.017578125,-0.005859375,0.0,0.0,0.0
1023833639,818301,0,1.005859375,-0.025390625,0.01953125,-0.005859375,0.0,0.0,0.0
1023834889,818302,0,1.013671875,-0.021484375,0.01953125,-0.001953125,0.0,0.0,0.0
1023836140,818303,0,1.00390625,-0.017578125,0.013671875,-0.00390625,0.0,0.0,0.0
1023837392,818304,0,0.99609375,-0.021484375,0.017578125,-0.00390625,0.0,0.0,0.0
1023838642,818305,0,1.001953125,-0.01953125,0.01953125,0.0,0.0,0.0,0.0
1023839894,818306,0,1.005859375,-0.017578125,0.013671875,-0.00390625,0.0,0.0,0.0
1023841145,818307,0,1.001953125,-0.01953125,0.015625,-0.00390625,0.0,0.0,0.0
1023842396,818308,0,1.00390625,-0.021484375,0.01171875,-0.009765625,0.0,0.0,0.0
1023843648,818309,0,0.998046875,-0.01953125,0.021484375,0.001953125,0.0,0.0,0.0
1023844899,818310,0,1.001953125,-0.01953125,0.015625,-0.00390625,0.0,0.0,0.0
1023846150,818311,0,0.998046875,-0.021484375,0.01953125,-0.001953125,0.0,0.0,0.0
1023847400,818312,0,0.998046875,-0.01953125,0.017578125,-0.001953125,0.0,0.0,0.0
1023848651,818313,0,0.998046875,-0.021484375,0.017578125,-0.00390625,0.0,0.0,0.0
1023849902,818314,0,1.001953125,-0.0234375,0.015625,-0.0078125,0.0,0.0,0.0
1023851152,818315,0,1.005859375,-0.01953125,0.017578125,-0.001953125,0.0,0.0,0.0
1023852402,818316,0,1.009765625,-0.025390625,0.01171875,-0.013671875,0.0,0.0,0.0
1023853654,818317,0,1.0,-0.02734375,0.017578125,-0.009765625,0.0,0.0,0.0
1023854904,818318,0,1.0,-0.025390625,0.01953125,-0.005859375,0.0,0.0,0.0
1023856154,818319,0,1.0,-0.0234375,0.013671875,-0.009765625,0.0,0.0,0.0
1023857405,818320,0,1.005859375,-0.02734375,0.017578125,-0.009765625,0.0,0.0,0.0
1023858655,818321,0,0.994140625,-0.02734375,0.015625,-0.01171875,0.0,0.0,0.0
1023859906,818322,0,1.00390625,-0.03515625,0.0078125,-0.02734375,0.0,0.0,0.0
1023861157,818323,0,1.0,-0.03125,0.013671875,-0.017578125,0.0,0.0,0.0
1023862408,818324,0,1.0,-0.029296875,0.009765625,-0.01953125,0.0,0.0,0.0
1023863659,818325,0,0.99609375,-0.03515625,0.0078125,-0.02734375,0.0,0.0,0.0
1023864911,818326,0,1.001953125,-0.03125,0.017578125,-0.013671875,0.0,0.0,0.0
1023866162,818327,0,1.001953125,-0.03515625,0.017578125,-0.017578125,0.0,0.0,0.0
1023867414,818328,0,1.0,-0.033203125,0.01953125,-0.013671875,0.0,0.0,0.0
1023868664,818329,0,1.00390625,-0.033203125,0.01171875,-0.021484375,0.0,0.0,0.0
1023869916,818330,0,0.998046875,-0.03125,0.0078125,-0.0234375,0.0,0.0,0.0
1023871167,818331,0,1.0078125,-0.033203125,0.015625,-0.017578125,0.0,0.0,0.0
1023872417,818332,0,1.005859375,-0.03515625,0.015625,-0.01953125,0.0,0.0,0.0
1023873668,818333,0,1.00390625,-0.029296875,0.01171875,-0.017578125,0.0,0.0,0.0
1023874919,818334,0,1.005859375,-0.03125,0.015625,-0.015625,0.0,0.0,0.0
1023876170,818335,0,0.998046875,-0.03515625,0.013671875,-0.021484375,0.0,0.0,0.0
1023877421,818336,0,1.0,-0.029296875,0.015625,-0.013671875,0.0,0.0,0.0
1023878672,818337,0,1.00390625,-0.03125,0.017578125,-0.013671875,0.0,0.0,0.0
1023879922,818338,0,1.005859375,-0.033203125,0.01171875,-0.021484375,0.0,0.0,0.0
1023881173,818339,0,1.0078125,-0.037109375,0.0234375,-0.013671875,0.0,0.0,0.0
1023882425,818340,0,1.001953125,-0.03515625,0.01953125,-0.015625,0.0,0.0,0.0
1023883675,818341,0,1.009765625,-0.041015625,0.009765625,-0.03125,0.0,0.0,0.0
1023884927,818342,0,1.009765625,-0.046875,0.01171875,-0.03515625,0.0,0.0,0.0
1023886177,818343,0,1.005859375,-0.037109375,0.013671875,-0.0234375,0.0,0.0,0.0
1023887429,818344,0,1.001953125,-0.037109375,0.015625,-0.021484375,0.0,0.0,0.0
1023888680,818345,0,0.998046875,-0.0390625,0.009765625,-0.029296875,0.0,0.0,0.0
1023889930,818346,0,1.0,-0.037109375,0.017578125,-0.01953125,0.0,0.0,0.0
1023891180,818347,0,1.001953125,-0.03515625,0.009765625,-0.025390625,0.0,0.0,0.0
1023892431,818348,0,1.0,-0.033203125,0.01171875,-0.021484375,0.0,0.0,0.0
