t_us,frame_id,sensor_id,accX,accY,accZ,acc_sum_YZ,magX,magY,magZ
1015789123,811870,0,1.005859375,-0.02734375,0.025390625,-0.001953125,0.0,0.0,0.0
1015790375,811871,0,1.001953125,-0.029296875,0.025390625,-0.00390625,0.0,0.0,0.0
1015791625,811872,0,1.001953125,-0.025390625,0.025390625,0.0,0.0,0.0,0.0
1015792877,811873,0,0.998046875,-0.033203125,0.021484375,-0.01171875,0.0,0.0,0.0
1015794127,811874,0,1.00390625,-0.03515625,0.015625,-0.01953125,0.0,0.0,0.0
1015795378,811875,0,1.001953125,-0.029296875,0.025390625,-0.00390625,0.0,0.0,0.0
1015796629,811876,0,1.00390625,-0.0234375,0.025390625,0.001953125,0.0,0.0,0.0
1015797880,811877,0,0.998046875,-0.02734375,0.021484375,-0.005859375,0.0,0.0,0.0
1015799131,811878,0,1.0,-0.02734375,0.021484375,-0.005859375,0.0,0.0,0.0
1015800382,811879,0,0.99609375,-0.02734375,0.03125,0.00390625,0.0,0.0,0.0
1015801632,811880,0,1.0078125,-0.02734375,0.033203125,0.005859375,0.0,0.0,0.0
1015802883,811881,0,1.005859375,-0.02734375,0.029296875,0.001953125,0.0,0.0,0.0
1015804134,811882,0,1.005859375,-0.025390625,0.03125,0.005859375,0.0,0.0,0.0
1015805384,811883,0,1.00390625,-0.029296875,0.02734375,-0.001953125,0.0,0.0,0.0
1015806636,811884,0,0.998046875,-0.025390625,0.0234375,-0.001953125,0.0,0.0,0.0
1015807886,811885,0,1.001953125,-0.029296875,0.03125,0.001953125,0.0,0.0,0.0
1015809137,811886,0,1.001953125,-0.03515625,0.03125,-0.00390625,0.0,0.0,0.0
1015810388,811887,0,1.00390625,-0.03125,0.0234375,-0.0078125,0.0,0.0,0.0
1015811639,811888,0,1.00390625,-0.029296875,0.021484375,-0.0078125,0.0,0.0,0.0
1015812889,811889,0,1.0,-0.02734375,0.021484375,-0.005859375,0.0,0.0,0.0
1015814140,811890,0,1.00390625,-0.033203125,0.025390625,-0.0078125,0.0,0.0,0.0
1015815392,811891,0,1.0,-0.025390625,0.0234375,-0.001953125,0.0,0.0,0.0
1015816642,811892,0,1.001953125,-0.029296875,0.025390625,-0.00390625,0.0,0.0,0.0
1015817894,811893,0,1.00390625,-0.029296875,0.025390625,-0.00390625,0.0,0.0,0.0
1015819145,811894,0,1.0078125,-0.02734375,0.03125,0.00390625,0.0,0.0,0.0
1015820396,811895,0,0.998046875,-0.025390625,0.02734375,0.001953125,0.0,0.0,0.0
1015821648,811896,0,1.001953125,-0.029296875,0.017578125,-0.01171875,0.0,0.0,0.0
1015822899,811897,0,1.009765625,-0.025390625,0.0234375,-0.001953125,0.0,0.0,0.0
1015824150,811898,0,1.00390625,-0.029296875,0.0234375,-0.005859375,0.0,0.0,0.0
1015825400,811899,0,1.0078125,-0.033203125,0.021484375,-0.01171875,0.0,0.0,0.0
1015826651,811900,0,1.0,-0.02734375,0.021484375,-0.005859375,0.0,0.0,0.0
1015827902,811901,0,1.001953125,-0.033203125,0.029296875,-0.00390625,0.0,0.0,0.0
1015829152,811902,0,1.009765625,-0.029296875,0.02734375,-0.001953125,0.0,0.0,0.0
1015830402,811903,0,1.005859375,-0.029296875,0.015625,-0.013671875,0.0,0.0,0.0
1015831654,811904,0,1.001953125,-0.03515625,0.0234375,-0.01171875,0.0,0.0,0.0
1015832904,811905,0,1.00390625,-0.03125,0.0234375,-0.0078125,0.0,0.0,0.0
1015834154,811906,0,1.00390625,-0.029296875,0.025390625,-0.00390625,0.0,0.0,0.0
1015835405,811907,0,1.001953125,-0.02734375,0.03125,0.00390625,0.0,0.0,0.0
1015836655,811908,0,1.005859375,-0.033203125,0.025390625,-0.0078125,0.0,0.0,0.0
1015837906,811909,0,1.001953125,-0.029296875,0.0234375,-0.005859375,0.0,0.0,0.0
1015839157,811910,0,1.005859375,-0.029296875,0.02734375,-0.001953125,0.0,0.0,0.0
1015840408,811911,0,1.005859375,-0.029296875,0.025390625,-0.00390625,0.0,0.0,0.0
1015841659,811912,0,1.00390625,-0.03125,0.01953125,-0.01171875,0.0,0.0,0.0
1015842911,811913,0,1.0078125,-0.02734375,0.0234375,-0.00390625,0.0,0.0,0.0
1015844162,811914,0,1.0078125,-0.03125,0.0234375,-0.0078125,0.0,0.0,0.0
1015845414,811915,0,1.005859375,-0.025390625,0.0234375,-0.001953125,0.0,0.0,0.0
1015846664,811916,0,1.005859375,-0.025390625,0.0234375,-0.001953125,0.0,0.0,0.0
1015847916,811917,0,1.0078125,-0.02734375,0.02734375,0.0,0.0,0.0,0.0
1015849167,811918,0,1.009765625,-0.029296875,0.017578125,-0.01171875,0.0,0.0,0.0
1015850417,811919,0,1.009765625,-0.025390625,0.029296875,0.00390625,0.0,0.0,0.0
1015851668,811920,0,1.013671875,-0.025390625,0.0234375,-0.001953125,0.0,0.0,0.0
1015852919,811921,0,1.009765625,-0.0234375,0.021484375,-0.001953125,0.0,0.0,0.0
1015854170,811922,0,1.0078125,-0.03125,0.025390625,-0.005859375,0.0,0.0,0.0
1015855421,811923,0,1.0078125,-0.025390625,0.021484375,-0.00390625,0.0,0.0,0.0
1015856672,811924,0,0.99609375,-0.0234375,0.02734375,0.00390625,0.0,0.0,0.0
1015857922,811925,0,0.994140625,-0.02734375,0.029296875,0.001953125,0.0,0.0,0.0
1015859173,811926,0,1.01171875,-0.02734375,0.025390625,-0.001953125,0.0,0.0,0.0
1015860425,811927,0,0.998046875,-0.02734375,0.02734375,0.0,0.0,0.0,0.0
1015861675,811928,0,1.00390625,-0.02734375,0.025390625,-0.001953125,0.0,0.0,0.0
1015862927,811929,0,1.00390625,-0.03125,0.021484375,-0.009765625,0.0,0.0,0.0
1015864177,811930,0,1.00390625,-0.03515625,0.021484375,-0.013671875,0.0,0.0,0.0
1015865429,811931,0,1.0,-0.029296875,0.025390625,-0.00390625,0.0,0.0,0.0
1015866680,811932,0,0.998046875,-0.029296875,0.025390625,-0.00390625,0.0,0.0,0.0
1015867930,811933,0,1.001953125,-0.03125,0.021484375,-0.009765625,0.0,0.0,0.0
1015869180,811934,0,1.0078125,-0.029296875,0.0234375,-0.005859375,0.0,0.0,0.0
1015870431,811935,0,1.0078125,-0.02734375,0.0234375,-0.00390625,0.0,0.0,0.0
1015871682,811936,0,1.013671875,-0.033203125,0.02734375,-0.005859375,0.0,0.0,0.0
1015872933,811937,0,1.009765625,-0.02734375,0.029296875,0.001953125,0.0,0.0,0.0
1015874184,811938,0,1.0,-0.021484375,0.02734375,0.005859375,0.0,0.0,0.0
1015875434,811939,0,1.0078125,-0.02734375,0.029296875,0.001953125,0.0,0.0,0.0
1015876685,811940,0,1.005859375,-0.02734375,0.025390625,-0.001953125,0.0,0.0,0.0
1015877936,811941,0,1.009765625,-0.02734375,0.02734375,0.0,0.0,0.0,0.0
1015879188,811942,0,1.00390625,-0.025390625,0.0234375,-0.001953125,0.0,0.0,0.0
1015880439,811943,0,1.00390625,-0.025390625,0.0234375,-0.001953125,0.0,0.0,0.0
1015881690,811944,0,1.001953125,-0.029296875,0.015625,-0.013671875,0.0,0.0,0.0
1015882941,811945,0,1.013671875,-0.029296875,0.029296875,0.0,0.0,0.0,0.0
1015884192,811946,0,0.99609375,-0.029296875,0.0234375,-0.005859375,0.0,0.0,0.0
1015885443,811947,0,1.005859375,-0.029296875,0.03125,0.001953125,0.0,0.0,0.0
1015886695,811948,0,1.005859375,-0.02734375,0.029296875,0.001953125,0.0,0.0,0.0
1015887945,811949,0,1.0078125,-0.029296875,0.025390625,-0.00390625,0.0,0.0,0.0
1015889195,811950,0,1.0078125,-0.02734375,0.0234375,-0.00390625,0.0,0.0,0.0
1015890447,811951,0,1.005859375,-0.029296875,0.02734375,-0.001953125,0.0,0.0,0.0
1015891697,811952,0,1.001953125,-0.02734375,0.017578125,-0.009765625,0.0,0.0,0.0
1015892949,811953,0,1.0078125,-0.033203125,0.01953125,-0.013671875,0.0,0.0,0.0
1015894200,811954,0,1.00390625,-0.03125,0.025390625,-0.005859375,0.0,0.0,0.0
1015895452,811955,0,1.001953125,-0.03125,0.021484375,-0.009765625,0.0,0.0,0.0
1015896702,811956,0,1.0078125,-0.02734375,0.0234375,-0.00390625,0.0,0.0,0.0
1015897954,811957,0,1.005859375,-0.0234375,0.025390625,0.001953125,0.0,0.0,0.0
1015899205,811958,0,1.001953125,-0.03125,0.02734375,-0.00390625,0.0,0.0,0.0
1015900456,811959,0,1.00390625,-0.025390625,0.03125,0.005859375,0.0,0.0,0.0
1015901708,811960,0,1.00390625,-0.025390625,0.01953125,-0.005859375,0.0,0.0,0.0
1015902958,811961,0,1.0078125,-0.029296875,0.021484375,-0.0078125,0.0,0.0,0.0
1015904209,811962,0,1.0078125,-0.03125,0.021484375,-0.009765625,0.0,0.0,0.0
1015905459,811963,0,1.001953125,-0.02734375,0.0234375,-0.00390625,0.0,0.0,0.0
1015906710,811964,0,1.0,-0.03125,0.025390625,-0.005859375,0.0,0.0,0.0
1015907961,811965,0,0.994140625,-0.02734375,0.03125,0.00390625,0.0,0.0,0.0
1015909212,811966,0,1.00390625,-0.02734375,0.029296875,0.001953125,0.0,0.0,0.0
1015910462,811967,0,1.001953125,-0.025390625,0.0234375,-0.001953125,0.0,0.0,0.0
1015911713,811968,0,1.00390625,-0.029296875,0.02734375,-0.001953125,0.0,0.0,0.0
1015912965,811969,0,1.0078125,-0.029296875,0.025390625,-0.00390625,0.0,0.0,0.0
1015914216,811970,0,1.0,-0.03125,0.01953125,-0.01171875,0.0,0.0,0.0
1015915468,811971,0,1.0078125,-0.029296875,0.025390625,-0.00390625,0.0,0.0,0.0
1015916719,811972,0,1.0078125,-0.029296875,0.02734375,-0.001953125,0.0,0.0,0.0
1015917969,811973,0,1.001953125,-0.02734375,0.025390625,-0.001953125,0.0,0.0,0.0
1015919221,811974,0,1.001953125,-0.03125,0.02734375,-0.00390625,0.0,0.0,0.0
1015920471,811975,0,1.0,-0.03125,0.017578125,-0.013671875,0.0,0.0,0.0
1015921721,811976,0,1.00390625,-0.03125,0.021484375,-0.009765625,0.0,0.0,0.0
1015922972,811977,0,1.0,-0.03125,0.021484375,-0.009765625,0.0,0.0,0.0
1015924224,811978,0,1.005859375,-0.02734375,0.025390625,-0.001953125,0.0,0.0,0.0
1015925474,811979,0,1.005859375,-0.025390625,0.025390625,0.0,0.0,0.0,0.0
1015926724,811980,0,1.00390625,-0.029296875,0.025390625,-0.00390625,0.0,0.0,0.0
1015927976,811981,0,1.005859375,-0.0234375,0.029296875,0.005859375,0.0,0.0,0.0
1015929226,811982,0,1.001953125,-0.025390625,0.025390625,0.0,0.0,0.0,0.0
1015930476,811983,0,1.001953125,-0.025390625,0.029296875,0.00390625,0.0,0.0,0.0
1015931728,811984,0,1.013671875,-0.02734375,0.015625,-0.01171875,0.0,0.0,0.0
1015932978,811985,0,1.005859375,-0.029296875,0.021484375,-0.0078125,0.0,0.0,0.0
1015934230,811986,0,1.005859375,-0.033203125,0.01953125,-0.013671875,0.0,0.0,0.0
1015935481,811987,0,1.0,-0.029296875,0.029296875,0.0,0.0,0.0,0.0
1015936732,811988,0,1.0,-0.02734375,0.01953125,-0.0078125,0.0,0.0,0.0
1015937983,811989,0,0.998046875,-0.03125,0.021484375,-0.009765625,0.0,0.0,0.0
1015939235,811990,0,1.00390625,-0.03515625,0.01953125,-0.015625,0.0,0.0,0.0
1015940485,811991,0,1.009765625,-0.025390625,0.0234375,-0.001953125,0.0,0.0,0.0
1015941736,811992,0,1.005859375,-0.033203125,0.03125,-0.001953125,0.0,0.0,0.0
1015942987,811993,0,1.00390625,-0.0234375,0.02734375,0.00390625,0.0,0.0,0.0
1015944237,811994,0,1.001953125,-0.025390625,0.0234375,-0.001953125,0.0,0.0,0.0
1015945488,811995,0,1.00390625,-0.025390625,0.029296875,0.00390625,0.0,0.0,0.0
1015946738,811996,0,1.00390625,-0.029296875,0.0234375,-0.005859375,0.0,0.0,0.0
1015947989,811997,0,1.001953125,-0.0234375,0.029296875,0.005859375,0.0,0.0,0.0
1015949239,811998,0,1.001953125,-0.025390625,0.0234375,-0.001953125,0.0,0.0,0.0
1015950490,811999,0,1.001953125,-0.029296875,0.021484375,-0.0078125,0.0,0.0,0.0
1015951741,812000,0,1.009765625,-0.02734375,0.0234375,-0.00390625,0.0,0.0,0.0
1015952991,812001,0,1.009765625,-0.029296875,0.025390625,-0.00390625,0.0,0.0,0.0
1015954242,812002,0,1.00390625,-0.029296875,0.02734375,-0.001953125,0.0,0.0,0.0
1015955493,812003,0,1.01171875,-0.029296875,0.025390625,-0.00390625,0.0,0.0,0.0
1015956745,812004,0,1.0078125,-0.02734375,0.03125,0.00390625,0.0,0.0,0.0
1015957995,812005,0,1.0,-0.02734375,0.03125,0.00390625,0.0,0.0,0.0
1015959247,812006,0,1.009765625,-0.03125,0.0234375,-0.0078125,0.0,0.0,0.0
1015960498,812007,0,1.013671875,-0.025390625,0.0234375,-0.001953125,0.0,0.0,0.0
1015961749,812008,0,1.01171875,-0.029296875,0.02734375,-0.001953125,0.0,0.0,0.0
1015963000,812009,0,1.005859375,-0.0234375,0.0234375,0.0,0.0,0.0,0.0
1015964250,812010,0,1.01171875,-0.029296875,0.0234375,-0.005859375,0.0,0.0,0.0
1015965501,812011,0,1.00390625,-0.02734375,0.02734375,0.0,0.0,0.0,0.0
1015966752,812012,0,1.009765625,-0.025390625,0.02734375,0.001953125,0.0,0.0,0.0
1015968003,812013,0,1.00390625,-0.02734375,0.029296875,0.001953125,0.0,0.0,0.0
1015969254,812014,0,1.015625,-0.0234375,0.03515625,0.01171875,0.0,0.0,0.0
1015970504,812015,0,1.009765625,-0.0234375,0.02734375,0.00390625,0.0,0.0,0.0
1015971755,812016,0,1.005859375,-0.025390625,0.03125,0.005859375,0.0,0.0,0.0
1015973006,812017,0,1.0078125,-0.025390625,0.02734375,0.001953125,0.0,0.0,0.0
1015974257,812018,0,1.005859375,-0.025390625,0.029296875,0.00390625,0.0,0.0,0.0
1015975508,812019,0,1.001953125,-0.025390625,0.0234375,-0.001953125,0.0,0.0,0.0
1015976760,812020,0,1.005859375,-0.02734375,0.02734375,0.0,0.0,0.0,0.0
1015978010,812021,0,1.0,-0.02734375,0.02734375,0.0,0.0,0.0,0.0
1015979261,812022,0,1.0,-0.029296875,0.01953125,-0.009765625,0.0,0.0,0.0
1015980513,812023,0,1.001953125,-0.033203125,0.021484375,-0.01171875,0.0,0.0,0.0
1015981763,812024,0,1.005859375,-0.033203125,0.017578125,-0.015625,0.0,0.0,0.0
1015983014,812025,0,1.00390625,-0.033203125,0.02734375,-0.005859375,0.0,0.0,0.0
1015984271,812026,0,1.001953125,-0.03515625,0.021484375,-0.013671875,0.0,0.0,0.0
1015985522,812027,0,0.998046875,-0.029296875,0.0234375,-0.005859375,0.0,0.0,0.0
1015986774,812028,0,1.0078125,-0.02734375,0.0234375,-0.00390625,0.0,0.0,0.0
1015988024,812029,0,1.001953125,-0.033203125,0.017578125,-0.015625,0.0,0.0,0.0
1015989275,812030,0,1.005859375,-0.03125,0.025390625,-0.005859375,0.0,0.0,0.0
1015990527,812031,0,1.005859375,-0.02734375,0.0234375,-0.00390625,0.0,0.0,0.0
1015991778,812032,0,1.005859375,-0.02734375,0.033203125,0.005859375,0.0,0.0,0.0
1015993028,812033,0,1.00390625,-0.02734375,0.03125,0.00390625,0.0,0.0,0.0
1015994278,812034,0,1.005859375,-0.029296875,0.0234375,-0.005859375,0.0,0.0,0.0
1015995528,812035,0,1.001953125,-0.029296875,0.029296875,0.0,0.0,0.0,0.0
1015996780,812036,0,1.001953125,-0.0234375,0.021484375,-0.001953125,0.0,0.0,0.0
1015998031,812037,0,0.99609375,-0.029296875,0.029296875,0.0,0.0,0.0,0.0
1015999282,812038,0,1.00390625,-0.029296875,0.0234375,-0.005859375,0.0,0.0,0.0
1016000533,812039,0,1.00390625,-0.03125,0.021484375,-0.009765625,0.0,0.0,0.0
1016001784,812040,0,1.005859375,-0.029296875,0.025390625,-0.00390625,0.0,0.0,0.0
1016003034,812041,0,1.00390625,-0.02734375,0.0234375,-0.00390625,0.0,0.0,0.0
1016004284,812042,0,1.0,-0.033203125,0.021484375,-0.01171875,0.0,0.0,0.0
1016005536,812043,0,0.998046875,-0.025390625,0.02734375,0.001953125,0.0,0.0,0.0
1016006787,812044,0,1.001953125,-0.0234375,0.02734375,0.00390625,0.0,0.0,0.0
1016008038,812045,0,1.0078125,-0.02734375,0.0234375,-0.00390625,0.0,0.0,0.0
1016009288,812046,0,1.005859375,-0.02734375,0.025390625,-0.001953125,0.0,0.0,0.0
1016010539,812047,0,1.009765625,-0.029296875,0.03125,0.001953125,0.0,0.0,0.0
1016011790,812048,0,1.00390625,-0.025390625,0.03515625,0.009765625,0.0,0.0,0.0
1016013040,812049,0,1.001953125,-0.03125,0.025390625,-0.005859375,0.0,0.0,0.0
1016014290,812050,0,1.001953125,-0.0234375,0.025390625,0.001953125,0.0,0.0,0.0
1016015542,812051,0,0.998046875,-0.025390625,0.029296875,0.00390625,0.0,0.0,0.0
1016016793,812052,0,1.005859375,-0.0234375,0.021484375,-0.001953125,0.0,0.0,0.0
1016018044,812053,0,1.0078125,-0.021484375,0.029296875,0.0078125,0.0,0.0,0.0
1016019295,812054,0,1.009765625,-0.025390625,0.033203125,0.0078125,0.0,0.0,0.0
1016020546,812055,0,1.009765625,-0.02734375,0.03125,0.00390625,0.0,0.0,0.0
1016021797,812056,0,1.0,-0.02734375,0.029296875,0.001953125,0.0,0.0,0.0
1016023049,812057,0,1.005859375,-0.025390625,0.021484375,-0.00390625,0.0,0.0,0.0
1016024300,812058,0,1.0,-0.03125,0.021484375,-0.009765625,0.0,0.0,0.0
1016025550,812059,0,0.99609375,-0.037109375,0.0234375,-0.013671875,0.0,0.0,0.0
1016026800,812060,0,1.0,-0.03125,0.021484375,-0.009765625,0.0,0.0,0.0
1016028051,812061,0,1.0,-0.03125,0.0234375,-0.0078125,0.0,0.0,0.0
1016029301,812062,0,1.001953125,-0.033203125,0.0234375,-0.009765625,0.0,0.0,0.0
1016030552,812063,0,1.0078125,-0.029296875,0.021484375,-0.0078125,0.0,0.0,0.0
1016031803,812064,0,1.001953125,-0.025390625,0.0234375,-0.001953125,0.0,0.0,0.0
1016033054,812065,0,1.01171875,-0.0234375,0.03125,0.0078125,0.0,0.0,0.0
1016034305,812066,0,1.015625,-0.0234375,0.02734375,0.00390625,0.0,0.0,0.0
1016035556,812067,0,1.0078125,-0.02734375,0.03125,0.00390625,0.0,0.0,0.0
1016036807,812068,0,1.009765625,-0.0234375,0.025390625,0.001953125,0.0,0.0,0.0
1016038059,812069,0,1.001953125,-0.029296875,0.029296875,0.0,0.0,0.0,0.0
1016039310,812070,0,1.0078125,-0.025390625,0.029296875,0.00390625,0.0,0.0,0.0
1016040560,812071,0,0.98828125,-0.025390625,0.0234375,-0.001953125,0.0,0.0,0.0
1016041810,812072,0,1.013671875,-0.03125,0.025390625,-0.005859375,0.0,0.0,0.0
1016043061,812073,0,1.0,-0.03515625,0.02734375,-0.0078125,0.0,0.0,0.0
1016044311,812074,0,1.0,-0.029296875,0.0234375,-0.005859375,0.0,0.0,0.0
1016045563,812075,0,1.00390625,-0.03125,0.029296875,-0.001953125,0.0,0.0,0.0
1016046813,812076,0,1.005859375,-0.03125,0.03515625,0.00390625,0.0,0.0,0.0
1016048065,812077,0,1.001953125,-0.03125,0.025390625,-0.005859375,0.0,0.0,0.0
1016049316,812078,0,1.005859375,-0.029296875,0.01953125,-0.009765625,0.0,0.0,0.0
1016050566,812079,0,1.001953125,-0.029296875,0.01953125,-0.009765625,0.0,0.0,0.0
1016051817,812080,0,1.0,-0.03515625,0.02734375,-0.0078125,0.0,0.0,0.0
1016053067,812081,0,1.005859375,-0.029296875,0.021484375,-0.0078125,0.0,0.0,0.0
1016054317,812082,0,1.001953125,-0.033203125,0.0234375,-0.009765625,0.0,0.0,0.0
1016055567,812083,0,1.005859375,-0.02734375,0.025390625,-0.001953125,0.0,0.0,0.0
1016056818,812084,0,1.00390625,-0.02734375,0.02734375,0.0,0.0,0.0,0.0
1016058070,812085,0,1.0078125,-0.02734375,0.02734375,0.0,0.0,0.0,0.0
1016059321,812086,0,1.0078125,-0.025390625,0.02734375,0.001953125,0.0,0.0,0.0
1016060571,812087,0,1.005859375,-0.025390625,0.029296875,0.00390625,0.0,0.0,0.0
1016061821,812088,0,1.0078125,-0.0234375,0.025390625,0.001953125,0.0,0.0,0.0
1016063071,812089,0,1.005859375,-0.03125,0.0234375,-0.0078125,0.0,0.0,0.0
1016064322,812090,0,0.99609375,-0.02734375,0.025390625,-0.001953125,0.0,0.0,0.0
1016065572,812091,0,1.0,-0.029296875,0.025390625,-0.00390625,0.0,0.0,0.0
1016066823,812092,0,1.00390625,-0.03515625,0.025390625,-0.009765625,0.0,0.0,0.0
1016068075,812093,0,1.001953125,-0.037109375,0.021484375,-0.015625,0.0,0.0,0.0
1016069326,812094,0,0.99609375,-0.02734375,0.025390625,-0.001953125,0.0,0.0,0.0
1016070577,812095,0,0.98828125,-0.029296875,0.0234375,-0.005859375,0.0,0.0,0.0
1016071829,812096,0,1.0078125,-0.02734375,0.02734375,0.0,0.0,0.0,0.0
1016073079,812097,0,1.001953125,-0.029296875,0.0234375,-0.005859375,0.0,0.0,0.0
1016074329,812098,0,1.00390625,-0.029296875,0.02734375,-0.001953125,0.0,0.0,0.0
1016075580,812099,0,1.001953125,-0.01953125,0.0234375,0.00390625,0.0,0.0,0.0
1016076831,812100,0,1.0,-0.025390625,0.0234375,-0.001953125,0.0,0.0,0.0
1016078082,812101,0,1.0078125,-0.025390625,0.025390625,0.0,0.0,0.0,0.0
1016079333,812102,0,0.998046875,-0.025390625,0.0234375,-0.001953125,0.0,0.0,0.0
1016080584,812103,0,0.998046875,-0.033203125,0.02734375,-0.005859375,0.0,0.0,0.0
1016081835,812104,0,1.001953125,-0.025390625,0.025390625,0.0,0.0,0.0,0.0
1016083087,812105,0,1.005859375,-0.025390625,0.03125,0.005859375,0.0,0.0,0.0
1016084338,812106,0,1.00390625,-0.02734375,0.029296875,0.001953125,0.0,0.0,0.0
1016085590,812107,0,1.001953125,-0.025390625,0.0234375,-0.001953125,0.0,0.0,0.0
1016086841,812108,0,1.005859375,-0.029296875,0.03515625,0.005859375,0.0,0.0,0.0
1016088092,812109,0,1.001953125,-0.0234375,0.029296875,0.005859375,0.0,0.0,0.0
1016089343,812110,0,1.009765625,-0.02734375,0.025390625,-0.001953125,0.0,0.0,0.0
1016090595,812111,0,1.015625,-0.021484375,0.029296875,0.0078125,0.0,0.0,0.0
1016091845,812112,0,1.0,-0.0234375,0.03125,0.0078125,0.0,0.0,0.0
1016093097,812113,0,1.005859375,-0.02734375,0.029296875,0.001953125,0.0,0.0,0.0
1016094348,812114,0,1.009765625,-0.025390625,0.021484375,-0.00390625,0.0,0.0,0.0
1016095600,812115,0,0.99609375,-0.029296875,0.0234375,-0.005859375,0.0,0.0,0.0
1016096850,812116,0,1.00390625,-0.029296875,0.021484375,-0.0078125,0.0,0.0,0.0
1016098101,812117,0,1.00390625,-0.029296875,0.029296875,0.0,0.0,0.0,0.0
1016099351,812118,0,1.00390625,-0.03125,0.029296875,-0.001953125,0.0,0.0,0.0
1016100602,812119,0,1.001953125,-0.029296875,0.0234375,-0.005859375,0.0,0.0,0.0
1016101853,812120,0,1.0,-0.03125,0.021484375,-0.009765625,0.0,0.0,0.0
1016103104,812121,0,1.001953125,-0.029296875,0.0234375,-0.005859375,0.0,0.0,0.0
1016104355,812122,0,1.001953125,-0.029296875,0.025390625,-0.00390625,0.0,0.0,0.0
1016105606,812123,0,1.001953125,-0.0234375,0.021484375,-0.001953125,0.0,0.0,0.0
1016106857,812124,0,1.005859375,-0.03125,0.033203125,0.001953125,0.0,0.0,0.0
1016108109,812125,0,0.994140625,-0.03125,0.03125,0.0,0.0,0.0,0.0
1016109360,812126,0,1.001953125,-0.029296875,0.015625,-0.013671875,0.0,0.0,0.0
1016110610,812127,0,1.005859375,-0.02734375,0.01953125,-0.0078125,0.0,0.0,0.0
1016111861,812128,0,1.005859375,-0.03125,0.02734375,-0.00390625,0.0,0.0,0.0
1016113112,812129,0,1.005859375,-0.02734375,0.029296875,0.001953125,0.0,0.0,0.0
1016114362,812130,0,1.00390625,-0.025390625,0.025390625,0.0,0.0,0.0,0.0
1016115613,812131,0,1.0078125,-0.025390625,0.025390625,0.0,0.0,0.0,0.0
1016116863,812132,0,1.005859375,-0.03125,0.025390625,-0.005859375,0.0,0.0,0.0
1016118115,812133,0,1.015625,-0.033203125,0.03125,-0.001953125,0.0,0.0,0.0
1016119366,812134,0,1.00390625,-0.02734375,0.01953125,-0.0078125,0.0,0.0,0.0
1016120616,812135,0,0.998046875,-0.029296875,0.021484375,-0.0078125,0.0,0.0,0.0
1016121867,812136,0,1.00390625,-0.033203125,0.0234375,-0.009765625,0.0,0.0,0.0
1016123117,812137,0,1.001953125,-0.033203125,0.0234375,-0.009765625,0.0,0.0,0.0
1016124367,812138,0,1.009765625,-0.033203125,0.02734375,-0.005859375,0.0,0.0,0.0
1016125618,812139,0,1.001953125,-0.033203125,0.02734375,-0.005859375,0.0,0.0,0.0
1016126868,812140,0,1.00390625,-0.033203125,0.021484375,-0.01171875,0.0,0.0,0.0
1016128120,812141,0,1.0,-0.03125,0.025390625,-0.005859375,0.0,0.0,0.0
1016129371,812142,0,0.99609375,-0.03125,0.02734375,-0.00390625,0.0,0.0,0.0
1016130621,812143,0,1.00390625,-0.03125,0.0234375,-0.0078125,0.0,0.0,0.0
1016131873,812144,0,1.00390625,-0.03515625,0.025390625,-0.009765625,0.0,0.0,0.0
1016133123,812145,0,1.005859375,-0.033203125,0.0234375,-0.009765625,0.0,0.0,0.0
1016134373,812146,0,1.00390625,-0.02734375,0.02734375,0.0,0.0,0.0,0.0
1016135623,812147,0,1.001953125,-0.033203125,0.025390625,-0.0078125,0.0,0.0,0.0
1016136873,812148,0,1.00390625,-0.03125,0.0234375,-0.0078125,0.0,0.0,0.0
1016138125,812149,0,0.99609375,-0.03125,0.029296875,-0.001953125,0.0,0.0,0.0
1016139376,812150,0,1.00390625,-0.029296875,0.029296875,0.0,0.0,0.0,0.0
1016140626,812151,0,1.001953125,-0.021484375,0.02734375,0.005859375,0.0,0.0,0.0
1016141877,812152,0,1.00390625,-0.029296875,0.033203125,0.00390625,0.0,0.0,0.0
1016143128,812153,0,1.005859375,-0.025390625,0.02734375,0.001953125,0.0,0.0,0.0
1016144378,812154,0,1.001953125,-0.025390625,0.029296875,0.00390625,0.0,0.0,0.0
1016145629,812155,0,1.005859375,-0.02734375,0.03515625,0.0078125,0.0,0.0,0.0
1016146880,812156,0,0.998046875,-0.021484375,0.029296875,0.0078125,0.0,0.0,0.0
1016148131,812157,0,1.013671875,-0.02734375,0.015625,-0.01171875,0.0,0.0,0.0
1016149382,812158,0,1.005859375,-0.029296875,0.02734375,-0.001953125,0.0,0.0,0.0
1016150632,812159,0,1.001953125,-0.03125,0.025390625,-0.005859375,0.0,0.0,0.0
1016151883,812160,0,1.001953125,-0.03125,0.029296875,-0.001953125,0.0,0.0,0.0
1016153134,812161,0,1.00390625,-0.03515625,0.0234375,-0.01171875,0.0,0.0,0.0
1016154384,812162,0,1.00390625,-0.029296875,0.0234375,-0.005859375,0.0,0.0,0.0
1016155636,812163,0,1.0,-0.033203125,0.0234375,-0.009765625,0.0,0.0,0.0
1016156886,812164,0,1.005859375,-0.033203125,0.021484375,-0.01171875,0.0,0.0,0.0
1016158137,812165,0,1.0078125,-0.033203125,0.02734375,-0.005859375,0.0,0.0,0.0
1016159388,812166,0,1.001953125,-0.029296875,0.01953125,-0.009765625,0.0,0.0,0.0
1016160639,812167,0,1.0,-0.03515625,0.025390625,-0.009765625,0.0,0.0,0.0
1016161889,812168,0,1.00390625,-0.033203125,0.0234375,-0.009765625,0.0,0.0,0.0
1016163140,812169,0,1.00390625,-0.02734375,0.03125,0.00390625,0.0,0.0,0.0
1016164392,812170,0,1.009765625,-0.0234375,0.025390625,0.001953125,0.0,0.0,0.0
1016165642,812171,0,1.005859375,-0.021484375,0.03125,0.009765625,0.0,0.0,0.0
1016166894,812172,0,1.0078125,-0.025390625,0.029296875,0.00390625,0.0,0.0,0.0
1016168145,812173,0,1.0,-0.02734375,0.037109375,0.009765625,0.0,0.0,0.0
1016169396,812174,0,1.0078125,-0.021484375,0.029296875,0.0078125,0.0,0.0,0.0
1016170648,812175,0,1.009765625,-0.015625,0.029296875,0.013671875,0.0,0.0,0.0
1016171899,812176,0,1.0078125,-0.021484375,0.03125,0.009765625,0.0,0.0,0.0
1016173150,812177,0,1.009765625,-0.025390625,0.03125,0.005859375,0.0,0.0,0.0
1016174400,812178,0,1.017578125,-0.025390625,0.02734375,0.001953125,0.0,0.0,0.0
1016175651,812179,0,1.009765625,-0.03125,0.01953125,-0.01171875,0.0,0.0,0.0
1016176902,812180,0,1.001953125,-0.03125,0.025390625,-0.005859375,0.0,0.0,0.0
1016178152,812181,0,1.001953125,-0.029296875,0.025390625,-0.00390625,0.0,0.0,0.0
1016179402,812182,0,1.001953125,-0.03125,0.021484375,-0.009765625,0.0,0.0,0.0
1016180654,812183,0,1.00390625,-0.029296875,0.01953125,-0.009765625,0.0,0.0,0.0
1016181904,812184,0,1.0,-0.03125,0.021484375,-0.009765625,0.0,0.0,0.0
1016183154,812185,0,0.998046875,-0.03125,0.025390625,-0.005859375,0.0,0.0,0.0
1016184405,812186,0,1.005859375,-0.029296875,0.02734375,-0.001953125,0.0,0.0,0.0
1016185655,812187,0,1.009765625,-0.029296875,0.02734375,-0.001953125,0.0,0.0,0.0
1016186906,812188,0,1.001953125,-0.02734375,0.025390625,-0.001953125,0.0,0.0,0.0
1016188157,812189,0,1.0078125,-0.03125,0.021484375,-0.009765625,0.0,0.0,0.0
1016189408,812190,0,1.00390625,-0.029296875,0.025390625,-0.00390625,0.0,0.0,0.0
1016190659,812191,0,1.00390625,-0.029296875,0.025390625,-0.00390625,0.0,0.0,0.0
1016191911,812192,0,1.001953125,-0.02734375,0.0234375,-0.00390625,0.0,0.0,0.0
1016193162,812193,0,1.00390625,-0.029296875,0.02734375,-0.001953125,0.0,0.0,0.0
1016194414,812194,0,1.0,-0.03125,0.021484375,-0.009765625,0.0,0.0,0.0
1016195664,812195,0,1.00390625,-0.02734375,0.0234375,-0.00390625,0.0,0.0,0.0
1016196916,812196,0,1.00390625,-0.02734375,0.02734375,0.0,0.0,0.0,0.0
1016198167,812197,0,1.001953125,-0.021484375,0.021484375,0.0,0.0,0.0,0.0
1016199417,812198,0,1.009765625,-0.0234375,0.02734375,0.00390625,0.0,0.0,0.0
1016200668,812199,0,1.005859375,-0.025390625,0.02734375,0.001953125,0.0,0.0,0.0
1016201919,812200,0,1.001953125,-0.03125,0.025390625,-0.005859375,0.0,0.0,0.0
1016203170,812201,0,0.990234375,-0.025390625,0.025390625,0.0,0.0,0.0,0.0
1016204421,812202,0,1.005859375,-0.02734375,0.03125,0.00390625,0.0,0.0,0.0
1016205672,812203,0,1.0078125,-0.03125,0.025390625,-0.005859375,0.0,0.0,0.0
1016206922,812204,0,1.009765625,-0.025390625,0.029296875,0.00390625,0.0,0.0,0.0
1016208173,812205,0,1.00390625,-0.02734375,0.025390625,-0.001953125,0.0,0.0,0.0
1016209425,812206,0,0.998046875,-0.03125,0.025390625,-0.005859375,0.0,0.0,0.0
1016210675,812207,0,1.001953125,-0.029296875,0.021484375,-0.0078125,0.0,0.0,0.0
1016211927,812208,0,1.001953125,-0.02734375,0.0234375,-0.00390625,0.0,0.0,0.0
1016213177,812209,0,1.0078125,-0.029296875,0.0234375,-0.005859375,0.0,0.0,0.0
1016214429,812210,0,1.001953125,-0.029296875,0.021484375,-0.0078125,0.0,0.0,0.0
1016215680,812211,0,1.005859375,-0.02734375,0.025390625,-0.001953125,0.0,0.0,0.0
1016216930,812212,0,0.998046875,-0.029296875,0.025390625,-0.00390625,0.0,0.0,0.0
1016218180,812213,0,1.001953125,-0.02734375,0.0234375,-0.00390625,0.0,0.0,0.0
1016219431,812214,0,1.005859375,-0.02734375,0.025390625,-0.001953125,0.0,0.0,0.0
1016220682,812215,0,1.001953125,-0.02734375,0.029296875,0.001953125,0.0,0.0,0.0
1016221933,812216,0,1.013671875,-0.02734375,0.0234375,-0.00390625,0.0,0.0,0.0
1016223184,812217,0,1.009765625,-0.03125,0.02734375,-0.00390625,0.0,0.0,0.0
1016224434,812218,0,1.009765625,-0.02734375,0.025390625,-0.001953125,0.0,0.0,0.0
1016225685,812219,0,1.001953125,-0.029296875,0.03515625,0.005859375,0.0,0.0,0.0
1016226936,812220,0,1.0,-0.029296875,0.025390625,-0.00390625,0.0,0.0,0.0
1016228188,812221,0,1.009765625,-0.029296875,0.02734375,-0.001953125,0.0,0.0,0.0
1016229439,812222,0,0.998046875,-0.029296875,0.0234375,-0.005859375,0.0,0.0,0.0
1016230690,812223,0,1.001953125,-0.029296875,0.021484375,-0.0078125,0.0,0.0,0.0
1016231941,812224,0,1.00390625,-0.03125,0.025390625,-0.005859375,0.0,0.0,0.0
1016233192,812225,0,1.0078125,-0.03125,0.029296875,-0.001953125,0.0,0.0,0.0
1016234443,812226,0,1.0,-0.029296875,0.01953125,-0.009765625,0.0,0.0,0.0
1016235695,812227,0,1.00390625,-0.033203125,0.021484375,-0.01171875,0.0,0.0,0.0
1016236945,812228,0,1.0,-0.03515625,0.029296875,-0.005859375,0.0,0.0,0.0
1016238195,812229,0,1.00390625,-0.029296875,0.03125,0.001953125,0.0,0.0,0.0
1016239447,812230,0,1.009765625,-0.029296875,0.02734375,-0.001953125,0.0,0.0,0.0
1016240697,812231,0,1.00390625,-0.029296875,0.0234375,-0.005859375,0.0,0.0,0.0
1016241949,812232,0,1.00390625,-0.03125,0.03125,0.0,0.0,0.0,0.0
1016243200,812233,0,1.005859375,-0.02734375,0.0234375,-0.00390625,0.0,0.0,0.0
1016244452,812234,0,1.0,-0.02734375,0.02734375,0.0,0.0,0.0,0.0
1016245702,812235,0,1.0078125,-0.025390625,0.0234375,-0.001953125,0.0,0.0,0.0
1016246954,812236,0,1.005859375,-0.03125,0.03125,0.0,0.0,0.0,0.0
1016248205,812237,0,1.005859375,-0.02734375,0.0234375,-0.00390625,0.0,0.0,0.0
1016249456,812238,0,1.001953125,-0.033203125,0.02734375,-0.005859375,0.0,0.0,0.0
1016250708,812239,0,1.0234375,-0.033203125,0.021484375,-0.01171875,0.0,0.0,0.0
1016251958,812240,0,1.0,-0.025390625,0.0234375,-0.001953125,0.0,0.0,0.0
1016253209,812241,0,1.017578125,-0.0234375,0.025390625,0.001953125,0.0,0.0,0.0
1016254459,812242,0,1.00390625,-0.02734375,0.021484375,-0.005859375,0.0,0.0,0.0
1016255710,812243,0,1.0,-0.0234375,0.025390625,0.001953125,0.0,0.0,0.0
1016256961,812244,0,1.001953125,-0.033203125,0.021484375,-0.01171875,0.0,0.0,0.0
1016258212,812245,0,1.0,-0.03125,0.0234375,-0.0078125,0.0,0.0,0.0
1016259462,812246,0,0.998046875,-0.03125,0.025390625,-0.005859375,0.0,0.0,0.0
1016260713,812247,0,1.0078125,-0.03125,0.021484375,-0.009765625,0.0,0.0,0.0
1016261965,812248,0,1.00390625,-0.025390625,0.029296875,0.00390625,0.0,0.0,0.0
1016263216,812249,0,1.0078125,-0.029296875,0.033203125,0.00390625,0.0,0.0,0.0
1016264468,812250,0,1.005859375,-0.02734375,0.02734375,0.0,0.0,0.0,0.0
1016265719,812251,0,1.00390625,-0.025390625,0.029296875,0.00390625,0.0,0.0,0.0
1016266969,812252,0,1.01171875,-0.0234375,0.033203125,0.009765625,0.0,0.0,0.0
1016268221,812253,0,1.005859375,-0.021484375,0.025390625,0.00390625,0.0,0.0,0.0
1016269471,812254,0,1.00390625,-0.025390625,0.029296875,0.00390625,0.0,0.0,0.0
1016270721,812255,0,1.00390625,-0.025390625,0.029296875,0.00390625,0.0,0.0,0.0
1016271972,812256,0,1.0,-0.029296875,0.02734375,-0.001953125,0.0,0.0,0.0
1016273224,812257,0,1.00390625,-0.021484375,0.021484375,0.0,0.0,0.0,0.0
1016274474,812258,0,0.99609375,-0.029296875,0.021484375,-0.0078125,0.0,0.0,0.0
1016275724,812259,0,1.0,-0.033203125,0.015625,-0.017578125,0.0,0.0,0.0
1016276976,812260,0,1.0,-0.03125,0.021484375,-0.009765625,0.0,0.0,0.0
1016278226,812261,0,1.005859375,-0.03515625,0.015625,-0.01953125,0.0,0.0,0.0
1016279476,812262,0,1.005859375,-0.03125,0.017578125,-0.013671875,0.0,0.0,0.0
1016280728,812263,0,0.99609375,-0.029296875,0.029296875,0.0,0.0,0.0,0.0
1016281978,812264,0,1.0,-0.03125,0.01953125,-0.01171875,0.0,0.0,0.0
1016283230,812265,0,1.001953125,-0.03125,0.03125,0.0,0.0,0.0,0.0
1016284481,812266,0,1.0,-0.029296875,0.025390625,-0.00390625,0.0,0.0,0.0
1016285732,812267,0,1.001953125,-0.03125,0.0234375,-0.0078125,0.0,0.0,0.0
1016286983,812268,0,1.0,-0.029296875,0.02734375,-0.001953125,0.0,0.0,0.0
1016288235,812269,0,1.001953125,-0.02734375,0.03125,0.00390625,0.0,0.0,0.0
1016289485,812270,0,1.00390625,-0.03125,0.02734375,-0.00390625,0.0,0.0,0.0
1016290736,812271,0,0.998046875,-0.029296875,0.029296875,0.0,0.0,0.0,0.0
1016291987,812272,0,1.001953125,-0.025390625,0.03125,0.005859375,0.0,0.0,0.0
1016293237,812273,0,1.00390625,-0.029296875,0.025390625,-0.00390625,0.0,0.0,0.0
1016294488,812274,0,1.005859375,-0.029296875,0.025390625,-0.00390625,0.0,0.0,0.0
1016295738,812275,0,1.005859375,-0.02734375,0.02734375,0.0,0.0,0.0,0.0
1016296989,812276,0,1.00390625,-0.02734375,0.029296875,0.001953125,0.0,0.0,0.0
1016298239,812277,0,1.0078125,-0.03125,0.021484375,-0.009765625,0.0,0.0,0.0
1016299490,812278,0,1.0,-0.033203125,0.025390625,-0.0078125,0.0,0.0,0.0
1016300741,812279,0,1.0,-0.029296875,0.02734375,-0.001953125,0.0,0.0,0.0
1016301991,812280,0,1.0078125,-0.02734375,0.03515625,0.0078125,0.0,0.0,0.0
1016303242,812281,0,1.0,-0.029296875,0.025390625,-0.00390625,0.0,0.0,0.0
1016304493,812282,0,0.99609375,-0.02734375,0.02734375,0.0,0.0,0.0,0.0
1016305745,812283,0,1.0,-0.033203125,0.021484375,-0.01171875,0.0,0.0,0.0
1016306995,812284,0,1.001953125,-0.02734375,0.03125,0.00390625,0.0,0.0,0.0
1016308247,812285,0,1.00390625,-0.03125,0.0234375,-0.0078125,0.0,0.0,0.0
1016309498,812286,0,1.00390625,-0.029296875,0.025390625,-0.00390625,0.0,0.0,0.0
1016310749,812287,0,1.001953125,-0.03125,0.025390625,-0.005859375,0.0,0.0,0.0
1016312000,812288,0,1.001953125,-0.029296875,0.02734375,-0.001953125,0.0,0.0,0.0
1016313250,812289,0,1.01171875,-0.03125,0.021484375,-0.009765625,0.0,0.0,0.0
1016314501,812290,0,1.009765625,-0.033203125,0.025390625,-0.0078125,0.0,0.0,0.0
1016315752,812291,0,1.005859375,-0.02734375,0.025390625,-0.001953125,0.0,0.0,0.0
1016317003,812292,0,1.005859375,-0.03515625,0.02734375,-0.0078125,0.0,0.0,0.0
1016318254,812293,0,1.001953125,-0.03125,0.021484375,-0.009765625,0.0,0.0,0.0
1016319504,812294,0,1.00390625,-0.025390625,0.0234375,-0.001953125,0.0,0.0,0.0
1016320755,812295,0,1.0,-0.029296875,0.02734375,-0.001953125,0.0,0.0,0.0
1016322006,812296,0,1.005859375,-0.02734375,0.021484375,-0.005859375,0.0,0.0,0.0
1016323257,812297,0,0.998046875,-0.033203125,0.01953125,-0.013671875,0.0,0.0,0.0
1016324508,812298,0,1.0,-0.03125,0.0234375,-0.0078125,0.0,0.0,0.0
1016325760,812299,0,0.99609375,-0.03125,0.025390625,-0.005859375,0.0,0.0,0.0
1016327010,812300,0,1.00390625,-0.03515625,0.017578125,-0.017578125,0.0,0.0,0.0
1016328261,812301,0,1.01171875,-0.037109375,0.021484375,-0.015625,0.0,0.0,0.0
1016329513,812302,0,0.99609375,-0.03125,0.01953125,-0.01171875,0.0,0.0,0.0
1016330763,812303,0,1.009765625,-0.029296875,0.033203125,0.00390625,0.0,0.0,0.0
1016332014,812304,0,1.01171875,-0.02734375,0.0234375,-0.00390625,0.0,0.0,0.0
1016333271,812305,0,0.998046875,-0.02734375,0.0234375,-0.00390625,0.0,0.0,0.0
1016334522,812306,0,1.0,-0.033203125,0.025390625,-0.0078125,0.0,0.0,0.0
1016335774,812307,0,0.99609375,-0.03125,0.025390625,-0.005859375,0.0,0.0,0.0
1016337024,812308,0,1.001953125,-0.03125,0.029296875,-0.001953125,0.0,0.0,0.0
1016338275,812309,0,1.00390625,-0.03125,0.02734375,-0.00390625,0.0,0.0,0.0
1016339527,812310,0,1.0,-0.029296875,0.025390625,-0.00390625,0.0,0.0,0.0
1016340778,812311,0,1.00390625,-0.02734375,0.03125,0.00390625,0.0,0.0,0.0
1016342028,812312,0,1.009765625,-0.029296875,0.0234375,-0.005859375,0.0,0.0,0.0
1016343278,812313,0,1.00390625,-0.029296875,0.0234375,-0.005859375,0.0,0.0,0.0
1016344528,812314,0,1.005859375,-0.025390625,0.025390625,0.0,0.0,0.0,0.0
1016345780,812315,0,1.005859375,-0.029296875,0.021484375,-0.0078125,0.0,0.0,0.0
1016347031,812316,0,1.001953125,-0.02734375,0.02734375,0.0,0.0,0.0,0.0
1016348282,812317,0,1.009765625,-0.025390625,0.029296875,0.00390625,0.0,0.0,0.0
1016349533,812318,0,1.009765625,-0.0234375,0.029296875,0.005859375,0.0,0.0,0.0
1016350784,812319,0,1.005859375,-0.0234375,0.033203125,0.009765625,0.0,0.0,0.0
1016352034,812320,0,1.009765625,-0.03125,0.025390625,-0.005859375,0.0,0.0,0.0
1016353284,812321,0,0.99609375,-0.02734375,0.021484375,-0.005859375,0.0,0.0,0.0
1016354536,812322,0,1.0,-0.03125,0.021484375,-0.009765625,0.0,0.0,0.0
1016355787,812323,0,1.00390625,-0.02734375,0.025390625,-0.001953125,0.0,0.0,0.0
1016357038,812324,0,0.998046875,-0.03125,0.02734375,-0.00390625,0.0,0.0,0.0
1016358288,812325,0,1.00390625,-0.03515625,0.0234375,-0.01171875,0.0,0.0,0.0
1016359539,812326,0,0.9921875,-0.0234375,0.033203125,0.009765625,0.0,0.0,0.0
1016360790,812327,0,1.0,-0.02734375,0.025390625,-0.001953125,0.0,0.0,0.0
1016362040,812328,0,1.0078125,-0.025390625,0.02734375,0.001953125,0.0,0.0,0.0
1016363290,812329,0,1.0078125,-0.025390625,0.025390625,0.0,0.0,0.0,0.0
1016364542,812330,0,1.0078125,-0.03125,0.03125,0.0,0.0,0.0,0.0
1016365793,812331,0,1.0078125,-0.02734375,0.0234375,-0.00390625,0.0,0.0,0.0
1016367044,812332,0,1.001953125,-0.025390625,0.029296875,0.00390625,0.0,0.0,0.0
1016368295,812333,0,1.00390625,-0.025390625,0.021484375,-0.00390625,0.0,0.0,0.0
1016369546,812334,0,1.00390625,-0.025390625,0.03125,0.005859375,0.0,0.0,0.0
1016370796,812335,0,1.001953125,-0.03125,0.02734375,-0.00390625,0.0,0.0,0.0
1016372048,812336,0,1.00390625,-0.029296875,0.029296875,0.0,0.0,0.0,0.0
1016373299,812337,0,1.0078125,-0.02734375,0.021484375,-0.005859375,0.0,0.0,0.0
1016374549,812338,0,1.0,-0.03125,0.02734375,-0.00390625,0.0,0.0,0.0
1016375801,812339,0,1.0,-0.029296875,0.02734375,-0.001953125,0.0,0.0,0.0
1016377051,812340,0,1.001953125,-0.01953125,0.03125,0.01171875,0.0,0.0,0.0
1016378301,812341,0,1.0078125,-0.025390625,0.02734375,0.001953125,0.0,0.0,0.0
1016379552,812342,0,1.013671875,-0.025390625,0.02734375,0.001953125,0.0,0.0,0.0
1016380803,812343,0,1.013671875,-0.029296875,0.021484375,-0.0078125,0.0,0.0,0.0
1016382054,812344,0,1.005859375,-0.029296875,0.029296875,0.0,0.0,0.0,0.0
1016383305,812345,0,1.01171875,-0.02734375,0.029296875,0.001953125,0.0,0.0,0.0
1016384556,812346,0,1.001953125,-0.03125,0.025390625,-0.005859375,0.0,0.0,0.0
1016385807,812347,0,1.01171875,-0.0234375,-0.0234375,-0.046875,0.0,0.0,0.0
1016387059,812348,0,1.005859375,-0.0234375,0.025390625,0.001953125,0.0,0.0,0.0
1016388310,812349,0,1.005859375,-0.021484375,0.02734375,0.005859375,0.0,0.0,0.0
1016389560,812350,0,0.994140625,-0.025390625,0.029296875,0.00390625,0.0,0.0,0.0
1016390810,812351,0,1.005859375,-0.02734375,0.02734375,0.0,0.0,0.0,0.0
1016392061,812352,0,1.005859375,-0.02734375,0.02734375,0.0,0.0,0.0,0.0
1016393311,812353,0,1.0,-0.029296875,0.0234375,-0.005859375,0.0,0.0,0.0
1016394563,812354,0,1.01171875,-0.03125,0.029296875,-0.001953125,0.0,0.0,0.0
1016395813,812355,0,1.001953125,-0.03125,0.0234375,-0.0078125,0.0,0.0,0.0
1016397065,812356,0,1.0,-0.029296875,0.025390625,-0.00390625,0.0,0.0,0.0
1016398316,812357,0,1.005859375,-0.029296875,0.033203125,0.00390625,0.0,0.0,0.0
1016399566,812358,0,0.998046875,-0.029296875,0.02734375,-0.001953125,0.0,0.0,0.0
1016400817,812359,0,1.0078125,-0.02734375,0.021484375,-0.005859375,0.0,0.0,0.0
1016402067,812360,0,1.0,-0.033203125,0.025390625,-0.0078125,0.0,0.0,0.0
1016403317,812361,0,1.005859375,-0.03125,0.02734375,-0.00390625,0.0,0.0,5.9718640786057506e+22
1016405818,812363,0,1.00390625,-0.03125,0.0234375,-0.0078125,0.0,0.0,0.0
1016407070,812364,0,1.005859375,-0.03125,0.01953125,-0.01171875,0.0,0.0,0.0
1016408321,812365,0,0.99609375,-0.02734375,0.03125,0.00390625,0.0,0.0,0.0
1016409571,812366,0,1.0078125,-0.0234375,0.02734375,0.00390625,0.0,0.0,0.0
1016410821,812367,0,1.01953125,-0.03515625,0.025390625,-0.009765625,0.0,0.0,0.0
1016412071,812368,0,1.01171875,-0.02734375,0.03515625,0.0078125,0.0,0.0,0.0
1016413322,812369,0,1.00390625,-0.0234375,0.029296875,0.005859375,0.0,0.0,0.0
1016414572,812370,0,1.005859375,-0.03515625,0.03125,-0.00390625,0.0,0.0,0.0
1016415823,812371,0,0.998046875,-0.02734375,0.02734375,0.0,0.0,0.0,0.0
1016417075,812372,0,1.005859375,-0.029296875,0.021484375,-0.0078125,0.0,0.0,0.0
1016418326,812373,0,1.00390625,-0.033203125,0.01953125,-0.013671875,0.0,0.0,0.0
1016419577,812374,0,1.0,-0.029296875,0.029296875,0.0,0.0,0.0,0.0
1016420829,812375,0,1.005859375,-0.029296875,0.0234375,-0.005859375,0.0,0.0,0.0
1016422079,812376,0,1.0078125,-0.025390625,0.0234375,-0.001953125,0.0,0.0,0.0
1016423329,812377,0,1.005859375,-0.02734375,0.021484375,-0.005859375,0.0,0.0,0.0
1016424580,812378,0,1.005859375,-0.029296875,0.021484375,-0.0078125,0.0,0.0,0.0
1016425831,812379,0,1.00390625,-0.03125,0.02734375,-0.00390625,0.0,0.0,0.0
1016427082,812380,0,1.005859375,-0.02734375,0.025390625,-0.001953125,0.0,0.0,0.0
1016428333,812381,0,1.0,-0.02734375,0.029296875,0.001953125,0.0,0.0,0.0
1016429584,812382,0,1.001953125,-0.029296875,0.029296875,0.0,0.0,0.0,0.0
1016430835,812383,0,1.0078125,-0.029296875,0.029296875,0.0,0.0,0.0,0.0
1016432087,812384,0,1.001953125,-0.029296875,0.0234375,-0.005859375,0.0,0.0,0.0
1016433338,812385,0,1.005859375,-0.029296875,0.025390625,-0.00390625,0.0,0.0,0.0
1016434590,812386,0,1.001953125,-0.02734375,0.03125,0.00390625,0.0,0.0,0.0
1016435841,812387,0,1.00390625,-0.03125,0.021484375,-0.009765625,0.0,0.0,0.0
1016437092,812388,0,1.00390625,-0.021484375,0.021484375,0.0,0.0,0.0,0.0
1016438343,812389,0,1.001953125,-0.0234375,0.02734375,0.00390625,0.0,0.0,0.0
1016439595,812390,0,1.009765625,-0.02734375,0.025390625,-0.001953125,0.0,0.0,0.0
1016440845,812391,0,1.00390625,-0.02734375,0.017578125,-0.009765625,0.0,0.0,0.0
1016442097,812392,0,1.001953125,-0.03125,0.03125,0.0,0.0,0.0,0.0
1016443348,812393,0,1.0078125,-0.029296875,0.0234375,-0.005859375,0.0,0.0,0.0
1016444600,812394,0,1.005859375,-0.029296875,0.029296875,0.0,0.0,0.0,0.0
1016445850,812395,0,1.005859375,-0.03125,0.0234375,-0.0078125,0.0,0.0,0.0
1016447101,812396,0,1.00390625,-0.03125,0.02734375,-0.00390625,0.0,0.0,0.0
1016448351,812397,0,1.00390625,-0.03125,0.0234375,-0.0078125,0.0,0.0,0.0
1016449602,812398,0,1.0,-0.03125,0.021484375,-0.009765625,0.0,0.0,0.0
1016450853,812399,0,0.99609375,-0.033203125,0.0234375,-0.009765625,0.0,0.0,0.0
1016452104,812400,0,1.001953125,-0.033203125,0.0234375,-0.009765625,0.0,0.0,0.0
1016453355,812401,0,0.99609375,-0.033203125,0.01953125,-0.013671875,0.0,0.0,0.0
1016454606,812402,0,1.0,-0.03125,0.021484375,-0.009765625,0.0,0.0,0.0
1016455857,812403,0,1.005859375,-0.03515625,0.029296875,-0.005859375,0.0,0.0,0.0
1016457109,812404,0,1.001953125,-0.029296875,0.025390625,-0.00390625,0.0,0.0,0.0
1016458360,812405,0,1.0,-0.02734375,0.01953125,-0.0078125,0.0,0.0,0.0
1016459610,812406,0,1.00390625,-0.03125,0.02734375,-0.00390625,0.0,0.0,0.0
1016460861,812407,0,0.994140625,-0.03515625,0.02734375,-0.0078125,0.0,0.0,0.0
1016462112,812408,0,1.001953125,-0.03125,0.015625,-0.015625,0.0,0.0,0.0
1016463362,812409,0,1.001953125,-0.03125,0.025390625,-0.005859375,0.0,0.0,0.0
1016464613,812410,0,1.013671875,-0.03125,0.02734375,-0.00390625,0.0,0.0,0.0
1016465863,812411,0,1.0078125,-0.025390625,0.03125,0.005859375,0.0,0.0,0.0
1016467115,812412,0,1.0078125,-0.033203125,0.029296875,-0.00390625,0.0,0.0,0.0
1016468366,812413,0,0.99609375,-0.02734375,0.029296875,0.001953125,0.0,0.0,0.0
1016469616,812414,0,1.005859375,-0.03125,0.02734375,-0.00390625,0.0,0.0,0.0
1016470867,812415,0,1.009765625,-0.037109375,0.025390625,-0.01171875,0.0,0.0,0.0
1016472117,812416,0,1.005859375,-0.029296875,0.021484375,-0.0078125,0.0,0.0,0.0
1016473367,812417,0,1.005859375,-0.033203125,0.0234375,-0.009765625,0.0,0.0,0.0
1016474618,812418,0,1.00390625,-0.033203125,0.021484375,-0.01171875,0.0,0.0,0.0
1016475868,812419,0,1.0,-0.037109375,0.021484375,-0.015625,0.0,0.0,0.0
1016477120,812420,0,0.994140625,-0.03515625,0.017578125,-0.017578125,0.0,0.0,0.0
1016478371,812421,0,0.99609375,-0.03515625,0.01953125,-0.015625,0.0,0.0,0.0
1016479621,812422,0,0.998046875,-0.037109375,0.017578125,-0.01953125,0.0,0.0,0.0
1016480873,812423,0,1.0,-0.03125,0.025390625,-0.005859375,0.0,0.0,0.0
1016482123,812424,0,1.001953125,-0.033203125,0.029296875,-0.00390625,0.0,0.0,0.0
1016483373,812425,0,1.00390625,-0.029296875,0.021484375,-0.0078125,0.0,0.0,0.0
1016484623,812426,0,0.99609375,-0.037109375,0.02734375,-0.009765625,0.0,0.0,0.0
1016485873,812427,0,0.998046875,-0.037109375,0.015625,-0.021484375,0.0,0.0,0.0
1016487125,812428,0,0.9921875,-0.03125,0.029296875,-0.001953125,0.0,0.0,0.0
1016488376,812429,0,1.001953125,-0.0390625,0.015625,-0.0234375,0.0,0.0,0.0
1016489626,812430,0,1.0,-0.029296875,0.025390625,-0.00390625,0.0,0.0,0.0
1016490877,812431,0,1.015625,-0.021484375,0.02734375,0.005859375,0.0,0.0,0.0
1016492128,812432,0,1.0078125,-0.0234375,0.02734375,0.00390625,0.0,0.0,0.0
1016493378,812433,0,1.0,-0.03125,0.01953125,-0.01171875,0.0,0.0,0.0
1016494629,812434,0,1.001953125,-0.021484375,0.03515625,0.013671875,0.0,0.0,0.0
1016495880,812435,0,1.009765625,-0.0234375,0.03515625,0.01171875,0.0,0.0,0.0
1016497131,812436,0,1.00390625,-0.025390625,0.029296875,0.00390625,0.0,0.0,0.0
1016498382,812437,0,1.0078125,-0.025390625,0.029296875,0.00390625,0.0,0.0,0.0
1016499632,812438,0,1.00390625,-0.0234375,0.029296875,0.005859375,0.0,0.0,0.0
1016500883,812439,0,1.0078125,-0.02734375,0.02734375,0.0,0.0,0.0,0.0
1016502134,812440,0,1.00390625,-0.025390625,0.021484375,-0.00390625,0.0,0.0,0.0
1016503384,812441,0,1.0078125,-0.029296875,0.0234375,-0.005859375,0.0,0.0,0.0
1016504636,812442,0,1.0078125,-0.025390625,0.021484375,-0.00390625,0.0,0.0,0.0
1016505886,812443,0,1.00390625,-0.03125,0.021484375,-0.009765625,0.0,0.0,0.0
1016507137,812444,0,1.0,-0.029296875,0.025390625,-0.00390625,0.0,0.0,0.0
1016508388,812445,0,1.001953125,-0.033203125,0.0234375,-0.009765625,0.0,0.0,0.0
1016509639,812446,0,0.99609375,-0.03125,0.021484375,-0.009765625,0.0,0.0,0.0
1016510889,812447,0,0.994140625,-0.03515625,0.01953125,-0.015625,0.0,0.0,0.0
1016512140,812448,0,0.99609375,-0.03515625,0.017578125,-0.017578125,0.0,0.0,0.0
1016513392,812449,0,1.0,-0.03125,0.017578125,-0.013671875,0.0,0.0,0.0
1016514642,812450,0,0.99609375,-0.021484375,0.03125,0.009765625,0.0,0.0,0.0
1016515894,812451,0,1.001953125,-0.02734375,0.021484375,-0.005859375,0.0,0.0,0.0
1016517145,812452,0,0.99609375,-0.037109375,0.01953125,-0.017578125,0.0,0.0,0.0
1016518396,812453,0,1.005859375,-0.02734375,0.025390625,-0.001953125,0.0,0.0,0.0
1016519648,812454,0,1.0,-0.033203125,0.01953125,-0.013671875,0.0,0.0,0.0
1016520899,812455,0,0.99609375,-0.03125,0.015625,-0.015625,0.0,0.0,0.0
1016522150,812456,0,0.994140625,-0.03125,0.01953125,-0.01171875,0.0,0.0,0.0
1016523400,812457,0,1.0,-0.033203125,0.021484375,-0.01171875,0.0,0.0,0.0
1016524651,812458,0,0.998046875,-0.033203125,0.017578125,-0.015625,0.0,0.0,0.0
1016525902,812459,0,1.001953125,-0.033203125,0.021484375,-0.01171875,0.0,0.0,0.0
1016527152,812460,0,1.001953125,-0.033203125,0.025390625,-0.0078125,0.0,0.0,0.0
1016528402,812461,0,0.998046875,-0.029296875,0.009765625,-0.01953125,0.0,0.0,0.0
1016529654,812462,0,0.998046875,-0.037109375,0.01953125,-0.017578125,0.0,0.0,0.0
1016530904,812463,0,0.99609375,-0.037109375,0.021484375,-0.015625,0.0,0.0,0.0
1016532154,812464,0,0.99609375,-0.04296875,0.01171875,-0.03125,0.0,0.0,0.0
1016533405,812465,0,0.994140625,-0.0390625,0.009765625,-0.029296875,0.0,0.0,0.0
1016534655,812466,0,0.9921875,-0.041015625,0.015625,-0.025390625,0.0,0.0,0.0
1016535906,812467,0,0.98828125,-0.046875,0.0078125,-0.0390625,0.0,0.0,0.0
1016537157,812468,0,0.990234375,-0.05078125,0.015625,-0.03515625,0.0,0.0,0.0
1016538408,812469,0,0.990234375,-0.0390625,0.013671875,-0.025390625,0.0,0.0,0.0
1016539659,812470,0,0.9921875,-0.041015625,0.009765625,-0.03125,0.0,0.0,0.0
1016540911,812471,0,1.0,-0.037109375,0.01953125,-0.017578125,0.0,0.0,0.0
1016542162,812472,0,1.009765625,-0.0390625,0.01953125,-0.01953125,0.0,0.0,0.0
1016543414,812473,0,0.998046875,-0.03515625,0.013671875,-0.021484375,0.0,0.0,0.0
1016544664,812474,0,1.005859375,-0.029296875,0.021484375,-0.0078125,0.0,0.0,0.0
1016545916,812475,0,1.0,-0.033203125,0.01953125,-0.013671875,0.0,0.0,0.0
1016547167,812476,0,0.994140625,-0.03125,0.029296875,-0.001953125,0.0,0.0,0.0
1016548417,812477,0,0.990234375,-0.03515625,0.021484375,-0.013671875,0.0,0.0,0.0
1016549668,812478,0,0.99609375,-0.033203125,0.021484375,-0.01171875,0.0,0.0,0.0
1016550919,812479,0,0.998046875,-0.04296875,0.01953125,-0.0234375,0.0,0.0,0.0
1016552170,812480,0,0.99609375,-0.037109375,0.013671875,-0.0234375,0.0,0.0,0.0
1016553421,812481,0,0.9921875,-0.04296875,0.021484375,-0.021484375,0.0,0.0,0.0
1016554672,812482,0,0.986328125,-0.048828125,0.01953125,-0.029296875,0.0,0.0,0.0
1016555922,812483,0,0.9921875,-0.041015625,0.015625,-0.025390625,0.0,0.0,0.0
1016557173,812484,0,0.986328125,-0.0390625,0.021484375,-0.017578125,0.0,0.0,0.0
1016558425,812485,0,0.994140625,-0.03515625,0.02734375,-0.0078125,0.0,0.0,0.0
1016559675,812486,0,0.998046875,-0.041015625,0.013671875,-0.02734375,0.0,0.0,0.0
1016560927,812487,0,0.998046875,-0.044921875,0.0078125,-0.037109375,0.0,0.0,0.0
1016562177,812488,0,0.99609375,-0.0546875,0.005859375,-0.048828125,0.0,0.0,0.0
1016563429,812489,0,0.98828125,-0.046875,0.015625,-0.03125,0.0,0.0,0.0
1016564680,812490,0,0.986328125,-0.05859375,0.005859375,-0.052734375,0.0,0.0,0.0
1016565930,812491,0,0.994140625,-0.06640625,0.001953125,-0.064453125,0.0,0.0,0.0
1016567180,812492,0,0.986328125,-0.083984375,0.005859375,-0.078125,0.0,0.0,0.0
1016568431,812493,0,0.99609375,-0.083984375,0.009765625,-0.07421875,0.0,0.0,0.0
1016569682,812494,0,0.986328125,-0.091796875,-0.00390625,-0.095703125,0.0,0.0,0.0
1016570933,812495,0,0.974609375,-0.095703125,0.009765625,-0.0859375,0.0,0.0,0.0
1016572184,812496,0,0.98046875,-0.095703125,0.03515625,-0.060546875,0.0,0.0,0.0
1016573434,812497,0,1.021484375,-0.138671875,0.064453125,-0.07421875,0.0,0.0,0.0
1016574685,812498,0,1.111328125,-0.232421875,0.07421875,-0.158203125,0.0,0.0,0.0
1016575936,812499,0,1.169921875,-0.27734375,0.0234375,-0.25390625,0.0,0.0,0.0
1016577188,812500,0,1.134765625,-0.3359375,-0.00390625,-0.33984375,0.0,0.0,0.0
1016578439,812501,0,1.103515625,-0.357421875,-0.01171875,-0.369140625,0.0,0.0,0.0
1016579690,812502,0,1.0234375,-0.3671875,-0.017578125,-0.384765625,0.0,0.0,0.0
1016580941,812503,0,0.970703125,-0.3828125,-0.05859375,-0.44140625,0.0,0.0,0.0
1016582192,812504,0,0.935546875,-0.41015625,-0.064453125,-0.474609375,0.0,0.0,0.0
1016583443,812505,0,0.92578125,-0.431640625,-0.076171875,-0.5078125,0.0,0.0,0.0
1016584695,812506,0,0.947265625,-0.43359375,-0.072265625,-0.505859375,0.0,0.0,0.0
1016585945,812507,0,0.974609375,-0.4453125,-0.056640625,-0.501953125,0.0,0.0,0.0
1016587195,812508,0,1.015625,-0.4453125,-0.046875,-0.4921875,0.0,0.0,0.0
1016588447,812509,0,1.033203125,-0.4296875,-0.03125,-0.4609375,0.0,0.0,0.0
1016589697,812510,0,1.037109375,-0.404296875,-0.046875,-0.451171875,0.0,0.0,0.0
1016590949,812511,0,1.0390625,-0.369140625,-0.046875,-0.416015625,0.0,0.0,0.0
1016592200,812512,0,1.03515625,-0.33203125,-0.044921875,-0.376953125,0.0,0.0,0.0
1016593452,812513,0,1.0234375,-0.326171875,-0.064453125,-0.390625,0.0,0.0,0.0
1016594702,812514,0,1.017578125,-0.357421875,-0.07421875,-0.431640625,0.0,0.0,0.0
1016595954,812515,0,1.01953125,-0.453125,-0.07421875,-0.52734375,0.0,0.0,0.0
1016597205,812516,0,1.021484375,-0.63671875,-0.07421875,-0.7109375,0.0,0.0,0.0
1016598456,812517,0,1.04296875,-0.966796875,-0.095703125,-1.0625,0.0,0.0,0.0
1016599708,812518,0,1.119140625,-1.73046875,-0.14453125,-1.875,0.0,0.0,0.0
1016600958,812519,0,1.16796875,-1.857421875,-0.51171875,-2.369140625,0.0,0.0,0.0
1016602209,812520,0,1.2265625,-2.5703125,-0.43359375,-3.00390625,0.0,0.0,0.0
1016603459,812521,0,1.396484375,-4.0,-0.166015625,-4.166015625,0.0,0.0,0.0
1016604710,812522,0,0.7578125,-2.517578125,-0.90234375,-3.419921875,0.0,0.0,0.0
1016605961,812523,0,1.07421875,-2.966796875,-0.955078125,-3.921875,0.0,0.0,0.0
1016607212,812524,0,1.083984375,-2.7734375,-0.625,-3.3984375,0.0,0.0,0.0
1016608462,812525,0,0.703125,-2.14453125,-0.716796875,-2.861328125,0.0,0.0,0.0
1016609713,812526,0,0.4296875,-1.728515625,-0.80078125,-2.529296875,0.0,0.0,0.0
1016610965,812527,0,0.427734375,-1.626953125,-0.591796875,-2.21875,0.0,0.0,0.0
1016612216,812528,0,0.419921875,-1.32421875,-0.38671875,-1.7109375,0.0,0.0,0.0
1016613468,812529,0,0.4453125,-0.923828125,-0.509765625,-1.43359375,0.0,0.0,0.0
1016614719,812530,0,0.568359375,-0.541015625,-0.697265625,-1.23828125,0.0,0.0,0.0
1016615969,812531,0,2.056640625,0.083984375,-2.763671875,-2.6796875,0.0,0.0,0.0
1016617221,812532,0,0.46875,-0.3125,-1.228515625,-1.541015625,0.0,0.0,0.0
1016618471,812533,0,0.994140625,0.51953125,-0.658203125,-0.138671875,0.0,0.0,0.0
1016619721,812534,0,1.736328125,1.4453125,-0.89453125,0.55078125,0.0,0.0,0.0
1016620972,812535,0,0.984375,1.384765625,0.07421875,1.458984375,0.0,0.0,0.0
1016622224,812536,0,1.2734375,1.291015625,-0.72265625,0.568359375,0.0,0.0,0.0
1016623474,812537,0,1.146484375,2.00390625,-0.3828125,1.62109375,0.0,0.0,0.0
1016624724,812538,0,1.04296875,1.62890625,-0.265625,1.36328125,0.0,0.0,0.0
1016625976,812539,0,1.04296875,2.22265625,-0.10546875,2.1171875,0.0,0.0,0.0
1016627226,812540,0,0.9765625,2.404296875,0.15625,2.560546875,0.0,0.0,0.0
1016628476,812541,0,0.943359375,2.5859375,0.220703125,2.806640625,0.0,0.0,0.0
1016629728,812542,0,0.923828125,2.595703125,0.326171875,2.921875,0.0,0.0,0.0
1016630978,812543,0,0.9921875,2.642578125,0.408203125,3.05078125,0.0,0.0,0.0
1016632230,812544,0,1.095703125,2.701171875,0.34765625,3.048828125,0.0,0.0,0.0
1016633481,812545,0,1.11328125,2.75,0.435546875,3.185546875,0.0,0.0,0.0
1016634732,812546,0,1.185546875,2.708984375,0.537109375,3.24609375,0.0,0.0,0.0
1016635983,812547,0,1.150390625,2.744140625,0.57421875,3.318359375,0.0,0.0,0.0
1016637235,812548,0,1.140625,2.630859375,0.552734375,3.18359375,0.0,0.0,0.0
1016638485,812549,0,1.0859375,2.55078125,0.517578125,3.068359375,0.0,0.0,0.0
1016639736,812550,0,1.0703125,2.43359375,0.470703125,2.904296875,0.0,0.0,0.0
1016640987,812551,0,1.021484375,2.306640625,0.47265625,2.779296875,0.0,0.0,0.0
1016642237,812552,0,1.001953125,2.185546875,0.42578125,2.611328125,0.0,0.0,0.0
1016643488,812553,0,0.986328125,2.00390625,0.34765625,2.3515625,0.0,0.0,0.0
1016644738,812554,0,1.0,1.828125,0.265625,2.09375,0.0,0.0,0.0
1016645989,812555,0,1.02734375,1.623046875,0.17578125,1.798828125,0.0,0.0,0.0
1016647239,812556,0,1.0234375,1.412109375,0.13671875,1.548828125,0.0,0.0,0.0
1016648490,812557,0,1.060546875,1.197265625,0.08984375,1.287109375,0.0,0.0,0.0
1016649741,812558,0,1.072265625,0.9765625,0.013671875,0.990234375,0.0,0.0,0.0
1016650991,812559,0,1.05859375,0.7421875,-0.072265625,0.669921875,0.0,0.0,0.0
1016652242,812560,0,1.05859375,0.49609375,-0.13671875,0.359375,0.0,0.0,0.0
1016653493,812561,0,1.013671875,0.271484375,-0.20703125,0.064453125,0.0,0.0,0.0
1016654745,812562,0,0.97265625,0.01953125,-0.25390625,-0.234375,0.0,0.0,0.0
1016655995,812563,0,0.943359375,-0.201171875,-0.3125,-0.513671875,0.0,0.0,0.0
1016657247,812564,0,0.923828125,-0.412109375,-0.361328125,-0.7734375,0.0,0.0,0.0
1016658498,812565,0,0.91796875,-0.630859375,-0.44140625,-1.072265625,0.0,0.0,0.0
1016659749,812566,0,0.966796875,-0.775390625,-0.40234375,-1.177734375,0.0,0.0,0.0
1016661000,812567,0,1.1015625,-0.8671875,-0.25,-1.1171875,0.0,0.0,0.0
1016662250,812568,0,1.1875,-0.919921875,-0.30078125,-1.220703125,0.0,0.0,0.0
1016663501,812569,0,0.95703125,-1.306640625,-0.173828125,-1.48046875,0.0,0.0,0.0
1016664752,812570,0,0.978515625,-1.421875,-0.19140625,-1.61328125,0.0,0.0,0.0
1016666003,812571,0,1.087890625,-1.453125,-0.294921875,-1.748046875,0.0,0.0,0.0
1016667254,812572,0,0.984375,-1.59765625,-0.27734375,-1.875,0.0,0.0,0.0
1016668504,812573,0,0.900390625,-1.716796875,-0.26171875,-1.978515625,0.0,0.0,0.0
1016669755,812574,0,0.939453125,-1.6875,-0.30859375,-1.99609375,0.0,0.0,0.0
1016671006,812575,0,0.93359375,-1.724609375,-0.337890625,-2.0625,0.0,0.0,0.0
1016672257,812576,0,0.892578125,-1.759765625,-0.29296875,-2.052734375,0.0,0.0,0.0
1016673508,812577,0,0.935546875,-1.7578125,-0.26171875,-2.01953125,0.0,0.0,0.0
1016674760,812578,0,0.94921875,-1.703125,-0.236328125,-1.939453125,0.0,0.0,0.0
1016676010,812579,0,0.955078125,-1.666015625,-0.21484375,-1.880859375,0.0,0.0,0.0
1016677261,812580,0,0.982421875,-1.5859375,-0.203125,-1.7890625,0.0,0.0,0.0
1016678513,812581,0,0.98046875,-1.40234375,-0.203125,-1.60546875,0.0,0.0,0.0
1016679763,812582,0,0.982421875,-1.296875,-0.224609375,-1.521484375,0.0,0.0,0.0
1016681014,812583,0,0.98828125,-1.19140625,-0.228515625,-1.419921875,0.0,0.0,0.0
1016682271,812584,0,0.986328125,-1.046875,-0.224609375,-1.271484375,0.0,0.0,0.0
1016683522,812585,0,0.978515625,-0.90625,-0.203125,-1.109375,0.0,0.0,0.0
1016684774,812586,0,0.998046875,-0.736328125,-0.16015625,-0.896484375,0.0,0.0,0.0
1016686024,812587,0,0.9921875,-0.5546875,-0.078125,-0.6328125,0.0,0.0,0.0
1016687275,812588,0,0.99609375,-0.46484375,-0.150390625,-0.615234375,0.0,0.0,0.0
1016688527,812589,0,1.029296875,-0.275390625,-0.1328125,-0.408203125,0.0,0.0,0.0
1016689778,812590,0,0.990234375,-0.13671875,-0.005859375,-0.142578125,0.0,0.0,0.0
1016691028,812591,0,0.98828125,-0.0234375,-0.01171875,-0.03515625,0.0,0.0,0.0
1016692278,812592,0,1.076171875,0.1875,-0.041015625,0.146484375,0.0,0.0,0.0
1016693528,812593,0,0.962890625,0.248046875,-0.046875,0.201171875,0.0,0.0,0.0
1016694780,812594,0,1.083984375,0.380859375,-0.27734375,0.103515625,0.0,0.0,0.0
1016696031,812595,0,0.962890625,0.49609375,-0.10546875,0.390625,0.0,0.0,0.0
1016697282,812596,0,1.009765625,0.587890625,-0.083984375,0.50390625,0.0,0.0,0.0
1016698533,812597,0,1.013671875,0.724609375,0.05078125,0.775390625,0.0,0.0,0.0
1016699784,812598,0,1.05859375,0.857421875,0.130859375,0.98828125,0.0,0.0,0.0
1016701034,812599,0,1.02734375,0.904296875,0.171875,1.076171875,0.0,0.0,0.0
1016702284,812600,0,1.029296875,0.97265625,0.1484375,1.12109375,0.0,0.0,0.0
1016703536,812601,0,1.03515625,1.04296875,0.146484375,1.189453125,0.0,0.0,0.0
1016704787,812602,0,1.033203125,1.068359375,0.20703125,1.275390625,0.0,0.0,0.0
1016706038,812603,0,1.041015625,1.091796875,0.216796875,1.30859375,0.0,0.0,0.0
1016707288,812604,0,1.0234375,1.11328125,0.23046875,1.34375,0.0,0.0,0.0
1016708539,812605,0,1.01953125,1.103515625,0.208984375,1.3125,0.0,0.0,0.0
1016709790,812606,0,1.0234375,1.09375,0.21484375,1.30859375,0.0,0.0,0.0
1016711040,812607,0,1.03125,1.07421875,0.2265625,1.30078125,0.0,0.0,0.0
1016712290,812608,0,1.03515625,1.0390625,0.220703125,1.259765625,0.0,0.0,0.0
1016713542,812609,0,1.03125,0.9921875,0.2109375,1.203125,0.0,0.0,0.0
1016714793,812610,0,1.041015625,0.9375,0.19140625,1.12890625,0.0,0.0,0.0
1016716044,812611,0,1.03515625,0.87109375,0.1875,1.05859375,0.0,0.0,0.0
1016717295,812612,0,1.02734375,0.798828125,0.16796875,0.966796875,0.0,0.0,0.0
1016718546,812613,0,1.021484375,0.716796875,0.142578125,0.859375,0.0,0.0,0.0
1016719796,812614,0,1.017578125,0.6328125,0.123046875,0.755859375,0.0,0.0,0.0
1016721048,812615,0,1.009765625,0.533203125,0.091796875,0.625,0.0,0.0,0.0
1016722299,812616,0,1.015625,0.44140625,0.064453125,0.505859375,0.0,0.0,0.0
1016723549,812617,0,1.001953125,0.3359375,0.044921875,0.380859375,0.0,0.0,0.0
1016724801,812618,0,1.009765625,0.244140625,0.01953125,0.263671875,0.0,0.0,0.0
1016726051,812619,0,1.00390625,0.126953125,-0.001953125,0.125,0.0,0.0,0.0
1016727301,812620,0,1.005859375,0.03515625,-0.017578125,0.017578125,0.0,0.0,0.0
1016728552,812621,0,1.017578125,-0.052734375,-0.041015625,-0.09375,0.0,0.0,0.0
1016729803,812622,0,1.005859375,-0.12890625,-0.02734375,-0.15625,0.0,0.0,0.0
1016731054,812623,0,1.0078125,-0.216796875,-0.052734375,-0.26953125,0.0,0.0,0.0
1016732305,812624,0,0.9921875,-0.376953125,-0.083984375,-0.4609375,0.0,0.0,0.0
1016733556,812625,0,0.984375,-0.47265625,-0.099609375,-0.572265625,0.0,0.0,0.0
1016734807,812626,0,0.984375,-0.52734375,-0.111328125,-0.638671875,0.0,0.0,0.0
1016736059,812627,0,0.994140625,-0.58984375,-0.115234375,-0.705078125,0.0,0.0,0.0
1016737310,812628,0,0.998046875,-0.626953125,-0.1171875,-0.744140625,0.0,0.0,0.0
1016738560,812629,0,0.986328125,-0.673828125,-0.10546875,-0.779296875,0.0,0.0,0.0
1016739810,812630,0,0.998046875,-0.705078125,-0.109375,-0.814453125,0.0,0.0,0.0
1016741061,812631,0,0.99609375,-0.728515625,-0.119140625,-0.84765625,0.0,0.0,0.0
1016742311,812632,0,0.994140625,-0.74609375,-0.11328125,-0.859375,0.0,0.0,0.0
1016743563,812633,0,0.98828125,-0.748046875,-0.111328125,-0.859375,0.0,0.0,0.0
1016744813,812634,0,0.98046875,-0.74609375,-0.107421875,-0.853515625,0.0,0.0,0.0
1016746065,812635,0,0.98046875,-0.73046875,-0.099609375,-0.830078125,0.0,0.0,0.0
1016747316,812636,0,0.9765625,-0.712890625,-0.095703125,-0.80859375,0.0,0.0,0.0
1016748566,812637,0,0.9765625,-0.677734375,-0.09765625,-0.775390625,0.0,0.0,0.0
1016749817,812638,0,0.9765625,-0.6484375,-0.1015625,-0.75,0.0,0.0,0.0
1016751067,812639,0,0.974609375,-0.611328125,-0.1015625,-0.712890625,0.0,0.0,0.0
1016752317,812640,0,0.9921875,-0.5625,-0.095703125,-0.658203125,0.0,0.0,0.0
1016753567,812641,0,1.0,-0.509765625,-0.087890625,-0.59765625,0.0,0.0,0.0
1016754818,812642,0,1.01171875,-0.431640625,-0.064453125,-0.49609375,0.0,0.0,0.0
1016756070,812643,0,1.001953125,-0.41015625,-0.09765625,-0.5078125,0.0,0.0,0.0
1016757321,812644,0,1.037109375,-0.310546875,-0.080078125,-0.390625,0.0,0.0,0.0
1016758571,812645,0,1.017578125,-0.267578125,-0.03125,-0.298828125,0.0,0.0,0.0
1016759821,812646,0,1.01171875,-0.19921875,-0.01953125,-0.21875,0.0,0.0,0.0
1016761071,812647,0,1.00390625,-0.13671875,-0.02734375,-0.1640625,0.0,0.0,0.0
1016762322,812648,0,0.99609375,-0.068359375,-0.033203125,-0.1015625,0.0,0.0,0.0
1016763572,812649,0,0.9921875,-0.015625,-0.005859375,-0.021484375,0.0,0.0,0.0
1016764823,812650,0,0.994140625,0.05078125,0.0,0.05078125,0.0,0.0,0.0
1016766075,812651,0,0.994140625,0.109375,0.017578125,0.126953125,0.0,0.0,0.0
1016767326,812652,0,1.001953125,0.166015625,0.029296875,0.1953125,0.0,0.0,0.0
1016768577,812653,0,1.0078125,0.21484375,0.037109375,0.251953125,0.0,0.0,0.0
1016769829,812654,0,1.01953125,0.259765625,0.048828125,0.30859375,0.0,0.0,0.0
1016771079,812655,0,1.025390625,0.30859375,0.060546875,0.369140625,0.0,0.0,0.0
1016772329,812656,0,1.02734375,0.33984375,0.072265625,0.412109375,0.0,0.0,0.0
1016773580,812657,0,1.02734375,0.376953125,0.080078125,0.45703125,0.0,0.0,0.0
1016774831,812658,0,1.02734375,0.400390625,0.0859375,0.486328125,0.0,0.0,0.0
1016776082,812659,0,1.015625,0.421875,0.0859375,0.5078125,0.0,0.0,0.0
1016777333,812660,0,1.009765625,0.439453125,0.10546875,0.544921875,0.0,0.0,0.0
1016778584,812661,0,1.013671875,0.447265625,0.109375,0.556640625,0.0,0.0,0.0
1016779835,812662,0,1.009765625,0.443359375,0.09375,0.537109375,0.0,0.0,0.0
1016781087,812663,0,1.021484375,0.4453125,0.095703125,0.541015625,0.0,0.0,0.0
1016782338,812664,0,1.00390625,0.4375,0.09765625,0.53515625,0.0,0.0,0.0
1016783590,812665,0,1.015625,0.423828125,0.09765625,0.521484375,0.0,0.0,0.0
1016784841,812666,0,1.013671875,0.388671875,0.095703125,0.484375,0.0,0.0,0.0
1016786092,812667,0,1.01953125,0.359375,0.09375,0.453125,0.0,0.0,0.0
1016787343,812668,0,1.015625,0.330078125,0.0859375,0.416015625,0.0,0.0,0.0
1016788595,812669,0,1.015625,0.296875,0.08203125,0.37890625,0.0,0.0,0.0
1016789845,812670,0,1.009765625,0.26171875,0.0703125,0.33203125,0.0,0.0,0.0
1016791097,812671,0,1.009765625,0.228515625,0.0625,0.291015625,0.0,0.0,0.0
1016792348,812672,0,1.00390625,0.1875,0.060546875,0.248046875,0.0,0.0,0.0
1016793600,812673,0,1.00390625,0.140625,0.041015625,0.181640625,0.0,0.0,0.0
1016794850,812674,0,1.0078125,0.099609375,0.0390625,0.138671875,0.0,0.0,0.0
1016796101,812675,0,1.0,0.056640625,0.033203125,0.08984375,0.0,0.0,0.0
1016797351,812676,0,1.0,0.013671875,0.0234375,0.037109375,0.0,0.0,0.0
1016798602,812677,0,1.001953125,-0.021484375,0.015625,-0.005859375,0.0,0.0,0.0
1016799853,812678,0,1.001953125,-0.060546875,0.009765625,-0.05078125,0.0,0.0,0.0
1016801104,812679,0,0.998046875,-0.09765625,0.0,-0.09765625,0.0,0.0,0.0
1016802355,812680,0,0.998046875,-0.126953125,-0.001953125,-0.12890625,0.0,0.0,0.0
1016803606,812681,0,1.005859375,-0.16015625,-0.009765625,-0.169921875,0.0,0.0,0.0
1016804857,812682,0,1.001953125,-0.19140625,-0.013671875,-0.205078125,0.0,0.0,0.0
1016806109,812683,0,1.001953125,-0.224609375,-0.03125,-0.255859375,0.0,0.0,0.0
1016807360,812684,0,1.00390625,-0.25,-0.025390625,-0.275390625,0.0,0.0,0.0
1016808610,812685,0,0.98828125,-0.271484375,-0.029296875,-0.30078125,0.0,0.0,0.0
1016809861,812686,0,0.998046875,-0.28515625,-0.03125,-0.31640625,0.0,0.0,0.0
1016811112,812687,0,0.994140625,-0.29296875,-0.033203125,-0.326171875,0.0,0.0,0.0
1016812362,812688,0,0.990234375,-0.310546875,-0.03515625,-0.345703125,0.0,0.0,0.0
1016813613,812689,0,1.00390625,-0.314453125,-0.046875,-0.361328125,0.0,0.0,0.0
1016814863,812690,0,0.998046875,-0.3203125,-0.04296875,-0.36328125,0.0,0.0,0.0
1016816115,812691,0,0.994140625,-0.3203125,-0.04296875,-0.36328125,0.0,0.0,0.0
1016817366,812692,0,0.99609375,-0.3125,-0.044921875,-0.357421875,0.0,0.0,0.0
1016818616,812693,0,0.998046875,-0.3046875,-0.041015625,-0.345703125,0.0,0.0,0.0
1016819867,812694,0,1.0,-0.291015625,-0.04296875,-0.333984375,0.0,0.0,0.0
1016821117,812695,0,0.998046875,-0.27734375,-0.037109375,-0.314453125,0.0,0.0,0.0
1016822367,812696,0,0.99609375,-0.26953125,-0.0390625,-0.30859375,0.0,0.0,0.0
1016823618,812697,0,1.0,-0.2421875,-0.04296875,-0.28515625,0.0,0.0,0.0
1016824868,812698,0,0.994140625,-0.220703125,-0.03125,-0.251953125,0.0,0.0,0.0
1016826120,812699,0,1.001953125,-0.1953125,-0.02734375,-0.22265625,0.0,0.0,0.0
1016827371,812700,0,1.00390625,-0.173828125,-0.01953125,-0.193359375,0.0,0.0,0.0
1016828621,812701,0,1.0,-0.15234375,-0.009765625,-0.162109375,0.0,0.0,0.0
1016829873,812702,0,1.005859375,-0.126953125,-0.017578125,-0.14453125,0.0,0.0,0.0
1016831123,812703,0,1.00390625,-0.103515625,-0.005859375,-0.109375,0.0,0.0,0.0
1016832373,812704,0,1.005859375,-0.076171875,0.001953125,-0.07421875,0.0,0.0,0.0
1016833623,812705,0,1.0078125,-0.052734375,0.00390625,-0.048828125,0.0,0.0,0.0
1016834873,812706,0,1.0,-0.025390625,0.009765625,-0.015625,0.0,0.0,0.0
1016836125,812707,0,0.99609375,-0.00390625,0.013671875,0.009765625,0.0,0.0,0.0
1016837376,812708,0,1.0,0.044921875,0.02734375,0.072265625,0.0,0.0,0.0
1016838626,812709,0,1.009765625,0.064453125,0.02734375,0.091796875,0.0,0.0,0.0
1016839877,812710,0,1.005859375,0.087890625,0.03125,0.119140625,0.0,0.0,0.0
1016841128,812711,0,1.009765625,0.099609375,0.02734375,0.126953125,0.0,0.0,0.0
1016842378,812712,0,1.009765625,0.123046875,0.037109375,0.16015625,0.0,0.0,0.0
1016843629,812713,0,1.005859375,0.138671875,0.044921875,0.18359375,0.0,0.0,0.0
1016844880,812714,0,1.009765625,0.146484375,0.048828125,0.1953125,0.0,0.0,0.0
1016846131,812715,0,1.00390625,0.150390625,0.048828125,0.19921875,0.0,0.0,0.0
1016847382,812716,0,1.0078125,0.1640625,0.052734375,0.216796875,0.0,0.0,0.0
1016848632,812717,0,1.009765625,0.16796875,0.044921875,0.212890625,0.0,0.0,0.0
1016849883,812718,0,1.005859375,0.16796875,0.052734375,0.220703125,0.0,0.0,0.0
1016851134,812719,0,1.009765625,0.166015625,0.056640625,0.22265625,0.0,0.0,0.0
1016852384,812720,0,1.01171875,0.1640625,0.052734375,0.216796875,0.0,0.0,0.0
1016853636,812721,0,1.01171875,0.162109375,0.052734375,0.21484375,0.0,0.0,0.0
1016854886,812722,0,1.0078125,0.1484375,0.0546875,0.203125,0.0,0.0,0.0
1016856137,812723,0,1.009765625,0.150390625,0.056640625,0.20703125,0.0,0.0,0.0
1016857388,812724,0,1.01171875,0.130859375,0.060546875,0.19140625,0.0,0.0,0.0
1016858639,812725,0,1.0,0.1171875,0.05078125,0.16796875,0.0,0.0,0.0
1016859889,812726,0,1.005859375,0.109375,0.041015625,0.150390625,0.0,0.0,0.0
1016861140,812727,0,0.998046875,0.09375,0.044921875,0.138671875,0.0,0.0,0.0
1016862392,812728,0,1.015625,0.076171875,0.037109375,0.11328125,0.0,0.0,0.0
1016863642,812729,0,1.0078125,0.0625,0.0390625,0.1015625,0.0,0.0,0.0
1016864894,812730,0,1.00390625,0.0390625,0.013671875,0.052734375,0.0,0.0,0.0
1016866145,812731,0,1.00390625,0.029296875,0.02734375,0.056640625,0.0,0.0,0.0
1016867396,812732,0,1.00390625,0.009765625,0.033203125,0.04296875,0.0,0.0,0.0
1016868648,812733,0,1.00390625,-0.001953125,0.029296875,0.02734375,0.0,0.0,0.0
1016869899,812734,0,1.005859375,-0.021484375,0.021484375,0.0,0.0,0.0,0.0
1016871150,812735,0,0.998046875,-0.037109375,0.015625,-0.021484375,0.0,0.0,0.0
1016872400,812736,0,1.005859375,-0.05859375,0.009765625,-0.048828125,0.0,0.0,0.0
1016873651,812737,0,1.00390625,-0.064453125,0.013671875,-0.05078125,0.0,0.0,0.0
1016874902,812738,0,0.99609375,-0.080078125,0.01171875,-0.068359375,0.0,0.0,0.0
1016876152,812739,0,1.005859375,-0.08984375,0.009765625,-0.080078125,0.0,0.0,0.0
1016877402,812740,0,1.0,-0.1015625,0.0078125,-0.09375,0.0,0.0,0.0
1016878654,812741,0,1.001953125,-0.109375,-0.001953125,-0.111328125,0.0,0.0,0.0
1016879904,812742,0,1.001953125,-0.119140625,0.0,-0.119140625,0.0,0.0,0.0
1016881154,812743,0,1.001953125,-0.130859375,-0.00390625,-0.134765625,0.0,0.0,0.0
1016882405,812744,0,0.99609375,-0.1328125,-0.00390625,-0.13671875,0.0,0.0,0.0
1016883655,812745,0,0.998046875,-0.142578125,-0.009765625,-0.15234375,0.0,0.0,0.0
1016884906,812746,0,0.998046875,-0.138671875,-0.005859375,-0.14453125,0.0,0.0,0.0
1016886157,812747,0,1.01171875,-0.142578125,0.0,-0.142578125,0.0,0.0,0.0
1016887408,812748,0,0.998046875,-0.142578125,-0.0078125,-0.150390625,0.0,0.0,0.0
1016888659,812749,0,1.0078125,-0.142578125,-0.013671875,-0.15625,0.0,0.0,0.0
1016889911,812750,0,1.001953125,-0.138671875,-0.013671875,-0.15234375,0.0,0.0,0.0
1016891162,812751,0,1.005859375,-0.130859375,-0.009765625,-0.140625,0.0,0.0,0.0
1016892414,812752,0,1.00390625,-0.123046875,-0.00390625,-0.126953125,0.0,0.0,0.0
1016893664,812753,0,0.998046875,-0.11328125,-0.009765625,-0.123046875,0.0,0.0,0.0
1016894916,812754,0,1.001953125,-0.109375,0.0,-0.109375,0.0,0.0,0.0
1016896167,812755,0,1.0078125,-0.1015625,-0.001953125,-0.103515625,0.0,0.0,0.0
1016897417,812756,0,1.00390625,-0.091796875,-0.001953125,-0.09375,0.0,0.0,0.0
1016898668,812757,0,1.0,-0.083984375,0.001953125,-0.08203125,0.0,0.0,0.0
1016899919,812758,0,1.0078125,-0.078125,-0.001953125,-0.080078125,0.0,0.0,0.0
1016901170,812759,0,1.005859375,-0.06640625,0.0078125,-0.05859375,0.0,0.0,0.0
1016902421,812760,0,1.001953125,-0.052734375,0.01171875,-0.041015625,0.0,0.0,0.0
1016903672,812761,0,1.00390625,-0.037109375,0.01171875,-0.025390625,0.0,0.0,0.0
1016904922,812762,0,1.001953125,-0.033203125,0.0078125,-0.025390625,0.0,0.0,0.0
1016906173,812763,0,1.0078125,-0.021484375,0.009765625,-0.01171875,0.0,0.0,0.0
1016907425,812764,0,1.0078125,-0.01171875,0.009765625,-0.001953125,0.0,0.0,0.0
1016908675,812765,0,1.009765625,-0.00390625,0.017578125,0.013671875,0.0,0.0,0.0
1016909927,812766,0,1.00390625,0.0,0.021484375,0.021484375,0.0,0.0,0.0
1016911177,812767,0,1.001953125,0.009765625,0.021484375,0.03125,0.0,0.0,0.0
1016912429,812768,0,1.0078125,0.01953125,0.01953125,0.0390625,0.0,0.0,0.0
1016913680,812769,0,1.0078125,0.03125,0.0234375,0.0546875,0.0,0.0,0.0
1016914930,812770,0,0.998046875,0.0390625,0.03515625,0.07421875,0.0,0.0,0.0
1016916180,812771,0,1.01171875,0.041015625,0.025390625,0.06640625,0.0,0.0,0.0
1016917431,812772,0,1.00390625,0.044921875,0.025390625,0.0703125,0.0,0.0,0.0
1016918682,812773,0,1.001953125,0.046875,0.03515625,0.08203125,0.0,0.0,0.0
1016919933,812774,0,1.005859375,0.048828125,0.02734375,0.076171875,0.0,0.0,0.0
1016921184,812775,0,1.0078125,0.048828125,0.033203125,0.08203125,0.0,0.0,0.0
1016922434,812776,0,1.0078125,0.056640625,0.03125,0.087890625,0.0,0.0,0.0
1016923685,812777,0,1.00390625,0.05078125,0.033203125,0.083984375,0.0,0.0,0.0
1016924936,812778,0,1.00390625,0.048828125,0.03515625,0.083984375,0.0,0.0,0.0
1016926188,812779,0,1.009765625,0.05078125,0.03125,0.08203125,0.0,0.0,0.0
1016927439,812780,0,1.0078125,0.044921875,0.03515625,0.080078125,0.0,0.0,0.0
1016928690,812781,0,1.005859375,0.041015625,0.03515625,0.076171875,0.0,0.0,0.0
1016929941,812782,0,1.005859375,0.0390625,0.03515625,0.07421875,0.0,0.0,0.0
1016931192,812783,0,1.009765625,0.02734375,0.03125,0.05859375,0.0,0.0,0.0
1016932443,812784,0,1.009765625,0.025390625,0.033203125,0.05859375,0.0,0.0,0.0
1016933695,812785,0,1.0078125,0.021484375,0.029296875,0.05078125,0.0,0.0,0.0
1016934945,812786,0,0.998046875,0.021484375,0.02734375,0.048828125,0.0,0.0,0.0
1016936195,812787,0,1.009765625,0.005859375,0.029296875,0.03515625,0.0,0.0,0.0
1016937447,812788,0,1.00390625,0.0078125,0.029296875,0.037109375,0.0,0.0,0.0
1016938697,812789,0,1.01171875,0.0,0.015625,0.015625,0.0,0.0,0.0
1016939949,812790,0,1.005859375,-0.0078125,-0.017578125,-0.025390625,0.0,0.0,0.0
1016941200,812791,0,1.009765625,-0.013671875,0.017578125,0.00390625,0.0,0.0,0.0
1016942452,812792,0,1.001953125,-0.015625,0.0234375,0.0078125,0.0,0.0,0.0
1016943702,812793,0,1.0078125,-0.033203125,0.01953125,-0.013671875,0.0,0.0,0.0
1016944954,812794,0,1.00390625,-0.0390625,0.015625,-0.0234375,0.0,0.0,0.0
1016946205,812795,0,1.0,-0.04296875,0.01171875,-0.03125,0.0,0.0,0.0
1016947456,812796,0,1.001953125,-0.048828125,0.013671875,-0.03515625,0.0,0.0,0.0
1016948708,812797,0,1.00390625,-0.052734375,0.015625,-0.037109375,0.0,0.0,0.0
1016949958,812798,0,1.005859375,-0.0546875,0.01171875,-0.04296875,0.0,0.0,0.0
1016951209,812799,0,0.998046875,-0.0625,0.01171875,-0.05078125,0.0,0.0,0.0
1016952459,812800,0,1.005859375,-0.068359375,0.009765625,-0.05859375,0.0,0.0,0.0
1016953710,812801,0,1.0078125,-0.06640625,0.013671875,-0.052734375,0.0,0.0,0.0
1016954961,812802,0,1.00390625,-0.0703125,0.005859375,-0.064453125,0.0,0.0,0.0
1016956212,812803,0,1.0,-0.07421875,0.001953125,-0.072265625,0.0,0.0,0.0
1016957462,812804,0,0.99609375,-0.078125,0.0,-0.078125,0.0,0.0,0.0
1016958713,812805,0,0.998046875,-0.072265625,0.0,-0.072265625,0.0,0.0,0.0
1016959965,812806,0,1.001953125,-0.07421875,0.00390625,-0.0703125,0.0,0.0,0.0
1016961216,812807,0,1.009765625,-0.068359375,0.0,-0.068359375,0.0,0.0,0.0
1016962468,812808,0,1.005859375,-0.06640625,0.00390625,-0.0625,0.0,0.0,0.0
1016963719,812809,0,1.001953125,-0.0703125,0.0,-0.0703125,0.0,0.0,0.0
1016964969,812810,0,1.001953125,-0.072265625,0.00390625,-0.068359375,0.0,0.0,0.0
1016966221,812811,0,1.0,-0.0625,0.0078125,-0.0546875,0.0,0.0,0.0
1016967471,812812,0,1.01171875,-0.0625,0.005859375,-0.056640625,0.0,0.0,0.0
1016968721,812813,0,0.99609375,-0.0546875,0.005859375,-0.048828125,0.0,0.0,0.0
1016969972,812814,0,1.0078125,-0.060546875,0.0,-0.060546875,0.0,0.0,0.0
1016971224,812815,0,1.005859375,-0.052734375,-0.001953125,-0.0546875,0.0,0.0,0.0
1016972474,812816,0,0.98828125,-0.052734375,0.01171875,-0.041015625,0.0,0.0,0.0
1016973724,812817,0,1.00390625,-0.048828125,0.005859375,-0.04296875,0.0,0.0,0.0
1016974976,812818,0,1.005859375,-0.04296875,0.013671875,-0.029296875,0.0,0.0,0.0
1016976226,812819,0,1.001953125,-0.0390625,0.001953125,-0.037109375,0.0,0.0,0.0
1016977476,812820,0,1.005859375,-0.03125,0.01171875,-0.01953125,0.0,0.0,0.0
1016978728,812821,0,1.001953125,-0.029296875,0.009765625,-0.01953125,0.0,0.0,0.0
1016979978,812822,0,1.00390625,-0.02734375,0.013671875,-0.013671875,0.0,0.0,0.0
1016981230,812823,0,1.00390625,-0.0234375,0.013671875,-0.009765625,0.0,0.0,0.0
1016982481,812824,0,1.00390625,-0.01953125,0.01953125,0.0,0.0,0.0,0.0
1016983732,812825,0,1.001953125,-0.015625,0.015625,0.0,0.0,0.0,0.0
1016984983,812826,0,1.005859375,-0.009765625,0.017578125,0.0078125,0.0,0.0,0.0
1016986235,812827,0,1.0078125,-0.01171875,0.021484375,0.009765625,0.0,0.0,0.0
1016987485,812828,0,1.009765625,-0.015625,0.025390625,0.009765625,0.0,0.0,0.0
1016988736,812829,0,1.001953125,-0.00390625,0.0234375,0.01953125,0.0,0.0,0.0
1016989987,812830,0,1.005859375,-0.005859375,0.02734375,0.021484375,0.0,0.0,0.0
1016991237,812831,0,1.005859375,-0.001953125,0.01953125,0.017578125,0.0,0.0,0.0
1016992488,812832,0,1.005859375,0.0,0.0234375,0.0234375,0.0,0.0,0.0
1016993738,812833,0,1.0078125,0.005859375,0.021484375,0.02734375,0.0,0.0,0.0
1016994989,812834,0,0.99609375,0.0078125,0.033203125,0.041015625,0.0,0.0,0.0
1016996239,812835,0,1.015625,0.0078125,0.01953125,0.02734375,0.0,0.0,0.0
1016997490,812836,0,1.01953125,0.013671875,0.02734375,0.041015625,0.0,0.0,0.0
1016998741,812837,0,1.005859375,0.0078125,0.02734375,0.03515625,0.0,0.0,0.0
1016999991,812838,0,1.0,0.005859375,0.017578125,0.0234375,0.0,0.0,0.0
1017001242,812839,0,0.998046875,0.01171875,0.025390625,0.037109375,0.0,0.0,0.0
1017002493,812840,0,1.001953125,0.005859375,0.021484375,0.02734375,0.0,0.0,0.0
1017003745,812841,0,0.998046875,0.005859375,0.025390625,0.03125,0.0,0.0,0.0
1017004995,812842,0,1.005859375,0.0078125,0.021484375,0.029296875,0.0,0.0,0.0
1017006247,812843,0,1.001953125,0.00390625,0.025390625,0.029296875,0.0,0.0,0.0
1017007498,812844,0,1.005859375,0.001953125,0.021484375,0.0234375,0.0,0.0,0.0
1017008749,812845,0,1.0078125,-0.001953125,0.01953125,0.017578125,0.0,0.0,0.0
1017010000,812846,0,1.00390625,-0.009765625,0.021484375,0.01171875,0.0,0.0,0.0
1017011250,812847,0,1.0078125,-0.0078125,0.021484375,0.013671875,0.0,0.0,0.0
1017012501,812848,0,1.0078125,-0.009765625,0.0234375,0.013671875,0.0,0.0,0.0
1017013752,812849,0,1.01171875,-0.015625,0.021484375,0.005859375,0.0,0.0,0.0
1017015003,812850,0,1.0078125,-0.01953125,0.025390625,0.005859375,0.0,0.0,0.0
1017016254,812851,0,1.005859375,-0.01953125,0.025390625,0.005859375,0.0,0.0,0.0
1017017504,812852,0,1.013671875,-0.01953125,0.01953125,0.0,0.0,0.0,0.0
1017018755,812853,0,1.017578125,-0.029296875,0.017578125,-0.01171875,0.0,0.0,0.0
1017020006,812854,0,1.00390625,-0.029296875,0.01953125,-0.009765625,0.0,0.0,0.0
1017021258,812855,0,1.00390625,-0.029296875,0.009765625,-0.01953125,0.0,0.0,0.0
1017022509,812856,0,0.998046875,-0.033203125,0.01171875,-0.021484375,0.0,0.0,0.0
1017023760,812857,0,1.0,-0.0390625,0.01953125,-0.01953125,0.0,0.0,0.0
1017025011,812858,0,1.00390625,-0.037109375,0.021484375,-0.015625,0.0,0.0,0.0
1017026262,812859,0,1.0078125,-0.041015625,0.005859375,-0.03515625,0.0,0.0,0.0
1017027513,812860,0,1.005859375,-0.044921875,0.01171875,-0.033203125,0.0,0.0,0.0
1017028764,812861,0,1.001953125,-0.04296875,0.013671875,-0.029296875,0.0,0.0,0.0
1017030016,812862,0,1.009765625,-0.046875,0.005859375,-0.041015625,0.0,0.0,0.0
1017031271,812863,0,0.998046875,-0.044921875,0.013671875,-0.03125,0.0,0.0,0.0
1017032521,812864,0,1.001953125,-0.048828125,0.01171875,-0.037109375,0.0,0.0,0.0
1017033772,812865,0,1.005859375,-0.052734375,0.0078125,-0.044921875,0.0,0.0,0.0
1017035022,812866,0,1.005859375,-0.05078125,0.001953125,-0.048828125,0.0,0.0,0.0
1017036274,812867,0,1.00390625,-0.05078125,0.009765625,-0.041015625,0.0,0.0,0.0
1017037525,812868,0,1.001953125,-0.0546875,0.0078125,-0.046875,0.0,0.0,0.0
1017038776,812869,0,1.00390625,-0.052734375,0.005859375,-0.046875,0.0,0.0,0.0
1017040027,812870,0,1.00390625,-0.05078125,0.009765625,-0.041015625,0.0,0.0,0.0
1017041279,812871,0,1.005859375,-0.056640625,0.017578125,-0.0390625,0.0,0.0,0.0
1017042531,812872,0,1.001953125,-0.05078125,0.005859375,-0.044921875,0.0,0.0,0.0
1017043782,812873,0,1.0,-0.0546875,0.017578125,-0.037109375,0.0,0.0,0.0
1017045032,812874,0,1.001953125,-0.048828125,0.013671875,-0.03515625,0.0,0.0,0.0
1017046283,812875,0,1.0,-0.041015625,0.00390625,-0.037109375,0.0,0.0,0.0
1017047534,812876,0,1.005859375,-0.0546875,0.015625,-0.0390625,0.0,0.0,0.0
1017048785,812877,0,0.9921875,-0.048828125,0.009765625,-0.0390625,0.0,0.0,0.0
1017050037,812878,0,0.994140625,-0.041015625,0.013671875,-0.02734375,0.0,0.0,0.0
1017051288,812879,0,1.00390625,-0.0390625,0.01953125,-0.01953125,0.0,0.0,0.0
1017052539,812880,0,1.0078125,-0.037109375,0.013671875,-0.0234375,0.0,0.0,0.0
1017053790,812881,0,1.005859375,-0.03125,0.01171875,-0.01953125,0.0,0.0,0.0
1017055040,812882,0,1.00390625,-0.029296875,0.01953125,-0.009765625,0.0,0.0,0.0
1017056290,812883,0,1.00390625,-0.029296875,0.017578125,-0.01171875,0.0,0.0,0.0
1017057542,812884,0,1.00390625,-0.021484375,0.017578125,-0.00390625,0.0,0.0,0.0
1017058793,812885,0,1.00390625,-0.0234375,0.021484375,-0.001953125,0.0,0.0,0.0
1017060044,812886,0,1.0078125,-0.0234375,0.021484375,-0.001953125,0.0,0.0,0.0
1017061295,812887,0,1.0078125,-0.017578125,0.015625,-0.001953125,0.0,0.0,0.0
1017062546,812888,0,1.005859375,-0.015625,0.021484375,0.005859375,0.0,0.0,0.0
1017063796,812889,0,1.00390625,-0.009765625,0.0234375,0.013671875,0.0,0.0,0.0
1017065048,812890,0,1.0078125,-0.009765625,0.01953125,0.009765625,0.0,0.0,0.0
1017066299,812891,0,1.001953125,-0.005859375,0.021484375,0.015625,0.0,0.0,0.0
1017067549,812892,0,1.00390625,-0.001953125,0.021484375,0.01953125,0.0,0.0,0.0
1017068801,812893,0,1.0,-0.0078125,0.029296875,0.021484375,0.0,0.0,0.0
1017070051,812894,0,1.00390625,-0.0078125,0.01171875,0.00390625,0.0,0.0,0.0
1017071301,812895,0,1.0078125,0.0,0.017578125,0.017578125,0.0,0.0,0.0
1017072552,812896,0,1.005859375,-0.00390625,0.01953125,0.015625,0.0,0.0,0.0
1017073803,812897,0,1.0078125,-0.00390625,0.013671875,0.009765625,0.0,0.0,0.0
1017075054,812898,0,1.0078125,0.0,0.017578125,0.017578125,0.0,0.0,0.0
1017076305,812899,0,1.005859375,0.0,0.0234375,0.0234375,0.0,0.0,0.0
1017077556,812900,0,1.00390625,0.001953125,0.021484375,0.0234375,0.0,0.0,0.0
1017078807,812901,0,1.0078125,0.0,0.02734375,0.02734375,0.0,0.0,0.0
1017080059,812902,0,1.001953125,0.0,0.02734375,0.02734375,0.0,0.0,0.0
1017081310,812903,0,1.0078125,-0.001953125,0.017578125,0.015625,0.0,0.0,0.0
1017082560,812904,0,1.005859375,0.0,0.021484375,0.021484375,0.0,0.0,0.0
1017083810,812905,0,1.00390625,-0.001953125,0.021484375,0.01953125,0.0,0.0,0.0
1017085061,812906,0,1.00390625,-0.0078125,0.013671875,0.005859375,0.0,0.0,0.0
1017086311,812907,0,1.005859375,-0.0078125,0.013671875,0.005859375,0.0,0.0,0.0
1017087563,812908,0,1.00390625,-0.01171875,0.01953125,0.0078125,0.0,0.0,0.0
1017088813,812909,0,1.009765625,-0.01171875,0.015625,0.00390625,0.0,0.0,0.0
1017090065,812910,0,1.005859375,-0.015625,0.017578125,0.001953125,0.0,0.0,0.0
1017091316,812911,0,1.00390625,-0.015625,0.01953125,0.00390625,0.0,0.0,0.0
1017092566,812912,0,1.005859375,-0.021484375,0.021484375,0.0,0.0,0.0,0.0
1017093817,812913,0,1.00390625,-0.0234375,0.015625,-0.0078125,0.0,0.0,0.0
1017095067,812914,0,1.00390625,-0.033203125,0.01953125,-0.013671875,0.0,0.0,0.0
1017096317,812915,0,1.001953125,-0.029296875,0.017578125,-0.01171875,0.0,0.0,0.0
1017097567,812916,0,0.998046875,-0.03125,0.021484375,-0.009765625,0.0,0.0,0.0
1017098818,812917,0,0.998046875,-0.029296875,0.017578125,-0.01171875,0.0,0.0,0.0
1017100070,812918,0,1.001953125,-0.03515625,0.017578125,-0.017578125,0.0,0.0,0.0
1017101321,812919,0,1.0078125,-0.041015625,0.009765625,-0.03125,0.0,0.0,0.0
1017102571,812920,0,1.001953125,-0.04296875,0.009765625,-0.033203125,0.0,0.0,0.0
1017103821,812921,0,1.001953125,-0.048828125,0.01171875,-0.037109375,0.0,0.0,0.0
1017105071,812922,0,1.0,-0.0546875,0.0078125,-0.046875,0.0,0.0,0.0
1017106322,812923,0,1.009765625,-0.046875,0.013671875,-0.033203125,0.0,0.0,0.0
1017107572,812924,0,1.005859375,-0.05078125,0.01171875,-0.0390625,0.0,0.0,0.0
1017108823,812925,0,0.998046875,-0.052734375,0.00390625,-0.048828125,0.0,0.0,0.0
1017110075,812926,0,1.0,-0.0546875,0.015625,-0.0390625,0.0,0.0,0.0
1017111326,812927,0,1.005859375,-0.052734375,0.01171875,-0.041015625,0.0,0.0,0.0
1017112577,812928,0,1.00390625,-0.052734375,0.01171875,-0.041015625,0.0,0.0,0.0
1017113829,812929,0,1.005859375,-0.052734375,0.01171875,-0.041015625,0.0,0.0,0.0
1017115079,812930,0,1.005859375,-0.05078125,0.013671875,-0.037109375,0.0,0.0,0.0
1017116329,812931,0,1.00390625,-0.05078125,0.017578125,-0.033203125,0.0,0.0,0.0
1017117580,812932,0,1.005859375,-0.044921875,0.015625,-0.029296875,0.0,0.0,0.0
1017118831,812933,0,1.005859375,-0.044921875,0.01171875,-0.033203125,0.0,0.0,0.0
1017120082,812934,0,1.005859375,-0.044921875,0.025390625,-0.01953125,0.0,0.0,0.0
1017121333,812935,0,1.001953125,-0.037109375,0.017578125,-0.01953125,0.0,0.0,0.0
1017122584,812936,0,1.009765625,-0.037109375,0.015625,-0.021484375,0.0,0.0,0.0
1017123835,812937,0,0.994140625,-0.0390625,0.013671875,-0.025390625,0.0,0.0,0.0
1017125087,812938,0,1.001953125,-0.044921875,0.001953125,-0.04296875,0.0,0.0,0.0
1017126338,812939,0,1.00390625,-0.02734375,-0.0546875,-0.08203125,0.0,0.0,0.0
1017127590,812940,0,1.005859375,-0.033203125,0.01171875,-0.021484375,0.0,0.0,0.0
1017128841,812941,0,1.005859375,-0.029296875,0.017578125,-0.01171875,0.0,0.0,0.0
1017130092,812942,0,1.00390625,-0.03125,0.017578125,-0.013671875,0.0,0.0,0.0
1017131343,812943,0,1.01171875,-0.021484375,0.01171875,-0.009765625,0.0,0.0,0.0
1017132595,812944,0,0.998046875,-0.015625,0.01953125,0.00390625,0.0,0.0,0.0
1017133845,812945,0,1.005859375,-0.015625,0.01953125,0.00390625,0.0,0.0,0.0
1017135097,812946,0,1.005859375,-0.015625,0.021484375,0.005859375,0.0,0.0,0.0
1017136348,812947,0,1.0078125,-0.005859375,0.021484375,0.015625,0.0,0.0,0.0
1017137600,812948,0,1.001953125,-0.009765625,0.01953125,0.009765625,0.0,0.0,0.0
1017138850,812949,0,1.005859375,-0.009765625,0.029296875,0.01953125,0.0,0.0,0.0
1017140101,812950,0,1.001953125,-0.005859375,0.0234375,0.017578125,0.0,0.0,0.0
1017141351,812951,0,0.998046875,-0.00390625,0.01953125,0.015625,0.0,0.0,0.0
1017142602,812952,0,1.001953125,-0.001953125,0.021484375,0.01953125,0.0,0.0,0.0
1017143853,812953,0,1.005859375,0.0,0.021484375,0.021484375,0.0,0.0,0.0
1017145104,812954,0,1.0078125,0.00390625,0.0234375,0.02734375,0.0,0.0,0.0
1017146355,812955,0,0.998046875,0.00390625,0.01953125,0.0234375,0.0,0.0,0.0
1017147606,812956,0,1.0,-0.001953125,0.013671875,0.01171875,0.0,0.0,0.0
1017148857,812957,0,1.00390625,-0.001953125,0.021484375,0.01953125,0.0,0.0,0.0
1017150109,812958,0,1.0,0.0,0.0234375,0.0234375,0.0,0.0,0.0
1017151360,812959,0,1.013671875,-0.00390625,0.013671875,0.009765625,0.0,0.0,0.0
1017152610,812960,0,1.001953125,0.001953125,0.021484375,0.0234375,0.0,0.0,0.0
1017153861,812961,0,1.00390625,0.001953125,0.015625,0.017578125,0.0,0.0,0.0
1017155112,812962,0,1.0078125,-0.005859375,0.01953125,0.013671875,0.0,0.0,0.0
1017156362,812963,0,0.998046875,-0.0078125,0.01953125,0.01171875,0.0,0.0,0.0
1017157613,812964,0,1.0078125,-0.009765625,0.015625,0.005859375,0.0,0.0,0.0
1017158863,812965,0,1.005859375,-0.009765625,0.01953125,0.009765625,0.0,0.0,0.0
1017160115,812966,0,1.0,-0.013671875,0.017578125,0.00390625,0.0,0.0,0.0
1017161366,812967,0,1.005859375,-0.01953125,0.01953125,0.0,0.0,0.0,0.0
1017162616,812968,0,1.0,-0.021484375,0.01953125,-0.001953125,0.0,0.0,0.0
1017163867,812969,0,0.998046875,-0.0234375,0.017578125,-0.005859375,0.0,0.0,0.0
1017165117,812970,0,1.00390625,-0.0234375,0.009765625,-0.013671875,0.0,0.0,0.0
1017166367,812971,0,1.0,-0.03125,0.01171875,-0.01953125,0.0,0.0,0.0
1017167618,812972,0,1.001953125,-0.029296875,0.017578125,-0.01171875,0.0,0.0,0.0
1017168868,812973,0,1.0,-0.0390625,0.01953125,-0.01953125,0.0,0.0,0.0
1017170120,812974,0,1.001953125,-0.04296875,0.017578125,-0.025390625,0.0,0.0,0.0
1017171371,812975,0,1.0,-0.0390625,0.009765625,-0.029296875,0.0,0.0,0.0
1017172621,812976,0,1.0,-0.041015625,0.017578125,-0.0234375,0.0,0.0,0.0
1017173873,812977,0,1.01171875,-0.041015625,0.01171875,-0.029296875,0.0,0.0,0.0
1017175123,812978,0,1.0078125,-0.04296875,0.01953125,-0.0234375,0.0,0.0,0.0
1017176373,812979,0,1.00390625,-0.04296875,0.015625,-0.02734375,0.0,0.0,0.0
1017177623,812980,0,1.00390625,-0.044921875,0.015625,-0.029296875,0.0,0.0,0.0
1017178873,812981,0,1.001953125,-0.046875,0.013671875,-0.033203125,0.0,0.0,0.0
1017180125,812982,0,1.0078125,-0.044921875,0.01171875,-0.033203125,0.0,0.0,0.0
1017181376,812983,0,1.0078125,-0.046875,0.0078125,-0.0390625,0.0,0.0,0.0
1017182626,812984,0,1.005859375,-0.05078125,0.01171875,-0.0390625,0.0,0.0,0.0
1017183877,812985,0,1.005859375,-0.052734375,0.009765625,-0.04296875,0.0,0.0,0.0
1017185128,812986,0,1.00390625,-0.048828125,0.017578125,-0.03125,0.0,0.0,0.0
1017186378,812987,0,0.998046875,-0.044921875,0.01953125,-0.025390625,0.0,0.0,0.0
1017187629,812988,0,1.005859375,-0.048828125,0.013671875,-0.03515625,0.0,0.0,0.0
1017188880,812989,0,1.0,-0.05078125,0.0078125,-0.04296875,0.0,0.0,0.0
1017190131,812990,0,1.001953125,-0.04296875,0.015625,-0.02734375,0.0,0.0,0.0
1017191382,812991,0,1.005859375,-0.046875,0.017578125,-0.029296875,0.0,0.0,0.0
1017192632,812992,0,1.0,-0.041015625,0.015625,-0.025390625,0.0,0.0,0.0
1017193883,812993,0,0.998046875,-0.04296875,0.017578125,-0.025390625,0.0,0.0,0.0
1017195134,812994,0,1.00390625,-0.03515625,0.0078125,-0.02734375,0.0,0.0,0.0
1017196384,812995,0,1.0078125,-0.03515625,0.01171875,-0.0234375,0.0,0.0,0.0
1017197636,812996,0,0.998046875,-0.033203125,0.01953125,-0.013671875,0.0,0.0,0.0
1017198886,812997,0,1.0078125,-0.025390625,0.01171875,-0.013671875,0.0,0.0,0.0
1017200137,812998,0,1.001953125,-0.01953125,0.015625,-0.00390625,0.0,0.0,0.0
1017201388,812999,0,1.001953125,-0.025390625,0.017578125,-0.0078125,0.0,0.0,0.0
1017202639,813000,0,1.001953125,-0.021484375,0.01953125,-0.001953125,0.0,0.0,0.0
1017203889,813001,0,1.001953125,-0.013671875,0.0234375,0.009765625,0.0,0.0,0.0
1017205140,813002,0,1.0078125,-0.015625,0.017578125,0.001953125,0.0,0.0,0.0
1017206392,813003,0,1.005859375,-0.021484375,0.01953125,-0.001953125,0.0,0.0,0.0
1017207642,813004,0,0.99609375,-0.013671875,0.0234375,0.009765625,0.0,0.0,0.0
1017208894,813005,0,1.0078125,-0.00390625,0.017578125,0.013671875,0.0,0.0,0.0
1017210145,813006,0,1.0,-0.0078125,0.01953125,0.01171875,0.0,0.0,0.0
1017211396,813007,0,1.0078125,-0.00390625,0.01953125,0.015625,0.0,0.0,0.0
1017212648,813008,0,1.001953125,-0.005859375,0.021484375,0.015625,0.0,0.0,0.0
1017213899,813009,0,1.001953125,-0.001953125,0.01953125,0.017578125,0.0,0.0,0.0
1017215150,813010,0,1.0078125,-0.001953125,0.021484375,0.01953125,0.0,0.0,0.0
1017216400,813011,0,1.0078125,0.0,0.0234375,0.0234375,0.0,0.0,0.0
1017217651,813012,0,1.0078125,0.0,0.015625,0.015625,0.0,0.0,0.0
1017218902,813013,0,1.005859375,0.0,0.0234375,0.0234375,0.0,0.0,0.0
1017220152,813014,0,1.005859375,-0.001953125,0.021484375,0.01953125,0.0,0.0,0.0
1017221402,813015,0,1.0078125,-0.00390625,0.01953125,0.015625,0.0,0.0,0.0
1017222654,813016,0,1.005859375,-0.001953125,0.01953125,0.017578125,0.0,0.0,0.0
1017223904,813017,0,1.00390625,-0.005859375,0.021484375,0.015625,0.0,0.0,0.0
1017225154,813018,0,1.00390625,-0.009765625,0.015625,0.005859375,0.0,0.0,0.0
1017226405,813019,0,1.005859375,-0.017578125,0.01953125,0.001953125,0.0,0.0,0.0
1017227655,813020,0,1.005859375,-0.01171875,0.0078125,-0.00390625,0.0,0.0,0.0
1017228906,813021,0,1.001953125,-0.01171875,0.021484375,0.009765625,0.0,0.0,0.0
1017230157,813022,0,1.01171875,-0.01953125,0.01953125,0.0,0.0,0.0,0.0
1017231408,813023,0,1.0,-0.0234375,0.017578125,-0.005859375,0.0,0.0,0.0
1017232659,813024,0,1.005859375,-0.0234375,0.01171875,-0.01171875,0.0,0.0,0.0
1017233911,813025,0,1.0078125,-0.021484375,0.01953125,-0.001953125,0.0,0.0,0.0
1017235162,813026,0,1.009765625,-0.033203125,0.021484375,-0.01171875,0.0,0.0,0.0
1017236414,813027,0,1.01171875,-0.033203125,0.017578125,-0.015625,0.0,0.0,0.0
1017237664,813028,0,1.005859375,-0.03125,0.017578125,-0.013671875,0.0,0.0,0.0
1017238916,813029,0,1.00390625,-0.03515625,0.01171875,-0.0234375,0.0,0.0,0.0
1017240167,813030,0,1.005859375,-0.0390625,0.015625,-0.0234375,0.0,0.0,0.0
1017241417,813031,0,1.001953125,-0.041015625,0.01171875,-0.029296875,0.0,0.0,0.0
1017242668,813032,0,1.005859375,-0.041015625,0.013671875,-0.02734375,0.0,0.0,0.0
1017243919,813033,0,1.0,-0.041015625,0.009765625,-0.03125,0.0,0.0,0.0
1017245170,813034,0,1.0,-0.04296875,0.009765625,-0.033203125,0.0,0.0,0.0
1017246421,813035,0,1.005859375,-0.046875,0.017578125,-0.029296875,0.0,0.0,0.0
1017247672,813036,0,1.001953125,-0.046875,0.009765625,-0.037109375,0.0,0.0,0.0
1017248922,813037,0,1.001953125,-0.048828125,0.01171875,-0.037109375,0.0,0.0,0.0
1017250173,813038,0,1.0,-0.048828125,0.009765625,-0.0390625,0.0,0.0,0.0
1017251425,813039,0,1.001953125,-0.048828125,0.017578125,-0.03125,0.0,0.0,0.0
1017252675,813040,0,1.00390625,-0.046875,0.0078125,-0.0390625,0.0,0.0,0.0
1017253927,813041,0,1.009765625,-0.041015625,0.013671875,-0.02734375,0.0,0.0,0.0
1017255177,813042,0,1.01171875,-0.052734375,0.013671875,-0.0390625,0.0,0.0,0.0
1017256429,813043,0,1.0078125,-0.048828125,0.013671875,-0.03515625,0.0,0.0,0.0
1017257680,813044,0,1.009765625,-0.04296875,0.015625,-0.02734375,0.0,0.0,0.0
1017258930,813045,0,1.005859375,-0.041015625,0.009765625,-0.03125,0.0,0.0,0.0
1017260180,813046,0,1.005859375,-0.041015625,0.013671875,-0.02734375,0.0,0.0,0.0
1017261431,813047,0,1.00390625,-0.0390625,0.013671875,-0.025390625,0.0,0.0,0.0
1017262682,813048,0,1.0,-0.03125,0.021484375,-0.009765625,0.0,0.0,0.0
1017263933,813049,0,1.0,-0.03125,0.0234375,-0.0078125,0.0,0.0,0.0
1017265184,813050,0,1.00390625,-0.02734375,0.015625,-0.01171875,0.0,0.0,0.0
1017266434,813051,0,1.005859375,-0.029296875,0.021484375,-0.0078125,0.0,0.0,0.0
1017267685,813052,0,1.005859375,-0.025390625,0.017578125,-0.0078125,0.0,0.0,0.0
1017268936,813053,0,1.005859375,-0.01953125,0.01171875,-0.0078125,0.0,0.0,0.0
1017270188,813054,0,1.005859375,-0.017578125,0.01171875,-0.005859375,0.0,0.0,0.0
1017271439,813055,0,1.005859375,-0.015625,0.015625,0.0,0.0,0.0,0.0
1017272690,813056,0,1.009765625,-0.01171875,0.01953125,0.0078125,0.0,0.0,0.0
1017273941,813057,0,1.0078125,-0.013671875,0.0234375,0.009765625,0.0,0.0,0.0
1017275192,813058,0,1.001953125,-0.009765625,0.017578125,0.0078125,0.0,0.0,0.0
1017276443,813059,0,1.001953125,-0.009765625,0.0234375,0.013671875,0.0,0.0,0.0
1017277695,813060,0,1.005859375,-0.001953125,0.0234375,0.021484375,0.0,0.0,0.0
1017278945,813061,0,1.009765625,0.0,0.025390625,0.025390625,0.0,0.0,0.0
1017280195,813062,0,1.009765625,-0.00390625,0.017578125,0.013671875,0.0,0.0,0.0
1017281447,813063,0,1.00390625,-0.00390625,0.021484375,0.017578125,0.0,0.0,0.0
1017282697,813064,0,0.998046875,-0.0078125,0.025390625,0.017578125,0.0,0.0,0.0
1017283949,813065,0,1.005859375,-0.001953125,0.01953125,0.017578125,0.0,0.0,0.0
1017285200,813066,0,0.99609375,-0.005859375,0.01953125,0.013671875,0.0,0.0,0.0
1017286452,813067,0,1.009765625,-0.00390625,0.013671875,0.009765625,0.0,0.0,0.0
1017287702,813068,0,0.99609375,-0.005859375,0.0234375,0.017578125,0.0,0.0,0.0
1017288954,813069,0,1.00390625,-0.001953125,0.0234375,0.021484375,0.0,0.0,0.0
1017290205,813070,0,1.00390625,-0.005859375,0.015625,0.009765625,0.0,0.0,0.0
1017291456,813071,0,1.009765625,-0.005859375,0.017578125,0.01171875,0.0,0.0,0.0
1017292708,813072,0,1.001953125,-0.0078125,0.015625,0.0078125,0.0,0.0,0.0
1017293958,813073,0,1.0078125,-0.009765625,0.015625,0.005859375,0.0,0.0,0.0
1017295209,813074,0,1.001953125,-0.005859375,0.015625,0.009765625,0.0,0.0,0.0
1017296459,813075,0,1.005859375,-0.017578125,0.013671875,-0.00390625,0.0,0.0,0.0
1017297710,813076,0,1.001953125,-0.015625,0.017578125,0.001953125,0.0,0.0,0.0
1017298961,813077,0,1.00390625,-0.01953125,0.013671875,-0.005859375,0.0,0.0,0.0
1017300212,813078,0,1.001953125,-0.01953125,0.017578125,-0.001953125,0.0,0.0,0.0
1017301462,813079,0,1.00390625,-0.025390625,0.021484375,-0.00390625,0.0,0.0,0.0
1017302713,813080,0,1.01171875,-0.0234375,0.017578125,-0.005859375,0.0,0.0,0.0
1017303965,813081,0,1.0078125,-0.03125,0.0078125,-0.0234375,0.0,0.0,0.0
1017305216,813082,0,1.001953125,-0.03515625,0.015625,-0.01953125,0.0,0.0,0.0
1017306468,813083,0,1.001953125,-0.03515625,0.021484375,-0.013671875,0.0,0.0,0.0
1017307719,813084,0,1.00390625,-0.033203125,0.013671875,-0.01953125,0.0,0.0,0.0
1017308969,813085,0,1.0,-0.0390625,0.0234375,-0.015625,0.0,0.0,0.0
1017310221,813086,0,1.0,-0.0390625,0.01171875,-0.02734375,0.0,0.0,0.0
1017311471,813087,0,1.00390625,-0.04296875,0.01171875,-0.03125,0.0,0.0,0.0
1017312721,813088,0,1.0078125,-0.046875,0.01171875,-0.03515625,0.0,0.0,0.0
1017313972,813089,0,1.001953125,-0.044921875,0.015625,-0.029296875,0.0,0.0,0.0
1017315224,813090,0,1.013671875,-0.05078125,0.009765625,-0.041015625,0.0,0.0,0.0
1017316474,813091,0,1.00390625,-0.046875,0.009765625,-0.037109375,0.0,0.0,0.0
1017317724,813092,0,1.00390625,-0.048828125,0.005859375,-0.04296875,0.0,0.0,0.0
1017318976,813093,0,1.005859375,-0.046875,0.0078125,-0.0390625,0.0,0.0,0.0
1017320226,813094,0,1.00390625,-0.048828125,0.005859375,-0.04296875,0.0,0.0,0.0
1017321476,813095,0,1.00390625,-0.046875,0.005859375,-0.041015625,0.0,0.0,0.0
1017322728,813096,0,1.001953125,-0.046875,0.013671875,-0.033203125,0.0,0.0,0.0
1017323978,813097,0,0.99609375,-0.041015625,0.013671875,-0.02734375,0.0,0.0,0.0
1017325230,813098,0,1.001953125,-0.041015625,0.015625,-0.025390625,0.0,0.0,0.0
1017326481,813099,0,1.001953125,-0.048828125,0.01171875,-0.037109375,0.0,0.0,0.0
1017327732,813100,0,1.001953125,-0.041015625,0.0078125,-0.033203125,0.0,0.0,0.0
1017328983,813101,0,1.001953125,-0.033203125,0.013671875,-0.01953125,0.0,0.0,0.0
1017330235,813102,0,1.0,-0.03515625,0.01171875,-0.0234375,0.0,0.0,0.0
1017331485,813103,0,1.0,-0.033203125,0.017578125,-0.015625,0.0,0.0,0.0
1017332736,813104,0,1.0,-0.025390625,0.021484375,-0.00390625,0.0,0.0,0.0
1017333987,813105,0,1.001953125,-0.025390625,0.01953125,-0.005859375,0.0,0.0,0.0
1017335237,813106,0,1.001953125,-0.025390625,0.017578125,-0.0078125,0.0,0.0,0.0
1017336488,813107,0,1.015625,-0.01953125,0.013671875,-0.005859375,0.0,0.0,0.0
1017337738,813108,0,1.005859375,-0.021484375,0.021484375,0.0,0.0,0.0,0.0
1017338989,813109,0,1.00390625,-0.01953125,0.017578125,-0.001953125,0.0,0.0,0.0
1017340239,813110,0,1.005859375,-0.017578125,0.015625,-0.001953125,0.0,0.0,0.0
1017341490,813111,0,1.001953125,-0.015625,0.0078125,-0.0078125,0.0,0.0,0.0
1017342741,813112,0,1.01171875,-0.009765625,0.01953125,0.009765625,0.0,0.0,0.0
1017343991,813113,0,1.005859375,-0.005859375,0.021484375,0.015625,0.0,0.0,0.0
1017345242,813114,0,1.00390625,-0.005859375,0.01953125,0.013671875,0.0,0.0,0.0
1017346493,813115,0,1.0078125,-0.001953125,0.021484375,0.01953125,0.0,0.0,0.0
1017347745,813116,0,1.0078125,-0.005859375,0.013671875,0.0078125,0.0,0.0,0.0
1017348995,813117,0,0.998046875,-0.00390625,0.021484375,0.017578125,0.0,0.0,0.0
1017350247,813118,0,1.00390625,-0.005859375,0.021484375,0.015625,0.0,0.0,0.0
1017351498,813119,0,0.998046875,-0.00390625,0.01953125,0.015625,0.0,0.0,0.0
1017352749,813120,0,1.0078125,-0.00390625,0.017578125,0.013671875,0.0,0.0,0.0
1017354000,813121,0,1.001953125,-0.001953125,0.01953125,0.017578125,0.0,0.0,0.0
1017355250,813122,0,1.001953125,-0.005859375,0.017578125,0.01171875,0.0,0.0,0.0
1017356501,813123,0,1.00390625,-0.001953125,0.01953125,0.017578125,0.0,0.0,0.0
1017357752,813124,0,1.005859375,-0.00390625,0.01953125,0.015625,0.0,0.0,0.0
1017359003,813125,0,1.001953125,-0.00390625,0.0234375,0.01953125,0.0,0.0,0.0
1017360254,813126,0,0.994140625,-0.0078125,0.017578125,0.009765625,0.0,0.0,0.0
1017361504,813127,0,1.015625,-0.0078125,0.017578125,0.009765625,0.0,0.0,0.0
1017362755,813128,0,1.0078125,-0.01171875,0.01953125,0.0078125,0.0,0.0,0.0
1017364006,813129,0,1.00390625,-0.013671875,0.01953125,0.005859375,0.0,0.0,0.0
1017365257,813130,0,1.005859375,-0.015625,0.017578125,0.001953125,0.0,0.0,0.0
1017366508,813131,0,1.01171875,-0.01953125,0.009765625,-0.009765625,0.0,0.0,0.0
1017367760,813132,0,1.005859375,-0.025390625,0.013671875,-0.01171875,0.0,0.0,0.0
1017369010,813133,0,1.013671875,-0.02734375,0.015625,-0.01171875,0.0,0.0,0.0
1017370261,813134,0,1.0,-0.025390625,0.015625,-0.009765625,0.0,0.0,0.0
1017371513,813135,0,1.0078125,-0.029296875,0.013671875,-0.015625,0.0,0.0,0.0
1017372763,813136,0,1.00390625,-0.02734375,0.015625,-0.01171875,0.0,0.0,0.0
1017374014,813137,0,1.0078125,-0.03125,0.0078125,-0.0234375,0.0,0.0,0.0
1017375271,813138,0,1.0,-0.0390625,0.01953125,-0.01953125,0.0,0.0,0.0
1017376522,813139,0,1.009765625,-0.03515625,0.0078125,-0.02734375,0.0,0.0,0.0
1017377774,813140,0,1.005859375,-0.04296875,0.0078125,-0.03515625,0.0,0.0,0.0
1017379024,813141,0,1.001953125,-0.04296875,0.005859375,-0.037109375,0.0,0.0,0.0
1017380275,813142,0,1.00390625,-0.041015625,0.01171875,-0.029296875,0.0,0.0,0.0
1017381527,813143,0,1.00390625,-0.04296875,0.009765625,-0.033203125,0.0,0.0,0.0
1017382778,813144,0,1.001953125,-0.04296875,0.017578125,-0.025390625,0.0,0.0,0.0
1017384028,813145,0,1.005859375,-0.04296875,0.0078125,-0.03515625,0.0,0.0,0.0
1017385278,813146,0,1.005859375,-0.04296875,0.0234375,-0.01953125,0.0,0.0,0.0
1017386528,813147,0,0.990234375,-0.046875,0.015625,-0.03125,0.0,0.0,0.0
1017387780,813148,0,0.998046875,-0.046875,0.013671875,-0.033203125,0.0,0.0,0.0
1017389031,813149,0,1.017578125,-0.05078125,0.017578125,-0.033203125,0.0,0.0,0.0
1017390282,813150,0,1.005859375,-0.037109375,0.005859375,-0.03125,0.0,0.0,0.0
1017391533,813151,0,0.994140625,-0.0390625,0.0078125,-0.03125,0.0,0.0,0.0
1017392784,813152,0,1.001953125,-0.041015625,0.01171875,-0.029296875,0.0,0.0,0.0
1017394034,813153,0,1.0,-0.033203125,0.015625,-0.017578125,0.0,0.0,0.0
1017395284,813154,0,0.998046875,-0.041015625,0.017578125,-0.0234375,0.0,0.0,0.0
1017396536,813155,0,1.00390625,-0.03515625,0.013671875,-0.021484375,0.0,0.0,0.0
1017397787,813156,0,0.998046875,-0.033203125,0.013671875,-0.01953125,0.0,0.0,0.0
1017399038,813157,0,1.01171875,-0.03515625,0.01171875,-0.0234375,0.0,0.0,0.0
1017400288,813158,0,1.0,-0.03515625,0.017578125,-0.017578125,0.0,0.0,0.0
1017401539,813159,0,1.005859375,-0.033203125,0.0078125,-0.025390625,0.0,0.0,0.0
1017402790,813160,0,1.0078125,-0.03125,0.01953125,-0.01171875,0.0,0.0,0.0
1017404040,813161,0,1.001953125,-0.025390625,0.01171875,-0.013671875,0.0,0.0,0.0
1017405290,813162,0,1.01171875,-0.021484375,0.025390625,0.00390625,0.0,0.0,4.4453453860464735e+24
1017407793,813164,0,1.005859375,-0.017578125,0.017578125,0.0,0.0,0.0,0.0
1017409044,813165,0,1.00390625,-0.015625,0.017578125,0.001953125,0.0,0.0,0.0
1017410295,813166,0,1.00390625,-0.013671875,0.02734375,0.013671875,0.0,0.0,0.0
1017411546,813167,0,1.009765625,-0.015625,0.015625,0.0,0.0,0.0,0.0
1017412796,813168,0,1.009765625,-0.01171875,0.017578125,0.005859375,0.0,0.0,0.0
1017414048,813169,0,1.017578125,-0.009765625,0.013671875,0.00390625,0.0,0.0,0.0
1017415299,813170,0,1.001953125,-0.005859375,0.021484375,0.015625,0.0,0.0,0.0
1017416549,813171,0,1.0,-0.013671875,0.0234375,0.009765625,0.0,0.0,0.0
1017417801,813172,0,1.025390625,-0.001953125,0.021484375,0.01953125,0.0,0.0,0.0
1017419051,813173,0,1.015625,-0.009765625,0.025390625,0.015625,0.0,0.0,0.0
1017420301,813174,0,1.0078125,-0.0078125,0.01953125,0.01171875,0.0,0.0,0.0
1017421552,813175,0,1.009765625,-0.00390625,0.009765625,0.005859375,0.0,0.0,0.0
1017422803,813176,0,1.009765625,-0.009765625,0.021484375,0.01171875,0.0,0.0,0.0
1017424054,813177,0,1.0078125,-0.005859375,0.01953125,0.013671875,0.0,0.0,0.0
1017425305,813178,0,1.0,-0.009765625,0.01953125,0.009765625,0.0,0.0,0.0
1017426556,813179,0,1.00390625,-0.005859375,0.015625,0.009765625,0.0,0.0,0.0
1017427807,813180,0,1.0078125,-0.013671875,0.017578125,0.00390625,0.0,0.0,0.0
1017429059,813181,0,1.00390625,-0.013671875,0.01953125,0.005859375,0.0,0.0,0.0
1017430310,813182,0,0.998046875,-0.013671875,0.017578125,0.00390625,0.0,0.0,0.0
1017431560,813183,0,1.005859375,-0.01953125,0.015625,-0.00390625,0.0,0.0,0.0
1017432810,813184,0,1.001953125,-0.013671875,0.013671875,0.0,0.0,0.0,0.0
1017434061,813185,0,1.00390625,-0.025390625,0.01953125,-0.005859375,0.0,0.0,0.0
1017435311,813186,0,1.00390625,-0.017578125,0.015625,-0.001953125,0.0,0.0,0.0
1017436563,813187,0,1.00390625,-0.033203125,0.01171875,-0.021484375,0.0,0.0,0.0
1017437813,813188,0,1.005859375,-0.017578125,0.015625,-0.001953125,0.0,0.0,0.0
1017439065,813189,0,1.0078125,-0.02734375,0.01953125,-0.0078125,0.0,0.0,0.0
1017440316,813190,0,1.00390625,-0.01953125,0.015625,-0.00390625,0.0,0.0,0.0
1017441566,813191,0,1.0078125,-0.037109375,0.015625,-0.021484375,0.0,0.0,0.0
1017442817,813192,0,0.994140625,-0.029296875,0.013671875,-0.015625,0.0,0.0,0.0
1017444067,813193,0,1.001953125,-0.04296875,0.013671875,-0.029296875,0.0,0.0,0.0
1017445317,813194,0,0.994140625,-0.029296875,0.015625,-0.013671875,0.0,0.0,0.0
1017446567,813195,0,1.00390625,-0.04296875,0.01171875,-0.03125,0.0,0.0,0.0
1017447818,813196,0,1.0078125,-0.037109375,0.013671875,-0.0234375,0.0,0.0,0.0
1017449070,813197,0,1.001953125,-0.041015625,0.009765625,-0.03125,0.0,0.0,0.0
1017450321,813198,0,1.00390625,-0.044921875,0.01171875,-0.033203125,0.0,0.0,0.0
1017451571,813199,0,1.001953125,-0.037109375,0.017578125,-0.01953125,0.0,0.0,0.0
1017452821,813200,0,1.0078125,-0.04296875,0.015625,-0.02734375,0.0,0.0,0.0
1017454071,813201,0,1.0,-0.0390625,0.01171875,-0.02734375,0.0,0.0,0.0
1017455322,813202,0,1.005859375,-0.04296875,0.013671875,-0.029296875,0.0,0.0,0.0
1017456572,813203,0,1.005859375,-0.037109375,0.01171875,-0.025390625,0.0,0.0,0.0
1017457823,813204,0,1.00390625,-0.044921875,0.0078125,-0.037109375,0.0,0.0,0.0
1017459075,813205,0,1.005859375,-0.03515625,0.017578125,-0.017578125,0.0,0.0,0.0
1017460326,813206,0,1.001953125,-0.044921875,0.009765625,-0.03515625,0.0,0.0,0.0
1017461577,813207,0,1.001953125,-0.0390625,0.021484375,-0.017578125,0.0,0.0,0.0
1017462829,813208,0,1.009765625,-0.037109375,0.017578125,-0.01953125,0.0,0.0,0.0
1017464079,813209,0,0.998046875,-0.03515625,0.015625,-0.01953125,0.0,0.0,0.0
1017465329,813210,0,1.005859375,-0.03515625,0.015625,-0.01953125,0.0,0.0,0.0
1017466580,813211,0,0.99609375,-0.037109375,0.017578125,-0.01953125,0.0,0.0,0.0
1017467831,813212,0,1.001953125,-0.0234375,0.01953125,-0.00390625,0.0,0.0,0.0
1017469082,813213,0,1.0,-0.03125,0.017578125,-0.013671875,0.0,0.0,0.0
1017470333,813214,0,1.005859375,-0.02734375,0.0078125,-0.01953125,0.0,0.0,0.0
1017471584,813215,0,1.009765625,-0.0234375,0.015625,-0.0078125,0.0,0.0,0.0
1017472835,813216,0,0.998046875,-0.01953125,0.013671875,-0.005859375,0.0,0.0,0.0
1017474087,813217,0,1.0,-0.025390625,0.01953125,-0.005859375,0.0,0.0,0.0
1017475338,813218,0,1.001953125,-0.015625,0.017578125,0.001953125,0.0,0.0,0.0
1017476590,813219,0,0.99609375,-0.021484375,0.015625,-0.005859375,0.0,0.0,0.0
1017477841,813220,0,1.009765625,-0.015625,0.017578125,0.001953125,0.0,0.0,0.0
1017479092,813221,0,1.001953125,-0.01953125,0.01953125,0.0,0.0,0.0,0.0
1017480343,813222,0,1.001953125,-0.013671875,0.0234375,0.009765625,0.0,0.0,0.0
1017481595,813223,0,1.0078125,-0.015625,0.017578125,0.001953125,0.0,0.0,0.0
1017482845,813224,0,1.0,-0.0078125,0.0234375,0.015625,0.0,0.0,0.0
1017484097,813225,0,1.00390625,-0.00390625,0.0234375,0.01953125,0.0,0.0,0.0
1017485348,813226,0,1.005859375,-0.013671875,0.01953125,0.005859375,0.0,0.0,0.0
1017486600,813227,0,1.005859375,-0.0078125,0.0234375,0.015625,0.0,0.0,0.0
1017487850,813228,0,1.0078125,-0.009765625,0.021484375,0.01171875,0.0,0.0,0.0
1017489101,813229,0,1.001953125,-0.005859375,0.021484375,0.015625,0.0,0.0,0.0
1017490351,813230,0,1.00390625,-0.009765625,0.0234375,0.013671875,0.0,0.0,0.0
1017491602,813231,0,0.998046875,-0.009765625,0.017578125,0.0078125,0.0,0.0,0.0
1017492853,813232,0,1.0078125,-0.005859375,0.021484375,0.015625,0.0,0.0,0.0
1017494104,813233,0,0.99609375,-0.009765625,0.021484375,0.01171875,0.0,0.0,0.0
1017495355,813234,0,1.001953125,-0.017578125,0.01171875,-0.005859375,0.0,0.0,0.0
1017496606,813235,0,0.99609375,-0.01171875,0.015625,0.00390625,0.0,0.0,0.0
1017497857,813236,0,1.0,-0.009765625,0.025390625,0.015625,0.0,0.0,0.0
1017499109,813237,0,1.009765625,-0.013671875,0.01171875,-0.001953125,0.0,0.0,0.0
1017500360,813238,0,1.009765625,-0.017578125,0.017578125,0.0,0.0,0.0,0.0
1017501610,813239,0,1.005859375,-0.017578125,0.01171875,-0.005859375,0.0,0.0,0.0
1017502861,813240,0,1.0,-0.0234375,0.01171875,-0.01171875,0.0,0.0,0.0
1017504112,813241,0,1.001953125,-0.021484375,0.013671875,-0.0078125,0.0,0.0,0.0
1017505362,813242,0,1.001953125,-0.021484375,0.01171875,-0.009765625,0.0,0.0,0.0
1017506613,813243,0,1.00390625,-0.025390625,0.013671875,-0.01171875,0.0,0.0,0.0
1017507863,813244,0,1.001953125,-0.0234375,0.017578125,-0.005859375,0.0,0.0,0.0
1017509115,813245,0,1.00390625,-0.029296875,0.015625,-0.013671875,0.0,0.0,0.0
1017510366,813246,0,1.001953125,-0.03515625,0.015625,-0.01953125,0.0,0.0,0.0
1017511616,813247,0,1.001953125,-0.033203125,0.015625,-0.017578125,0.0,0.0,0.0
1017512867,813248,0,1.001953125,-0.03515625,0.013671875,-0.021484375,0.0,0.0,0.0
1017514117,813249,0,1.0,-0.03515625,0.009765625,-0.025390625,0.0,0.0,0.0
1017515367,813250,0,1.00390625,-0.03515625,0.009765625,-0.025390625,0.0,0.0,0.0
1017516618,813251,0,1.005859375,-0.033203125,0.015625,-0.017578125,0.0,0.0,0.0
1017517868,813252,0,1.00390625,-0.04296875,0.01953125,-0.0234375,0.0,0.0,0.0
1017519120,813253,0,1.001953125,-0.0390625,0.015625,-0.0234375,0.0,0.0,0.0
1017520371,813254,0,0.998046875,-0.041015625,0.01953125,-0.021484375,0.0,0.0,0.0
1017521621,813255,0,0.994140625,-0.0390625,0.01171875,-0.02734375,0.0,0.0,0.0
1017522873,813256,0,1.001953125,-0.037109375,0.013671875,-0.0234375,0.0,0.0,0.0
1017524123,813257,0,1.009765625,-0.0390625,0.013671875,-0.025390625,0.0,0.0,0.0
1017525373,813258,0,1.009765625,-0.03125,0.0078125,-0.0234375,0.0,0.0,0.0
1017526623,813259,0,1.013671875,-0.037109375,0.017578125,-0.01953125,0.0,0.0,0.0
1017527873,813260,0,1.005859375,-0.037109375,0.009765625,-0.02734375,0.0,0.0,0.0
1017529125,813261,0,1.005859375,-0.03515625,0.021484375,-0.013671875,0.0,0.0,0.0
1017530376,813262,0,1.001953125,-0.03515625,0.01953125,-0.015625,0.0,0.0,0.0
1017531626,813263,0,1.001953125,-0.03515625,0.017578125,-0.017578125,0.0,0.0,0.0
1017532877,813264,0,1.005859375,-0.029296875,0.015625,-0.013671875,0.0,0.0,0.0
1017534128,813265,0,1.00390625,-0.033203125,0.01171875,-0.021484375,0.0,0.0,0.0
1017535378,813266,0,1.005859375,-0.033203125,0.013671875,-0.01953125,0.0,0.0,0.0
1017536629,813267,0,1.00390625,-0.02734375,0.009765625,-0.017578125,0.0,0.0,0.0
1017537880,813268,0,1.005859375,-0.025390625,0.015625,-0.009765625,0.0,0.0,0.0
1017539131,813269,0,1.0078125,-0.0234375,0.009765625,-0.013671875,0.0,0.0,0.0
1017540382,813270,0,1.001953125,-0.02734375,0.013671875,-0.013671875,0.0,0.0,0.0
1017541632,813271,0,0.99609375,-0.025390625,0.013671875,-0.01171875,0.0,0.0,0.0
1017542883,813272,0,1.009765625,-0.017578125,0.017578125,0.0,0.0,0.0,0.0
1017544134,813273,0,1.0078125,-0.013671875,0.021484375,0.0078125,0.0,0.0,0.0
1017545384,813274,0,1.009765625,-0.01953125,0.021484375,0.001953125,0.0,0.0,0.0
1017546636,813275,0,1.017578125,-0.01171875,0.017578125,0.005859375,0.0,0.0,0.0
1017547886,813276,0,1.005859375,-0.013671875,0.021484375,0.0078125,0.0,0.0,0.0
1017549137,813277,0,1.0078125,-0.0078125,0.021484375,0.013671875,0.0,0.0,0.0
1017550388,813278,0,0.998046875,-0.01171875,0.021484375,0.009765625,0.0,0.0,0.0
1017551639,813279,0,1.00390625,-0.01953125,0.0234375,0.00390625,0.0,0.0,0.0
1017552889,813280,0,1.005859375,-0.009765625,0.025390625,0.015625,0.0,0.0,0.0
1017554140,813281,0,0.994140625,-0.01171875,0.015625,0.00390625,0.0,0.0,0.0
1017555392,813282,0,1.00390625,-0.013671875,0.021484375,0.0078125,0.0,0.0,0.0
1017556642,813283,0,1.00390625,-0.013671875,0.017578125,0.00390625,0.0,0.0,0.0
1017557894,813284,0,1.005859375,-0.015625,0.0234375,0.0078125,0.0,0.0,0.0
1017559145,813285,0,1.0078125,-0.01171875,0.021484375,0.009765625,0.0,0.0,0.0
1017560396,813286,0,1.001953125,-0.013671875,0.01953125,0.005859375,0.0,0.0,0.0
1017561648,813287,0,1.001953125,-0.01171875,0.015625,0.00390625,0.0,0.0,0.0
1017562899,813288,0,1.009765625,-0.009765625,0.01953125,0.009765625,0.0,0.0,0.0
1017564150,813289,0,1.00390625,-0.01953125,0.021484375,0.001953125,0.0,0.0,0.0
1017565400,813290,0,1.005859375,-0.013671875,0.01953125,0.005859375,0.0,0.0,0.0
1017566651,813291,0,1.001953125,-0.01953125,0.015625,-0.00390625,0.0,0.0,0.0
1017567902,813292,0,1.00390625,-0.021484375,0.021484375,0.0,0.0,0.0,0.0
1017569152,813293,0,1.005859375,-0.0234375,0.01953125,-0.00390625,0.0,0.0,0.0
1017570402,813294,0,1.0078125,-0.021484375,0.021484375,0.0,0.0,0.0,0.0
1017571654,813295,0,1.0078125,-0.021484375,0.017578125,-0.00390625,0.0,0.0,0.0
1017572904,813296,0,1.001953125,-0.025390625,0.01953125,-0.005859375,0.0,0.0,0.0
1017574154,813297,0,1.005859375,-0.02734375,0.021484375,-0.005859375,0.0,0.0,0.0
1017575405,813298,0,1.00390625,-0.03125,0.017578125,-0.013671875,0.0,0.0,0.0
1017576655,813299,0,1.005859375,-0.03125,0.021484375,-0.009765625,0.0,0.0,0.0
1017577906,813300,0,1.001953125,-0.03125,0.017578125,-0.013671875,0.0,0.0,0.0
1017579157,813301,0,1.001953125,-0.029296875,0.013671875,-0.015625,0.0,0.0,0.0
1017580408,813302,0,1.005859375,-0.03515625,0.009765625,-0.025390625,0.0,0.0,0.0
1017581659,813303,0,1.001953125,-0.03515625,0.013671875,-0.021484375,0.0,0.0,0.0
1017582911,813304,0,1.001953125,-0.037109375,0.015625,-0.021484375,0.0,0.0,0.0
1017584162,813305,0,1.00390625,-0.037109375,0.013671875,-0.0234375,0.0,0.0,0.0
1017585414,813306,0,1.00390625,-0.0390625,0.013671875,-0.025390625,0.0,0.0,0.0
1017586664,813307,0,1.001953125,-0.037109375,0.0078125,-0.029296875,0.0,0.0,0.0
1017587916,813308,0,1.0,-0.037109375,0.01953125,-0.017578125,0.0,0.0,0.0
1017589167,813309,0,1.00390625,-0.0390625,0.015625,-0.0234375,0.0,0.0,0.0
1017590417,813310,0,1.0,-0.041015625,0.013671875,-0.02734375,0.0,0.0,0.0
1017591668,813311,0,1.0,-0.033203125,0.013671875,-0.01953125,0.0,0.0,0.0
1017592919,813312,0,0.99609375,-0.0390625,0.013671875,-0.025390625,0.0,0.0,0.0
1017594170,813313,0,1.001953125,-0.03125,0.01171875,-0.01953125,0.0,0.0,0.0
1017595421,813314,0,1.001953125,-0.037109375,0.01171875,-0.025390625,0.0,0.0,0.0
1017596672,813315,0,1.001953125,-0.03515625,0.013671875,-0.021484375,0.0,0.0,0.0
1017597922,813316,0,1.001953125,-0.04296875,0.01171875,-0.03125,0.0,0.0,0.0
1017599173,813317,0,0.99609375,-0.02734375,0.013671875,-0.013671875,0.0,0.0,0.0
1017600425,813318,0,0.998046875,-0.03515625,0.017578125,-0.017578125,0.0,0.0,0.0
