t_us,frame_id,sensor_id,accX,accY,accZ,acc_sum_YZ,magX,magY,magZ
1037701082,829387,0,0.994140625,-0.029296875,0.0234375,-0.005859375,0.0,0.0,0.0
1037702333,829388,0,0.998046875,-0.029296875,0.01171875,-0.017578125,0.0,0.0,0.0
1037703585,829389,0,1.005859375,-0.029296875,0.025390625,-0.00390625,0.0,0.0,0.0
1037704835,829390,0,1.013671875,-0.029296875,0.021484375,-0.0078125,0.0,0.0,0.0
1037706087,829391,0,1.001953125,-0.025390625,0.02734375,0.001953125,0.0,0.0,0.0
1037707338,829392,0,1.005859375,-0.029296875,0.029296875,0.0,0.0,0.0,0.0
1037708590,829393,0,1.005859375,-0.02734375,0.025390625,-0.001953125,0.0,0.0,0.0
1037709841,829394,0,1.005859375,-0.029296875,0.02734375,-0.001953125,0.0,0.0,0.0
1037711092,829395,0,1.005859375,-0.03125,0.025390625,-0.005859375,0.0,0.0,0.0
1037712343,829396,0,1.00390625,-0.03125,0.021484375,-0.009765625,0.0,0.0,0.0
1037713595,829397,0,1.001953125,-0.033203125,0.021484375,-0.01171875,0.0,0.0,0.0
1037714845,829398,0,1.005859375,-0.02734375,0.0234375,-0.00390625,0.0,0.0,0.0
1037716097,829399,0,1.001953125,-0.029296875,0.021484375,-0.0078125,0.0,0.0,0.0
1037717348,829400,0,1.005859375,-0.029296875,0.025390625,-0.00390625,0.0,0.0,0.0
1037718600,829401,0,1.0,-0.025390625,0.01953125,-0.005859375,0.0,0.0,0.0
1037719850,829402,0,1.001953125,-0.029296875,0.021484375,-0.0078125,0.0,0.0,0.0
1037721101,829403,0,1.0,-0.02734375,0.021484375,-0.005859375,0.0,0.0,0.0
1037722351,829404,0,1.005859375,-0.03515625,0.025390625,-0.009765625,0.0,0.0,0.0
1037723602,829405,0,0.99609375,-0.029296875,0.015625,-0.013671875,0.0,0.0,0.0
1037724853,829406,0,1.015625,-0.033203125,0.021484375,-0.01171875,0.0,0.0,0.0
1037726104,829407,0,1.009765625,-0.03125,0.025390625,-0.005859375,0.0,0.0,0.0
1037727355,829408,0,1.009765625,-0.03125,0.013671875,-0.017578125,0.0,0.0,0.0
1037728606,829409,0,1.00390625,-0.0234375,0.01953125,-0.00390625,0.0,0.0,0.0
1037729857,829410,0,1.005859375,-0.025390625,0.025390625,0.0,0.0,0.0,0.0
1037731109,829411,0,1.005859375,-0.029296875,0.025390625,-0.00390625,0.0,0.0,0.0
1037732360,829412,0,1.001953125,-0.033203125,0.021484375,-0.01171875,0.0,0.0,0.0
1037733610,829413,0,1.005859375,-0.03125,0.02734375,-0.00390625,0.0,0.0,0.0
1037734861,829414,0,1.0078125,-0.02734375,0.021484375,-0.005859375,0.0,0.0,0.0
1037736112,829415,0,1.001953125,-0.029296875,0.021484375,-0.0078125,0.0,0.0,0.0
1037737362,829416,0,1.005859375,-0.029296875,0.025390625,-0.00390625,0.0,0.0,0.0
1037738613,829417,0,1.00390625,-0.033203125,0.0234375,-0.009765625,0.0,0.0,0.0
1037739863,829418,0,1.00390625,-0.033203125,0.021484375,-0.01171875,0.0,0.0,0.0
1037741115,829419,0,1.001953125,-0.029296875,0.0234375,-0.005859375,0.0,0.0,0.0
1037742366,829420,0,1.001953125,-0.03125,0.01953125,-0.01171875,0.0,0.0,0.0
1037743616,829421,0,1.001953125,-0.033203125,0.03125,-0.001953125,0.0,0.0,0.0
1037744867,829422,0,1.001953125,-0.029296875,0.021484375,-0.0078125,0.0,0.0,0.0
1037746117,829423,0,1.00390625,-0.03125,0.025390625,-0.005859375,0.0,0.0,0.0
1037747367,829424,0,1.005859375,-0.029296875,0.0234375,-0.005859375,0.0,0.0,0.0
1037748618,829425,0,0.9921875,-0.03125,0.02734375,-0.00390625,0.0,0.0,0.0
1037749868,829426,0,0.99609375,-0.029296875,0.025390625,-0.00390625,0.0,0.0,0.0
1037751120,829427,0,1.00390625,-0.029296875,0.0234375,-0.005859375,0.0,0.0,0.0
1037752371,829428,0,0.998046875,-0.029296875,0.021484375,-0.0078125,0.0,0.0,0.0
1037753621,829429,0,1.00390625,-0.029296875,0.021484375,-0.0078125,0.0,0.0,0.0
1037754873,829430,0,1.005859375,-0.021484375,0.025390625,0.00390625,0.0,0.0,0.0
1037756123,829431,0,1.0,-0.033203125,0.01953125,-0.013671875,0.0,0.0,0.0
1037757373,829432,0,1.017578125,-0.02734375,0.02734375,0.0,0.0,0.0,0.0
1037758623,829433,0,0.994140625,-0.0234375,0.0234375,0.0,0.0,0.0,0.0
1037759873,829434,0,1.00390625,-0.025390625,0.021484375,-0.00390625,0.0,0.0,0.0
1037761125,829435,0,1.005859375,-0.029296875,0.02734375,-0.001953125,0.0,0.0,0.0
1037762376,829436,0,0.998046875,-0.02734375,0.029296875,0.001953125,0.0,0.0,0.0
1037763626,829437,0,1.005859375,-0.025390625,0.02734375,0.001953125,0.0,0.0,0.0
1037764877,829438,0,1.009765625,-0.029296875,0.025390625,-0.00390625,0.0,0.0,0.0
1037766128,829439,0,1.0,-0.025390625,0.025390625,0.0,0.0,0.0,0.0
1037767378,829440,0,1.0078125,-0.029296875,0.01953125,-0.009765625,0.0,0.0,0.0
1037768629,829441,0,1.005859375,-0.02734375,0.03125,0.00390625,0.0,0.0,0.0
1037769880,829442,0,1.0078125,-0.02734375,0.025390625,-0.001953125,0.0,0.0,0.0
1037771131,829443,0,1.001953125,-0.029296875,0.0234375,-0.005859375,0.0,0.0,0.0
1037772382,829444,0,0.99609375,-0.029296875,0.02734375,-0.001953125,0.0,0.0,0.0
1037773632,829445,0,1.0078125,-0.02734375,0.029296875,0.001953125,0.0,0.0,0.0
1037774883,829446,0,1.0,-0.03125,0.025390625,-0.005859375,0.0,0.0,0.0
1037776134,829447,0,1.0,-0.029296875,0.025390625,-0.00390625,0.0,0.0,0.0
1037777384,829448,0,1.0,-0.025390625,0.029296875,0.00390625,0.0,0.0,0.0
1037778636,829449,0,1.009765625,-0.033203125,0.01953125,-0.013671875,0.0,0.0,0.0
1037779886,829450,0,1.00390625,-0.03125,0.01953125,-0.01171875,0.0,0.0,0.0
1037781137,829451,0,1.001953125,-0.03125,0.01953125,-0.01171875,0.0,0.0,0.0
1037782388,829452,0,0.9921875,-0.02734375,0.02734375,0.0,0.0,0.0,0.0
1037783639,829453,0,1.0078125,-0.021484375,0.01953125,-0.001953125,0.0,0.0,0.0
1037784889,829454,0,1.0078125,-0.02734375,0.0234375,-0.00390625,0.0,0.0,0.0
1037786140,829455,0,1.0078125,-0.025390625,0.025390625,0.0,0.0,0.0,0.0
1037787392,829456,0,1.0078125,-0.02734375,0.01953125,-0.0078125,0.0,0.0,0.0
1037788642,829457,0,1.001953125,-0.02734375,0.025390625,-0.001953125,0.0,0.0,0.0
1037789894,829458,0,1.0078125,-0.029296875,0.01953125,-0.009765625,0.0,0.0,0.0
1037791145,829459,0,1.00390625,-0.03125,0.025390625,-0.005859375,0.0,0.0,0.0
1037792396,829460,0,1.00390625,-0.03515625,0.017578125,-0.017578125,0.0,0.0,0.0
1037793648,829461,0,1.005859375,-0.033203125,0.02734375,-0.005859375,0.0,0.0,0.0
1037794899,829462,0,1.0,-0.03515625,0.0234375,-0.01171875,0.0,0.0,0.0
1037796150,829463,0,1.005859375,-0.03125,0.0234375,-0.0078125,0.0,0.0,0.0
1037797400,829464,0,1.005859375,-0.033203125,0.01953125,-0.013671875,0.0,0.0,0.0
1037798651,829465,0,1.001953125,-0.03125,0.01953125,-0.01171875,0.0,0.0,0.0
1037799902,829466,0,0.99609375,-0.02734375,0.021484375,-0.005859375,0.0,0.0,0.0
1037801152,829467,0,1.001953125,-0.03125,0.03125,0.0,0.0,0.0,0.0
1037802402,829468,0,1.0078125,-0.029296875,0.021484375,-0.0078125,0.0,0.0,0.0
1037803654,829469,0,1.015625,-0.025390625,0.02734375,0.001953125,0.0,0.0,0.0
1037804904,829470,0,1.015625,-0.03125,0.029296875,-0.001953125,0.0,0.0,0.0
1037806154,829471,0,0.99609375,-0.03125,0.01953125,-0.01171875,0.0,0.0,0.0
1037807405,829472,0,1.015625,-0.03125,0.0234375,-0.0078125,0.0,0.0,0.0
1037808655,829473,0,1.015625,-0.03125,0.021484375,-0.009765625,0.0,0.0,0.0
1037809906,829474,0,1.0,-0.02734375,0.017578125,-0.009765625,0.0,0.0,0.0
1037811157,829475,0,1.0,-0.033203125,0.0234375,-0.009765625,0.0,0.0,0.0
1037812408,829476,0,0.994140625,-0.03515625,0.0234375,-0.01171875,0.0,0.0,0.0
1037813659,829477,0,1.001953125,-0.029296875,0.0234375,-0.005859375,0.0,0.0,0.0
1037814911,829478,0,1.00390625,-0.029296875,0.021484375,-0.0078125,0.0,0.0,0.0
1037816162,829479,0,1.0078125,-0.025390625,0.025390625,0.0,0.0,0.0,0.0
1037817414,829480,0,1.0,-0.02734375,0.025390625,-0.001953125,0.0,0.0,0.0
1037818664,829481,0,1.001953125,-0.02734375,0.021484375,-0.005859375,0.0,0.0,0.0
1037819916,829482,0,1.001953125,-0.02734375,0.029296875,0.001953125,0.0,0.0,0.0
1037821167,829483,0,1.005859375,-0.03125,0.021484375,-0.009765625,0.0,0.0,0.0
1037822417,829484,0,1.005859375,-0.03125,0.0234375,-0.0078125,0.0,0.0,0.0
1037823668,829485,0,1.005859375,-0.02734375,0.03125,0.00390625,0.0,0.0,0.0
1037824919,829486,0,1.009765625,-0.0234375,0.025390625,0.001953125,0.0,0.0,0.0
1037826170,829487,0,1.0078125,-0.029296875,0.0234375,-0.005859375,0.0,0.0,0.0
1037827421,829488,0,1.001953125,-0.02734375,0.025390625,-0.001953125,0.0,0.0,0.0
1037828672,829489,0,1.005859375,-0.02734375,0.025390625,-0.001953125,0.0,0.0,0.0
1037829922,829490,0,1.001953125,-0.025390625,0.029296875,0.00390625,0.0,0.0,0.0
1037831173,829491,0,1.001953125,-0.021484375,0.0234375,0.001953125,0.0,0.0,0.0
1037832425,829492,0,1.0078125,-0.03125,0.01953125,-0.01171875,0.0,0.0,0.0
1037833675,829493,0,1.005859375,-0.021484375,0.021484375,0.0,0.0,0.0,0.0
1037834927,829494,0,0.9921875,-0.02734375,0.01953125,-0.0078125,0.0,0.0,0.0
1037836177,829495,0,0.998046875,-0.02734375,0.0234375,-0.00390625,0.0,0.0,0.0
1037837429,829496,0,1.005859375,-0.025390625,0.021484375,-0.00390625,0.0,0.0,0.0
1037838680,829497,0,1.0078125,-0.025390625,0.01953125,-0.005859375,0.0,0.0,0.0
1037839930,829498,0,1.00390625,-0.025390625,0.02734375,0.001953125,0.0,0.0,0.0
1037841180,829499,0,1.00390625,-0.025390625,0.01953125,-0.005859375,0.0,0.0,0.0
1037842431,829500,0,1.0078125,-0.029296875,0.02734375,-0.001953125,0.0,0.0,0.0
1037843682,829501,0,1.009765625,-0.02734375,0.02734375,0.0,0.0,0.0,0.0
1037844933,829502,0,1.0078125,-0.03125,0.0234375,-0.0078125,0.0,0.0,0.0
1037846184,829503,0,1.001953125,-0.02734375,0.021484375,-0.005859375,0.0,0.0,0.0
1037847434,829504,0,0.994140625,-0.021484375,0.021484375,0.0,0.0,0.0,0.0
1037848685,829505,0,0.998046875,-0.02734375,0.02734375,0.0,0.0,0.0,0.0
1037849936,829506,0,1.001953125,-0.025390625,0.0234375,-0.001953125,0.0,0.0,0.0
1037851188,829507,0,1.001953125,-0.03125,0.01953125,-0.01171875,0.0,0.0,0.0
1037852439,829508,0,1.005859375,-0.029296875,0.01953125,-0.009765625,0.0,0.0,0.0
1037853690,829509,0,1.001953125,-0.029296875,0.021484375,-0.0078125,0.0,0.0,0.0
1037854941,829510,0,1.001953125,-0.025390625,0.0234375,-0.001953125,0.0,0.0,0.0
1037856192,829511,0,1.009765625,-0.025390625,0.015625,-0.009765625,0.0,0.0,0.0
1037857443,829512,0,0.998046875,-0.029296875,0.01953125,-0.009765625,0.0,0.0,0.0
1037858695,829513,0,1.005859375,-0.03125,0.01953125,-0.01171875,0.0,0.0,0.0
1037859945,829514,0,0.998046875,-0.02734375,0.013671875,-0.013671875,0.0,0.0,0.0
1037861195,829515,0,1.009765625,-0.0390625,0.01953125,-0.01953125,0.0,0.0,0.0
1037862447,829516,0,1.0078125,-0.029296875,0.025390625,-0.00390625,0.0,0.0,0.0
1037863697,829517,0,1.0,-0.029296875,0.013671875,-0.015625,0.0,0.0,0.0
1037864949,829518,0,1.0,-0.033203125,0.021484375,-0.01171875,0.0,0.0,0.0
1037866200,829519,0,1.00390625,-0.03515625,0.021484375,-0.013671875,0.0,0.0,0.0
1037867452,829520,0,1.00390625,-0.029296875,0.017578125,-0.01171875,0.0,0.0,0.0
1037868702,829521,0,1.0078125,-0.03125,0.021484375,-0.009765625,0.0,0.0,0.0
1037869954,829522,0,1.009765625,-0.029296875,0.01953125,-0.009765625,0.0,0.0,0.0
1037871205,829523,0,1.005859375,-0.033203125,0.01953125,-0.013671875,0.0,0.0,0.0
1037872456,829524,0,1.0078125,-0.033203125,0.02734375,-0.005859375,0.0,0.0,0.0
1037873708,829525,0,1.0,-0.033203125,0.021484375,-0.01171875,0.0,0.0,0.0
1037874958,829526,0,1.00390625,-0.033203125,0.025390625,-0.0078125,0.0,0.0,0.0
1037876209,829527,0,1.0,-0.029296875,0.021484375,-0.0078125,0.0,0.0,0.0
1037877459,829528,0,1.0078125,-0.03125,0.021484375,-0.009765625,0.0,0.0,0.0
1037878710,829529,0,1.00390625,-0.033203125,0.0234375,-0.009765625,0.0,0.0,0.0
1037879961,829530,0,1.0078125,-0.029296875,0.01953125,-0.009765625,0.0,0.0,0.0
1037881212,829531,0,1.001953125,-0.02734375,0.02734375,0.0,0.0,0.0,0.0
1037882462,829532,0,0.99609375,-0.029296875,0.01953125,-0.009765625,0.0,0.0,0.0
1037883713,829533,0,1.0,-0.029296875,0.025390625,-0.00390625,0.0,0.0,0.0
1037884965,829534,0,0.998046875,-0.029296875,0.03125,0.001953125,0.0,0.0,0.0
1037886216,829535,0,1.01171875,-0.02734375,0.01953125,-0.0078125,0.0,0.0,0.0
1037887468,829536,0,1.0,-0.033203125,0.021484375,-0.01171875,0.0,0.0,0.0
1037888719,829537,0,1.005859375,-0.029296875,0.029296875,0.0,0.0,0.0,0.0
1037889969,829538,0,0.998046875,-0.029296875,0.021484375,-0.0078125,0.0,0.0,0.0
1037891221,829539,0,1.00390625,-0.02734375,0.02734375,0.0,0.0,0.0,0.0
1037892471,829540,0,1.001953125,-0.029296875,0.01953125,-0.009765625,0.0,0.0,0.0
1037893721,829541,0,1.005859375,-0.029296875,0.02734375,-0.001953125,0.0,0.0,0.0
1037894972,829542,0,1.00390625,-0.03125,0.02734375,-0.00390625,0.0,0.0,0.0
1037896224,829543,0,1.00390625,-0.025390625,0.021484375,-0.00390625,0.0,0.0,0.0
1037897474,829544,0,1.005859375,-0.02734375,0.021484375,-0.005859375,0.0,0.0,0.0
1037898724,829545,0,1.001953125,-0.029296875,0.01953125,-0.009765625,0.0,0.0,0.0
1037899976,829546,0,0.998046875,-0.021484375,0.029296875,0.0078125,0.0,0.0,0.0
1037901226,829547,0,1.001953125,-0.029296875,0.02734375,-0.001953125,0.0,0.0,0.0
1037902476,829548,0,1.005859375,-0.025390625,0.0234375,-0.001953125,0.0,0.0,0.0
1037903728,829549,0,1.0078125,-0.02734375,0.029296875,0.001953125,0.0,0.0,0.0
1037904978,829550,0,1.005859375,-0.029296875,0.021484375,-0.0078125,0.0,0.0,0.0
1037906230,829551,0,0.99609375,-0.025390625,0.02734375,0.001953125,0.0,0.0,0.0
1037907481,829552,0,1.0078125,-0.033203125,0.02734375,-0.005859375,0.0,0.0,0.0
1037908732,829553,0,1.0078125,-0.029296875,0.02734375,-0.001953125,0.0,0.0,0.0
1037909983,829554,0,1.00390625,-0.0234375,0.021484375,-0.001953125,0.0,0.0,0.0
1037911235,829555,0,0.998046875,-0.029296875,0.033203125,0.00390625,0.0,0.0,0.0
1037912485,829556,0,1.009765625,-0.029296875,0.01953125,-0.009765625,0.0,0.0,0.0
1037913736,829557,0,1.0,-0.02734375,0.0234375,-0.00390625,0.0,0.0,0.0
1037914987,829558,0,1.009765625,-0.0234375,0.025390625,0.001953125,0.0,0.0,0.0
1037916237,829559,0,1.005859375,-0.0234375,0.025390625,0.001953125,0.0,0.0,0.0
1037917488,829560,0,1.00390625,-0.029296875,0.0234375,-0.005859375,0.0,0.0,0.0
1037918738,829561,0,1.001953125,-0.029296875,0.025390625,-0.00390625,0.0,0.0,0.0
1037919989,829562,0,1.00390625,-0.033203125,0.029296875,-0.00390625,0.0,0.0,0.0
1037921239,829563,0,1.00390625,-0.025390625,0.025390625,0.0,0.0,0.0,0.0
1037922490,829564,0,1.001953125,-0.03125,0.0234375,-0.0078125,0.0,0.0,0.0
1037923741,829565,0,1.00390625,-0.025390625,0.021484375,-0.00390625,0.0,0.0,0.0
1037924991,829566,0,1.009765625,-0.03125,0.025390625,-0.005859375,0.0,0.0,0.0
1037926242,829567,0,1.005859375,-0.02734375,0.025390625,-0.001953125,0.0,0.0,0.0
1037927493,829568,0,1.0078125,-0.02734375,0.021484375,-0.005859375,0.0,0.0,0.0
1037928745,829569,0,1.00390625,-0.02734375,0.0234375,-0.00390625,0.0,0.0,0.0
1037929995,829570,0,1.001953125,-0.033203125,0.033203125,0.0,0.0,0.0,0.0
1037931247,829571,0,1.00390625,-0.029296875,0.029296875,0.0,0.0,0.0,0.0
1037932498,829572,0,1.0,-0.03125,0.025390625,-0.005859375,0.0,0.0,0.0
1037933749,829573,0,1.005859375,-0.029296875,0.025390625,-0.00390625,0.0,0.0,0.0
1037935000,829574,0,1.01171875,-0.029296875,0.025390625,-0.00390625,0.0,0.0,0.0
1037936250,829575,0,1.009765625,-0.03125,0.025390625,-0.005859375,0.0,0.0,0.0
1037937501,829576,0,1.009765625,-0.033203125,0.017578125,-0.015625,0.0,0.0,0.0
1037938752,829577,0,1.0,-0.029296875,0.02734375,-0.001953125,0.0,0.0,0.0
1037940003,829578,0,1.0,-0.029296875,0.025390625,-0.00390625,0.0,0.0,0.0
1037941254,829579,0,0.994140625,-0.029296875,0.0234375,-0.005859375,0.0,0.0,0.0
1037942504,829580,0,1.0,-0.033203125,0.021484375,-0.01171875,0.0,0.0,0.0
1037943755,829581,0,0.9921875,-0.029296875,0.021484375,-0.0078125,0.0,0.0,0.0
1037945006,829582,0,1.0078125,-0.029296875,0.021484375,-0.0078125,0.0,0.0,0.0
1037946257,829583,0,1.001953125,-0.03125,0.029296875,-0.001953125,0.0,0.0,0.0
1037947508,829584,0,1.005859375,-0.029296875,0.021484375,-0.0078125,0.0,0.0,0.0
1037948760,829585,0,1.0,-0.029296875,0.021484375,-0.0078125,0.0,0.0,0.0
1037950010,829586,0,1.00390625,-0.029296875,0.0234375,-0.005859375,0.0,0.0,0.0
1037951261,829587,0,1.00390625,-0.029296875,0.0234375,-0.005859375,0.0,0.0,0.0
1037952513,829588,0,1.009765625,-0.029296875,0.01953125,-0.009765625,0.0,0.0,0.0
1037953763,829589,0,1.005859375,-0.029296875,0.0234375,-0.005859375,0.0,0.0,0.0
1037955014,829590,0,1.00390625,-0.029296875,0.029296875,0.0,0.0,0.0,0.0
1037956271,829591,0,1.001953125,-0.033203125,0.02734375,-0.005859375,0.0,0.0,0.0
1037957522,829592,0,1.005859375,-0.029296875,0.025390625,-0.00390625,0.0,0.0,0.0
1037958774,829593,0,1.0078125,-0.029296875,0.02734375,-0.001953125,0.0,0.0,0.0
1037960024,829594,0,1.005859375,-0.029296875,0.0234375,-0.005859375,0.0,0.0,0.0
1037961275,829595,0,1.0,-0.029296875,0.021484375,-0.0078125,0.0,0.0,0.0
1037962527,829596,0,1.013671875,-0.02734375,0.015625,-0.01171875,0.0,0.0,0.0
1037963778,829597,0,1.005859375,-0.033203125,0.01953125,-0.013671875,0.0,0.0,0.0
1037965028,829598,0,1.005859375,-0.029296875,0.033203125,0.00390625,0.0,0.0,0.0
1037966278,829599,0,1.001953125,-0.025390625,0.025390625,0.0,0.0,0.0,0.0
1037967528,829600,0,0.998046875,-0.029296875,0.029296875,0.0,0.0,0.0,0.0
1037968780,829601,0,1.00390625,-0.029296875,0.02734375,-0.001953125,0.0,0.0,0.0
1037970031,829602,0,0.994140625,-0.033203125,0.02734375,-0.005859375,0.0,0.0,0.0
1037971282,829603,0,1.001953125,-0.029296875,0.021484375,-0.0078125,0.0,0.0,0.0
1037972533,829604,0,1.001953125,-0.03125,0.029296875,-0.001953125,0.0,0.0,0.0
1037973784,829605,0,0.998046875,-0.029296875,0.033203125,0.00390625,0.0,0.0,0.0
1037975034,829606,0,1.00390625,-0.033203125,0.02734375,-0.005859375,0.0,0.0,0.0
1037976284,829607,0,1.005859375,-0.029296875,0.01953125,-0.009765625,0.0,0.0,0.0
1037977536,829608,0,1.005859375,-0.02734375,0.02734375,0.0,0.0,0.0,0.0
1037978787,829609,0,1.009765625,-0.02734375,0.033203125,0.005859375,0.0,0.0,0.0
1037980038,829610,0,1.00390625,-0.02734375,0.02734375,0.0,0.0,0.0,0.0
1037981288,829611,0,1.0,-0.02734375,0.025390625,-0.001953125,0.0,0.0,0.0
1037982539,829612,0,1.001953125,-0.02734375,0.0234375,-0.00390625,0.0,0.0,0.0
1037983790,829613,0,0.998046875,-0.03125,0.025390625,-0.005859375,0.0,0.0,0.0
1037985040,829614,0,1.001953125,-0.02734375,0.0234375,-0.00390625,0.0,0.0,0.0
1037986290,829615,0,1.0,-0.029296875,0.029296875,0.0,0.0,0.0,0.0
1037987542,829616,0,1.015625,-0.0234375,0.025390625,0.001953125,0.0,0.0,0.0
1037988793,829617,0,1.005859375,-0.03125,0.025390625,-0.005859375,0.0,0.0,0.0
1037990044,829618,0,1.0078125,-0.029296875,0.02734375,-0.001953125,0.0,0.0,0.0
1037991295,829619,0,1.009765625,-0.03125,0.0234375,-0.0078125,0.0,0.0,0.0
1037992546,829620,0,1.013671875,-0.03125,0.025390625,-0.005859375,0.0,0.0,0.0
1037993796,829621,0,1.0,-0.02734375,0.02734375,0.0,0.0,0.0,0.0
1037995048,829622,0,1.00390625,-0.029296875,0.025390625,-0.00390625,0.0,0.0,0.0
1037996299,829623,0,1.00390625,-0.03125,0.029296875,-0.001953125,0.0,0.0,0.0
1037997549,829624,0,1.009765625,-0.03125,0.021484375,-0.009765625,0.0,0.0,0.0
1037998801,829625,0,1.0,-0.029296875,0.0234375,-0.005859375,0.0,0.0,0.0
1038000051,829626,0,1.005859375,-0.029296875,0.01953125,-0.009765625,0.0,0.0,0.0
1038001301,829627,0,1.00390625,-0.02734375,0.021484375,-0.005859375,0.0,0.0,0.0
1038002552,829628,0,1.001953125,-0.03125,0.01953125,-0.01171875,0.0,0.0,0.0
1038003803,829629,0,1.001953125,-0.02734375,0.021484375,-0.005859375,0.0,0.0,0.0
1038005054,829630,0,1.0078125,-0.02734375,0.021484375,-0.005859375,0.0,0.0,0.0
1038006305,829631,0,1.001953125,-0.033203125,0.021484375,-0.01171875,0.0,0.0,0.0
1038007556,829632,0,1.005859375,-0.03125,0.021484375,-0.009765625,0.0,0.0,0.0
1038008807,829633,0,0.998046875,-0.029296875,0.01953125,-0.009765625,0.0,0.0,0.0
1038010059,829634,0,0.998046875,-0.033203125,0.021484375,-0.01171875,0.0,0.0,0.0
1038011310,829635,0,1.00390625,-0.03125,0.01953125,-0.01171875,0.0,0.0,0.0
1038012560,829636,0,1.001953125,-0.03125,0.015625,-0.015625,0.0,0.0,0.0
1038013810,829637,0,1.0078125,-0.02734375,0.00390625,-0.0234375,0.0,0.0,0.0
1038015061,829638,0,1.00390625,-0.03515625,0.0234375,-0.01171875,0.0,0.0,0.0
1038016311,829639,0,0.998046875,-0.02734375,0.021484375,-0.005859375,0.0,0.0,0.0
1038017561,829640,0,1.00390625,-0.025390625,0.0234375,-0.001953125,0.0,0.0,0.0
1038018813,829641,0,1.0,-0.03125,0.021484375,-0.009765625,0.0,0.0,0.0
1038020064,829642,0,0.998046875,-0.025390625,0.0234375,-0.001953125,0.0,0.0,0.0
1038021315,829643,0,0.998046875,-0.03125,0.025390625,-0.005859375,0.0,0.0,0.0
1038022565,829644,0,1.005859375,-0.029296875,0.021484375,-0.0078125,0.0,0.0,0.0
1038023815,829645,0,1.0,-0.029296875,0.02734375,-0.001953125,0.0,0.0,0.0
1038025066,829646,0,1.0078125,-0.02734375,0.025390625,-0.001953125,0.0,0.0,0.0
1038026317,829647,0,1.005859375,-0.03125,0.025390625,-0.005859375,0.0,0.0,0.0
1038027567,829648,0,1.0078125,-0.02734375,0.01171875,-0.015625,0.0,0.0,0.0
1038028818,829649,0,1.00390625,-0.029296875,0.01953125,-0.009765625,0.0,0.0,0.0
1038030070,829650,0,1.00390625,-0.0234375,0.021484375,-0.001953125,0.0,0.0,0.0
1038031321,829651,0,1.001953125,-0.025390625,0.021484375,-0.00390625,0.0,0.0,0.0
1038032571,829652,0,1.0078125,-0.029296875,0.021484375,-0.0078125,0.0,0.0,0.0
1038033821,829653,0,1.001953125,-0.02734375,0.025390625,-0.001953125,0.0,0.0,0.0
1038035071,829654,0,1.009765625,-0.0234375,0.0234375,0.0,0.0,0.0,0.0
1038036322,829655,0,1.005859375,-0.02734375,0.025390625,-0.001953125,0.0,0.0,0.0
1038037572,829656,0,1.00390625,-0.025390625,0.029296875,0.00390625,0.0,0.0,0.0
1038038823,829657,0,1.005859375,-0.02734375,0.021484375,-0.005859375,0.0,0.0,0.0
1038040075,829658,0,1.005859375,-0.03125,0.029296875,-0.001953125,0.0,0.0,0.0
1038041326,829659,0,0.998046875,-0.029296875,0.02734375,-0.001953125,0.0,0.0,0.0
1038042577,829660,0,1.001953125,-0.03515625,0.025390625,-0.009765625,0.0,0.0,0.0
1038043829,829661,0,1.009765625,-0.03125,0.025390625,-0.005859375,0.0,0.0,0.0
1038045079,829662,0,1.0078125,-0.02734375,0.025390625,-0.001953125,0.0,0.0,0.0
1038046329,829663,0,0.994140625,-0.02734375,0.029296875,0.001953125,0.0,0.0,0.0
1038047580,829664,0,1.0078125,-0.0234375,0.0234375,0.0,0.0,0.0,0.0
1038048831,829665,0,1.0078125,-0.02734375,0.0234375,-0.00390625,0.0,0.0,0.0
1038050082,829666,0,1.005859375,-0.025390625,0.025390625,0.0,0.0,0.0,0.0
1038051333,829667,0,1.00390625,-0.029296875,0.01953125,-0.009765625,0.0,0.0,0.0
1038052584,829668,0,1.00390625,-0.025390625,0.01953125,-0.005859375,0.0,0.0,0.0
1038053835,829669,0,1.00390625,-0.033203125,0.021484375,-0.01171875,0.0,0.0,0.0
1038055087,829670,0,1.0078125,-0.025390625,0.021484375,-0.00390625,0.0,0.0,0.0
1038056338,829671,0,1.0,-0.02734375,0.0234375,-0.00390625,0.0,0.0,0.0
1038057590,829672,0,1.00390625,-0.03515625,0.025390625,-0.009765625,0.0,0.0,0.0
1038058841,829673,0,1.005859375,-0.03125,0.025390625,-0.005859375,0.0,0.0,0.0
1038060092,829674,0,1.001953125,-0.029296875,0.02734375,-0.001953125,0.0,0.0,0.0
1038061343,829675,0,0.998046875,-0.03125,0.021484375,-0.009765625,0.0,0.0,0.0
1038062595,829676,0,1.0,-0.03125,0.0234375,-0.0078125,0.0,0.0,0.0
1038063845,829677,0,1.001953125,-0.02734375,0.021484375,-0.005859375,0.0,0.0,0.0
1038065097,829678,0,1.001953125,-0.03125,0.03515625,0.00390625,0.0,0.0,0.0
1038066348,829679,0,1.005859375,-0.03125,0.01953125,-0.01171875,0.0,0.0,0.0
1038067600,829680,0,1.015625,-0.02734375,0.013671875,-0.013671875,0.0,0.0,0.0
1038068850,829681,0,1.001953125,-0.03125,0.017578125,-0.013671875,0.0,0.0,0.0
1038070101,829682,0,1.001953125,-0.02734375,0.021484375,-0.005859375,0.0,0.0,0.0
1038071351,829683,0,1.0078125,-0.02734375,0.013671875,-0.013671875,0.0,0.0,0.0
1038072602,829684,0,1.0078125,-0.02734375,0.021484375,-0.005859375,0.0,0.0,0.0
1038073853,829685,0,0.998046875,-0.02734375,0.017578125,-0.009765625,0.0,0.0,0.0
1038075104,829686,0,1.005859375,-0.029296875,0.025390625,-0.00390625,0.0,0.0,0.0
1038076355,829687,0,1.009765625,-0.029296875,0.01953125,-0.009765625,0.0,0.0,0.0
1038077606,829688,0,1.005859375,-0.029296875,0.01953125,-0.009765625,0.0,0.0,0.0
1038078857,829689,0,1.005859375,-0.03125,0.021484375,-0.009765625,0.0,0.0,0.0
1038080109,829690,0,1.001953125,-0.033203125,0.01953125,-0.013671875,0.0,0.0,0.0
1038081360,829691,0,1.001953125,-0.029296875,0.01953125,-0.009765625,0.0,0.0,0.0
1038082610,829692,0,1.0,-0.03125,0.0234375,-0.0078125,0.0,0.0,0.0
1038083861,829693,0,0.994140625,-0.029296875,0.021484375,-0.0078125,0.0,0.0,0.0
1038085112,829694,0,1.001953125,-0.029296875,0.021484375,-0.0078125,0.0,0.0,0.0
1038086362,829695,0,1.00390625,-0.03125,0.01953125,-0.01171875,0.0,0.0,0.0
1038087613,829696,0,1.005859375,-0.02734375,0.01953125,-0.0078125,0.0,0.0,0.0
1038088863,829697,0,1.001953125,-0.029296875,0.021484375,-0.0078125,0.0,0.0,0.0
1038090115,829698,0,1.0078125,-0.02734375,0.01953125,-0.0078125,0.0,0.0,0.0
1038091366,829699,0,1.001953125,-0.0234375,0.025390625,0.001953125,0.0,0.0,0.0
1038092616,829700,0,1.0,-0.025390625,0.01953125,-0.005859375,0.0,0.0,0.0
1038093867,829701,0,0.998046875,-0.03515625,0.017578125,-0.017578125,0.0,0.0,0.0
1038095117,829702,0,1.0,-0.03125,0.025390625,-0.005859375,0.0,0.0,0.0
1038096367,829703,0,1.00390625,-0.033203125,0.0078125,-0.025390625,0.0,0.0,0.0
1038097618,829704,0,1.0,-0.025390625,0.025390625,0.0,0.0,0.0,0.0
1038098868,829705,0,0.998046875,-0.03125,0.021484375,-0.009765625,0.0,0.0,0.0
1038100120,829706,0,0.998046875,-0.02734375,0.017578125,-0.009765625,0.0,0.0,0.0
1038101371,829707,0,1.0,-0.02734375,0.021484375,-0.005859375,0.0,0.0,0.0
1038102621,829708,0,0.99609375,-0.025390625,0.0234375,-0.001953125,0.0,0.0,0.0
1038103873,829709,0,1.005859375,-0.025390625,0.01953125,-0.005859375,0.0,0.0,0.0
1038105123,829710,0,1.009765625,-0.029296875,0.01953125,-0.009765625,0.0,0.0,1.0534451609809303e-29
1038107623,829712,0,1.005859375,-0.02734375,0.0234375,-0.00390625,0.0,0.0,0.0
1038108873,829713,0,1.001953125,-0.03125,0.0234375,-0.0078125,0.0,0.0,0.0
1038110125,829714,0,1.0,-0.02734375,0.01953125,-0.0078125,0.0,0.0,0.0
1038111376,829715,0,1.001953125,-0.033203125,0.025390625,-0.0078125,0.0,0.0,0.0
1038112626,829716,0,1.005859375,-0.03125,0.0234375,-0.0078125,0.0,0.0,0.0
1038113877,829717,0,1.0078125,-0.029296875,0.025390625,-0.00390625,0.0,0.0,0.0
1038115128,829718,0,1.001953125,-0.033203125,0.02734375,-0.005859375,0.0,0.0,0.0
1038116378,829719,0,1.005859375,-0.029296875,0.021484375,-0.0078125,0.0,0.0,0.0
1038117629,829720,0,1.0,-0.033203125,0.0234375,-0.009765625,0.0,0.0,0.0
1038118880,829721,0,1.001953125,-0.02734375,0.025390625,-0.001953125,0.0,0.0,0.0
1038120131,829722,0,1.00390625,-0.029296875,0.025390625,-0.00390625,0.0,0.0,0.0
1038121382,829723,0,0.99609375,-0.02734375,0.0234375,-0.00390625,0.0,0.0,0.0
1038122632,829724,0,1.009765625,-0.03125,0.029296875,-0.001953125,0.0,0.0,0.0
1038123883,829725,0,0.99609375,-0.025390625,0.033203125,0.0078125,0.0,0.0,0.0
1038125134,829726,0,1.005859375,-0.02734375,0.015625,-0.01171875,0.0,0.0,0.0
1038126384,829727,0,1.001953125,-0.029296875,0.025390625,-0.00390625,0.0,0.0,0.0
1038127636,829728,0,0.998046875,-0.029296875,0.025390625,-0.00390625,0.0,0.0,0.0
1038128886,829729,0,1.0,-0.029296875,0.0234375,-0.005859375,0.0,0.0,0.0
1038130137,829730,0,0.998046875,-0.02734375,0.02734375,0.0,0.0,0.0,0.0
1038131388,829731,0,1.00390625,-0.03125,0.033203125,0.001953125,0.0,0.0,0.0
1038132639,829732,0,1.005859375,-0.03125,0.0234375,-0.0078125,0.0,0.0,0.0
1038133889,829733,0,1.00390625,-0.03125,0.025390625,-0.005859375,0.0,0.0,0.0
1038135140,829734,0,1.0078125,-0.03125,0.01953125,-0.01171875,0.0,0.0,0.0
1038136392,829735,0,1.009765625,-0.02734375,0.01953125,-0.0078125,0.0,0.0,0.0
1038137642,829736,0,1.005859375,-0.03125,0.029296875,-0.001953125,0.0,0.0,0.0
1038138894,829737,0,1.0,-0.03125,0.02734375,-0.00390625,0.0,0.0,0.0
1038140145,829738,0,1.005859375,-0.033203125,0.029296875,-0.00390625,0.0,0.0,0.0
1038141396,829739,0,1.00390625,-0.029296875,0.025390625,-0.00390625,0.0,0.0,0.0
1038142648,829740,0,1.005859375,-0.033203125,0.029296875,-0.00390625,0.0,0.0,0.0
1038143899,829741,0,1.0078125,-0.03515625,0.02734375,-0.0078125,0.0,0.0,0.0
1038145150,829742,0,1.0078125,-0.029296875,0.025390625,-0.00390625,0.0,0.0,0.0
1038146400,829743,0,1.005859375,-0.02734375,0.0234375,-0.00390625,0.0,0.0,0.0
1038147651,829744,0,1.0,-0.033203125,0.021484375,-0.01171875,0.0,0.0,0.0
1038148902,829745,0,1.005859375,-0.029296875,0.0234375,-0.005859375,0.0,0.0,0.0
1038150152,829746,0,1.0,-0.033203125,0.02734375,-0.005859375,0.0,0.0,0.0
1038151402,829747,0,1.00390625,-0.03125,0.029296875,-0.001953125,0.0,0.0,0.0
1038152654,829748,0,1.01171875,-0.025390625,0.0234375,-0.001953125,0.0,0.0,0.0
1038153904,829749,0,1.005859375,-0.029296875,0.0234375,-0.005859375,0.0,0.0,0.0
1038155154,829750,0,0.998046875,-0.03125,0.0234375,-0.0078125,0.0,0.0,0.0
1038156405,829751,0,1.001953125,-0.029296875,0.033203125,0.00390625,0.0,0.0,0.0
1038157655,829752,0,1.001953125,-0.03125,0.033203125,0.001953125,0.0,0.0,0.0
1038158906,829753,0,1.005859375,-0.03125,0.02734375,-0.00390625,0.0,0.0,0.0
1038160157,829754,0,1.0078125,-0.029296875,0.03125,0.001953125,0.0,0.0,0.0
1038161408,829755,0,1.005859375,-0.0234375,0.02734375,0.00390625,0.0,0.0,0.0
1038162659,829756,0,1.005859375,-0.03125,0.02734375,-0.00390625,0.0,0.0,0.0
1038163911,829757,0,1.001953125,-0.03125,0.021484375,-0.009765625,0.0,0.0,0.0
1038165162,829758,0,1.001953125,-0.029296875,0.025390625,-0.00390625,0.0,0.0,0.0
1038166414,829759,0,1.001953125,-0.02734375,0.025390625,-0.001953125,0.0,0.0,0.0
1038167664,829760,0,1.005859375,-0.03125,0.021484375,-0.009765625,0.0,0.0,0.0
1038168916,829761,0,1.001953125,-0.025390625,0.025390625,0.0,0.0,0.0,0.0
1038170167,829762,0,0.998046875,-0.029296875,0.025390625,-0.00390625,0.0,0.0,0.0
1038171417,829763,0,1.01171875,-0.029296875,0.021484375,-0.0078125,0.0,0.0,0.0
1038172668,829764,0,1.005859375,-0.029296875,0.033203125,0.00390625,0.0,0.0,0.0
1038173919,829765,0,1.0078125,-0.025390625,0.02734375,0.001953125,0.0,0.0,0.0
1038175170,829766,0,1.015625,-0.029296875,0.025390625,-0.00390625,0.0,0.0,0.0
1038176421,829767,0,1.013671875,-0.0234375,0.021484375,-0.001953125,0.0,0.0,0.0
1038177672,829768,0,1.0,-0.029296875,0.025390625,-0.00390625,0.0,0.0,0.0
1038178922,829769,0,1.001953125,-0.025390625,0.029296875,0.00390625,0.0,0.0,0.0
1038180173,829770,0,1.0078125,-0.02734375,0.0234375,-0.00390625,0.0,0.0,0.0
1038181425,829771,0,1.0,-0.0234375,0.017578125,-0.005859375,0.0,0.0,0.0
1038182675,829772,0,1.01171875,-0.03125,0.021484375,-0.009765625,0.0,0.0,0.0
1038183927,829773,0,1.005859375,-0.025390625,0.0234375,-0.001953125,0.0,0.0,0.0
1038185177,829774,0,1.00390625,-0.02734375,0.01953125,-0.0078125,0.0,0.0,0.0
1038186429,829775,0,1.001953125,-0.029296875,0.0234375,-0.005859375,0.0,0.0,0.0
1038187680,829776,0,1.00390625,-0.02734375,0.021484375,-0.005859375,0.0,0.0,0.0
1038188930,829777,0,1.001953125,-0.025390625,0.0234375,-0.001953125,0.0,0.0,0.0
1038190180,829778,0,1.001953125,-0.02734375,0.017578125,-0.009765625,0.0,0.0,0.0
1038191431,829779,0,1.009765625,-0.03125,0.0234375,-0.0078125,0.0,0.0,0.0
1038192682,829780,0,1.0078125,-0.025390625,0.01953125,-0.005859375,0.0,0.0,0.0
1038193933,829781,0,1.00390625,-0.02734375,0.01953125,-0.0078125,0.0,0.0,0.0
1038195184,829782,0,1.0078125,-0.02734375,0.017578125,-0.009765625,0.0,0.0,0.0
1038196434,829783,0,1.0078125,-0.029296875,0.021484375,-0.0078125,0.0,0.0,0.0
1038197685,829784,0,1.01171875,-0.03125,0.0234375,-0.0078125,0.0,0.0,0.0
1038198936,829785,0,1.0078125,-0.0234375,0.029296875,0.005859375,0.0,0.0,0.0
1038200188,829786,0,1.009765625,-0.029296875,0.021484375,-0.0078125,0.0,0.0,0.0
1038201439,829787,0,0.990234375,-0.025390625,0.01953125,-0.005859375,0.0,0.0,0.0
1038202690,829788,0,1.013671875,-0.02734375,0.021484375,-0.005859375,0.0,0.0,0.0
1038203941,829789,0,1.0,-0.03515625,0.02734375,-0.0078125,0.0,0.0,0.0
1038205192,829790,0,1.00390625,-0.02734375,0.0234375,-0.00390625,0.0,0.0,0.0
1038206443,829791,0,0.99609375,-0.033203125,0.0234375,-0.009765625,0.0,0.0,0.0
1038207695,829792,0,1.00390625,-0.029296875,0.021484375,-0.0078125,0.0,0.0,0.0
1038208945,829793,0,1.0078125,-0.033203125,0.01953125,-0.013671875,0.0,0.0,0.0
1038210195,829794,0,1.005859375,-0.037109375,0.025390625,-0.01171875,0.0,0.0,0.0
1038211447,829795,0,1.0,-0.033203125,0.021484375,-0.01171875,0.0,0.0,0.0
1038212697,829796,0,1.00390625,-0.025390625,0.013671875,-0.01171875,0.0,0.0,0.0
1038213949,829797,0,1.0078125,-0.029296875,0.01953125,-0.009765625,0.0,0.0,0.0
1038215200,829798,0,1.0078125,-0.033203125,0.021484375,-0.01171875,0.0,0.0,0.0
1038216452,829799,0,1.001953125,-0.033203125,0.01953125,-0.013671875,0.0,0.0,0.0
1038217702,829800,0,1.0078125,-0.033203125,0.025390625,-0.0078125,0.0,0.0,0.0
1038218954,829801,0,1.005859375,-0.03125,0.021484375,-0.009765625,0.0,0.0,0.0
1038220205,829802,0,1.0,-0.029296875,0.021484375,-0.0078125,0.0,0.0,0.0
1038221456,829803,0,1.001953125,-0.029296875,0.021484375,-0.0078125,0.0,0.0,0.0
1038222708,829804,0,0.998046875,-0.03125,0.029296875,-0.001953125,0.0,0.0,0.0
1038223958,829805,0,1.00390625,-0.033203125,0.025390625,-0.0078125,0.0,0.0,0.0
1038225209,829806,0,1.005859375,-0.03515625,0.021484375,-0.013671875,0.0,0.0,0.0
1038226459,829807,0,1.005859375,-0.02734375,0.01953125,-0.0078125,0.0,0.0,0.0
1038227710,829808,0,1.005859375,-0.03125,0.01953125,-0.01171875,0.0,0.0,0.0
1038228961,829809,0,1.001953125,-0.033203125,0.017578125,-0.015625,0.0,0.0,0.0
1038230212,829810,0,1.009765625,-0.029296875,0.017578125,-0.01171875,0.0,0.0,0.0
1038231462,829811,0,1.00390625,-0.033203125,0.02734375,-0.005859375,0.0,0.0,0.0
1038232713,829812,0,1.0078125,-0.033203125,0.021484375,-0.01171875,0.0,0.0,0.0
1038233965,829813,0,1.00390625,-0.025390625,0.0234375,-0.001953125,0.0,0.0,0.0
1038235216,829814,0,0.998046875,-0.03125,0.025390625,-0.005859375,0.0,0.0,0.0
1038236468,829815,0,1.0,-0.025390625,0.0234375,-0.001953125,0.0,0.0,0.0
1038237719,829816,0,1.001953125,-0.029296875,0.02734375,-0.001953125,0.0,0.0,0.0
1038238969,829817,0,1.009765625,-0.029296875,0.025390625,-0.00390625,0.0,0.0,0.0
1038240221,829818,0,1.00390625,-0.029296875,0.02734375,-0.001953125,0.0,0.0,0.0
1038241471,829819,0,1.001953125,-0.029296875,0.025390625,-0.00390625,0.0,0.0,0.0
1038242721,829820,0,0.99609375,-0.033203125,0.02734375,-0.005859375,0.0,0.0,0.0
1038243972,829821,0,1.00390625,-0.03125,0.025390625,-0.005859375,0.0,0.0,0.0
1038245224,829822,0,1.00390625,-0.02734375,0.0234375,-0.00390625,0.0,0.0,0.0
1038246474,829823,0,1.001953125,-0.03515625,0.025390625,-0.009765625,0.0,0.0,0.0
1038247724,829824,0,1.0,-0.02734375,0.03125,0.00390625,0.0,0.0,0.0
1038248976,829825,0,1.00390625,-0.029296875,0.029296875,0.0,0.0,0.0,0.0
1038250226,829826,0,1.0078125,-0.025390625,0.025390625,0.0,0.0,0.0,0.0
1038251476,829827,0,1.0078125,-0.033203125,0.033203125,0.0,0.0,0.0,0.0
1038252728,829828,0,1.009765625,-0.029296875,0.01953125,-0.009765625,0.0,0.0,0.0
1038253978,829829,0,0.998046875,-0.021484375,0.02734375,0.005859375,0.0,0.0,0.0
1038255230,829830,0,1.005859375,-0.02734375,0.025390625,-0.001953125,0.0,0.0,0.0
1038256481,829831,0,1.005859375,-0.025390625,0.03125,0.005859375,0.0,0.0,0.0
1038257732,829832,0,1.01171875,-0.01953125,0.029296875,0.009765625,0.0,0.0,0.0
1038258983,829833,0,1.00390625,-0.029296875,0.03125,0.001953125,0.0,0.0,0.0
1038260235,829834,0,1.005859375,-0.03125,0.03125,0.0,0.0,0.0,0.0
1038261485,829835,0,1.005859375,-0.03125,0.02734375,-0.00390625,0.0,0.0,0.0
1038262736,829836,0,1.009765625,-0.029296875,0.025390625,-0.00390625,0.0,0.0,0.0
1038263987,829837,0,1.00390625,-0.03125,0.0234375,-0.0078125,0.0,0.0,0.0
1038265237,829838,0,1.005859375,-0.02734375,0.02734375,0.0,0.0,0.0,0.0
1038266488,829839,0,1.001953125,-0.02734375,0.021484375,-0.005859375,0.0,0.0,0.0
1038267738,829840,0,1.0,-0.02734375,0.02734375,0.0,0.0,0.0,0.0
1038268989,829841,0,1.005859375,-0.025390625,0.0234375,-0.001953125,0.0,0.0,0.0
1038270239,829842,0,1.0078125,-0.03125,0.02734375,-0.00390625,0.0,0.0,0.0
1038271490,829843,0,1.00390625,-0.029296875,0.02734375,-0.001953125,0.0,0.0,0.0
1038272741,829844,0,1.0078125,-0.03125,0.0234375,-0.0078125,0.0,0.0,0.0
1038273991,829845,0,0.998046875,-0.029296875,0.02734375,-0.001953125,0.0,0.0,0.0
1038275242,829846,0,1.005859375,-0.025390625,0.0234375,-0.001953125,0.0,0.0,0.0
1038276493,829847,0,1.009765625,-0.029296875,0.0234375,-0.005859375,0.0,0.0,0.0
1038277745,829848,0,1.009765625,-0.029296875,0.02734375,-0.001953125,0.0,0.0,0.0
1038278995,829849,0,1.009765625,-0.03515625,0.029296875,-0.005859375,0.0,0.0,0.0
1038280247,829850,0,1.001953125,-0.02734375,0.0234375,-0.00390625,0.0,0.0,0.0
1038281498,829851,0,1.015625,-0.029296875,0.025390625,-0.00390625,0.0,0.0,0.0
1038282749,829852,0,0.998046875,-0.025390625,0.03125,0.005859375,0.0,0.0,0.0
1038284000,829853,0,1.0078125,-0.033203125,0.021484375,-0.01171875,0.0,0.0,0.0
1038285250,829854,0,1.009765625,-0.03515625,0.0234375,-0.01171875,0.0,0.0,0.0
1038286501,829855,0,0.994140625,-0.025390625,0.017578125,-0.0078125,0.0,0.0,0.0
1038287752,829856,0,1.005859375,-0.029296875,0.021484375,-0.0078125,0.0,0.0,0.0
1038289003,829857,0,1.001953125,-0.029296875,0.017578125,-0.01171875,0.0,0.0,0.0
1038290254,829858,0,1.005859375,-0.029296875,0.021484375,-0.0078125,0.0,0.0,0.0
1038291504,829859,0,1.0,-0.029296875,0.0234375,-0.005859375,0.0,0.0,0.0
1038292755,829860,0,1.0078125,-0.02734375,0.025390625,-0.001953125,0.0,0.0,0.0
1038294006,829861,0,1.00390625,-0.029296875,0.021484375,-0.0078125,0.0,0.0,0.0
1038295257,829862,0,1.00390625,-0.029296875,0.025390625,-0.00390625,0.0,0.0,0.0
1038296508,829863,0,1.0078125,-0.029296875,0.025390625,-0.00390625,0.0,0.0,0.0
1038297760,829864,0,1.005859375,-0.029296875,0.01953125,-0.009765625,0.0,0.0,0.0
1038299010,829865,0,1.001953125,-0.02734375,0.021484375,-0.005859375,0.0,0.0,0.0
1038300261,829866,0,1.005859375,-0.03125,0.021484375,-0.009765625,0.0,0.0,0.0
1038301513,829867,0,1.00390625,-0.033203125,0.025390625,-0.0078125,0.0,0.0,0.0
1038302763,829868,0,0.994140625,-0.03125,0.02734375,-0.00390625,0.0,0.0,0.0
1038304014,829869,0,1.0078125,-0.03125,0.0234375,-0.0078125,0.0,0.0,0.0
1038305271,829870,0,1.005859375,-0.029296875,0.021484375,-0.0078125,0.0,0.0,0.0
1038306522,829871,0,1.005859375,-0.033203125,0.01953125,-0.013671875,0.0,0.0,0.0
1038307774,829872,0,1.00390625,-0.03125,0.01953125,-0.01171875,0.0,0.0,0.0
1038309024,829873,0,1.0,-0.02734375,0.025390625,-0.001953125,0.0,0.0,0.0
1038310275,829874,0,1.0078125,-0.025390625,0.021484375,-0.00390625,0.0,0.0,0.0
1038311527,829875,0,0.998046875,-0.037109375,0.021484375,-0.015625,0.0,0.0,0.0
1038312778,829876,0,0.998046875,-0.02734375,0.015625,-0.01171875,0.0,0.0,0.0
1038314028,829877,0,1.0,-0.02734375,0.0234375,-0.00390625,0.0,0.0,0.0
1038315278,829878,0,1.0078125,-0.02734375,0.021484375,-0.005859375,0.0,0.0,0.0
1038316528,829879,0,1.00390625,-0.0234375,0.01953125,-0.00390625,0.0,0.0,0.0
1038317780,829880,0,1.00390625,-0.02734375,0.02734375,0.0,0.0,0.0,0.0
1038319031,829881,0,1.001953125,-0.025390625,0.0234375,-0.001953125,0.0,0.0,0.0
1038320282,829882,0,1.005859375,-0.025390625,0.01953125,-0.005859375,0.0,0.0,0.0
1038321533,829883,0,1.005859375,-0.025390625,0.01953125,-0.005859375,0.0,0.0,0.0
1038322784,829884,0,1.005859375,-0.025390625,0.0234375,-0.001953125,0.0,0.0,0.0
1038324034,829885,0,1.005859375,-0.029296875,0.025390625,-0.00390625,0.0,0.0,0.0
1038325284,829886,0,1.005859375,-0.02734375,0.02734375,0.0,0.0,0.0,0.0
1038326536,829887,0,1.0078125,-0.02734375,0.025390625,-0.001953125,0.0,0.0,0.0
1038327787,829888,0,1.0078125,-0.0234375,0.01953125,-0.00390625,0.0,0.0,0.0
1038329038,829889,0,1.0,-0.029296875,0.021484375,-0.0078125,0.0,0.0,0.0
1038330288,829890,0,1.00390625,-0.025390625,0.025390625,0.0,0.0,0.0,0.0
1038331539,829891,0,1.001953125,-0.029296875,0.01953125,-0.009765625,0.0,0.0,0.0
1038332790,829892,0,1.001953125,-0.029296875,0.01953125,-0.009765625,0.0,0.0,0.0
1038334040,829893,0,1.005859375,-0.03125,0.015625,-0.015625,0.0,0.0,0.0
1038335290,829894,0,1.01953125,-0.03125,0.0234375,-0.0078125,0.0,0.0,0.0
1038336542,829895,0,1.0078125,-0.03125,0.02734375,-0.00390625,0.0,0.0,0.0
1038337793,829896,0,0.998046875,-0.02734375,0.017578125,-0.009765625,0.0,0.0,0.0
1038339044,829897,0,0.998046875,-0.02734375,0.025390625,-0.001953125,0.0,0.0,0.0
1038340295,829898,0,0.998046875,-0.02734375,0.02734375,0.0,0.0,0.0,0.0
1038341546,829899,0,0.998046875,-0.033203125,0.021484375,-0.01171875,0.0,0.0,0.0
1038342796,829900,0,1.0,-0.02734375,0.025390625,-0.001953125,0.0,0.0,0.0
1038344048,829901,0,1.001953125,-0.029296875,0.02734375,-0.001953125,0.0,0.0,0.0
1038345299,829902,0,1.00390625,-0.03125,0.021484375,-0.009765625,0.0,0.0,0.0
1038346549,829903,0,1.005859375,-0.02734375,0.033203125,0.005859375,0.0,0.0,0.0
1038347801,829904,0,1.001953125,-0.03125,0.021484375,-0.009765625,0.0,0.0,0.0
1038349051,829905,0,1.00390625,-0.029296875,0.0234375,-0.005859375,0.0,0.0,0.0
1038350301,829906,0,0.998046875,-0.02734375,0.025390625,-0.001953125,0.0,0.0,0.0
1038351552,829907,0,1.00390625,-0.03125,0.017578125,-0.013671875,0.0,0.0,0.0
1038352803,829908,0,1.00390625,-0.029296875,0.025390625,-0.00390625,0.0,0.0,0.0
1038354054,829909,0,1.001953125,-0.02734375,0.021484375,-0.005859375,0.0,0.0,0.0
1038355305,829910,0,1.0078125,-0.02734375,0.0234375,-0.00390625,0.0,0.0,0.0
1038356556,829911,0,1.009765625,-0.02734375,0.02734375,0.0,0.0,0.0,0.0
1038357807,829912,0,1.009765625,-0.02734375,0.025390625,-0.001953125,0.0,0.0,0.0
1038359059,829913,0,1.005859375,-0.025390625,0.029296875,0.00390625,0.0,0.0,0.0
1038360310,829914,0,0.994140625,-0.03515625,0.021484375,-0.013671875,0.0,0.0,0.0
1038361560,829915,0,1.00390625,-0.037109375,0.01953125,-0.017578125,0.0,0.0,0.0
1038362810,829916,0,0.994140625,-0.02734375,0.03125,0.00390625,0.0,0.0,0.0
1038364061,829917,0,1.0,-0.033203125,0.015625,-0.017578125,0.0,0.0,0.0
1038365311,829918,0,1.0,-0.03125,0.017578125,-0.013671875,0.0,0.0,0.0
1038366563,829919,0,0.99609375,-0.03125,0.02734375,-0.00390625,0.0,0.0,0.0
1038367813,829920,0,1.001953125,-0.033203125,0.017578125,-0.015625,0.0,0.0,0.0
1038369065,829921,0,1.0078125,-0.03125,0.0234375,-0.0078125,0.0,0.0,0.0
1038370316,829922,0,0.99609375,-0.03125,0.029296875,-0.001953125,0.0,0.0,0.0
1038371566,829923,0,1.001953125,-0.03125,0.0234375,-0.0078125,0.0,0.0,0.0
1038372817,829924,0,1.005859375,-0.021484375,0.029296875,0.0078125,0.0,0.0,0.0
1038374067,829925,0,1.005859375,-0.033203125,0.025390625,-0.0078125,0.0,0.0,0.0
1038375317,829926,0,1.00390625,-0.029296875,0.025390625,-0.00390625,0.0,0.0,0.0
1038376567,829927,0,1.00390625,-0.02734375,0.0234375,-0.00390625,0.0,0.0,0.0
1038377818,829928,0,1.001953125,-0.029296875,0.025390625,-0.00390625,0.0,0.0,0.0
1038379070,829929,0,1.0078125,-0.03125,0.03125,0.0,0.0,0.0,0.0
1038380321,829930,0,1.005859375,-0.03125,0.029296875,-0.001953125,0.0,0.0,0.0
1038381571,829931,0,1.005859375,-0.03125,0.02734375,-0.00390625,0.0,0.0,0.0
1038382821,829932,0,1.0,-0.03125,0.021484375,-0.009765625,0.0,0.0,0.0
1038384071,829933,0,1.005859375,-0.03125,0.01953125,-0.01171875,0.0,0.0,0.0
1038385322,829934,0,1.009765625,-0.0234375,0.03125,0.0078125,0.0,0.0,0.0
1038386572,829935,0,1.001953125,-0.029296875,0.0390625,0.009765625,0.0,0.0,0.0
1038387823,829936,0,0.994140625,-0.03515625,0.02734375,-0.0078125,0.0,0.0,0.0
1038389075,829937,0,1.001953125,-0.033203125,0.033203125,0.0,0.0,0.0,0.0
1038390326,829938,0,1.0,-0.033203125,0.021484375,-0.01171875,0.0,0.0,0.0
1038391577,829939,0,1.0,-0.02734375,0.025390625,-0.001953125,0.0,0.0,0.0
1038392829,829940,0,1.001953125,-0.03125,0.029296875,-0.001953125,0.0,0.0,0.0
1038394079,829941,0,1.0,-0.025390625,0.025390625,0.0,0.0,0.0,0.0
1038395329,829942,0,1.001953125,-0.037109375,0.021484375,-0.015625,0.0,0.0,0.0
1038396580,829943,0,1.00390625,-0.029296875,0.02734375,-0.001953125,0.0,0.0,0.0
1038397831,829944,0,1.0,-0.033203125,0.025390625,-0.0078125,0.0,0.0,0.0
1038399082,829945,0,0.998046875,-0.03125,0.021484375,-0.009765625,0.0,0.0,0.0
1038400333,829946,0,1.001953125,-0.029296875,0.029296875,0.0,0.0,0.0,0.0
1038401584,829947,0,1.0078125,-0.03125,0.021484375,-0.009765625,0.0,0.0,0.0
1038402835,829948,0,1.005859375,-0.029296875,0.025390625,-0.00390625,0.0,0.0,0.0
1038404087,829949,0,1.0,-0.03125,0.0234375,-0.0078125,0.0,0.0,0.0
1038405338,829950,0,1.0,-0.02734375,0.021484375,-0.005859375,0.0,0.0,0.0
1038406590,829951,0,1.005859375,-0.02734375,0.0234375,-0.00390625,0.0,0.0,0.0
1038407841,829952,0,1.001953125,-0.033203125,0.021484375,-0.01171875,0.0,0.0,0.0
1038409092,829953,0,1.0078125,-0.02734375,0.025390625,-0.001953125,0.0,0.0,0.0
1038410343,829954,0,1.001953125,-0.0234375,0.029296875,0.005859375,0.0,0.0,0.0
1038411595,829955,0,1.00390625,-0.03515625,0.0234375,-0.01171875,0.0,0.0,0.0
1038412845,829956,0,0.994140625,-0.033203125,0.025390625,-0.0078125,0.0,0.0,0.0
1038414097,829957,0,0.998046875,-0.02734375,0.021484375,-0.005859375,0.0,0.0,0.0
1038415348,829958,0,1.0078125,-0.033203125,0.0234375,-0.009765625,0.0,0.0,0.0
1038416600,829959,0,1.00390625,-0.025390625,0.03125,0.005859375,0.0,0.0,0.0
1038417850,829960,0,1.0,-0.025390625,0.029296875,0.00390625,0.0,0.0,0.0
1038419101,829961,0,1.001953125,-0.02734375,0.01953125,-0.0078125,0.0,0.0,0.0
1038420351,829962,0,0.994140625,-0.029296875,0.025390625,-0.00390625,0.0,0.0,0.0
1038421602,829963,0,1.001953125,-0.029296875,0.01953125,-0.009765625,0.0,0.0,0.0
1038422853,829964,0,1.0078125,-0.03125,0.025390625,-0.005859375,0.0,0.0,0.0
1038424104,829965,0,1.005859375,-0.03125,0.021484375,-0.009765625,0.0,0.0,0.0
1038425355,829966,0,0.998046875,-0.03125,0.025390625,-0.005859375,0.0,0.0,0.0
1038426606,829967,0,1.0,-0.029296875,0.0234375,-0.005859375,0.0,0.0,0.0
1038427857,829968,0,1.001953125,-0.03125,0.025390625,-0.005859375,0.0,0.0,0.0
1038429109,829969,0,1.0078125,-0.03125,0.025390625,-0.005859375,0.0,0.0,0.0
1038430360,829970,0,1.00390625,-0.025390625,0.025390625,0.0,0.0,0.0,0.0
1038431610,829971,0,1.001953125,-0.029296875,0.025390625,-0.00390625,0.0,0.0,0.0
1038432861,829972,0,1.0078125,-0.02734375,0.021484375,-0.005859375,0.0,0.0,0.0
1038434112,829973,0,1.009765625,-0.02734375,0.017578125,-0.009765625,0.0,0.0,0.0
1038435362,829974,0,1.009765625,-0.029296875,0.021484375,-0.0078125,0.0,0.0,0.0
1038436613,829975,0,1.0078125,-0.029296875,0.021484375,-0.0078125,0.0,0.0,0.0
1038437863,829976,0,0.990234375,-0.03515625,0.02734375,-0.0078125,0.0,0.0,0.0
1038439115,829977,0,1.0078125,-0.029296875,0.015625,-0.013671875,0.0,0.0,0.0
1038440366,829978,0,0.998046875,-0.03125,0.017578125,-0.013671875,0.0,0.0,0.0
1038441616,829979,0,1.009765625,-0.037109375,0.01953125,-0.017578125,0.0,0.0,0.0
1038442867,829980,0,1.005859375,-0.037109375,0.01953125,-0.017578125,0.0,0.0,0.0
1038444117,829981,0,1.013671875,-0.03125,0.017578125,-0.013671875,0.0,0.0,0.0
1038445367,829982,0,1.0078125,-0.037109375,0.015625,-0.021484375,0.0,0.0,0.0
1038446618,829983,0,1.0,-0.03125,0.015625,-0.015625,0.0,0.0,0.0
1038447868,829984,0,1.001953125,-0.029296875,0.01953125,-0.009765625,0.0,0.0,0.0
1038449120,829985,0,0.998046875,-0.02734375,0.017578125,-0.009765625,0.0,0.0,0.0
1038450371,829986,0,1.001953125,-0.03125,0.01953125,-0.01171875,0.0,0.0,0.0
1038451621,829987,0,1.001953125,-0.03125,0.017578125,-0.013671875,0.0,0.0,0.0
1038452873,829988,0,0.99609375,-0.029296875,0.025390625,-0.00390625,0.0,0.0,0.0
1038454123,829989,0,1.00390625,-0.029296875,0.02734375,-0.001953125,0.0,0.0,0.0
1038455373,829990,0,1.00390625,-0.03125,0.01953125,-0.01171875,0.0,0.0,0.0
1038456623,829991,0,0.998046875,-0.033203125,0.017578125,-0.015625,0.0,0.0,0.0
1038457873,829992,0,0.99609375,-0.03515625,0.017578125,-0.017578125,0.0,0.0,0.0
1038459125,829993,0,0.99609375,-0.037109375,0.021484375,-0.015625,0.0,0.0,0.0
1038460376,829994,0,0.99609375,-0.04296875,0.01171875,-0.03125,0.0,0.0,0.0
1038461626,829995,0,0.994140625,-0.048828125,0.01171875,-0.037109375,0.0,0.0,0.0
1038462877,829996,0,0.99609375,-0.048828125,0.015625,-0.033203125,0.0,0.0,0.0
1038464128,829997,0,0.98828125,-0.05078125,0.013671875,-0.037109375,0.0,0.0,0.0
1038465378,829998,0,0.982421875,-0.078125,0.0,-0.078125,0.0,0.0,0.0
1038466629,829999,0,0.990234375,-0.056640625,-0.01171875,-0.068359375,0.0,0.0,0.0
1038467880,830000,0,0.978515625,-0.052734375,0.017578125,-0.03515625,0.0,0.0,0.0
1038469131,830001,0,0.98046875,-0.09375,0.005859375,-0.087890625,0.0,0.0,0.0
1038470382,830002,0,1.033203125,-0.494140625,-0.3359375,-0.830078125,0.0,0.0,0.0
1038471632,830003,0,0.82421875,-0.16015625,0.044921875,-0.115234375,0.0,0.0,0.0
1038472883,830004,0,0.861328125,0.0625,0.06640625,0.12890625,0.0,0.0,0.0
1038474134,830005,0,1.025390625,0.103515625,0.208984375,0.3125,0.0,0.0,0.0
1038475384,830006,0,1.158203125,0.19140625,0.22265625,0.4140625,0.0,0.0,0.0
1038476636,830007,0,1.2578125,0.2109375,0.2109375,0.421875,0.0,0.0,0.0
1038477886,830008,0,1.158203125,0.068359375,0.02734375,0.095703125,0.0,0.0,0.0
1038479137,830009,0,1.162109375,0.0703125,-0.0234375,0.046875,0.0,0.0,0.0
1038480388,830010,0,1.060546875,-0.01171875,0.0703125,0.05859375,0.0,0.0,0.0
1038481639,830011,0,0.931640625,-0.05078125,0.021484375,-0.029296875,0.0,0.0,0.0
1038482889,830012,0,0.8828125,-0.119140625,-0.025390625,-0.14453125,0.0,0.0,0.0
1038484140,830013,0,0.88671875,-0.13671875,-0.044921875,-0.181640625,0.0,0.0,0.0
1038485392,830014,0,0.927734375,-0.162109375,-0.056640625,-0.21875,0.0,0.0,0.0
1038486642,830015,0,0.951171875,-0.13671875,-0.056640625,-0.193359375,0.0,0.0,0.0
1038487894,830016,0,0.955078125,-0.10546875,-0.0234375,-0.12890625,0.0,0.0,0.0
1038489145,830017,0,0.9609375,-0.048828125,0.013671875,-0.03515625,0.0,0.0,0.0
1038490396,830018,0,0.984375,-0.01171875,0.05078125,0.0390625,0.0,0.0,0.0
1038491648,830019,0,1.025390625,0.015625,0.04296875,0.05859375,0.0,0.0,0.0
1038492899,830020,0,1.05859375,0.013671875,0.046875,0.060546875,0.0,0.0,0.0
1038494150,830021,0,1.064453125,0.0390625,0.046875,0.0859375,0.0,0.0,0.0
1038495400,830022,0,1.060546875,0.02734375,0.06640625,0.09375,0.0,0.0,0.0
1038496651,830023,0,1.03125,0.021484375,0.03515625,0.056640625,0.0,0.0,0.0
1038497902,830024,0,1.015625,0.0078125,0.04296875,0.05078125,0.0,0.0,0.0
1038499152,830025,0,0.994140625,-0.0234375,0.041015625,0.017578125,0.0,0.0,0.0
1038500402,830026,0,0.990234375,-0.04296875,0.017578125,-0.025390625,0.0,0.0,0.0
1038501654,830027,0,0.9765625,-0.044921875,0.013671875,-0.03125,0.0,0.0,0.0
1038502904,830028,0,0.986328125,-0.056640625,0.0078125,-0.048828125,0.0,0.0,0.0
1038504154,830029,0,0.982421875,-0.080078125,-0.01171875,-0.091796875,0.0,0.0,0.0
1038505405,830030,0,0.98828125,-0.064453125,-0.0078125,-0.072265625,0.0,0.0,0.0
1038506655,830031,0,0.978515625,-0.064453125,0.0078125,-0.056640625,0.0,0.0,0.0
1038507906,830032,0,0.970703125,-0.046875,0.021484375,-0.025390625,0.0,0.0,0.0
1038509157,830033,0,0.98828125,-0.025390625,0.029296875,0.00390625,0.0,0.0,0.0
1038510408,830034,0,1.0078125,-0.025390625,0.021484375,-0.00390625,0.0,0.0,0.0
1038511659,830035,0,1.01953125,-0.0234375,0.0234375,0.0,0.0,0.0,0.0
1038512911,830036,0,1.015625,-0.021484375,0.01953125,-0.001953125,0.0,0.0,0.0
1038514162,830037,0,1.02734375,-0.01953125,0.02734375,0.0078125,0.0,0.0,0.0
1038515414,830038,0,1.009765625,-0.02734375,0.017578125,-0.009765625,0.0,0.0,0.0
1038516664,830039,0,1.021484375,-0.02734375,0.033203125,0.005859375,0.0,0.0,0.0
1038517916,830040,0,1.001953125,-0.046875,0.015625,-0.03125,0.0,0.0,0.0
1038519167,830041,0,1.0078125,-0.03125,0.013671875,-0.017578125,0.0,0.0,0.0
1038520417,830042,0,1.015625,-0.05078125,0.001953125,-0.048828125,0.0,0.0,0.0
1038521668,830043,0,0.990234375,-0.0234375,0.02734375,0.00390625,0.0,0.0,0.0
1038522919,830044,0,1.015625,-0.03125,0.01953125,-0.01171875,0.0,0.0,0.0
1038524170,830045,0,1.0,-0.07421875,-0.0078125,-0.08203125,0.0,0.0,0.0
1038525421,830046,0,1.025390625,-0.09375,0.013671875,-0.080078125,0.0,0.0,0.0
1038526672,830047,0,1.0390625,-0.099609375,0.044921875,-0.0546875,0.0,0.0,0.0
1038527922,830048,0,1.068359375,-0.12109375,0.060546875,-0.060546875,0.0,0.0,0.0
1038529173,830049,0,1.08984375,-0.162109375,0.04296875,-0.119140625,0.0,0.0,0.0
1038530425,830050,0,1.08203125,-0.197265625,-0.005859375,-0.203125,0.0,0.0,0.0
1038531675,830051,0,1.0546875,-0.2421875,-0.02734375,-0.26953125,0.0,0.0,0.0
1038532927,830052,0,1.025390625,-0.25,0.00390625,-0.24609375,0.0,0.0,0.0
1038534177,830053,0,1.015625,-0.265625,0.0,-0.265625,0.0,0.0,0.0
1038535429,830054,0,0.994140625,-0.26953125,-0.029296875,-0.298828125,0.0,0.0,0.0
1038536680,830055,0,0.982421875,-0.28125,-0.04296875,-0.32421875,0.0,0.0,0.0
1038537930,830056,0,0.97265625,-0.283203125,-0.029296875,-0.3125,0.0,0.0,0.0
1038539180,830057,0,0.98046875,-0.263671875,-0.037109375,-0.30078125,0.0,0.0,0.0
1038540431,830058,0,0.98828125,-0.255859375,-0.033203125,-0.2890625,0.0,0.0,0.0
1038541682,830059,0,0.990234375,-0.22265625,-0.0234375,-0.24609375,0.0,0.0,0.0
1038542933,830060,0,1.015625,-0.185546875,0.0,-0.185546875,0.0,0.0,0.0
1038544184,830061,0,1.01171875,-0.15234375,-0.005859375,-0.158203125,0.0,0.0,0.0
1038545434,830062,0,1.0078125,-0.119140625,-0.01953125,-0.138671875,0.0,0.0,0.0
1038546685,830063,0,1.021484375,-0.087890625,-0.017578125,-0.10546875,0.0,0.0,0.0
1038547936,830064,0,1.01953125,-0.0546875,0.01171875,-0.04296875,0.0,0.0,0.0
1038549188,830065,0,0.998046875,-0.044921875,0.021484375,-0.0234375,0.0,0.0,0.0
1038550439,830066,0,0.998046875,-0.009765625,0.009765625,0.0,0.0,0.0,0.0
1038551690,830067,0,1.001953125,-0.015625,0.013671875,-0.001953125,0.0,0.0,0.0
1038552941,830068,0,0.998046875,-0.03125,0.0078125,-0.0234375,0.0,0.0,0.0
1038554192,830069,0,1.00390625,-0.068359375,0.001953125,-0.06640625,0.0,0.0,0.0
1038555443,830070,0,1.005859375,-0.099609375,0.001953125,-0.09765625,0.0,0.0,0.0
1038556695,830071,0,1.015625,-0.1484375,0.001953125,-0.146484375,0.0,0.0,0.0
1038557945,830072,0,1.029296875,-0.20703125,-0.0078125,-0.21484375,0.0,0.0,0.0
1038559195,830073,0,1.0390625,-0.3359375,-0.0234375,-0.359375,0.0,0.0,0.0
1038560447,830074,0,1.044921875,-0.453125,-0.083984375,-0.537109375,0.0,0.0,0.0
1038561697,830075,0,1.0390625,-0.486328125,-0.099609375,-0.5859375,0.0,0.0,0.0
1038562949,830076,0,1.0625,-0.525390625,-0.041015625,-0.56640625,0.0,0.0,0.0
1038564200,830077,0,1.037109375,-0.611328125,-0.0390625,-0.650390625,0.0,0.0,0.0
1038565452,830078,0,1.03515625,-0.7265625,-0.115234375,-0.841796875,0.0,0.0,0.0
1038566702,830079,0,0.970703125,-0.8125,-0.17578125,-0.98828125,0.0,0.0,0.0
1038567954,830080,0,0.990234375,-1.373046875,-0.072265625,-1.4453125,0.0,0.0,0.0
1038569205,830081,0,1.525390625,-3.185546875,0.091796875,-3.09375,0.0,0.0,0.0
1038570456,830082,0,1.33203125,-3.76171875,-0.447265625,-4.208984375,0.0,0.0,0.0
1038571708,830083,0,1.0625,-2.263671875,-1.26953125,-3.533203125,0.0,0.0,0.0
1038572958,830084,0,1.57421875,-3.4375,-0.611328125,-4.048828125,0.0,0.0,0.0
1038574209,830085,0,0.86328125,-2.47265625,-0.640625,-3.11328125,0.0,0.0,0.0
1038575459,830086,0,0.501953125,-2.099609375,-0.8828125,-2.982421875,0.0,0.0,0.0
1038576710,830087,0,0.330078125,-1.951171875,-0.494140625,-2.4453125,0.0,0.0,0.0
1038577961,830088,0,0.302734375,-1.37890625,-0.4375,-1.81640625,0.0,0.0,0.0
1038579212,830089,0,0.32421875,-0.93359375,-0.439453125,-1.373046875,0.0,0.0,0.0
1038580462,830090,0,0.669921875,-0.92578125,-0.453125,-1.37890625,0.0,0.0,0.0
1038581713,830091,0,0.900390625,-0.546875,-0.654296875,-1.201171875,0.0,0.0,0.0
1038582965,830092,0,1.935546875,0.369140625,-2.392578125,-2.0234375,0.0,0.0,0.0
1038584216,830093,0,0.599609375,0.244140625,-0.63671875,-0.392578125,0.0,0.0,0.0
1038585468,830094,0,1.7265625,0.33984375,-1.310546875,-0.970703125,0.0,0.0,0.0
1038586719,830095,0,1.51171875,1.662109375,-0.189453125,1.47265625,0.0,0.0,0.0
1038587969,830096,0,1.12890625,0.931640625,-0.646484375,0.28515625,0.0,0.0,0.0
1038589221,830097,0,1.275390625,1.859375,0.234375,2.09375,0.0,0.0,0.0
1038590471,830098,0,1.076171875,1.46484375,-0.240234375,1.224609375,0.0,0.0,0.0
1038591721,830099,0,1.064453125,1.970703125,-0.25390625,1.716796875,0.0,0.0,0.0
1038592972,830100,0,0.953125,1.880859375,-0.189453125,1.69140625,0.0,0.0,0.0
1038594224,830101,0,0.837890625,2.162109375,0.015625,2.177734375,0.0,0.0,0.0
1038595474,830102,0,0.96484375,2.35546875,0.111328125,2.466796875,0.0,0.0,0.0
1038596724,830103,0,0.88671875,2.482421875,0.275390625,2.7578125,0.0,0.0,0.0
1038597976,830104,0,1.0078125,2.4609375,0.34765625,2.80859375,0.0,0.0,0.0
1038599226,830105,0,1.02734375,2.544921875,0.375,2.919921875,0.0,0.0,0.0
1038600476,830106,0,1.12109375,2.5390625,0.3671875,2.90625,0.0,0.0,0.0
1038601728,830107,0,1.142578125,2.564453125,0.478515625,3.04296875,0.0,0.0,0.0
1038602978,830108,0,1.15234375,2.58984375,0.498046875,3.087890625,0.0,0.0,0.0
1038604230,830109,0,1.142578125,2.505859375,0.52734375,3.033203125,0.0,0.0,0.0
1038605481,830110,0,1.10546875,2.4453125,0.482421875,2.927734375,0.0,0.0,0.0
1038606732,830111,0,1.076171875,2.322265625,0.466796875,2.7890625,0.0,0.0,0.0
1038607983,830112,0,1.017578125,2.24609375,0.46875,2.71484375,0.0,0.0,0.0
1038609235,830113,0,1.009765625,2.125,0.4140625,2.5390625,0.0,0.0,0.0
1038610485,830114,0,0.962890625,1.966796875,0.373046875,2.33984375,0.0,0.0,0.0
1038611736,830115,0,0.994140625,1.7890625,0.263671875,2.052734375,0.0,0.0,0.0
1038612987,830116,0,0.99609375,1.638671875,0.19140625,1.830078125,0.0,0.0,0.0
1038614237,830117,0,1.03125,1.42578125,0.17578125,1.6015625,0.0,0.0,0.0
1038615488,830118,0,1.05078125,1.232421875,0.130859375,1.36328125,0.0,0.0,0.0
1038616738,830119,0,1.06640625,1.033203125,0.05078125,1.083984375,0.0,0.0,-2.9902236286030726e-13
1038619239,830121,0,1.05078125,0.6015625,-0.09765625,0.50390625,0.0,0.0,0.0
1038620490,830122,0,1.025390625,0.36328125,-0.140625,0.22265625,0.0,0.0,0.0
1038621741,830123,0,0.970703125,0.1328125,-0.19140625,-0.05859375,0.0,0.0,0.0
1038622991,830124,0,0.96875,-0.072265625,-0.283203125,-0.35546875,0.0,0.0,0.0
1038624242,830125,0,0.916015625,-0.279296875,-0.32421875,-0.603515625,0.0,0.0,0.0
1038625493,830126,0,0.923828125,-0.48828125,-0.353515625,-0.841796875,0.0,0.0,0.0
1038626745,830127,0,0.982421875,-0.638671875,-0.296875,-0.935546875,0.0,0.0,0.0
1038627995,830128,0,1.0703125,-0.740234375,-0.26953125,-1.009765625,0.0,0.0,0.0
1038629247,830129,0,1.166015625,-0.78515625,-0.181640625,-0.966796875,0.0,0.0,0.0
1038630498,830130,0,0.955078125,-1.14453125,-0.177734375,-1.322265625,0.0,0.0,0.0
1038631749,830131,0,0.958984375,-1.28515625,-0.263671875,-1.548828125,0.0,0.0,0.0
1038633000,830132,0,0.98046875,-1.4609375,-0.26171875,-1.72265625,0.0,0.0,0.0
1038634250,830133,0,0.9140625,-1.56640625,-0.234375,-1.80078125,0.0,0.0,0.0
1038635501,830134,0,0.939453125,-1.564453125,-0.28515625,-1.849609375,0.0,0.0,0.0
1038636752,830135,0,0.93359375,-1.61328125,-0.294921875,-1.908203125,0.0,0.0,0.0
1038638003,830136,0,0.90625,-1.646484375,-0.26171875,-1.908203125,0.0,0.0,0.0
1038639254,830137,0,0.9453125,-1.630859375,-0.251953125,-1.8828125,0.0,0.0,0.0
1038640504,830138,0,0.951171875,-1.630859375,-0.21875,-1.849609375,0.0,0.0,0.0
1038641755,830139,0,0.958984375,-1.59375,-0.203125,-1.796875,0.0,0.0,0.0
1038643006,830140,0,0.9765625,-1.53125,-0.197265625,-1.728515625,0.0,0.0,0.0
1038644257,830141,0,0.98046875,-1.462890625,-0.18359375,-1.646484375,0.0,0.0,0.0
1038645508,830142,0,0.994140625,-1.369140625,-0.19140625,-1.560546875,0.0,0.0,0.0
1038646760,830143,0,0.98046875,-1.2890625,-0.20703125,-1.49609375,0.0,0.0,0.0
1038648010,830144,0,0.986328125,-1.181640625,-0.21484375,-1.396484375,0.0,0.0,0.0
1038649261,830145,0,0.982421875,-1.05859375,-0.2109375,-1.26953125,0.0,0.0,0.0
1038650513,830146,0,0.98046875,-0.9296875,-0.181640625,-1.111328125,0.0,0.0,0.0
1038651763,830147,0,0.978515625,-0.791015625,-0.171875,-0.962890625,0.0,0.0,0.0
1038653014,830148,0,0.99609375,-0.61328125,-0.08984375,-0.703125,0.0,0.0,0.0
1038654271,830149,0,1.005859375,-0.52734375,-0.1171875,-0.64453125,0.0,0.0,0.0
1038655522,830150,0,1.025390625,-0.359375,-0.15625,-0.515625,0.0,0.0,0.0
1038656774,830151,0,1.013671875,-0.203125,-0.044921875,-0.248046875,0.0,0.0,0.0
1038658024,830152,0,0.9765625,-0.11328125,-0.005859375,-0.119140625,0.0,0.0,0.0
1038659275,830153,0,1.00390625,0.0390625,-0.013671875,0.025390625,0.0,0.0,0.0
1038660527,830154,0,1.033203125,0.20703125,0.009765625,0.216796875,0.0,0.0,0.0
1038661778,830155,0,0.982421875,0.275390625,-0.025390625,0.25,0.0,0.0,0.0
1038663028,830156,0,1.0703125,0.396484375,-0.232421875,0.1640625,0.0,0.0,0.0
1038664278,830157,0,0.982421875,0.484375,-0.123046875,0.361328125,0.0,0.0,0.0
1038665528,830158,0,1.005859375,0.568359375,-0.076171875,0.4921875,0.0,0.0,0.0
1038666780,830159,0,1.029296875,0.685546875,0.0625,0.748046875,0.0,0.0,0.0
1038668031,830160,0,1.052734375,0.8203125,0.15234375,0.97265625,0.0,0.0,0.0
1038669282,830161,0,1.0390625,0.873046875,0.1640625,1.037109375,0.0,0.0,0.0
1038670533,830162,0,1.02734375,0.921875,0.15625,1.078125,0.0,0.0,0.0
1038671784,830163,0,1.0390625,0.9765625,0.15234375,1.12890625,0.0,0.0,0.0
1038673034,830164,0,1.025390625,1.00390625,0.18359375,1.1875,0.0,0.0,0.0
1038674284,830165,0,1.02734375,1.0390625,0.20703125,1.24609375,0.0,0.0,0.0
1038675536,830166,0,1.029296875,1.046875,0.208984375,1.255859375,0.0,0.0,0.0
1038676787,830167,0,1.021484375,1.03515625,0.208984375,1.244140625,0.0,0.0,0.0
1038678038,830168,0,1.03125,1.021484375,0.197265625,1.21875,0.0,0.0,0.0
1038679288,830169,0,1.033203125,0.98828125,0.20703125,1.1953125,0.0,0.0,0.0
1038680539,830170,0,1.0390625,0.962890625,0.201171875,1.1640625,0.0,0.0,0.0
1038681790,830171,0,1.04296875,0.912109375,0.169921875,1.08203125,0.0,0.0,0.0
1038683040,830172,0,1.037109375,0.85546875,0.16015625,1.015625,0.0,0.0,0.0
1038684290,830173,0,1.021484375,0.72265625,0.150390625,0.873046875,0.0,0.0,0.0
1038685542,830174,0,1.02734375,0.646484375,0.126953125,0.7734375,0.0,0.0,0.0
1038686793,830175,0,1.017578125,0.5546875,0.103515625,0.658203125,0.0,0.0,0.0
1038688044,830176,0,1.00390625,0.466796875,0.076171875,0.54296875,0.0,0.0,0.0
1038689295,830177,0,1.009765625,0.3828125,0.05859375,0.44140625,0.0,0.0,0.0
1038690546,830178,0,1.0078125,0.28515625,0.037109375,0.322265625,0.0,0.0,0.0
1038691796,830179,0,1.005859375,0.185546875,0.005859375,0.19140625,0.0,0.0,0.0
1038693048,830180,0,1.005859375,0.095703125,-0.0078125,0.087890625,0.0,0.0,0.0
1038694299,830181,0,1.009765625,0.01171875,-0.025390625,-0.013671875,0.0,0.0,0.0
1038695549,830182,0,1.009765625,-0.0625,-0.005859375,-0.068359375,0.0,0.0,0.0
1038696801,830183,0,1.005859375,-0.1484375,-0.01171875,-0.16015625,0.0,0.0,0.0
1038698051,830184,0,0.994140625,-0.232421875,-0.03125,-0.263671875,0.0,0.0,0.0
1038699301,830185,0,0.998046875,-0.30859375,-0.05859375,-0.3671875,0.0,0.0,0.0
1038700552,830186,0,0.9921875,-0.390625,-0.08203125,-0.47265625,0.0,0.0,0.0
1038701803,830187,0,0.984375,-0.455078125,-0.09375,-0.548828125,0.0,0.0,0.0
1038703054,830188,0,0.9765625,-0.509765625,-0.099609375,-0.609375,0.0,0.0,0.0
1038704305,830189,0,0.98828125,-0.5546875,-0.107421875,-0.662109375,0.0,0.0,0.0
1038705556,830190,0,0.994140625,-0.59765625,-0.09765625,-0.6953125,0.0,0.0,0.0
1038706807,830191,0,1.001953125,-0.63671875,-0.103515625,-0.740234375,0.0,0.0,0.0
1038708059,830192,0,0.9921875,-0.671875,-0.103515625,-0.775390625,0.0,0.0,0.0
1038709310,830193,0,1.0,-0.67578125,-0.099609375,-0.775390625,0.0,0.0,0.0
1038710560,830194,0,0.9921875,-0.685546875,-0.091796875,-0.77734375,0.0,0.0,0.0
1038711810,830195,0,0.984375,-0.69140625,-0.09375,-0.78515625,0.0,0.0,0.0
1038713061,830196,0,0.98828125,-0.6875,-0.091796875,-0.779296875,0.0,0.0,0.0
1038714311,830197,0,0.978515625,-0.673828125,-0.0859375,-0.759765625,0.0,0.0,0.0
1038715563,830198,0,0.978515625,-0.65625,-0.09375,-0.75,0.0,0.0,0.0
1038716813,830199,0,0.978515625,-0.630859375,-0.09375,-0.724609375,0.0,0.0,0.0
1038718065,830200,0,0.978515625,-0.595703125,-0.095703125,-0.69140625,0.0,0.0,0.0
1038719316,830201,0,0.978515625,-0.548828125,-0.087890625,-0.63671875,0.0,0.0,0.0
1038720566,830202,0,0.990234375,-0.513671875,-0.083984375,-0.59765625,0.0,0.0,0.0
1038721817,830203,0,1.02734375,-0.427734375,-0.068359375,-0.49609375,0.0,0.0,0.0
1038723067,830204,0,0.9765625,-0.431640625,-0.087890625,-0.51953125,0.0,0.0,0.0
1038724317,830205,0,1.025390625,-0.33984375,-0.07421875,-0.4140625,0.0,0.0,0.0
1038725567,830206,0,1.01171875,-0.291015625,-0.056640625,-0.34765625,0.0,0.0,0.0
1038726818,830207,0,1.017578125,-0.23046875,-0.025390625,-0.255859375,0.0,0.0,0.0
1038728070,830208,0,1.009765625,-0.171875,-0.025390625,-0.197265625,0.0,0.0,0.0
1038729321,830209,0,1.013671875,-0.103515625,-0.03515625,-0.138671875,0.0,0.0,0.0
1038730571,830210,0,0.990234375,-0.05859375,-0.015625,-0.07421875,0.0,0.0,0.0
1038731821,830211,0,0.994140625,0.00390625,-0.00390625,0.0,0.0,0.0,0.0
1038733071,830212,0,0.978515625,0.064453125,0.005859375,0.0703125,0.0,0.0,0.0
1038734322,830213,0,0.998046875,0.1171875,0.013671875,0.130859375,0.0,0.0,0.0
1038735572,830214,0,1.001953125,0.158203125,0.037109375,0.1953125,0.0,0.0,0.0
1038736823,830215,0,1.009765625,0.248046875,0.052734375,0.30078125,0.0,0.0,0.0
1038738075,830216,0,1.01171875,0.287109375,0.056640625,0.34375,0.0,0.0,0.0
1038739326,830217,0,1.021484375,0.322265625,0.060546875,0.3828125,0.0,0.0,0.0
1038740577,830218,0,1.025390625,0.34765625,0.0703125,0.41796875,0.0,0.0,0.0
1038741829,830219,0,1.025390625,0.375,0.080078125,0.455078125,0.0,0.0,0.0
1038743079,830220,0,1.01171875,0.388671875,0.083984375,0.47265625,0.0,0.0,0.0
1038744329,830221,0,1.009765625,0.404296875,0.0859375,0.490234375,0.0,0.0,0.0
1038745580,830222,0,1.0078125,0.412109375,0.091796875,0.50390625,0.0,0.0,0.0
1038746831,830223,0,1.009765625,0.41796875,0.091796875,0.509765625,0.0,0.0,0.0
1038748082,830224,0,1.01171875,0.41796875,0.09765625,0.515625,0.0,0.0,0.0
1038749333,830225,0,1.013671875,0.40625,0.099609375,0.505859375,0.0,0.0,0.0
1038750584,830226,0,1.013671875,0.39453125,0.09765625,0.4921875,0.0,0.0,0.0
1038751835,830227,0,1.021484375,0.376953125,0.08984375,0.466796875,0.0,0.0,0.0
1038753087,830228,0,1.015625,0.3515625,0.08984375,0.44140625,0.0,0.0,0.0
1038754338,830229,0,1.01953125,0.333984375,0.08203125,0.416015625,0.0,0.0,0.0
1038755590,830230,0,1.017578125,0.294921875,0.076171875,0.37109375,0.0,0.0,0.0
1038756841,830231,0,1.01171875,0.271484375,0.07421875,0.345703125,0.0,0.0,0.0
1038758092,830232,0,1.013671875,0.2421875,0.06640625,0.30859375,0.0,0.0,0.0
1038759343,830233,0,1.0078125,0.20703125,0.060546875,0.267578125,0.0,0.0,0.0
1038760595,830234,0,1.015625,0.169921875,0.0546875,0.224609375,0.0,0.0,0.0
1038761845,830235,0,1.00390625,0.119140625,0.046875,0.166015625,0.0,0.0,0.0
1038763097,830236,0,1.00390625,0.080078125,0.029296875,0.109375,0.0,0.0,0.0
1038764348,830237,0,1.009765625,0.044921875,0.03515625,0.080078125,0.0,0.0,0.0
1038765600,830238,0,0.99609375,0.01171875,0.013671875,0.025390625,0.0,0.0,0.0
1038766850,830239,0,1.0078125,-0.0234375,0.01171875,-0.01171875,0.0,0.0,0.0
1038768101,830240,0,1.0078125,-0.0625,0.009765625,-0.052734375,0.0,0.0,0.0
1038769351,830241,0,1.0078125,-0.09765625,0.005859375,-0.091796875,0.0,0.0,0.0
1038770602,830242,0,1.005859375,-0.130859375,0.00390625,-0.126953125,0.0,0.0,0.0
1038771853,830243,0,0.998046875,-0.158203125,-0.01171875,-0.169921875,0.0,0.0,0.0
1038773104,830244,0,0.99609375,-0.18359375,-0.01953125,-0.203125,0.0,0.0,0.0
1038774355,830245,0,0.99609375,-0.21484375,-0.015625,-0.23046875,0.0,0.0,0.0
1038775606,830246,0,0.99609375,-0.23046875,-0.0234375,-0.25390625,0.0,0.0,0.0
1038776857,830247,0,0.998046875,-0.251953125,-0.029296875,-0.28125,0.0,0.0,0.0
1038778109,830248,0,0.994140625,-0.26953125,-0.02734375,-0.296875,0.0,0.0,0.0
1038779360,830249,0,0.99609375,-0.279296875,-0.03125,-0.310546875,0.0,0.0,0.0
1038780610,830250,0,1.0,-0.291015625,-0.02734375,-0.318359375,0.0,0.0,0.0
1038781861,830251,0,1.001953125,-0.291015625,-0.03125,-0.322265625,0.0,0.0,0.0
1038783112,830252,0,0.998046875,-0.2890625,-0.03515625,-0.32421875,0.0,0.0,0.0
1038784362,830253,0,1.0,-0.30078125,-0.04296875,-0.34375,0.0,0.0,0.0
1038785613,830254,0,0.998046875,-0.29296875,-0.03515625,-0.328125,0.0,0.0,0.0
1038786863,830255,0,0.998046875,-0.2890625,-0.037109375,-0.326171875,0.0,0.0,0.0
1038788115,830256,0,0.994140625,-0.271484375,-0.0390625,-0.310546875,0.0,0.0,0.0
1038789366,830257,0,1.0,-0.26171875,-0.02734375,-0.2890625,0.0,0.0,0.0
1038790616,830258,0,1.0,-0.228515625,-0.029296875,-0.2578125,0.0,0.0,0.0
1038791867,830259,0,1.001953125,-0.205078125,-0.0234375,-0.228515625,0.0,0.0,0.0
1038793117,830260,0,1.0,-0.18359375,-0.0234375,-0.20703125,0.0,0.0,0.0
1038794367,830261,0,1.005859375,-0.16015625,-0.015625,-0.17578125,0.0,0.0,0.0
1038795618,830262,0,1.005859375,-0.142578125,-0.00390625,-0.146484375,0.0,0.0,0.0
1038796868,830263,0,1.00390625,-0.12109375,-0.005859375,-0.126953125,0.0,0.0,0.0
1038798120,830264,0,1.005859375,-0.09765625,-0.00390625,-0.1015625,0.0,0.0,0.0
1038799371,830265,0,1.00390625,-0.072265625,-0.005859375,-0.078125,0.0,0.0,0.0
1038800621,830266,0,1.001953125,-0.048828125,0.00390625,-0.044921875,0.0,0.0,0.0
1038801873,830267,0,1.0078125,-0.02734375,0.00390625,-0.0234375,0.0,0.0,0.0
1038803123,830268,0,1.001953125,-0.0078125,0.009765625,0.001953125,0.0,0.0,0.0
1038804373,830269,0,1.005859375,0.01953125,0.015625,0.03515625,0.0,0.0,0.0
1038805623,830270,0,1.00390625,0.0390625,0.021484375,0.060546875,0.0,0.0,0.0
1038806873,830271,0,1.0,0.064453125,0.029296875,0.09375,0.0,0.0,0.0
1038808125,830272,0,1.0078125,0.080078125,0.03125,0.111328125,0.0,0.0,0.0
1038809376,830273,0,1.013671875,0.09375,0.0390625,0.1328125,0.0,0.0,0.0
1038810626,830274,0,1.0,0.107421875,0.04296875,0.150390625,0.0,0.0,0.0
1038811877,830275,0,1.015625,0.12890625,0.04296875,0.171875,0.0,0.0,0.0
1038813128,830276,0,1.009765625,0.125,0.0390625,0.1640625,0.0,0.0,0.0
1038814378,830277,0,1.015625,0.134765625,0.05078125,0.185546875,0.0,0.0,0.0
1038815629,830278,0,1.005859375,0.146484375,0.05078125,0.197265625,0.0,0.0,0.0
1038816880,830279,0,1.0078125,0.146484375,0.048828125,0.1953125,0.0,0.0,0.0
1038818131,830280,0,1.00390625,0.15234375,0.052734375,0.205078125,0.0,0.0,0.0
1038819382,830281,0,1.001953125,0.150390625,0.048828125,0.19921875,0.0,0.0,0.0
1038820632,830282,0,1.00390625,0.1484375,0.048828125,0.197265625,0.0,0.0,0.0
1038821883,830283,0,1.009765625,0.142578125,0.052734375,0.1953125,0.0,0.0,0.0
1038823134,830284,0,1.009765625,0.13671875,0.046875,0.18359375,0.0,0.0,0.0
1038824384,830285,0,1.0078125,0.130859375,0.0546875,0.185546875,0.0,0.0,0.0
1038825636,830286,0,1.0078125,0.1171875,0.046875,0.1640625,0.0,0.0,0.0
1038826886,830287,0,1.0078125,0.111328125,0.0390625,0.150390625,0.0,0.0,0.0
1038828137,830288,0,1.009765625,0.099609375,0.046875,0.146484375,0.0,0.0,0.0
1038829388,830289,0,1.01171875,0.087890625,0.041015625,0.12890625,0.0,0.0,0.0
1038830639,830290,0,1.0078125,0.076171875,0.04296875,0.119140625,0.0,0.0,0.0
1038831889,830291,0,1.00390625,0.060546875,0.037109375,0.09765625,0.0,0.0,0.0
1038833140,830292,0,1.0078125,0.0390625,0.03125,0.0703125,0.0,0.0,0.0
1038834392,830293,0,0.99609375,0.0234375,0.033203125,0.056640625,0.0,0.0,0.0
1038835642,830294,0,1.00390625,0.0,0.021484375,0.021484375,0.0,0.0,0.0
1038836894,830295,0,1.009765625,-0.013671875,0.013671875,0.0,0.0,0.0,0.0
1038838145,830296,0,1.017578125,-0.01953125,0.013671875,-0.005859375,0.0,0.0,0.0
1038839396,830297,0,1.0,-0.03515625,0.01171875,-0.0234375,0.0,0.0,0.0
1038840648,830298,0,1.009765625,-0.048828125,0.015625,-0.033203125,0.0,0.0,0.0
1038841899,830299,0,0.998046875,-0.0546875,0.013671875,-0.041015625,0.0,0.0,0.0
1038843150,830300,0,0.994140625,-0.083984375,0.005859375,-0.078125,0.0,0.0,0.0
1038844400,830301,0,0.994140625,-0.09765625,0.0,-0.09765625,0.0,0.0,0.0
1038845651,830302,0,1.001953125,-0.107421875,-0.00390625,-0.111328125,0.0,0.0,0.0
1038846902,830303,0,1.0,-0.115234375,-0.001953125,-0.1171875,0.0,0.0,0.0
1038848152,830304,0,1.001953125,-0.1171875,-0.001953125,-0.119140625,0.0,0.0,0.0
1038849402,830305,0,1.0,-0.12109375,-0.00390625,-0.125,0.0,0.0,0.0
1038850654,830306,0,1.00390625,-0.12890625,-0.005859375,-0.134765625,0.0,0.0,0.0
1038851904,830307,0,1.005859375,-0.1328125,-0.005859375,-0.138671875,0.0,0.0,0.0
1038853154,830308,0,1.00390625,-0.130859375,-0.01171875,-0.142578125,0.0,0.0,0.0
1038854405,830309,0,0.99609375,-0.134765625,-0.001953125,-0.13671875,0.0,0.0,0.0
1038855655,830310,0,1.001953125,-0.1328125,-0.005859375,-0.138671875,0.0,0.0,0.0
1038856906,830311,0,1.00390625,-0.12890625,-0.009765625,-0.138671875,0.0,0.0,0.0
1038858157,830312,0,0.998046875,-0.123046875,-0.001953125,-0.125,0.0,0.0,0.0
1038859408,830313,0,1.00390625,-0.12109375,-0.005859375,-0.126953125,0.0,0.0,0.0
1038860659,830314,0,1.00390625,-0.111328125,-0.005859375,-0.1171875,0.0,0.0,0.0
1038861911,830315,0,0.998046875,-0.111328125,-0.00390625,-0.115234375,0.0,0.0,0.0
1038863162,830316,0,1.001953125,-0.111328125,-0.013671875,-0.125,0.0,0.0,0.0
1038864414,830317,0,1.0,-0.087890625,0.005859375,-0.08203125,0.0,0.0,0.0
1038865664,830318,0,1.005859375,-0.087890625,0.00390625,-0.083984375,0.0,0.0,0.0
1038866916,830319,0,1.001953125,-0.083984375,-0.00390625,-0.087890625,0.0,0.0,0.0
1038868167,830320,0,1.0078125,-0.0625,0.001953125,-0.060546875,0.0,0.0,0.0
1038869417,830321,0,1.001953125,-0.056640625,0.01171875,-0.044921875,0.0,0.0,0.0
1038870668,830322,0,1.001953125,-0.048828125,0.0078125,-0.041015625,0.0,0.0,0.0
1038871919,830323,0,0.998046875,-0.037109375,0.013671875,-0.0234375,0.0,0.0,0.0
1038873170,830324,0,1.001953125,-0.037109375,0.017578125,-0.01953125,0.0,0.0,0.0
1038874421,830325,0,0.994140625,-0.02734375,0.009765625,-0.017578125,0.0,0.0,0.0
1038875672,830326,0,1.005859375,-0.013671875,0.015625,0.001953125,0.0,0.0,0.0
1038876922,830327,0,1.0078125,-0.00390625,0.015625,0.01171875,0.0,0.0,0.0
1038878173,830328,0,1.00390625,0.0,0.017578125,0.017578125,0.0,0.0,0.0
1038879425,830329,0,1.0078125,0.0078125,0.029296875,0.037109375,0.0,0.0,0.0
1038880675,830330,0,1.0,0.013671875,0.0234375,0.037109375,0.0,0.0,0.0
1038881927,830331,0,1.009765625,0.01953125,0.02734375,0.046875,0.0,0.0,0.0
1038883177,830332,0,1.001953125,0.029296875,0.0234375,0.052734375,0.0,0.0,0.0
1038884429,830333,0,1.001953125,0.033203125,0.02734375,0.060546875,0.0,0.0,0.0
1038885680,830334,0,1.005859375,0.037109375,0.02734375,0.064453125,0.0,0.0,0.0
1038886930,830335,0,1.0078125,0.037109375,0.025390625,0.0625,0.0,0.0,0.0
1038888180,830336,0,1.0,0.046875,0.033203125,0.080078125,0.0,0.0,0.0
1038889431,830337,0,1.005859375,0.046875,0.02734375,0.07421875,0.0,0.0,0.0
1038890682,830338,0,1.0078125,0.05078125,0.037109375,0.087890625,0.0,0.0,0.0
1038891933,830339,0,1.015625,0.037109375,0.029296875,0.06640625,0.0,0.0,0.0
1038893184,830340,0,1.01171875,0.046875,0.03125,0.078125,0.0,0.0,0.0
1038894434,830341,0,1.015625,0.048828125,0.029296875,0.078125,0.0,0.0,0.0
1038895685,830342,0,1.0078125,0.037109375,0.025390625,0.0625,0.0,0.0,0.0
1038896936,830343,0,1.005859375,0.03515625,0.03125,0.06640625,0.0,0.0,0.0
1038898188,830344,0,1.0078125,0.03125,0.03125,0.0625,0.0,0.0,0.0
1038899439,830345,0,1.001953125,0.025390625,0.021484375,0.046875,0.0,0.0,0.0
1038900690,830346,0,1.001953125,0.0234375,0.03125,0.0546875,0.0,0.0,0.0
1038901941,830347,0,1.005859375,0.015625,0.02734375,0.04296875,0.0,0.0,0.0
1038903192,830348,0,1.001953125,0.009765625,0.025390625,0.03515625,0.0,0.0,0.0
1038904443,830349,0,1.001953125,0.00390625,0.0234375,0.02734375,0.0,0.0,0.0
1038905695,830350,0,1.001953125,-0.001953125,0.0234375,0.021484375,0.0,0.0,0.0
1038906945,830351,0,1.00390625,-0.0078125,0.017578125,0.009765625,0.0,0.0,0.0
1038908195,830352,0,1.0,-0.009765625,0.01953125,0.009765625,0.0,0.0,0.0
1038909447,830353,0,1.001953125,-0.015625,0.01953125,0.00390625,0.0,0.0,0.0
1038910697,830354,0,1.00390625,-0.0234375,0.017578125,-0.005859375,0.0,0.0,0.0
1038911949,830355,0,1.00390625,-0.029296875,0.013671875,-0.015625,0.0,0.0,0.0
1038913200,830356,0,1.005859375,-0.03515625,0.0078125,-0.02734375,0.0,0.0,0.0
1038914452,830357,0,1.013671875,-0.0390625,0.01171875,-0.02734375,0.0,0.0,0.0
1038915702,830358,0,1.0078125,-0.046875,0.009765625,-0.037109375,0.0,0.0,0.0
1038916954,830359,0,1.0,-0.044921875,0.009765625,-0.03515625,0.0,0.0,0.0
1038918205,830360,0,1.013671875,-0.05859375,0.009765625,-0.048828125,0.0,0.0,0.0
1038919456,830361,0,1.001953125,-0.056640625,0.00390625,-0.052734375,0.0,0.0,0.0
1038920708,830362,0,0.998046875,-0.05859375,0.0,-0.05859375,0.0,0.0,0.0
1038921958,830363,0,1.001953125,-0.0625,-0.001953125,-0.064453125,0.0,0.0,0.0
1038923209,830364,0,1.001953125,-0.068359375,0.0,-0.068359375,0.0,0.0,0.0
1038924459,830365,0,1.00390625,-0.068359375,0.005859375,-0.0625,0.0,0.0,0.0
1038925710,830366,0,1.0078125,-0.0703125,0.0,-0.0703125,0.0,0.0,0.0
1038926961,830367,0,1.0078125,-0.064453125,0.001953125,-0.0625,0.0,0.0,0.0
1038928212,830368,0,1.00390625,-0.06640625,0.005859375,-0.060546875,0.0,0.0,0.0
1038929462,830369,0,1.0078125,-0.072265625,0.00390625,-0.068359375,0.0,0.0,0.0
1038930713,830370,0,1.001953125,-0.07421875,0.0,-0.07421875,0.0,0.0,0.0
1038931965,830371,0,1.00390625,-0.0703125,0.0,-0.0703125,0.0,0.0,0.0
1038933216,830372,0,1.00390625,-0.06640625,-0.001953125,-0.068359375,0.0,0.0,0.0
1038934468,830373,0,1.005859375,-0.064453125,0.005859375,-0.05859375,0.0,0.0,0.0
1038935719,830374,0,0.99609375,-0.064453125,0.00390625,-0.060546875,0.0,0.0,0.0
1038936969,830375,0,1.001953125,-0.056640625,0.009765625,-0.046875,0.0,0.0,0.0
1038938221,830376,0,1.001953125,-0.05859375,0.001953125,-0.056640625,0.0,0.0,0.0
1038939471,830377,0,1.0078125,-0.0546875,0.001953125,-0.052734375,0.0,0.0,0.0
1038940721,830378,0,1.001953125,-0.05078125,0.005859375,-0.044921875,0.0,0.0,0.0
1038941972,830379,0,1.00390625,-0.056640625,-0.00390625,-0.060546875,0.0,0.0,0.0
1038943224,830380,0,0.998046875,-0.044921875,0.005859375,-0.0390625,0.0,0.0,0.0
1038944474,830381,0,1.013671875,-0.04296875,0.0078125,-0.03515625,0.0,0.0,0.0
1038945724,830382,0,0.994140625,-0.03515625,0.01171875,-0.0234375,0.0,0.0,0.0
1038946976,830383,0,1.013671875,-0.037109375,0.01171875,-0.025390625,0.0,0.0,0.0
1038948226,830384,0,0.9921875,-0.03515625,0.0078125,-0.02734375,0.0,0.0,0.0
1038949476,830385,0,1.0,-0.021484375,0.017578125,-0.00390625,0.0,0.0,0.0
1038950728,830386,0,1.005859375,-0.021484375,0.01953125,-0.001953125,0.0,0.0,0.0
1038951978,830387,0,1.005859375,-0.015625,0.01953125,0.00390625,0.0,0.0,0.0
1038953230,830388,0,1.001953125,-0.013671875,0.021484375,0.0078125,0.0,0.0,0.0
1038954481,830389,0,1.0078125,-0.0078125,0.0234375,0.015625,0.0,0.0,0.0
1038955732,830390,0,1.0078125,-0.001953125,0.021484375,0.01953125,0.0,0.0,0.0
1038956983,830391,0,1.00390625,-0.00390625,0.0234375,0.01953125,0.0,0.0,0.0
1038958235,830392,0,1.0078125,-0.00390625,0.01953125,0.015625,0.0,0.0,0.0
1038959485,830393,0,0.99609375,0.00390625,0.0234375,0.02734375,0.0,0.0,0.0
1038960736,830394,0,1.0078125,0.0078125,0.029296875,0.037109375,0.0,0.0,0.0
1038961987,830395,0,1.001953125,0.00390625,0.025390625,0.029296875,0.0,0.0,0.0
1038963237,830396,0,1.00390625,0.005859375,0.021484375,0.02734375,0.0,0.0,0.0
1038964488,830397,0,1.005859375,0.005859375,0.025390625,0.03125,0.0,0.0,0.0
1038965738,830398,0,1.005859375,0.0078125,0.033203125,0.041015625,0.0,0.0,0.0
1038966989,830399,0,1.009765625,0.00390625,0.021484375,0.025390625,0.0,0.0,0.0
1038968239,830400,0,1.015625,0.005859375,0.025390625,0.03125,0.0,0.0,0.0
1038969490,830401,0,1.00390625,0.001953125,0.02734375,0.029296875,0.0,0.0,0.0
1038970741,830402,0,1.001953125,0.009765625,0.02734375,0.037109375,0.0,0.0,0.0
1038971991,830403,0,1.009765625,0.001953125,0.0234375,0.025390625,0.0,0.0,0.0
1038973242,830404,0,0.994140625,0.009765625,0.015625,0.025390625,0.0,0.0,0.0
1038974493,830405,0,1.00390625,0.001953125,0.01953125,0.021484375,0.0,0.0,0.0
1038975745,830406,0,1.009765625,0.0078125,0.0234375,0.03125,0.0,0.0,0.0
1038976995,830407,0,1.00390625,-0.001953125,0.025390625,0.0234375,0.0,0.0,0.0
1038978247,830408,0,1.009765625,-0.00390625,0.02734375,0.0234375,0.0,0.0,0.0
1038979498,830409,0,1.0078125,-0.00390625,0.02734375,0.0234375,0.0,0.0,0.0
1038980749,830410,0,1.005859375,-0.005859375,0.021484375,0.015625,0.0,0.0,0.0
1038982000,830411,0,1.00390625,-0.013671875,0.021484375,0.0078125,0.0,0.0,0.0
1038983250,830412,0,1.009765625,-0.01171875,0.015625,0.00390625,0.0,0.0,0.0
1038984501,830413,0,1.005859375,-0.01953125,0.021484375,0.001953125,0.0,0.0,0.0
1038985752,830414,0,1.005859375,-0.015625,0.01953125,0.00390625,0.0,0.0,0.0
1038987003,830415,0,1.005859375,-0.021484375,0.017578125,-0.00390625,0.0,0.0,0.0
1038988254,830416,0,1.001953125,-0.02734375,0.01953125,-0.0078125,0.0,0.0,0.0
1038989504,830417,0,1.0078125,-0.02734375,0.01953125,-0.0078125,0.0,0.0,0.0
1038990755,830418,0,1.00390625,-0.029296875,0.01953125,-0.009765625,0.0,0.0,0.0
1038992006,830419,0,1.001953125,-0.033203125,0.015625,-0.017578125,0.0,0.0,0.0
1038993257,830420,0,1.015625,-0.033203125,0.017578125,-0.015625,0.0,0.0,0.0
1038994508,830421,0,1.005859375,-0.033203125,0.01171875,-0.021484375,0.0,0.0,0.0
1038995760,830422,0,1.005859375,-0.044921875,0.01171875,-0.033203125,0.0,0.0,0.0
1038997010,830423,0,1.0078125,-0.04296875,0.009765625,-0.033203125,0.0,0.0,0.0
1038998261,830424,0,1.015625,-0.0390625,0.009765625,-0.029296875,0.0,0.0,0.0
1038999513,830425,0,1.009765625,-0.044921875,0.00390625,-0.041015625,0.0,0.0,0.0
1039000763,830426,0,1.005859375,-0.0546875,0.0078125,-0.046875,0.0,0.0,0.0
1039002014,830427,0,1.005859375,-0.05078125,0.01171875,-0.0390625,0.0,0.0,0.0
1039003271,830428,0,1.00390625,-0.05078125,0.0078125,-0.04296875,0.0,0.0,0.0
1039004522,830429,0,1.005859375,-0.0546875,0.01171875,-0.04296875,0.0,0.0,0.0
1039005774,830430,0,1.00390625,-0.052734375,0.0078125,-0.044921875,0.0,0.0,0.0
1039007024,830431,0,1.00390625,-0.05078125,0.009765625,-0.041015625,0.0,0.0,0.0
1039008275,830432,0,1.0,-0.0546875,0.005859375,-0.048828125,0.0,0.0,0.0
1039009527,830433,0,1.0078125,-0.05078125,0.013671875,-0.037109375,0.0,0.0,0.0
1039010778,830434,0,1.005859375,-0.052734375,0.0078125,-0.044921875,0.0,0.0,0.0
1039012028,830435,0,0.998046875,-0.044921875,0.01953125,-0.025390625,0.0,0.0,0.0
1039013278,830436,0,1.001953125,-0.044921875,0.013671875,-0.03125,0.0,0.0,0.0
1039014528,830437,0,1.00390625,-0.05078125,0.01171875,-0.0390625,0.0,0.0,0.0
1039015780,830438,0,1.005859375,-0.046875,0.01171875,-0.03515625,0.0,0.0,0.0
1039017030,830439,0,1.00390625,-0.044921875,0.013671875,-0.03125,0.0,0.0,0.0
1039018280,830440,0,1.00390625,-0.04296875,0.0078125,-0.03515625,0.0,0.0,0.0
1039019530,830441,0,1.0078125,-0.0390625,0.025390625,-0.013671875,0.0,0.0,0.0
1039020780,830442,0,0.99609375,-0.041015625,0.01171875,-0.029296875,0.0,0.0,0.0
1039022031,830443,0,0.99609375,-0.041015625,0.01171875,-0.029296875,0.0,0.0,0.0
1039023282,830444,0,1.0,-0.02734375,0.015625,-0.01171875,0.0,0.0,0.0
1039024534,830445,0,1.005859375,-0.03515625,0.01171875,-0.0234375,0.0,0.0,0.0
1039025785,830446,0,1.0,-0.029296875,0.0234375,-0.005859375,0.0,0.0,0.0
1039027037,830447,0,0.998046875,-0.025390625,0.009765625,-0.015625,0.0,0.0,0.0
1039028288,830448,0,1.009765625,-0.015625,0.015625,0.0,0.0,0.0,0.0
1039029539,830449,0,1.0,-0.015625,0.015625,0.0,0.0,0.0,0.0
1039030790,830450,0,1.0078125,-0.017578125,0.021484375,0.00390625,0.0,0.0,0.0
1039032040,830451,0,1.001953125,-0.013671875,0.01953125,0.005859375,0.0,0.0,0.0
1039033290,830452,0,1.0078125,-0.013671875,0.021484375,0.0078125,0.0,0.0,0.0
1039034542,830453,0,1.00390625,-0.009765625,0.005859375,-0.00390625,0.0,0.0,0.0
1039035793,830454,0,1.005859375,-0.0078125,0.021484375,0.013671875,0.0,0.0,0.0
1039037044,830455,0,1.001953125,-0.0078125,0.0234375,0.015625,0.0,0.0,0.0
1039038295,830456,0,1.0078125,-0.005859375,0.02734375,0.021484375,0.0,0.0,0.0
1039039546,830457,0,1.005859375,-0.00390625,0.01953125,0.015625,0.0,0.0,0.0
1039040796,830458,0,1.0,0.0,0.021484375,0.021484375,0.0,0.0,0.0
1039042048,830459,0,1.005859375,-0.001953125,0.021484375,0.01953125,0.0,0.0,0.0
1039043299,830460,0,1.00390625,0.0,0.021484375,0.021484375,0.0,0.0,0.0
1039044549,830461,0,1.0078125,-0.00390625,0.021484375,0.017578125,0.0,0.0,0.0
1039045801,830462,0,1.005859375,0.001953125,0.015625,0.017578125,0.0,0.0,0.0
1039047051,830463,0,1.0,0.0,0.025390625,0.025390625,0.0,0.0,0.0
1039048301,830464,0,1.001953125,0.00390625,0.0234375,0.02734375,0.0,0.0,0.0
1039049552,830465,0,1.001953125,-0.001953125,0.01953125,0.017578125,0.0,0.0,0.0
1039050803,830466,0,1.0078125,-0.001953125,0.025390625,0.0234375,0.0,0.0,0.0
1039052054,830467,0,0.99609375,-0.0078125,0.01953125,0.01171875,0.0,0.0,0.0
1039053305,830468,0,1.009765625,-0.0078125,0.0234375,0.015625,0.0,0.0,0.0
1039054556,830469,0,1.001953125,-0.0078125,0.021484375,0.013671875,0.0,0.0,0.0
1039055807,830470,0,1.00390625,-0.009765625,0.013671875,0.00390625,0.0,0.0,0.0
1039057059,830471,0,1.005859375,-0.013671875,0.015625,0.001953125,0.0,0.0,0.0
1039058310,830472,0,1.00390625,-0.017578125,0.013671875,-0.00390625,0.0,0.0,0.0
1039059560,830473,0,1.001953125,-0.021484375,0.017578125,-0.00390625,0.0,0.0,0.0
1039060810,830474,0,1.0078125,-0.021484375,0.01171875,-0.009765625,0.0,0.0,0.0
1039062061,830475,0,1.001953125,-0.0234375,0.01171875,-0.01171875,0.0,0.0,0.0
1039063311,830476,0,1.005859375,-0.025390625,0.01171875,-0.013671875,0.0,0.0,0.0
1039064563,830477,0,1.001953125,-0.025390625,0.015625,-0.009765625,0.0,0.0,0.0
1039065813,830478,0,1.005859375,-0.029296875,0.017578125,-0.01171875,0.0,0.0,0.0
1039067065,830479,0,1.00390625,-0.03515625,0.015625,-0.01953125,0.0,0.0,0.0
1039068316,830480,0,1.005859375,-0.037109375,0.013671875,-0.0234375,0.0,0.0,0.0
1039069566,830481,0,1.001953125,-0.03515625,0.01171875,-0.0234375,0.0,0.0,0.0
1039070817,830482,0,1.001953125,-0.0390625,0.01171875,-0.02734375,0.0,0.0,0.0
1039072067,830483,0,1.00390625,-0.046875,0.00390625,-0.04296875,0.0,0.0,0.0
1039073317,830484,0,1.00390625,-0.04296875,0.00390625,-0.0390625,0.0,0.0,0.0
1039074567,830485,0,1.001953125,-0.04296875,0.017578125,-0.025390625,0.0,0.0,0.0
1039075818,830486,0,1.013671875,-0.044921875,0.009765625,-0.03515625,0.0,0.0,0.0
1039077070,830487,0,1.001953125,-0.048828125,0.015625,-0.033203125,0.0,0.0,0.0
1039078321,830488,0,1.0078125,-0.056640625,0.01171875,-0.044921875,0.0,0.0,0.0
1039079571,830489,0,1.001953125,-0.05078125,0.01171875,-0.0390625,0.0,0.0,0.0
1039080821,830490,0,1.00390625,-0.048828125,0.009765625,-0.0390625,0.0,0.0,0.0
1039082071,830491,0,1.0,-0.052734375,0.01171875,-0.041015625,0.0,0.0,0.0
1039083322,830492,0,1.0,-0.05078125,0.013671875,-0.037109375,0.0,0.0,0.0
1039084572,830493,0,0.99609375,-0.05078125,0.013671875,-0.037109375,0.0,0.0,0.0
1039085823,830494,0,1.0078125,-0.05078125,0.013671875,-0.037109375,0.0,0.0,0.0
1039087075,830495,0,1.00390625,-0.046875,0.009765625,-0.037109375,0.0,0.0,0.0
1039088326,830496,0,1.0078125,-0.04296875,0.015625,-0.02734375,0.0,0.0,0.0
1039089577,830497,0,1.009765625,-0.037109375,0.01953125,-0.017578125,0.0,0.0,0.0
1039090829,830498,0,1.001953125,-0.044921875,0.021484375,-0.0234375,0.0,0.0,0.0
1039092079,830499,0,1.005859375,-0.037109375,0.017578125,-0.01953125,0.0,0.0,0.0
1039093329,830500,0,1.00390625,-0.03515625,0.013671875,-0.021484375,0.0,0.0,0.0
1039094580,830501,0,1.001953125,-0.037109375,0.017578125,-0.01953125,0.0,0.0,0.0
1039095831,830502,0,1.001953125,-0.033203125,0.01953125,-0.013671875,0.0,0.0,0.0
1039097082,830503,0,1.001953125,-0.03125,0.017578125,-0.013671875,0.0,0.0,0.0
1039098333,830504,0,1.001953125,-0.0234375,0.015625,-0.0078125,0.0,0.0,0.0
1039099584,830505,0,1.00390625,-0.029296875,0.021484375,-0.0078125,0.0,0.0,0.0
1039100835,830506,0,0.99609375,-0.025390625,0.025390625,0.0,0.0,0.0,0.0
1039102087,830507,0,0.99609375,-0.01953125,0.029296875,0.009765625,0.0,0.0,0.0
1039103338,830508,0,0.99609375,-0.017578125,0.021484375,0.00390625,0.0,0.0,0.0
1039104590,830509,0,1.001953125,-0.013671875,0.013671875,0.0,0.0,0.0,0.0
1039105841,830510,0,1.0078125,-0.009765625,0.02734375,0.017578125,0.0,0.0,0.0
1039107092,830511,0,1.0,-0.005859375,0.021484375,0.015625,0.0,0.0,0.0
1039108343,830512,0,0.998046875,-0.005859375,0.021484375,0.015625,0.0,0.0,0.0
1039109595,830513,0,1.0078125,-0.001953125,0.025390625,0.0234375,0.0,0.0,0.0
1039110845,830514,0,1.001953125,-0.00390625,0.025390625,0.021484375,0.0,0.0,0.0
1039112097,830515,0,1.005859375,-0.001953125,0.021484375,0.01953125,0.0,0.0,0.0
1039113348,830516,0,1.00390625,0.001953125,0.025390625,0.02734375,0.0,0.0,0.0
1039114600,830517,0,1.005859375,-0.001953125,0.01953125,0.017578125,0.0,0.0,0.0
1039115850,830518,0,1.001953125,-0.001953125,0.021484375,0.01953125,0.0,0.0,0.0
1039117101,830519,0,1.0,0.001953125,0.021484375,0.0234375,0.0,0.0,0.0
1039118351,830520,0,1.00390625,-0.001953125,0.021484375,0.01953125,0.0,0.0,0.0
1039119602,830521,0,1.005859375,-0.001953125,0.02734375,0.025390625,0.0,0.0,0.0
1039120853,830522,0,1.00390625,-0.001953125,0.015625,0.013671875,0.0,0.0,0.0
1039122104,830523,0,1.005859375,-0.00390625,0.021484375,0.017578125,0.0,0.0,0.0
1039123355,830524,0,1.001953125,-0.001953125,0.02734375,0.025390625,0.0,0.0,0.0
1039124606,830525,0,1.0,-0.01171875,0.017578125,0.005859375,0.0,0.0,0.0
1039125857,830526,0,1.00390625,-0.01171875,0.013671875,0.001953125,0.0,0.0,0.0
1039127109,830527,0,1.005859375,-0.009765625,0.013671875,0.00390625,0.0,0.0,0.0
1039128360,830528,0,1.0078125,-0.017578125,0.01953125,0.001953125,0.0,0.0,0.0
1039129610,830529,0,0.994140625,-0.015625,0.025390625,0.009765625,0.0,0.0,0.0
1039130861,830530,0,1.0,-0.015625,0.009765625,-0.005859375,0.0,0.0,0.0
1039132112,830531,0,1.01171875,-0.01953125,0.017578125,-0.001953125,0.0,0.0,0.0
1039133362,830532,0,1.001953125,-0.0234375,0.015625,-0.0078125,0.0,0.0,0.0
1039134613,830533,0,1.001953125,-0.025390625,0.021484375,-0.00390625,0.0,0.0,0.0
1039135863,830534,0,1.005859375,-0.03125,0.0078125,-0.0234375,0.0,0.0,0.0
1039137115,830535,0,1.001953125,-0.03515625,0.013671875,-0.021484375,0.0,0.0,0.0
1039138366,830536,0,1.005859375,-0.03515625,0.013671875,-0.021484375,0.0,0.0,0.0
1039139616,830537,0,1.005859375,-0.037109375,0.01171875,-0.025390625,0.0,0.0,0.0
1039140867,830538,0,1.0,-0.0390625,0.009765625,-0.029296875,0.0,0.0,0.0
1039142117,830539,0,1.00390625,-0.0390625,0.013671875,-0.025390625,0.0,0.0,0.0
1039143367,830540,0,1.005859375,-0.046875,0.013671875,-0.033203125,0.0,0.0,0.0
1039144618,830541,0,1.001953125,-0.046875,0.01171875,-0.03515625,0.0,0.0,0.0
1039145868,830542,0,1.005859375,-0.05078125,0.01171875,-0.0390625,0.0,0.0,0.0
1039147120,830543,0,1.001953125,-0.05078125,0.005859375,-0.044921875,0.0,0.0,0.0
1039148371,830544,0,1.00390625,-0.048828125,0.005859375,-0.04296875,0.0,0.0,0.0
1039149621,830545,0,1.0078125,-0.05078125,0.01171875,-0.0390625,0.0,0.0,0.0
1039150873,830546,0,1.001953125,-0.052734375,0.013671875,-0.0390625,0.0,0.0,0.0
1039152123,830547,0,1.00390625,-0.0546875,0.009765625,-0.044921875,0.0,0.0,0.0
1039153373,830548,0,0.998046875,-0.044921875,0.017578125,-0.02734375,0.0,0.0,0.0
1039154623,830549,0,1.0078125,-0.05078125,0.0078125,-0.04296875,0.0,0.0,0.0
1039155873,830550,0,1.005859375,-0.048828125,0.00390625,-0.044921875,0.0,0.0,0.0
1039157125,830551,0,0.99609375,-0.048828125,0.013671875,-0.03515625,0.0,0.0,0.0
1039158376,830552,0,1.015625,-0.046875,0.013671875,-0.033203125,0.0,0.0,0.0
1039159626,830553,0,1.0078125,-0.04296875,0.015625,-0.02734375,0.0,0.0,0.0
1039160877,830554,0,0.998046875,-0.041015625,0.017578125,-0.0234375,0.0,0.0,0.0
1039162128,830555,0,1.0,-0.037109375,0.005859375,-0.03125,0.0,0.0,0.0
1039163378,830556,0,1.0078125,-0.03515625,0.01171875,-0.0234375,0.0,0.0,0.0
1039164629,830557,0,0.998046875,-0.03515625,0.01171875,-0.0234375,0.0,0.0,0.0
1039165880,830558,0,1.005859375,-0.033203125,0.013671875,-0.01953125,0.0,0.0,0.0
1039167131,830559,0,1.00390625,-0.029296875,0.01171875,-0.017578125,0.0,0.0,0.0
1039168382,830560,0,1.001953125,-0.0234375,0.01953125,-0.00390625,0.0,0.0,0.0
1039169632,830561,0,1.005859375,-0.01953125,0.021484375,0.001953125,0.0,0.0,0.0
1039170883,830562,0,0.998046875,-0.025390625,0.01953125,-0.005859375,0.0,0.0,0.0
1039172134,830563,0,1.00390625,-0.017578125,0.017578125,0.0,0.0,0.0,0.0
1039173384,830564,0,1.00390625,-0.013671875,0.021484375,0.0078125,0.0,0.0,0.0
1039174636,830565,0,1.0078125,-0.01171875,0.015625,0.00390625,0.0,0.0,0.0
1039175886,830566,0,1.00390625,-0.009765625,0.013671875,0.00390625,0.0,0.0,0.0
1039177137,830567,0,1.01171875,-0.009765625,0.017578125,0.0078125,0.0,0.0,0.0
1039178388,830568,0,1.00390625,-0.0078125,0.015625,0.0078125,0.0,0.0,0.0
1039179639,830569,0,1.0078125,-0.005859375,0.021484375,0.015625,0.0,0.0,0.0
1039180889,830570,0,0.998046875,-0.001953125,0.015625,0.013671875,0.0,0.0,0.0
1039182140,830571,0,1.005859375,-0.005859375,0.021484375,0.015625,0.0,0.0,0.0
1039183392,830572,0,1.0078125,-0.005859375,0.021484375,0.015625,0.0,0.0,0.0
1039184642,830573,0,1.00390625,0.0,0.025390625,0.025390625,0.0,0.0,0.0
1039185894,830574,0,1.005859375,0.0,0.0234375,0.0234375,0.0,0.0,0.0
1039187145,830575,0,1.00390625,0.00390625,0.0234375,0.02734375,0.0,0.0,0.0
1039188396,830576,0,1.00390625,-0.001953125,0.01953125,0.017578125,0.0,0.0,0.0
1039189648,830577,0,1.0,-0.00390625,0.0234375,0.01953125,0.0,0.0,0.0
1039190899,830578,0,1.001953125,-0.00390625,0.017578125,0.013671875,0.0,0.0,0.0
1039192150,830579,0,1.00390625,-0.001953125,0.01953125,0.017578125,0.0,0.0,0.0
1039193400,830580,0,1.00390625,-0.0078125,0.01953125,0.01171875,0.0,0.0,0.0
1039194651,830581,0,1.005859375,-0.005859375,0.01953125,0.013671875,0.0,0.0,0.0
1039195902,830582,0,1.005859375,-0.01171875,0.021484375,0.009765625,0.0,0.0,0.0
1039197152,830583,0,1.005859375,-0.01171875,0.021484375,0.009765625,0.0,0.0,0.0
1039198402,830584,0,1.005859375,-0.017578125,0.01953125,0.001953125,0.0,0.0,0.0
1039199654,830585,0,1.0078125,-0.017578125,0.015625,-0.001953125,0.0,0.0,0.0
1039200904,830586,0,1.001953125,-0.017578125,0.015625,-0.001953125,0.0,0.0,0.0
1039202154,830587,0,1.001953125,-0.01953125,0.01953125,0.0,0.0,0.0,0.0
1039203405,830588,0,1.009765625,-0.025390625,0.013671875,-0.01171875,0.0,0.0,0.0
1039204655,830589,0,1.0,-0.0234375,0.013671875,-0.009765625,0.0,0.0,0.0
1039205906,830590,0,1.005859375,-0.03125,0.015625,-0.015625,0.0,0.0,0.0
1039207157,830591,0,1.013671875,-0.03125,0.01171875,-0.01953125,0.0,0.0,0.0
1039208408,830592,0,1.005859375,-0.037109375,0.015625,-0.021484375,0.0,0.0,0.0
1039209659,830593,0,1.0078125,-0.03515625,0.009765625,-0.025390625,0.0,0.0,0.0
1039210911,830594,0,1.0078125,-0.046875,0.0,-0.046875,0.0,0.0,0.0
1039212162,830595,0,1.001953125,-0.04296875,0.01171875,-0.03125,0.0,0.0,0.0
1039213414,830596,0,1.00390625,-0.041015625,0.009765625,-0.03125,0.0,0.0,0.0
1039214664,830597,0,1.0,-0.048828125,0.013671875,-0.03515625,0.0,0.0,0.0
1039215916,830598,0,1.005859375,-0.04296875,0.01171875,-0.03125,0.0,0.0,0.0
1039217167,830599,0,1.001953125,-0.052734375,0.015625,-0.037109375,0.0,0.0,0.0
1039218417,830600,0,1.001953125,-0.046875,0.0078125,-0.0390625,0.0,0.0,0.0
1039219668,830601,0,1.00390625,-0.046875,0.015625,-0.03125,0.0,0.0,0.0
1039220919,830602,0,0.998046875,-0.044921875,0.01953125,-0.025390625,0.0,0.0,0.0
1039222170,830603,0,1.0,-0.05078125,0.013671875,-0.037109375,0.0,0.0,0.0
1039223421,830604,0,1.001953125,-0.0390625,0.015625,-0.0234375,0.0,0.0,0.0
1039224672,830605,0,1.00390625,-0.04296875,0.015625,-0.02734375,0.0,0.0,0.0
1039225922,830606,0,0.998046875,-0.041015625,0.01953125,-0.021484375,0.0,0.0,0.0
1039227173,830607,0,0.998046875,-0.037109375,0.013671875,-0.0234375,0.0,0.0,0.0
1039228425,830608,0,1.0,-0.037109375,0.01171875,-0.025390625,0.0,0.0,0.0
1039229675,830609,0,1.00390625,-0.037109375,0.017578125,-0.01953125,0.0,0.0,0.0
1039230927,830610,0,1.0078125,-0.03515625,0.013671875,-0.021484375,0.0,0.0,0.0
1039232177,830611,0,1.00390625,-0.037109375,0.013671875,-0.0234375,0.0,0.0,0.0
1039233429,830612,0,1.0078125,-0.03515625,0.0078125,-0.02734375,0.0,0.0,0.0
1039234680,830613,0,1.0078125,-0.029296875,0.0078125,-0.021484375,0.0,0.0,0.0
1039235930,830614,0,1.001953125,-0.029296875,0.01953125,-0.009765625,0.0,0.0,0.0
1039237180,830615,0,1.015625,-0.021484375,0.015625,-0.005859375,0.0,0.0,0.0
1039238431,830616,0,1.0078125,-0.021484375,0.0234375,0.001953125,0.0,0.0,0.0
1039239682,830617,0,1.005859375,-0.015625,0.017578125,0.001953125,0.0,0.0,0.0
1039240933,830618,0,1.001953125,-0.01953125,0.015625,-0.00390625,0.0,0.0,0.0
1039242184,830619,0,1.0,-0.015625,0.025390625,0.009765625,0.0,0.0,0.0
1039243434,830620,0,0.998046875,-0.01171875,0.01953125,0.0078125,0.0,0.0,0.0
1039244685,830621,0,1.005859375,-0.00390625,0.01953125,0.015625,0.0,0.0,0.0
1039245936,830622,0,1.001953125,-0.013671875,0.01953125,0.005859375,0.0,0.0,0.0
1039247188,830623,0,1.001953125,-0.005859375,0.0234375,0.017578125,0.0,0.0,0.0
1039248439,830624,0,1.001953125,-0.005859375,0.025390625,0.01953125,0.0,0.0,0.0
1039249690,830625,0,1.0,-0.009765625,0.021484375,0.01171875,0.0,0.0,0.0
1039250941,830626,0,0.998046875,-0.005859375,0.021484375,0.015625,0.0,0.0,0.0
1039252192,830627,0,1.00390625,0.0,0.01953125,0.01953125,0.0,0.0,0.0
1039253443,830628,0,1.0078125,-0.001953125,0.01953125,0.017578125,0.0,0.0,0.0
1039254695,830629,0,1.00390625,-0.005859375,0.01953125,0.013671875,0.0,0.0,0.0
1039255945,830630,0,1.0078125,-0.0078125,0.025390625,0.017578125,0.0,0.0,0.0
1039257195,830631,0,1.005859375,-0.00390625,0.0234375,0.01953125,0.0,0.0,0.0
1039258447,830632,0,1.001953125,-0.00390625,0.017578125,0.013671875,0.0,0.0,0.0
1039259697,830633,0,1.005859375,-0.00390625,0.01953125,0.015625,0.0,0.0,0.0
1039260949,830634,0,1.017578125,-0.0078125,0.009765625,0.001953125,0.0,0.0,0.0
1039262200,830635,0,1.001953125,-0.0078125,0.0234375,0.015625,0.0,0.0,0.0
1039263452,830636,0,1.00390625,-0.01171875,0.015625,0.00390625,0.0,0.0,0.0
1039264702,830637,0,1.005859375,-0.01171875,0.0234375,0.01171875,0.0,0.0,0.0
1039265954,830638,0,1.0,-0.013671875,0.009765625,-0.00390625,0.0,0.0,0.0
1039267205,830639,0,1.00390625,-0.021484375,0.015625,-0.005859375,0.0,0.0,0.0
1039268456,830640,0,1.005859375,-0.021484375,0.017578125,-0.00390625,0.0,0.0,0.0
1039269708,830641,0,1.00390625,-0.021484375,0.017578125,-0.00390625,0.0,0.0,0.0
1039270958,830642,0,1.0078125,-0.02734375,0.021484375,-0.005859375,0.0,0.0,0.0
1039272209,830643,0,1.0,-0.029296875,0.015625,-0.013671875,0.0,0.0,0.0
1039273459,830644,0,1.001953125,-0.033203125,0.009765625,-0.0234375,0.0,0.0,0.0
1039274710,830645,0,1.0078125,-0.0390625,0.009765625,-0.029296875,0.0,0.0,0.0
1039275961,830646,0,1.0078125,-0.033203125,0.01171875,-0.021484375,0.0,0.0,0.0
1039277212,830647,0,1.009765625,-0.041015625,0.015625,-0.025390625,0.0,0.0,0.0
1039278462,830648,0,1.0,-0.04296875,0.009765625,-0.033203125,0.0,0.0,0.0
1039279713,830649,0,1.0,-0.044921875,0.009765625,-0.03515625,0.0,0.0,0.0
1039280965,830650,0,0.998046875,-0.041015625,0.01171875,-0.029296875,0.0,0.0,0.0
1039282216,830651,0,1.005859375,-0.044921875,0.009765625,-0.03515625,0.0,0.0,0.0
1039283468,830652,0,1.005859375,-0.046875,0.01953125,-0.02734375,0.0,0.0,0.0
1039284719,830653,0,1.005859375,-0.044921875,0.017578125,-0.02734375,0.0,0.0,0.0
1039285969,830654,0,1.0,-0.046875,0.015625,-0.03125,0.0,0.0,0.0
1039287221,830655,0,0.998046875,-0.0546875,0.021484375,-0.033203125,0.0,0.0,0.0
1039288471,830656,0,1.00390625,-0.0546875,0.00390625,-0.05078125,0.0,0.0,0.0
1039289721,830657,0,1.00390625,-0.05078125,0.009765625,-0.041015625,0.0,0.0,0.0
1039290972,830658,0,0.99609375,-0.04296875,0.0,-0.04296875,0.0,0.0,0.0
1039292224,830659,0,0.998046875,-0.046875,0.0078125,-0.0390625,0.0,0.0,0.0
1039293474,830660,0,1.00390625,-0.0390625,0.013671875,-0.025390625,0.0,0.0,0.0
1039294724,830661,0,1.005859375,-0.044921875,0.01171875,-0.033203125,0.0,0.0,0.0
1039295976,830662,0,1.005859375,-0.041015625,0.015625,-0.025390625,0.0,0.0,0.0
1039297226,830663,0,1.00390625,-0.041015625,0.013671875,-0.02734375,0.0,0.0,0.0
1039298476,830664,0,1.005859375,-0.041015625,0.015625,-0.025390625,0.0,0.0,0.0
1039299728,830665,0,1.0078125,-0.03515625,0.015625,-0.01953125,0.0,0.0,0.0
1039300978,830666,0,1.001953125,-0.03515625,0.017578125,-0.017578125,0.0,0.0,0.0
1039302230,830667,0,1.0,-0.033203125,0.021484375,-0.01171875,0.0,0.0,0.0
1039303481,830668,0,1.0078125,-0.029296875,0.01953125,-0.009765625,0.0,0.0,0.0
1039304732,830669,0,1.0078125,-0.02734375,0.01953125,-0.0078125,0.0,0.0,0.0
1039305983,830670,0,1.00390625,-0.021484375,0.01953125,-0.001953125,0.0,0.0,0.0
1039307235,830671,0,0.99609375,-0.021484375,0.01953125,-0.001953125,0.0,0.0,0.0
1039308485,830672,0,1.0078125,-0.013671875,0.015625,0.001953125,0.0,0.0,0.0
1039309736,830673,0,1.005859375,-0.017578125,0.0234375,0.005859375,0.0,0.0,0.0
1039310987,830674,0,1.005859375,-0.01953125,0.0234375,0.00390625,0.0,0.0,0.0
1039312237,830675,0,1.01171875,-0.01953125,0.009765625,-0.009765625,0.0,0.0,0.0
1039313488,830676,0,1.013671875,-0.00390625,0.013671875,0.009765625,0.0,0.0,0.0
1039314738,830677,0,1.0078125,-0.005859375,0.015625,0.009765625,0.0,0.0,0.0
1039315989,830678,0,1.009765625,-0.00390625,0.01953125,0.015625,0.0,0.0,0.0
1039317239,830679,0,1.001953125,-0.001953125,0.017578125,0.015625,0.0,0.0,0.0
1039318490,830680,0,1.00390625,0.005859375,-0.05078125,-0.044921875,0.0,0.0,0.0
1039319741,830681,0,1.005859375,0.00390625,0.017578125,0.021484375,0.0,0.0,0.0
1039320991,830682,0,1.009765625,0.001953125,0.013671875,0.015625,0.0,0.0,0.0
1039322242,830683,0,1.001953125,0.0,0.017578125,0.017578125,0.0,0.0,0.0
1039323493,830684,0,1.009765625,-0.001953125,0.015625,0.013671875,0.0,0.0,0.0
1039324745,830685,0,1.0,0.001953125,0.015625,0.017578125,0.0,0.0,0.0
1039325995,830686,0,1.005859375,-0.00390625,0.01953125,0.015625,0.0,0.0,0.0
1039327247,830687,0,1.00390625,0.0,0.015625,0.015625,0.0,0.0,0.0
1039328498,830688,0,1.001953125,-0.001953125,0.01953125,0.017578125,0.0,0.0,0.0
1039329749,830689,0,1.001953125,-0.00390625,0.01171875,0.0078125,0.0,0.0,0.0
1039331000,830690,0,1.005859375,-0.0078125,0.015625,0.0078125,0.0,0.0,0.0
1039332250,830691,0,1.001953125,-0.009765625,0.015625,0.005859375,0.0,0.0,0.0
1039333501,830692,0,1.001953125,-0.009765625,0.013671875,0.00390625,0.0,0.0,0.0
1039334752,830693,0,1.005859375,-0.015625,0.017578125,0.001953125,0.0,0.0,0.0
1039336003,830694,0,1.0078125,-0.015625,0.017578125,0.001953125,0.0,0.0,0.0
1039337254,830695,0,1.005859375,-0.015625,0.01953125,0.00390625,0.0,0.0,0.0
1039338504,830696,0,1.001953125,-0.021484375,0.013671875,-0.0078125,0.0,0.0,0.0
1039339755,830697,0,1.001953125,-0.021484375,0.009765625,-0.01171875,0.0,0.0,0.0
1039341006,830698,0,1.001953125,-0.025390625,0.021484375,-0.00390625,0.0,0.0,0.0
1039342257,830699,0,1.0078125,-0.03125,0.01171875,-0.01953125,0.0,0.0,0.0
1039343508,830700,0,1.00390625,-0.033203125,0.009765625,-0.0234375,0.0,0.0,0.0
1039344760,830701,0,1.0,-0.037109375,0.0078125,-0.029296875,0.0,0.0,0.0
1039346010,830702,0,0.998046875,-0.033203125,0.017578125,-0.015625,0.0,0.0,0.0
1039347261,830703,0,1.005859375,-0.041015625,0.015625,-0.025390625,0.0,0.0,0.0
1039348513,830704,0,1.001953125,-0.04296875,0.013671875,-0.029296875,0.0,0.0,0.0
1039349763,830705,0,1.009765625,-0.044921875,0.015625,-0.029296875,0.0,0.0,0.0
1039351014,830706,0,1.0078125,-0.044921875,0.005859375,-0.0390625,0.0,0.0,0.0
1039352271,830707,0,1.00390625,-0.046875,0.0078125,-0.0390625,0.0,0.0,0.0
1039353522,830708,0,1.0,-0.044921875,0.009765625,-0.03515625,0.0,0.0,0.0
1039354774,830709,0,1.00390625,-0.05078125,0.01171875,-0.0390625,0.0,0.0,0.0
1039356024,830710,0,1.005859375,-0.052734375,0.009765625,-0.04296875,0.0,0.0,0.0
1039357275,830711,0,1.00390625,-0.048828125,0.009765625,-0.0390625,0.0,0.0,0.0
1039358527,830712,0,1.005859375,-0.044921875,0.009765625,-0.03515625,0.0,0.0,0.0
1039359778,830713,0,0.998046875,-0.05078125,0.01171875,-0.0390625,0.0,0.0,0.0
1039361028,830714,0,1.005859375,-0.048828125,0.009765625,-0.0390625,0.0,0.0,0.0
1039362278,830715,0,1.0078125,-0.05078125,0.01171875,-0.0390625,0.0,0.0,0.0
1039363528,830716,0,1.0,-0.052734375,0.013671875,-0.0390625,0.0,0.0,0.0
1039364780,830717,0,1.001953125,-0.046875,0.015625,-0.03125,0.0,0.0,0.0
1039366031,830718,0,1.009765625,-0.05078125,0.017578125,-0.033203125,0.0,0.0,0.0
1039367282,830719,0,1.00390625,-0.046875,0.0078125,-0.0390625,0.0,0.0,0.0
1039368533,830720,0,0.9921875,-0.03515625,0.01953125,-0.015625,0.0,0.0,0.0
1039369784,830721,0,1.0,-0.0390625,0.01171875,-0.02734375,0.0,0.0,0.0
1039371034,830722,0,1.005859375,-0.04296875,0.017578125,-0.025390625,0.0,0.0,0.0
1039372284,830723,0,1.0,-0.033203125,0.01171875,-0.021484375,0.0,0.0,0.0
1039373536,830724,0,0.998046875,-0.029296875,0.021484375,-0.0078125,0.0,0.0,0.0
1039374787,830725,0,1.00390625,-0.029296875,0.017578125,-0.01171875,0.0,0.0,0.0
1039376038,830726,0,1.0,-0.025390625,0.01953125,-0.005859375,0.0,0.0,0.0
1039377288,830727,0,1.001953125,-0.01953125,0.025390625,0.005859375,0.0,0.0,0.0
1039378539,830728,0,1.001953125,-0.01953125,0.021484375,0.001953125,0.0,0.0,0.0
1039379790,830729,0,1.009765625,-0.015625,0.015625,0.0,0.0,0.0,0.0
1039381040,830730,0,1.001953125,-0.013671875,0.0234375,0.009765625,0.0,0.0,0.0
1039382290,830731,0,1.009765625,-0.013671875,0.017578125,0.00390625,0.0,0.0,0.0
1039383542,830732,0,1.0078125,-0.01171875,0.01953125,0.0078125,0.0,0.0,0.0
1039384793,830733,0,1.0078125,-0.009765625,0.025390625,0.015625,0.0,0.0,0.0
1039386044,830734,0,1.00390625,-0.00390625,0.01953125,0.015625,0.0,0.0,0.0
1039387295,830735,0,1.005859375,-0.005859375,0.025390625,0.01953125,0.0,0.0,0.0
1039388546,830736,0,1.00390625,-0.00390625,0.01953125,0.015625,0.0,0.0,0.0
1039389796,830737,0,1.005859375,-0.001953125,0.0234375,0.021484375,0.0,0.0,0.0
1039391048,830738,0,1.00390625,0.001953125,0.025390625,0.02734375,0.0,0.0,0.0
1039392299,830739,0,1.00390625,-0.00390625,0.01953125,0.015625,0.0,0.0,0.0
1039393549,830740,0,1.0078125,-0.009765625,0.013671875,0.00390625,0.0,0.0,0.0
1039394801,830741,0,1.009765625,-0.00390625,0.01953125,0.015625,0.0,0.0,0.0
1039396051,830742,0,1.00390625,-0.001953125,0.021484375,0.01953125,0.0,0.0,0.0
1039397301,830743,0,1.009765625,-0.001953125,0.017578125,0.015625,0.0,0.0,0.0
1039398552,830744,0,1.00390625,0.0,0.01953125,0.01953125,0.0,0.0,0.0
1039399803,830745,0,1.001953125,-0.0078125,0.02734375,0.01953125,0.0,0.0,0.0
1039401054,830746,0,1.0,-0.01171875,0.025390625,0.013671875,0.0,0.0,0.0
1039402305,830747,0,1.005859375,-0.009765625,0.01953125,0.009765625,0.0,0.0,0.0
1039403556,830748,0,0.998046875,-0.01171875,0.01953125,0.0078125,0.0,0.0,0.0
1039404807,830749,0,1.005859375,-0.017578125,0.017578125,0.0,0.0,0.0,0.0
1039406059,830750,0,1.00390625,-0.01953125,0.013671875,-0.005859375,0.0,0.0,0.0
1039407310,830751,0,1.0078125,-0.017578125,0.017578125,0.0,0.0,0.0,0.0
1039408560,830752,0,1.001953125,-0.021484375,0.01171875,-0.009765625,0.0,0.0,0.0
1039409810,830753,0,1.0,-0.025390625,0.01953125,-0.005859375,0.0,0.0,0.0
1039411061,830754,0,1.005859375,-0.025390625,0.01171875,-0.013671875,0.0,0.0,0.0
1039412311,830755,0,0.998046875,-0.033203125,0.013671875,-0.01953125,0.0,0.0,0.0
1039413563,830756,0,1.0,-0.03125,0.01171875,-0.01953125,0.0,0.0,0.0
1039414813,830757,0,1.0,-0.037109375,0.017578125,-0.01953125,0.0,0.0,0.0
1039416065,830758,0,1.00390625,-0.03515625,0.013671875,-0.021484375,0.0,0.0,0.0
1039417316,830759,0,1.005859375,-0.03515625,0.017578125,-0.017578125,0.0,0.0,0.0
1039418566,830760,0,1.0078125,-0.03515625,0.017578125,-0.017578125,0.0,0.0,0.0
1039419817,830761,0,0.998046875,-0.0390625,0.013671875,-0.025390625,0.0,0.0,0.0
1039421067,830762,0,1.0078125,-0.0390625,0.01953125,-0.01953125,0.0,0.0,0.0
1039422317,830763,0,0.994140625,-0.044921875,0.01171875,-0.033203125,0.0,0.0,0.0
1039423567,830764,0,1.0078125,-0.04296875,0.013671875,-0.029296875,0.0,0.0,0.0
1039424818,830765,0,1.00390625,-0.044921875,0.015625,-0.029296875,0.0,0.0,0.0
1039426070,830766,0,1.0078125,-0.046875,0.009765625,-0.037109375,0.0,0.0,0.0
1039427321,830767,0,1.001953125,-0.0390625,0.013671875,-0.025390625,0.0,0.0,0.0
1039428571,830768,0,0.998046875,-0.044921875,0.009765625,-0.03515625,0.0,0.0,0.0
1039429821,830769,0,1.001953125,-0.04296875,0.021484375,-0.021484375,0.0,0.0,0.0
1039431071,830770,0,1.005859375,-0.037109375,0.015625,-0.021484375,0.0,0.0,0.0
1039432322,830771,0,1.009765625,-0.041015625,0.015625,-0.025390625,0.0,0.0,0.0
1039433572,830772,0,1.001953125,-0.037109375,0.005859375,-0.03125,0.0,0.0,0.0
1039434823,830773,0,1.00390625,-0.037109375,0.0078125,-0.029296875,0.0,0.0,0.0
1039436075,830774,0,1.005859375,-0.037109375,0.01171875,-0.025390625,0.0,0.0,0.0
1039437326,830775,0,1.005859375,-0.033203125,0.013671875,-0.01953125,0.0,0.0,0.0
1039438577,830776,0,1.001953125,-0.02734375,0.0078125,-0.01953125,0.0,0.0,0.0
1039439829,830777,0,1.005859375,-0.02734375,0.015625,-0.01171875,0.0,0.0,0.0
1039441079,830778,0,1.009765625,-0.025390625,0.013671875,-0.01171875,0.0,0.0,0.0
1039442329,830779,0,1.0,-0.02734375,0.01171875,-0.015625,0.0,0.0,0.0
1039443580,830780,0,1.0078125,-0.0234375,0.02734375,0.00390625,0.0,0.0,0.0
1039444831,830781,0,1.013671875,-0.021484375,0.005859375,-0.015625,0.0,0.0,0.0
1039446082,830782,0,1.0,-0.017578125,0.015625,-0.001953125,0.0,0.0,0.0
1039447333,830783,0,1.00390625,-0.015625,0.017578125,0.001953125,0.0,0.0,0.0
1039448584,830784,0,1.005859375,-0.017578125,0.00390625,-0.013671875,0.0,0.0,0.0
1039449835,830785,0,1.005859375,-0.009765625,0.02734375,0.017578125,0.0,0.0,0.0
1039451087,830786,0,1.00390625,-0.009765625,0.021484375,0.01171875,0.0,0.0,0.0
1039452338,830787,0,1.0078125,-0.01171875,0.017578125,0.005859375,0.0,0.0,0.0
1039453590,830788,0,1.0078125,-0.013671875,0.017578125,0.00390625,0.0,0.0,0.0
1039454841,830789,0,1.001953125,-0.0078125,0.017578125,0.009765625,0.0,0.0,0.0
1039456092,830790,0,1.001953125,-0.009765625,0.015625,0.005859375,0.0,0.0,0.0
1039457343,830791,0,1.005859375,-0.00390625,0.015625,0.01171875,0.0,0.0,0.0
1039458595,830792,0,0.998046875,-0.01171875,0.013671875,0.001953125,0.0,0.0,0.0
1039459845,830793,0,0.998046875,-0.0078125,0.0234375,0.015625,0.0,0.0,0.0
1039461097,830794,0,1.009765625,-0.0078125,0.01953125,0.01171875,0.0,0.0,0.0
1039462348,830795,0,1.0,-0.009765625,0.01953125,0.009765625,0.0,0.0,0.0
1039463600,830796,0,1.001953125,-0.009765625,0.02734375,0.017578125,0.0,0.0,0.0
1039464850,830797,0,1.005859375,-0.0078125,0.015625,0.0078125,0.0,0.0,0.0
1039466101,830798,0,1.00390625,-0.015625,0.021484375,0.005859375,0.0,0.0,0.0
1039467351,830799,0,1.00390625,-0.015625,0.0234375,0.0078125,0.0,0.0,0.0
1039468602,830800,0,1.0078125,-0.01171875,0.0234375,0.01171875,0.0,0.0,0.0
1039469853,830801,0,1.009765625,-0.015625,0.01953125,0.00390625,0.0,0.0,0.0
1039471104,830802,0,1.00390625,-0.01953125,0.01953125,0.0,0.0,0.0,0.0
