t_us,frame_id,sensor_id,accX,accY,accZ,acc_sum_YZ,magX,magY,magZ
1087006414,868803,0,1.0078125,-0.02734375,0.01953125,-0.0078125,0.0,0.0,0.0
1087007664,868804,0,1.00390625,-0.025390625,0.01953125,-0.005859375,0.0,0.0,0.0
1087008914,868805,0,1.005859375,-0.03125,0.021484375,-0.009765625,0.0,0.0,0.0
1087010165,868806,0,1.001953125,-0.029296875,0.0234375,-0.005859375,0.0,0.0,0.0
1087011416,868807,0,1.001953125,-0.0234375,0.021484375,-0.001953125,0.0,0.0,0.0
1087012666,868808,0,1.00390625,-0.029296875,0.029296875,0.0,0.0,0.0,0.0
1087013918,868809,0,0.998046875,-0.025390625,0.025390625,0.0,0.0,0.0,0.0
1087015169,868810,0,1.005859375,-0.029296875,0.021484375,-0.0078125,0.0,0.0,0.0
1087016420,868811,0,1.0078125,-0.03125,0.021484375,-0.009765625,0.0,0.0,0.0
1087017670,868812,0,1.0,-0.029296875,0.029296875,0.0,0.0,0.0,0.0
1087018922,868813,0,1.0,-0.02734375,0.021484375,-0.005859375,0.0,0.0,0.0
1087020172,868814,0,1.00390625,-0.029296875,0.0234375,-0.005859375,0.0,0.0,0.0
1087021422,868815,0,1.001953125,-0.029296875,0.021484375,-0.0078125,0.0,0.0,0.0
1087022673,868816,0,1.009765625,-0.029296875,0.025390625,-0.00390625,0.0,0.0,0.0
1087023923,868817,0,1.005859375,-0.025390625,0.0078125,-0.017578125,0.0,0.0,0.0
1087025173,868818,0,1.01171875,-0.03125,0.017578125,-0.013671875,0.0,0.0,0.0
1087026424,868819,0,1.009765625,-0.02734375,0.02734375,0.0,0.0,0.0,0.0
1087027675,868820,0,1.009765625,-0.037109375,0.01953125,-0.017578125,0.0,0.0,0.0
1087028926,868821,0,0.994140625,-0.025390625,0.021484375,-0.00390625,0.0,0.0,0.0
1087030177,868822,0,0.99609375,-0.01953125,0.01953125,0.0,0.0,0.0,0.0
1087031429,868823,0,1.005859375,-0.029296875,0.01953125,-0.009765625,0.0,0.0,0.0
1087032680,868824,0,1.001953125,-0.02734375,0.01953125,-0.0078125,0.0,0.0,0.0
1087033930,868825,0,1.001953125,-0.03125,0.025390625,-0.005859375,0.0,0.0,0.0
1087035180,868826,0,1.0,-0.01953125,0.021484375,0.001953125,0.0,0.0,0.0
1087036431,868827,0,1.00390625,-0.03125,0.0234375,-0.0078125,0.0,0.0,0.0
1087037682,868828,0,1.009765625,-0.03125,0.021484375,-0.009765625,0.0,0.0,0.0
1087038933,868829,0,1.001953125,-0.029296875,0.021484375,-0.0078125,0.0,0.0,0.0
1087040184,868830,0,1.005859375,-0.029296875,0.01953125,-0.009765625,0.0,0.0,0.0
1087041434,868831,0,1.001953125,-0.02734375,0.021484375,-0.005859375,0.0,0.0,0.0
1087042685,868832,0,0.998046875,-0.02734375,0.025390625,-0.001953125,0.0,0.0,0.0
1087043936,868833,0,1.005859375,-0.025390625,0.0234375,-0.001953125,0.0,0.0,0.0
1087045188,868834,0,1.00390625,-0.029296875,0.017578125,-0.01171875,0.0,0.0,0.0
1087046439,868835,0,0.998046875,-0.03125,0.021484375,-0.009765625,0.0,0.0,0.0
1087047690,868836,0,1.001953125,-0.029296875,0.0234375,-0.005859375,0.0,0.0,0.0
1087048941,868837,0,1.005859375,-0.025390625,0.021484375,-0.00390625,0.0,0.0,0.0
1087050192,868838,0,1.0078125,-0.03515625,0.021484375,-0.013671875,0.0,0.0,0.0
1087051443,868839,0,0.998046875,-0.03125,0.021484375,-0.009765625,0.0,0.0,0.0
1087052695,868840,0,1.0,-0.02734375,0.01953125,-0.0078125,0.0,0.0,0.0
1087053945,868841,0,0.998046875,-0.03515625,0.017578125,-0.017578125,0.0,0.0,0.0
1087055195,868842,0,1.001953125,-0.029296875,0.017578125,-0.01171875,0.0,0.0,0.0
1087056447,868843,0,1.005859375,-0.025390625,0.021484375,-0.00390625,0.0,0.0,0.0
1087057697,868844,0,1.00390625,-0.0234375,0.0234375,0.0,0.0,0.0,0.0
1087058949,868845,0,1.0,-0.029296875,0.01953125,-0.009765625,0.0,0.0,0.0
1087060200,868846,0,1.0,-0.02734375,0.0234375,-0.00390625,0.0,0.0,0.0
1087061452,868847,0,1.005859375,-0.03125,0.01953125,-0.01171875,0.0,0.0,0.0
1087062702,868848,0,1.001953125,-0.025390625,0.025390625,0.0,0.0,0.0,0.0
1087063954,868849,0,1.0,-0.029296875,0.0234375,-0.005859375,0.0,0.0,0.0
1087065205,868850,0,1.00390625,-0.02734375,0.021484375,-0.005859375,0.0,0.0,0.0
1087066456,868851,0,0.998046875,-0.0234375,0.0234375,0.0,0.0,0.0,0.0
1087067708,868852,0,1.005859375,-0.02734375,0.021484375,-0.005859375,0.0,0.0,0.0
1087068958,868853,0,1.005859375,-0.03125,0.021484375,-0.009765625,0.0,0.0,0.0
1087070209,868854,0,1.00390625,-0.029296875,0.021484375,-0.0078125,0.0,0.0,0.0
1087071459,868855,0,1.001953125,-0.025390625,0.0234375,-0.001953125,0.0,0.0,0.0
1087072710,868856,0,1.005859375,-0.03125,0.021484375,-0.009765625,0.0,0.0,0.0
1087073961,868857,0,1.0,-0.029296875,0.017578125,-0.01171875,0.0,0.0,0.0
1087075212,868858,0,1.001953125,-0.02734375,0.0234375,-0.00390625,0.0,0.0,0.0
1087076462,868859,0,1.0078125,-0.03515625,0.015625,-0.01953125,0.0,0.0,0.0
1087077713,868860,0,1.00390625,-0.02734375,0.015625,-0.01171875,0.0,0.0,0.0
1087078965,868861,0,1.001953125,-0.02734375,0.021484375,-0.005859375,0.0,0.0,0.0
1087080216,868862,0,1.013671875,-0.033203125,0.0234375,-0.009765625,0.0,0.0,0.0
1087081468,868863,0,0.994140625,-0.0234375,0.01953125,-0.00390625,0.0,0.0,0.0
1087082719,868864,0,1.0,-0.025390625,0.02734375,0.001953125,0.0,0.0,0.0
1087083969,868865,0,0.998046875,-0.03125,0.01953125,-0.01171875,0.0,0.0,0.0
1087085221,868866,0,1.00390625,-0.021484375,0.01953125,-0.001953125,0.0,0.0,0.0
1087086471,868867,0,1.001953125,-0.033203125,0.021484375,-0.01171875,0.0,0.0,0.0
1087087721,868868,0,1.017578125,-0.02734375,0.01953125,-0.0078125,0.0,0.0,0.0
1087088972,868869,0,1.001953125,-0.029296875,0.025390625,-0.00390625,0.0,0.0,0.0
1087090224,868870,0,1.00390625,-0.02734375,0.0234375,-0.00390625,0.0,0.0,0.0
1087091474,868871,0,1.0078125,-0.03125,0.021484375,-0.009765625,0.0,0.0,34.083656311035156
1087093976,868873,0,1.0078125,-0.03125,0.017578125,-0.013671875,0.0,0.0,0.0
1087095226,868874,0,1.0,-0.025390625,0.017578125,-0.0078125,0.0,0.0,0.0
1087096476,868875,0,1.00390625,-0.029296875,0.021484375,-0.0078125,0.0,0.0,0.0
1087097728,868876,0,1.001953125,-0.02734375,0.01953125,-0.0078125,0.0,0.0,0.0
1087098978,868877,0,1.005859375,-0.02734375,0.021484375,-0.005859375,0.0,0.0,0.0
1087100230,868878,0,1.00390625,-0.025390625,0.021484375,-0.00390625,0.0,0.0,0.0
1087101481,868879,0,1.005859375,-0.025390625,0.021484375,-0.00390625,0.0,0.0,0.0
1087102732,868880,0,1.0078125,-0.025390625,0.01953125,-0.005859375,0.0,0.0,0.0
1087103983,868881,0,1.0,-0.025390625,0.02734375,0.001953125,0.0,0.0,0.0
1087105235,868882,0,0.994140625,-0.0234375,0.01953125,-0.00390625,0.0,0.0,0.0
1087106485,868883,0,1.01171875,-0.029296875,0.01953125,-0.009765625,0.0,0.0,0.0
1087107736,868884,0,1.005859375,-0.025390625,0.013671875,-0.01171875,0.0,0.0,0.0
1087108987,868885,0,1.0078125,-0.029296875,0.029296875,0.0,0.0,0.0,0.0
1087110237,868886,0,1.00390625,-0.021484375,0.025390625,0.00390625,0.0,0.0,0.0
1087111488,868887,0,1.01171875,-0.029296875,0.02734375,-0.001953125,0.0,0.0,0.0
1087112738,868888,0,1.0078125,-0.033203125,0.01953125,-0.013671875,0.0,0.0,0.0
1087113989,868889,0,1.005859375,-0.03125,0.01953125,-0.01171875,0.0,0.0,0.0
1087115239,868890,0,1.009765625,-0.029296875,0.025390625,-0.00390625,0.0,0.0,0.0
1087116490,868891,0,1.0078125,-0.0234375,0.021484375,-0.001953125,0.0,0.0,0.0
1087117741,868892,0,1.005859375,-0.025390625,0.01953125,-0.005859375,0.0,0.0,0.0
1087118991,868893,0,0.998046875,-0.02734375,0.021484375,-0.005859375,0.0,0.0,0.0
1087120242,868894,0,1.001953125,-0.02734375,0.021484375,-0.005859375,0.0,0.0,0.0
1087121493,868895,0,1.0,-0.029296875,0.01953125,-0.009765625,0.0,0.0,0.0
1087122745,868896,0,1.00390625,-0.03125,0.021484375,-0.009765625,0.0,0.0,0.0
1087123995,868897,0,1.0078125,-0.02734375,0.021484375,-0.005859375,0.0,0.0,0.0
1087125247,868898,0,1.0078125,-0.03125,0.01953125,-0.01171875,0.0,0.0,0.0
1087126498,868899,0,1.005859375,-0.029296875,0.021484375,-0.0078125,0.0,0.0,0.0
1087127749,868900,0,1.00390625,-0.025390625,0.0234375,-0.001953125,0.0,0.0,0.0
1087129000,868901,0,1.009765625,-0.029296875,0.021484375,-0.0078125,0.0,0.0,0.0
1087130250,868902,0,0.998046875,-0.029296875,0.01953125,-0.009765625,0.0,0.0,0.0
1087131501,868903,0,1.005859375,-0.02734375,0.015625,-0.01171875,0.0,0.0,0.0
1087132752,868904,0,1.0078125,-0.03125,0.0234375,-0.0078125,0.0,0.0,0.0
1087134003,868905,0,1.005859375,-0.0390625,0.013671875,-0.025390625,0.0,0.0,0.0
1087135254,868906,0,1.01171875,-0.025390625,0.021484375,-0.00390625,0.0,0.0,0.0
1087136504,868907,0,1.005859375,-0.033203125,0.0234375,-0.009765625,0.0,0.0,0.0
1087137755,868908,0,1.00390625,-0.025390625,0.01953125,-0.005859375,0.0,0.0,0.0
1087139006,868909,0,1.001953125,-0.025390625,0.025390625,0.0,0.0,0.0,0.0
1087140257,868910,0,1.0078125,-0.029296875,0.025390625,-0.00390625,0.0,0.0,0.0
1087141508,868911,0,1.00390625,-0.02734375,0.015625,-0.01171875,0.0,0.0,0.0
1087142760,868912,0,1.0,-0.029296875,0.017578125,-0.01171875,0.0,0.0,0.0
1087144010,868913,0,1.005859375,-0.033203125,0.015625,-0.017578125,0.0,0.0,0.0
1087145261,868914,0,1.0,-0.03125,0.021484375,-0.009765625,0.0,0.0,0.0
1087146513,868915,0,1.005859375,-0.02734375,0.017578125,-0.009765625,0.0,0.0,0.0
1087147763,868916,0,1.005859375,-0.0234375,0.021484375,-0.001953125,0.0,0.0,0.0
1087149014,868917,0,1.00390625,-0.02734375,0.021484375,-0.005859375,0.0,0.0,0.0
1087150271,868918,0,1.00390625,-0.02734375,0.0234375,-0.00390625,0.0,0.0,0.0
1087151522,868919,0,1.00390625,-0.033203125,0.025390625,-0.0078125,0.0,0.0,0.0
1087152774,868920,0,1.001953125,-0.03125,0.025390625,-0.005859375,0.0,0.0,0.0
1087154024,868921,0,1.005859375,-0.033203125,0.0234375,-0.009765625,0.0,0.0,0.0
1087155275,868922,0,1.0078125,-0.02734375,0.0234375,-0.00390625,0.0,0.0,0.0
1087156527,868923,0,1.0078125,-0.03515625,0.0234375,-0.01171875,0.0,0.0,0.0
1087157778,868924,0,1.001953125,-0.025390625,0.021484375,-0.00390625,0.0,0.0,0.0
1087159028,868925,0,1.015625,-0.03125,0.01953125,-0.01171875,0.0,0.0,0.0
1087160278,868926,0,1.0,-0.029296875,0.0234375,-0.005859375,0.0,0.0,0.0
1087161528,868927,0,0.998046875,-0.0234375,0.029296875,0.005859375,0.0,0.0,0.0
1087162780,868928,0,1.005859375,-0.0234375,0.025390625,0.001953125,0.0,0.0,0.0
1087164031,868929,0,1.0,-0.033203125,0.0234375,-0.009765625,0.0,0.0,0.0
1087165282,868930,0,1.0,-0.029296875,0.01953125,-0.009765625,0.0,0.0,0.0
1087166533,868931,0,1.00390625,-0.02734375,0.02734375,0.0,0.0,0.0,0.0
1087167784,868932,0,1.0078125,-0.03125,0.025390625,-0.005859375,0.0,0.0,0.0
1087169034,868933,0,1.005859375,-0.029296875,0.021484375,-0.0078125,0.0,0.0,0.0
1087170284,868934,0,1.005859375,-0.02734375,0.021484375,-0.005859375,0.0,0.0,0.0
1087171536,868935,0,0.99609375,-0.03125,0.0234375,-0.0078125,0.0,0.0,0.0
1087172787,868936,0,1.005859375,-0.03125,0.017578125,-0.013671875,0.0,0.0,0.0
1087174038,868937,0,1.001953125,-0.03125,0.021484375,-0.009765625,0.0,0.0,0.0
1087175288,868938,0,1.00390625,-0.02734375,0.021484375,-0.005859375,0.0,0.0,0.0
1087176539,868939,0,1.001953125,-0.03125,0.021484375,-0.009765625,0.0,0.0,0.0
1087177790,868940,0,1.001953125,-0.025390625,0.01953125,-0.005859375,0.0,0.0,0.0
1087179040,868941,0,1.0078125,-0.029296875,0.02734375,-0.001953125,0.0,0.0,0.0
1087180290,868942,0,0.99609375,-0.03125,0.021484375,-0.009765625,0.0,0.0,0.0
1087181542,868943,0,1.0,-0.033203125,0.0234375,-0.009765625,0.0,0.0,0.0
1087182793,868944,0,1.009765625,-0.03515625,0.025390625,-0.009765625,0.0,0.0,0.0
1087184044,868945,0,1.00390625,-0.02734375,0.021484375,-0.005859375,0.0,0.0,0.0
1087185295,868946,0,1.013671875,-0.025390625,0.009765625,-0.015625,0.0,0.0,0.0
1087186546,868947,0,1.005859375,-0.0234375,0.029296875,0.005859375,0.0,0.0,0.0
1087187796,868948,0,1.009765625,-0.025390625,0.025390625,0.0,0.0,0.0,0.0
1087189048,868949,0,0.998046875,-0.025390625,0.0234375,-0.001953125,0.0,0.0,0.0
1087190299,868950,0,1.0,-0.02734375,0.017578125,-0.009765625,0.0,0.0,0.0
1087191549,868951,0,1.0078125,-0.029296875,0.01953125,-0.009765625,0.0,0.0,0.0
1087192801,868952,0,1.005859375,-0.025390625,0.01953125,-0.005859375,0.0,0.0,0.0
1087194051,868953,0,1.005859375,-0.02734375,0.025390625,-0.001953125,0.0,0.0,0.0
1087195301,868954,0,1.00390625,-0.029296875,0.0234375,-0.005859375,0.0,0.0,0.0
1087196552,868955,0,1.00390625,-0.02734375,0.025390625,-0.001953125,0.0,0.0,0.0
1087197803,868956,0,1.00390625,-0.03125,0.021484375,-0.009765625,0.0,0.0,0.0
1087199054,868957,0,1.00390625,-0.025390625,0.021484375,-0.00390625,0.0,0.0,0.0
1087200305,868958,0,1.0078125,-0.02734375,0.01953125,-0.0078125,0.0,0.0,0.0
1087201556,868959,0,1.0,-0.02734375,0.01953125,-0.0078125,0.0,0.0,0.0
1087202807,868960,0,1.0078125,-0.02734375,0.0234375,-0.00390625,0.0,0.0,0.0
1087204059,868961,0,1.001953125,-0.03125,0.021484375,-0.009765625,0.0,0.0,0.0
1087205310,868962,0,1.009765625,-0.025390625,0.021484375,-0.00390625,0.0,0.0,0.0
1087206560,868963,0,1.0078125,-0.02734375,0.0234375,-0.00390625,0.0,0.0,0.0
1087207810,868964,0,1.0078125,-0.02734375,0.021484375,-0.005859375,0.0,0.0,0.0
1087209061,868965,0,1.005859375,-0.03125,0.013671875,-0.017578125,0.0,0.0,0.0
1087210311,868966,0,1.009765625,-0.021484375,0.01953125,-0.001953125,0.0,0.0,0.0
1087211563,868967,0,1.0,-0.02734375,0.017578125,-0.009765625,0.0,0.0,0.0
1087212813,868968,0,1.0,-0.033203125,0.021484375,-0.01171875,0.0,0.0,0.0
1087214065,868969,0,1.0,-0.0234375,0.017578125,-0.005859375,0.0,0.0,0.0
1087215316,868970,0,0.99609375,-0.0234375,0.021484375,-0.001953125,0.0,0.0,0.0
1087216566,868971,0,1.009765625,-0.02734375,0.01953125,-0.0078125,0.0,0.0,0.0
1087217817,868972,0,1.009765625,-0.0234375,0.029296875,0.005859375,0.0,0.0,0.0
1087219067,868973,0,1.005859375,-0.025390625,0.021484375,-0.00390625,0.0,0.0,0.0
1087220317,868974,0,1.0,-0.029296875,0.013671875,-0.015625,0.0,0.0,0.0
1087221567,868975,0,1.00390625,-0.02734375,0.021484375,-0.005859375,0.0,0.0,0.0
1087222818,868976,0,1.001953125,-0.033203125,0.01953125,-0.013671875,0.0,0.0,0.0
1087224070,868977,0,0.998046875,-0.03125,0.021484375,-0.009765625,0.0,0.0,0.0
1087225321,868978,0,1.0078125,-0.033203125,0.017578125,-0.015625,0.0,0.0,0.0
1087226571,868979,0,1.00390625,-0.033203125,0.021484375,-0.01171875,0.0,0.0,0.0
1087227821,868980,0,1.0078125,-0.029296875,0.0234375,-0.005859375,0.0,0.0,0.0
1087229071,868981,0,1.001953125,-0.029296875,0.017578125,-0.01171875,0.0,0.0,0.0
1087230322,868982,0,1.005859375,-0.029296875,0.02734375,-0.001953125,0.0,0.0,0.0
1087231572,868983,0,1.005859375,-0.02734375,0.021484375,-0.005859375,0.0,0.0,0.0
1087232823,868984,0,1.001953125,-0.02734375,0.01953125,-0.0078125,0.0,0.0,0.0
1087234075,868985,0,1.005859375,-0.02734375,0.021484375,-0.005859375,0.0,0.0,0.0
1087235326,868986,0,1.009765625,-0.025390625,0.021484375,-0.00390625,0.0,0.0,0.0
1087236577,868987,0,1.005859375,-0.0234375,0.021484375,-0.001953125,0.0,0.0,0.0
1087237829,868988,0,1.0078125,-0.033203125,0.021484375,-0.01171875,0.0,0.0,0.0
1087239079,868989,0,1.005859375,-0.03125,0.013671875,-0.017578125,0.0,0.0,0.0
1087240329,868990,0,1.009765625,-0.03125,0.025390625,-0.005859375,0.0,0.0,0.0
1087241580,868991,0,1.01171875,-0.03125,0.017578125,-0.013671875,0.0,0.0,0.0
1087242831,868992,0,0.998046875,-0.02734375,0.01953125,-0.0078125,0.0,0.0,0.0
1087244082,868993,0,1.001953125,-0.0234375,0.02734375,0.00390625,0.0,0.0,0.0
1087245333,868994,0,1.00390625,-0.03125,0.021484375,-0.009765625,0.0,0.0,0.0
1087246584,868995,0,1.0078125,-0.029296875,0.01953125,-0.009765625,0.0,0.0,0.0
1087247835,868996,0,1.005859375,-0.03125,0.0234375,-0.0078125,0.0,0.0,0.0
1087249087,868997,0,1.00390625,-0.029296875,0.017578125,-0.01171875,0.0,0.0,0.0
1087250338,868998,0,1.0,-0.029296875,0.01953125,-0.009765625,0.0,0.0,0.0
1087251590,868999,0,1.001953125,-0.025390625,0.013671875,-0.01171875,0.0,0.0,0.0
1087252841,869000,0,1.001953125,-0.03125,0.021484375,-0.009765625,0.0,0.0,0.0
1087254092,869001,0,1.0078125,-0.03125,0.0234375,-0.0078125,0.0,0.0,0.0
1087255343,869002,0,0.998046875,-0.029296875,0.0234375,-0.005859375,0.0,0.0,0.0
1087256595,869003,0,1.00390625,-0.029296875,0.01953125,-0.009765625,0.0,0.0,0.0
1087257845,869004,0,0.99609375,-0.03125,0.021484375,-0.009765625,0.0,0.0,0.0
1087259097,869005,0,1.001953125,-0.02734375,0.021484375,-0.005859375,0.0,0.0,0.0
1087260348,869006,0,1.009765625,-0.029296875,0.01953125,-0.009765625,0.0,0.0,0.0
1087261600,869007,0,1.005859375,-0.03125,0.02734375,-0.00390625,0.0,0.0,0.0
1087262850,869008,0,1.0,-0.02734375,0.01953125,-0.0078125,0.0,0.0,0.0
1087264101,869009,0,1.001953125,-0.03125,0.02734375,-0.00390625,0.0,0.0,0.0
1087265351,869010,0,1.005859375,-0.03125,0.015625,-0.015625,0.0,0.0,0.0
1087266602,869011,0,1.00390625,-0.03125,0.0234375,-0.0078125,0.0,0.0,0.0
1087267853,869012,0,0.99609375,-0.02734375,0.021484375,-0.005859375,0.0,0.0,0.0
1087269104,869013,0,1.021484375,-0.029296875,0.01953125,-0.009765625,0.0,0.0,0.0
1087270355,869014,0,1.00390625,-0.025390625,0.017578125,-0.0078125,0.0,0.0,0.0
1087271606,869015,0,1.0,-0.025390625,0.0234375,-0.001953125,0.0,0.0,0.0
1087272857,869016,0,1.00390625,-0.03125,0.0234375,-0.0078125,0.0,0.0,0.0
1087274109,869017,0,1.0078125,-0.029296875,0.02734375,-0.001953125,0.0,0.0,0.0
1087275360,869018,0,1.00390625,-0.03125,0.01953125,-0.01171875,0.0,0.0,0.0
1087276610,869019,0,1.0,-0.025390625,0.021484375,-0.00390625,0.0,0.0,0.0
1087277861,869020,0,1.005859375,-0.029296875,0.021484375,-0.0078125,0.0,0.0,0.0
1087279112,869021,0,1.0078125,-0.025390625,0.021484375,-0.00390625,0.0,0.0,0.0
1087280362,869022,0,1.0078125,-0.02734375,0.021484375,-0.005859375,0.0,0.0,0.0
1087281613,869023,0,1.0078125,-0.03125,0.01953125,-0.01171875,0.0,0.0,0.0
1087282863,869024,0,1.0078125,-0.029296875,0.025390625,-0.00390625,0.0,0.0,0.0
1087284115,869025,0,1.0078125,-0.02734375,0.021484375,-0.005859375,0.0,0.0,0.0
1087285366,869026,0,1.0,-0.029296875,0.021484375,-0.0078125,0.0,0.0,0.0
1087286616,869027,0,1.005859375,-0.02734375,0.021484375,-0.005859375,0.0,0.0,0.0
1087287867,869028,0,1.0078125,-0.02734375,0.01953125,-0.0078125,0.0,0.0,0.0
1087289117,869029,0,1.0,-0.0234375,0.025390625,0.001953125,0.0,0.0,0.0
1087290367,869030,0,1.0,-0.025390625,0.0234375,-0.001953125,0.0,0.0,0.0
1087291618,869031,0,1.00390625,-0.03125,0.0078125,-0.0234375,0.0,0.0,0.0
1087292868,869032,0,1.0078125,-0.03125,0.01953125,-0.01171875,0.0,0.0,0.0
1087294120,869033,0,1.0,-0.029296875,0.01953125,-0.009765625,0.0,0.0,0.0
1087295371,869034,0,1.0078125,-0.02734375,0.0234375,-0.00390625,0.0,0.0,0.0
1087296621,869035,0,0.99609375,-0.025390625,0.03125,0.005859375,0.0,0.0,0.0
1087297873,869036,0,1.005859375,-0.021484375,0.02734375,0.005859375,0.0,0.0,0.0
1087299123,869037,0,1.00390625,-0.029296875,0.021484375,-0.0078125,0.0,0.0,0.0
1087300373,869038,0,1.00390625,-0.03125,0.021484375,-0.009765625,0.0,0.0,0.0
1087301623,869039,0,1.00390625,-0.02734375,0.0234375,-0.00390625,0.0,0.0,0.0
1087302873,869040,0,0.998046875,-0.029296875,0.01953125,-0.009765625,0.0,0.0,0.0
1087304125,869041,0,1.0,-0.025390625,0.021484375,-0.00390625,0.0,0.0,0.0
1087305376,869042,0,1.001953125,-0.029296875,0.01953125,-0.009765625,0.0,0.0,0.0
1087306626,869043,0,1.005859375,-0.025390625,0.017578125,-0.0078125,0.0,0.0,0.0
1087307877,869044,0,1.0078125,-0.02734375,0.025390625,-0.001953125,0.0,0.0,0.0
1087309128,869045,0,1.0,-0.029296875,0.021484375,-0.0078125,0.0,0.0,0.0
1087310378,869046,0,0.998046875,-0.03125,0.0234375,-0.0078125,0.0,0.0,0.0
1087311629,869047,0,1.001953125,-0.02734375,0.01953125,-0.0078125,0.0,0.0,0.0
1087312880,869048,0,0.998046875,-0.033203125,0.021484375,-0.01171875,0.0,0.0,0.0
1087314131,869049,0,1.009765625,-0.029296875,0.021484375,-0.0078125,0.0,0.0,0.0
1087315382,869050,0,1.005859375,-0.03125,0.025390625,-0.005859375,0.0,0.0,0.0
1087316632,869051,0,1.005859375,-0.029296875,0.021484375,-0.0078125,0.0,0.0,0.0
1087317883,869052,0,1.005859375,-0.033203125,0.021484375,-0.01171875,0.0,0.0,0.0
1087319134,869053,0,0.998046875,-0.029296875,0.0234375,-0.005859375,0.0,0.0,0.0
1087320384,869054,0,1.00390625,-0.029296875,0.017578125,-0.01171875,0.0,0.0,0.0
1087321636,869055,0,0.998046875,-0.03125,0.013671875,-0.017578125,0.0,0.0,0.0
1087322886,869056,0,1.009765625,-0.021484375,0.021484375,0.0,0.0,0.0,0.0
1087324137,869057,0,0.9921875,-0.029296875,0.01953125,-0.009765625,0.0,0.0,0.0
1087325388,869058,0,1.005859375,-0.03125,0.021484375,-0.009765625,0.0,0.0,0.0
1087326639,869059,0,1.0,-0.029296875,0.025390625,-0.00390625,0.0,0.0,0.0
1087327889,869060,0,1.009765625,-0.033203125,0.0234375,-0.009765625,0.0,0.0,0.0
1087329140,869061,0,1.001953125,-0.033203125,0.021484375,-0.01171875,0.0,0.0,0.0
1087330392,869062,0,1.001953125,-0.02734375,0.021484375,-0.005859375,0.0,0.0,0.0
1087331642,869063,0,1.00390625,-0.02734375,0.01953125,-0.0078125,0.0,0.0,0.0
1087332894,869064,0,1.0078125,-0.029296875,0.0234375,-0.005859375,0.0,0.0,0.0
1087334145,869065,0,1.00390625,-0.029296875,0.021484375,-0.0078125,0.0,0.0,0.0
1087335396,869066,0,1.009765625,-0.02734375,0.021484375,-0.005859375,0.0,0.0,0.0
1087336648,869067,0,1.0078125,-0.025390625,0.0234375,-0.001953125,0.0,0.0,0.0
1087337899,869068,0,1.01171875,-0.025390625,0.021484375,-0.00390625,0.0,0.0,0.0
1087339150,869069,0,1.001953125,-0.03125,0.021484375,-0.009765625,0.0,0.0,0.0
1087340400,869070,0,1.005859375,-0.033203125,0.01953125,-0.013671875,0.0,0.0,0.0
1087341651,869071,0,1.00390625,-0.029296875,0.01953125,-0.009765625,0.0,0.0,0.0
1087342902,869072,0,0.998046875,-0.025390625,0.01953125,-0.005859375,0.0,0.0,0.0
1087344152,869073,0,1.0078125,-0.029296875,0.01953125,-0.009765625,0.0,0.0,0.0
1087345402,869074,0,0.994140625,-0.029296875,0.029296875,0.0,0.0,0.0,0.0
1087346654,869075,0,1.013671875,-0.029296875,0.0078125,-0.021484375,0.0,0.0,0.0
1087347904,869076,0,1.0078125,-0.03125,0.02734375,-0.00390625,0.0,0.0,0.0
1087349154,869077,0,0.998046875,-0.029296875,0.02734375,-0.001953125,0.0,0.0,0.0
1087350405,869078,0,0.998046875,-0.03515625,0.0234375,-0.01171875,0.0,0.0,0.0
1087351655,869079,0,1.00390625,-0.02734375,0.015625,-0.01171875,0.0,0.0,0.0
1087352906,869080,0,1.005859375,-0.03125,0.01953125,-0.01171875,0.0,0.0,0.0
1087354157,869081,0,1.005859375,-0.03125,0.0234375,-0.0078125,0.0,0.0,0.0
1087355408,869082,0,1.001953125,-0.02734375,0.025390625,-0.001953125,0.0,0.0,0.0
1087356659,869083,0,1.001953125,-0.0234375,0.025390625,0.001953125,0.0,0.0,0.0
1087357911,869084,0,1.009765625,-0.025390625,0.01953125,-0.005859375,0.0,0.0,0.0
1087359162,869085,0,1.009765625,-0.029296875,0.021484375,-0.0078125,0.0,0.0,0.0
1087360414,869086,0,1.005859375,-0.025390625,0.021484375,-0.00390625,0.0,0.0,0.0
1087361664,869087,0,1.001953125,-0.03125,0.021484375,-0.009765625,0.0,0.0,0.0
1087362916,869088,0,1.005859375,-0.029296875,0.021484375,-0.0078125,0.0,0.0,0.0
1087364167,869089,0,1.0,-0.02734375,0.01953125,-0.0078125,0.0,0.0,0.0
1087365417,869090,0,1.0078125,-0.029296875,0.01953125,-0.009765625,0.0,0.0,0.0
1087366668,869091,0,1.0078125,-0.0234375,0.01953125,-0.00390625,0.0,0.0,0.0
1087367919,869092,0,1.001953125,-0.02734375,0.0234375,-0.00390625,0.0,0.0,0.0
1087369170,869093,0,1.0,-0.03515625,0.0234375,-0.01171875,0.0,0.0,0.0
1087370421,869094,0,1.01171875,-0.029296875,0.01953125,-0.009765625,0.0,0.0,0.0
1087371672,869095,0,1.015625,-0.029296875,0.021484375,-0.0078125,0.0,0.0,0.0
1087372922,869096,0,1.009765625,-0.03125,0.0234375,-0.0078125,0.0,0.0,0.0
1087374173,869097,0,1.00390625,-0.029296875,0.017578125,-0.01171875,0.0,0.0,0.0
1087375425,869098,0,1.015625,-0.02734375,0.029296875,0.001953125,0.0,0.0,0.0
1087376675,869099,0,1.00390625,-0.0234375,0.0234375,0.0,0.0,0.0,0.0
1087377927,869100,0,0.998046875,-0.02734375,0.021484375,-0.005859375,0.0,0.0,0.0
1087379177,869101,0,0.99609375,-0.02734375,0.01953125,-0.0078125,0.0,0.0,0.0
1087380429,869102,0,1.0,-0.033203125,0.0234375,-0.009765625,0.0,0.0,0.0
1087381680,869103,0,1.0,-0.033203125,0.01953125,-0.013671875,0.0,0.0,0.0
1087382930,869104,0,1.005859375,-0.03125,0.021484375,-0.009765625,0.0,0.0,0.0
1087384180,869105,0,1.009765625,-0.03125,0.021484375,-0.009765625,0.0,0.0,0.0
1087385431,869106,0,1.00390625,-0.02734375,0.017578125,-0.009765625,0.0,0.0,0.0
1087386682,869107,0,1.005859375,-0.02734375,0.021484375,-0.005859375,0.0,0.0,0.0
1087387933,869108,0,1.001953125,-0.025390625,0.01953125,-0.005859375,0.0,0.0,0.0
1087389184,869109,0,1.00390625,-0.0234375,0.01953125,-0.00390625,0.0,0.0,0.0
1087390434,869110,0,1.0,-0.029296875,0.015625,-0.013671875,0.0,0.0,0.0
1087391685,869111,0,1.00390625,-0.025390625,0.021484375,-0.00390625,0.0,0.0,0.0
1087392936,869112,0,1.005859375,-0.025390625,0.01953125,-0.005859375,0.0,0.0,0.0
1087394188,869113,0,1.00390625,-0.033203125,0.0234375,-0.009765625,0.0,0.0,0.0
1087395439,869114,0,1.0078125,-0.03125,0.01953125,-0.01171875,0.0,0.0,0.0
1087396690,869115,0,1.0,-0.025390625,0.017578125,-0.0078125,0.0,0.0,0.0
1087397941,869116,0,1.009765625,-0.033203125,0.01953125,-0.013671875,0.0,0.0,0.0
1087399192,869117,0,1.00390625,-0.0234375,0.0234375,0.0,0.0,0.0,0.0
1087400443,869118,0,1.017578125,-0.02734375,0.021484375,-0.005859375,0.0,0.0,0.0
1087401695,869119,0,1.001953125,-0.02734375,0.029296875,0.001953125,0.0,0.0,0.0
1087402945,869120,0,1.01171875,-0.03125,0.015625,-0.015625,0.0,0.0,0.0
1087404195,869121,0,1.00390625,-0.02734375,0.017578125,-0.009765625,0.0,0.0,0.0
1087405447,869122,0,1.0,-0.033203125,0.01953125,-0.013671875,0.0,0.0,0.0
1087406697,869123,0,1.001953125,-0.029296875,0.01953125,-0.009765625,0.0,0.0,0.0
1087407949,869124,0,1.001953125,-0.02734375,0.0234375,-0.00390625,0.0,0.0,0.0
1087409200,869125,0,1.005859375,-0.025390625,0.01953125,-0.005859375,0.0,0.0,0.0
1087410452,869126,0,1.005859375,-0.029296875,0.021484375,-0.0078125,0.0,0.0,0.0
1087411702,869127,0,1.005859375,-0.029296875,0.021484375,-0.0078125,0.0,0.0,0.0
1087412954,869128,0,1.0078125,-0.03125,0.021484375,-0.009765625,0.0,0.0,0.0
1087414205,869129,0,1.00390625,-0.029296875,0.021484375,-0.0078125,0.0,0.0,0.0
1087415456,869130,0,1.0,-0.029296875,0.017578125,-0.01171875,0.0,0.0,0.0
1087416708,869131,0,1.001953125,-0.03125,0.01953125,-0.01171875,0.0,0.0,0.0
1087417958,869132,0,1.0,-0.02734375,0.02734375,0.0,0.0,0.0,0.0
1087419209,869133,0,1.001953125,-0.025390625,0.021484375,-0.00390625,0.0,0.0,0.0
1087420459,869134,0,1.01171875,-0.029296875,0.025390625,-0.00390625,0.0,0.0,0.0
1087421710,869135,0,1.009765625,-0.029296875,0.021484375,-0.0078125,0.0,0.0,0.0
1087422961,869136,0,1.005859375,-0.029296875,0.017578125,-0.01171875,0.0,0.0,0.0
1087424212,869137,0,0.998046875,-0.029296875,0.017578125,-0.01171875,0.0,0.0,0.0
1087425462,869138,0,1.001953125,-0.029296875,0.02734375,-0.001953125,0.0,0.0,0.0
1087426713,869139,0,1.001953125,-0.029296875,0.029296875,0.0,0.0,0.0,0.0
1087427965,869140,0,1.0078125,-0.0234375,0.029296875,0.005859375,0.0,0.0,0.0
1087429216,869141,0,0.998046875,-0.029296875,0.025390625,-0.00390625,0.0,0.0,0.0
1087430468,869142,0,1.00390625,-0.02734375,0.0234375,-0.00390625,0.0,0.0,0.0
1087431719,869143,0,1.005859375,-0.02734375,0.021484375,-0.005859375,0.0,0.0,0.0
1087432969,869144,0,1.001953125,-0.02734375,0.02734375,0.0,0.0,0.0,0.0
1087434221,869145,0,1.005859375,-0.03125,0.01953125,-0.01171875,0.0,0.0,0.0
1087435471,869146,0,1.00390625,-0.02734375,0.015625,-0.01171875,0.0,0.0,0.0
1087436721,869147,0,1.005859375,-0.03125,0.017578125,-0.013671875,0.0,0.0,0.0
1087437972,869148,0,1.005859375,-0.03125,0.015625,-0.015625,0.0,0.0,0.0
1087439224,869149,0,1.0,-0.02734375,0.021484375,-0.005859375,0.0,0.0,0.0
1087440474,869150,0,1.005859375,-0.029296875,0.02734375,-0.001953125,0.0,0.0,0.0
1087441724,869151,0,1.00390625,-0.02734375,0.0234375,-0.00390625,0.0,0.0,0.0
1087442976,869152,0,1.001953125,-0.025390625,0.025390625,0.0,0.0,0.0,0.0
1087444226,869153,0,0.998046875,-0.029296875,0.021484375,-0.0078125,0.0,0.0,0.0
1087445476,869154,0,0.998046875,-0.029296875,0.021484375,-0.0078125,0.0,0.0,0.0
1087446728,869155,0,1.001953125,-0.029296875,0.0234375,-0.005859375,0.0,0.0,0.0
1087447978,869156,0,1.005859375,-0.02734375,0.021484375,-0.005859375,0.0,0.0,0.0
1087449230,869157,0,0.998046875,-0.02734375,0.02734375,0.0,0.0,0.0,0.0
1087450481,869158,0,1.00390625,-0.033203125,0.015625,-0.017578125,0.0,0.0,0.0
1087451732,869159,0,1.0078125,-0.025390625,0.02734375,0.001953125,0.0,0.0,0.0
1087452983,869160,0,0.99609375,-0.02734375,0.02734375,0.0,0.0,0.0,0.0
1087454235,869161,0,1.015625,-0.033203125,0.017578125,-0.015625,0.0,0.0,0.0
1087455485,869162,0,0.998046875,-0.025390625,0.015625,-0.009765625,0.0,0.0,0.0
1087456736,869163,0,1.0078125,-0.029296875,0.025390625,-0.00390625,0.0,0.0,0.0
1087457987,869164,0,1.0,-0.02734375,0.0234375,-0.00390625,0.0,0.0,0.0
1087459237,869165,0,1.005859375,-0.03125,0.015625,-0.015625,0.0,0.0,0.0
1087460488,869166,0,1.005859375,-0.029296875,0.02734375,-0.001953125,0.0,0.0,0.0
1087461738,869167,0,1.005859375,-0.029296875,0.021484375,-0.0078125,0.0,0.0,0.0
1087462989,869168,0,1.001953125,-0.029296875,0.01953125,-0.009765625,0.0,0.0,0.0
1087464239,869169,0,1.001953125,-0.029296875,0.01953125,-0.009765625,0.0,0.0,0.0
1087465490,869170,0,1.00390625,-0.029296875,0.021484375,-0.0078125,0.0,0.0,0.0
1087466741,869171,0,1.005859375,-0.0234375,0.021484375,-0.001953125,0.0,0.0,0.0
1087467991,869172,0,1.0078125,-0.029296875,0.025390625,-0.00390625,0.0,0.0,0.0
1087469242,869173,0,1.005859375,-0.02734375,0.025390625,-0.001953125,0.0,0.0,0.0
1087470493,869174,0,0.998046875,-0.02734375,0.021484375,-0.005859375,0.0,0.0,0.0
1087471745,869175,0,1.001953125,-0.02734375,0.01953125,-0.0078125,0.0,0.0,0.0
1087472995,869176,0,1.00390625,-0.03125,0.017578125,-0.013671875,0.0,0.0,0.0
1087474247,869177,0,1.00390625,-0.025390625,-0.01953125,-0.044921875,0.0,0.0,0.0
1087475498,869178,0,1.005859375,-0.03125,0.021484375,-0.009765625,0.0,0.0,0.0
1087476749,869179,0,1.015625,-0.03125,0.0234375,-0.0078125,0.0,0.0,0.0
1087478000,869180,0,1.005859375,-0.02734375,0.029296875,0.001953125,0.0,0.0,0.0
1087479250,869181,0,1.0078125,-0.03125,0.021484375,-0.009765625,0.0,0.0,0.0
1087480501,869182,0,1.00390625,-0.02734375,0.021484375,-0.005859375,0.0,0.0,0.0
1087481752,869183,0,1.001953125,-0.037109375,0.025390625,-0.01171875,0.0,0.0,0.0
1087483003,869184,0,1.0078125,-0.029296875,0.021484375,-0.0078125,0.0,0.0,0.0
1087484254,869185,0,1.00390625,-0.025390625,0.021484375,-0.00390625,0.0,0.0,0.0
1087485504,869186,0,1.001953125,-0.033203125,0.021484375,-0.01171875,0.0,0.0,0.0
1087486755,869187,0,1.00390625,-0.02734375,0.021484375,-0.005859375,0.0,0.0,0.0
1087488006,869188,0,1.005859375,-0.029296875,0.02734375,-0.001953125,0.0,0.0,0.0
1087489257,869189,0,1.005859375,-0.03125,0.021484375,-0.009765625,0.0,0.0,0.0
1087490508,869190,0,1.00390625,-0.02734375,0.017578125,-0.009765625,0.0,0.0,0.0
1087491760,869191,0,1.00390625,-0.033203125,0.021484375,-0.01171875,0.0,0.0,0.0
1087493010,869192,0,1.001953125,-0.02734375,0.021484375,-0.005859375,0.0,0.0,0.0
1087494261,869193,0,0.998046875,-0.03125,0.021484375,-0.009765625,0.0,0.0,0.0
1087495513,869194,0,1.0,-0.029296875,0.0234375,-0.005859375,0.0,0.0,0.0
1087496763,869195,0,1.001953125,-0.02734375,0.025390625,-0.001953125,0.0,0.0,0.0
1087498014,869196,0,1.001953125,-0.02734375,0.015625,-0.01171875,0.0,0.0,0.0
1087499271,869197,0,1.00390625,-0.029296875,0.01953125,-0.009765625,0.0,0.0,0.0
1087500522,869198,0,1.00390625,-0.025390625,0.01953125,-0.005859375,0.0,0.0,0.0
1087501774,869199,0,1.0078125,-0.02734375,0.01953125,-0.0078125,0.0,0.0,0.0
1087503024,869200,0,1.001953125,-0.033203125,0.029296875,-0.00390625,0.0,0.0,0.0
1087504275,869201,0,0.99609375,-0.029296875,0.021484375,-0.0078125,0.0,0.0,0.0
1087505527,869202,0,1.0,-0.033203125,0.017578125,-0.015625,0.0,0.0,0.0
1087506778,869203,0,1.0,-0.033203125,0.021484375,-0.01171875,0.0,0.0,0.0
1087508028,869204,0,1.005859375,-0.0234375,0.021484375,-0.001953125,0.0,0.0,0.0
1087509278,869205,0,1.001953125,-0.03125,0.025390625,-0.005859375,0.0,0.0,0.0
1087510528,869206,0,0.994140625,-0.029296875,0.017578125,-0.01171875,0.0,0.0,0.0
1087511780,869207,0,1.009765625,-0.03125,0.025390625,-0.005859375,0.0,0.0,0.0
1087513031,869208,0,1.001953125,-0.03125,0.01953125,-0.01171875,0.0,0.0,0.0
1087514282,869209,0,1.001953125,-0.033203125,0.021484375,-0.01171875,0.0,0.0,0.0
1087515533,869210,0,1.0078125,-0.02734375,0.017578125,-0.009765625,0.0,0.0,0.0
1087516784,869211,0,1.0,-0.029296875,0.025390625,-0.00390625,0.0,0.0,0.0
1087518034,869212,0,1.005859375,-0.02734375,0.017578125,-0.009765625,0.0,0.0,0.0
1087519284,869213,0,1.001953125,-0.02734375,0.021484375,-0.005859375,0.0,0.0,0.0
1087520536,869214,0,0.994140625,-0.029296875,0.015625,-0.013671875,0.0,0.0,0.0
1087521787,869215,0,1.001953125,-0.029296875,0.021484375,-0.0078125,0.0,0.0,0.0
1087523038,869216,0,0.99609375,-0.03515625,0.021484375,-0.013671875,0.0,0.0,0.0
1087524288,869217,0,0.99609375,-0.03125,0.029296875,-0.001953125,0.0,0.0,0.0
1087525539,869218,0,1.00390625,-0.033203125,0.0234375,-0.009765625,0.0,0.0,0.0
1087526790,869219,0,1.009765625,-0.03125,0.021484375,-0.009765625,0.0,0.0,0.0
1087528040,869220,0,1.015625,-0.0234375,0.02734375,0.00390625,0.0,0.0,0.0
1087529290,869221,0,1.015625,-0.0234375,0.025390625,0.001953125,0.0,0.0,0.0
1087530542,869222,0,1.015625,-0.025390625,0.01953125,-0.005859375,0.0,0.0,0.0
1087531793,869223,0,1.009765625,-0.025390625,0.01953125,-0.005859375,0.0,0.0,0.0
1087533044,869224,0,1.01171875,-0.03125,0.0234375,-0.0078125,0.0,0.0,0.0
1087534295,869225,0,1.001953125,-0.029296875,0.01953125,-0.009765625,0.0,0.0,0.0
1087535546,869226,0,1.0,-0.033203125,0.02734375,-0.005859375,0.0,0.0,0.0
1087536796,869227,0,1.00390625,-0.02734375,0.01953125,-0.0078125,0.0,0.0,0.0
1087538048,869228,0,1.005859375,-0.02734375,0.0234375,-0.00390625,0.0,0.0,0.0
1087539299,869229,0,1.0078125,-0.02734375,0.0234375,-0.00390625,0.0,0.0,0.0
1087540549,869230,0,1.00390625,-0.03125,0.01953125,-0.01171875,0.0,0.0,0.0
1087541801,869231,0,1.00390625,-0.02734375,0.02734375,0.0,0.0,0.0,0.0
1087543051,869232,0,1.00390625,-0.029296875,0.021484375,-0.0078125,0.0,0.0,0.0
1087544301,869233,0,1.0,-0.03125,0.025390625,-0.005859375,0.0,0.0,0.0
1087545552,869234,0,1.00390625,-0.033203125,0.017578125,-0.015625,0.0,0.0,0.0
1087546803,869235,0,1.00390625,-0.029296875,0.01953125,-0.009765625,0.0,0.0,0.0
1087548054,869236,0,1.001953125,-0.029296875,0.021484375,-0.0078125,0.0,0.0,0.0
1087549305,869237,0,1.00390625,-0.029296875,0.021484375,-0.0078125,0.0,0.0,0.0
1087550556,869238,0,1.0078125,-0.0234375,0.029296875,0.005859375,0.0,0.0,0.0
1087551807,869239,0,1.0078125,-0.021484375,0.0234375,0.001953125,0.0,0.0,0.0
1087553059,869240,0,1.005859375,-0.02734375,0.025390625,-0.001953125,0.0,0.0,0.0
1087554310,869241,0,1.009765625,-0.03125,0.0234375,-0.0078125,0.0,0.0,0.0
1087555560,869242,0,1.001953125,-0.03125,0.021484375,-0.009765625,0.0,0.0,0.0
1087556810,869243,0,0.998046875,-0.0234375,0.021484375,-0.001953125,0.0,0.0,0.0
1087558061,869244,0,1.013671875,-0.03515625,0.01953125,-0.015625,0.0,0.0,0.0
1087559311,869245,0,0.998046875,-0.033203125,0.01953125,-0.013671875,0.0,0.0,0.0
1087560563,869246,0,1.0,-0.029296875,0.017578125,-0.01171875,0.0,0.0,0.0
1087561813,869247,0,1.005859375,-0.029296875,0.03125,0.001953125,0.0,0.0,0.0
1087563065,869248,0,1.0,-0.03125,0.025390625,-0.005859375,0.0,0.0,0.0
1087564316,869249,0,1.005859375,-0.03125,0.02734375,-0.00390625,0.0,0.0,0.0
1087565566,869250,0,1.005859375,-0.0234375,0.017578125,-0.005859375,0.0,0.0,0.0
1087566817,869251,0,1.005859375,-0.033203125,0.021484375,-0.01171875,0.0,0.0,0.0
1087568067,869252,0,0.998046875,-0.029296875,0.01953125,-0.009765625,0.0,0.0,0.0
1087569317,869253,0,0.998046875,-0.029296875,0.0234375,-0.005859375,0.0,0.0,0.0
1087570567,869254,0,1.0078125,-0.029296875,0.021484375,-0.0078125,0.0,0.0,0.0
1087571818,869255,0,1.001953125,-0.03125,0.021484375,-0.009765625,0.0,0.0,0.0
1087573070,869256,0,1.0,-0.03125,0.017578125,-0.013671875,0.0,0.0,0.0
1087574321,869257,0,1.001953125,-0.02734375,0.01953125,-0.0078125,0.0,0.0,0.0
1087575571,869258,0,1.005859375,-0.029296875,0.01953125,-0.009765625,0.0,0.0,0.0
1087576821,869259,0,1.0078125,-0.02734375,0.01953125,-0.0078125,0.0,0.0,0.0
1087578071,869260,0,1.00390625,-0.03125,0.0234375,-0.0078125,0.0,0.0,0.0
1087579322,869261,0,1.0078125,-0.03125,0.017578125,-0.013671875,0.0,0.0,0.0
1087580572,869262,0,1.005859375,-0.021484375,0.021484375,0.0,0.0,0.0,0.0
1087581823,869263,0,1.005859375,-0.03125,0.01953125,-0.01171875,0.0,0.0,0.0
1087583075,869264,0,1.005859375,-0.029296875,0.017578125,-0.01171875,0.0,0.0,0.0
1087584326,869265,0,0.990234375,-0.03125,0.017578125,-0.013671875,0.0,0.0,0.0
1087585577,869266,0,1.001953125,-0.029296875,0.017578125,-0.01171875,0.0,0.0,0.0
1087586829,869267,0,1.009765625,-0.029296875,0.025390625,-0.00390625,0.0,0.0,0.0
1087588079,869268,0,1.01171875,-0.025390625,0.025390625,0.0,0.0,0.0,0.0
1087589329,869269,0,1.001953125,-0.029296875,0.0234375,-0.005859375,0.0,0.0,0.0
1087590580,869270,0,0.998046875,-0.03125,0.01953125,-0.01171875,0.0,0.0,0.0
1087591831,869271,0,1.001953125,-0.033203125,0.015625,-0.017578125,0.0,0.0,0.0
1087593082,869272,0,0.998046875,-0.025390625,0.01953125,-0.005859375,0.0,0.0,0.0
1087594333,869273,0,1.001953125,-0.029296875,0.01953125,-0.009765625,0.0,0.0,0.0
1087595584,869274,0,1.0,-0.033203125,0.0234375,-0.009765625,0.0,0.0,0.0
1087596835,869275,0,1.001953125,-0.029296875,0.017578125,-0.01171875,0.0,0.0,0.0
1087598087,869276,0,1.005859375,-0.03125,0.021484375,-0.009765625,0.0,0.0,0.0
1087599338,869277,0,1.00390625,-0.03125,0.02734375,-0.00390625,0.0,0.0,0.0
1087600590,869278,0,1.005859375,-0.029296875,0.01953125,-0.009765625,0.0,0.0,0.0
1087601841,869279,0,1.00390625,-0.029296875,0.025390625,-0.00390625,0.0,0.0,0.0
1087603092,869280,0,1.005859375,-0.03125,0.025390625,-0.005859375,0.0,0.0,0.0
1087604343,869281,0,1.0,-0.03125,0.021484375,-0.009765625,0.0,0.0,0.0
1087605595,869282,0,1.00390625,-0.025390625,0.0234375,-0.001953125,0.0,0.0,0.0
1087606845,869283,0,1.00390625,-0.029296875,0.013671875,-0.015625,0.0,0.0,0.0
1087608097,869284,0,1.00390625,-0.029296875,0.01171875,-0.017578125,0.0,0.0,0.0
1087609348,869285,0,1.005859375,-0.02734375,0.015625,-0.01171875,0.0,0.0,0.0
1087610600,869286,0,1.0078125,-0.029296875,0.01171875,-0.017578125,0.0,0.0,0.0
1087611850,869287,0,1.0,-0.037109375,0.017578125,-0.01953125,0.0,0.0,0.0
1087613101,869288,0,0.9921875,-0.037109375,0.009765625,-0.02734375,0.0,0.0,0.0
1087614351,869289,0,0.98828125,-0.0390625,0.017578125,-0.021484375,0.0,0.0,0.0
1087615602,869290,0,0.994140625,-0.052734375,0.00390625,-0.048828125,0.0,0.0,0.0
1087616853,869291,0,0.990234375,-0.072265625,-0.015625,-0.087890625,0.0,0.0,0.0
1087618104,869292,0,0.99609375,-0.076171875,-0.0078125,-0.083984375,0.0,0.0,0.0
1087619355,869293,0,0.970703125,-0.099609375,-0.03515625,-0.134765625,0.0,0.0,0.0
1087620606,869294,0,0.970703125,-0.21875,-0.08203125,-0.30078125,0.0,0.0,0.0
1087621857,869295,0,0.876953125,-0.541015625,-0.38671875,-0.927734375,0.0,0.0,0.0
1087623109,869296,0,0.912109375,-0.19140625,-0.1328125,-0.32421875,0.0,0.0,0.0
1087624360,869297,0,0.75,0.05078125,0.0625,0.11328125,0.0,0.0,0.0
1087625610,869298,0,0.970703125,0.109375,0.244140625,0.353515625,0.0,0.0,0.0
1087626861,869299,0,1.126953125,0.201171875,0.2890625,0.490234375,0.0,0.0,0.0
1087628112,869300,0,1.2421875,0.201171875,0.26171875,0.462890625,0.0,0.0,0.0
1087629362,869301,0,1.1796875,0.130859375,0.07421875,0.205078125,0.0,0.0,0.0
1087630613,869302,0,1.181640625,0.01171875,-0.125,-0.11328125,0.0,0.0,0.0
1087631863,869303,0,1.078125,0.037109375,0.01953125,0.056640625,0.0,0.0,0.0
1087633115,869304,0,1.009765625,-0.01953125,0.05078125,0.03125,0.0,0.0,0.0
1087634366,869305,0,0.908203125,-0.041015625,0.001953125,-0.0390625,0.0,0.0,0.0
1087635616,869306,0,0.89453125,-0.109375,-0.009765625,-0.119140625,0.0,0.0,0.0
1087636867,869307,0,0.916015625,-0.126953125,-0.041015625,-0.16796875,0.0,0.0,0.0
1087638117,869308,0,0.9453125,-0.140625,-0.033203125,-0.173828125,0.0,0.0,0.0
1087639367,869309,0,0.95703125,-0.142578125,-0.0234375,-0.166015625,0.0,0.0,0.0
1087640618,869310,0,0.939453125,-0.09375,0.01171875,-0.08203125,0.0,0.0,0.0
1087641868,869311,0,0.9453125,-0.03125,0.005859375,-0.025390625,0.0,0.0,0.0
1087643120,869312,0,0.97265625,-0.029296875,0.025390625,-0.00390625,0.0,0.0,0.0
1087644371,869313,0,1.046875,0.00390625,0.03515625,0.0390625,0.0,0.0,0.0
1087645621,869314,0,1.046875,0.001953125,0.02734375,0.029296875,0.0,0.0,0.0
1087646873,869315,0,1.0546875,0.005859375,0.0390625,0.044921875,0.0,0.0,0.0
1087648123,869316,0,1.041015625,0.017578125,0.052734375,0.0703125,0.0,0.0,0.0
1087649373,869317,0,1.03125,0.001953125,0.060546875,0.0625,0.0,0.0,0.0
1087650623,869318,0,1.001953125,0.0078125,0.033203125,0.041015625,0.0,0.0,0.0
1087651873,869319,0,1.0,-0.03125,0.025390625,-0.005859375,0.0,0.0,0.0
1087653125,869320,0,1.005859375,-0.03125,0.02734375,-0.00390625,0.0,0.0,0.0
1087654376,869321,0,0.99609375,-0.060546875,0.0078125,-0.052734375,0.0,0.0,0.0
1087655626,869322,0,0.998046875,-0.064453125,0.001953125,-0.0625,0.0,0.0,0.0
1087656877,869323,0,0.9921875,-0.06640625,0.01171875,-0.0546875,0.0,0.0,0.0
1087658128,869324,0,0.974609375,-0.05859375,0.01171875,-0.046875,0.0,0.0,0.0
1087659378,869325,0,0.982421875,-0.009765625,0.02734375,0.017578125,0.0,0.0,0.0
1087660629,869326,0,1.01171875,-0.072265625,0.044921875,-0.02734375,0.0,0.0,0.0
1087661880,869327,0,1.0078125,-0.107421875,-0.033203125,-0.140625,0.0,0.0,0.0
1087663131,869328,0,1.02734375,-0.095703125,-0.03125,-0.126953125,0.0,0.0,0.0
1087664382,869329,0,1.03515625,-0.1015625,0.04296875,-0.05859375,0.0,0.0,0.0
1087665632,869330,0,1.0625,-0.095703125,0.091796875,-0.00390625,0.0,0.0,0.0
1087666883,869331,0,1.080078125,-0.166015625,0.083984375,-0.08203125,0.0,0.0,0.0
1087668134,869332,0,1.099609375,-0.201171875,0.0,-0.201171875,0.0,0.0,0.0
1087669384,869333,0,1.076171875,-0.251953125,-0.052734375,-0.3046875,0.0,0.0,0.0
1087670636,869334,0,1.056640625,-0.265625,-0.017578125,-0.283203125,0.0,0.0,0.0
1087671886,869335,0,1.02734375,-0.318359375,0.021484375,-0.296875,0.0,0.0,0.0
1087673137,869336,0,1.001953125,-0.36328125,-0.025390625,-0.388671875,0.0,0.0,0.0
1087674388,869337,0,0.98828125,-0.443359375,-0.08203125,-0.525390625,0.0,0.0,0.0
1087675639,869338,0,0.98046875,-0.5234375,-0.080078125,-0.603515625,0.0,0.0,0.0
1087676889,869339,0,0.990234375,-0.619140625,-0.0859375,-0.705078125,0.0,0.0,0.0
1087678140,869340,0,1.025390625,-0.765625,-0.109375,-0.875,0.0,0.0,0.0
1087679392,869341,0,1.046875,-0.859375,-0.158203125,-1.017578125,0.0,0.0,0.0
1087680642,869342,0,1.06640625,-0.865234375,-0.146484375,-1.01171875,0.0,0.0,0.0
1087681894,869343,0,1.078125,-1.044921875,-0.07421875,-1.119140625,0.0,0.0,0.0
1087683145,869344,0,1.03515625,-1.20703125,-0.158203125,-1.365234375,0.0,0.0,0.0
1087684396,869345,0,1.1875,-2.294921875,-0.1015625,-2.396484375,0.0,0.0,0.0
1087685648,869346,0,2.150390625,-4.0,-0.0078125,-4.0078125,0.0,0.0,0.0
1087686899,869347,0,0.7734375,-2.712890625,-1.142578125,-3.85546875,0.0,0.0,0.0
1087688150,869348,0,1.4609375,-3.80078125,-0.8984375,-4.69921875,0.0,0.0,0.0
1087689400,869349,0,1.146484375,-3.74609375,-0.54296875,-4.2890625,0.0,0.0,0.0
1087690651,869350,0,0.595703125,-2.84375,-0.9140625,-3.7578125,0.0,0.0,0.0
1087691902,869351,0,0.31640625,-2.494140625,-1.20703125,-3.701171875,0.0,0.0,0.0
1087693152,869352,0,0.35546875,-2.509765625,-0.806640625,-3.31640625,0.0,0.0,0.0
1087694402,869353,0,0.3203125,-1.96875,-0.849609375,-2.818359375,0.0,0.0,0.0
1087695654,869354,0,0.341796875,-1.080078125,-0.826171875,-1.90625,0.0,0.0,0.0
1087696904,869355,0,0.78125,-1.080078125,-0.671875,-1.751953125,0.0,0.0,0.0
1087698154,869356,0,0.751953125,-0.451171875,-0.80078125,-1.251953125,0.0,0.0,0.0
1087699405,869357,0,1.974609375,-0.455078125,-3.396484375,-3.8515625,0.0,0.0,0.0
1087700655,869358,0,0.970703125,1.13671875,-1.57421875,-0.4375,0.0,0.0,0.0
1087701906,869359,0,1.326171875,0.7578125,-0.810546875,-0.052734375,0.0,0.0,0.0
1087703157,869360,0,0.9921875,2.322265625,0.708984375,3.03125,0.0,0.0,0.0
1087704408,869361,0,1.1875,1.150390625,-1.197265625,-0.046875,0.0,0.0,0.0
1087705659,869362,0,1.3125,1.833984375,-0.83203125,1.001953125,0.0,0.0,0.0
1087706911,869363,0,0.923828125,1.8671875,-0.185546875,1.681640625,0.0,0.0,0.0
1087708162,869364,0,1.357421875,2.3203125,-0.3515625,1.96875,0.0,0.0,0.0
1087709414,869365,0,0.943359375,2.353515625,0.021484375,2.375,0.0,0.0,0.0
1087710664,869366,0,0.9765625,2.63671875,-0.041015625,2.595703125,0.0,0.0,0.0
1087711916,869367,0,0.9609375,2.783203125,0.05078125,2.833984375,0.0,0.0,0.0
1087713167,869368,0,0.837890625,2.880859375,0.34765625,3.228515625,0.0,0.0,0.0
1087714417,869369,0,0.978515625,2.947265625,0.34375,3.291015625,0.0,0.0,0.0
1087715668,869370,0,1.02734375,3.013671875,0.34765625,3.361328125,0.0,0.0,0.0
1087716919,869371,0,1.123046875,3.0078125,0.431640625,3.439453125,0.0,0.0,0.0
1087718170,869372,0,1.103515625,3.0546875,0.58203125,3.63671875,0.0,0.0,0.0
1087719421,869373,0,1.1875,3.05078125,0.625,3.67578125,0.0,0.0,0.0
1087720672,869374,0,1.109375,2.96875,0.640625,3.609375,0.0,0.0,0.0
1087721922,869375,0,1.1640625,2.888671875,0.548828125,3.4375,0.0,0.0,0.0
1087723173,869376,0,1.109375,2.765625,0.57421875,3.33984375,0.0,0.0,0.0
1087724425,869377,0,1.072265625,2.662109375,0.59375,3.255859375,0.0,0.0,0.0
1087725675,869378,0,1.05078125,2.51171875,0.525390625,3.037109375,0.0,0.0,0.0
1087726927,869379,0,0.98828125,2.34765625,0.400390625,2.748046875,0.0,0.0,0.0
1087728177,869380,0,1.001953125,2.125,0.265625,2.390625,0.0,0.0,0.0
1087729429,869381,0,0.99609375,1.947265625,0.220703125,2.16796875,0.0,0.0,0.0
1087730680,869382,0,1.015625,1.712890625,0.201171875,1.9140625,0.0,0.0,0.0
1087731930,869383,0,1.037109375,1.470703125,0.13671875,1.607421875,0.0,0.0,0.0
1087733180,869384,0,1.0546875,1.2578125,0.021484375,1.279296875,0.0,0.0,0.0
1087734431,869385,0,1.056640625,0.966796875,-0.083984375,0.8828125,0.0,0.0,0.0
1087735682,869386,0,1.0390625,0.73828125,-0.15234375,0.5859375,0.0,0.0,0.0
1087736933,869387,0,1.05859375,0.4609375,-0.228515625,0.232421875,0.0,0.0,0.0
1087738184,869388,0,0.998046875,0.212890625,-0.271484375,-0.05859375,0.0,0.0,0.0
1087739434,869389,0,0.9921875,-0.041015625,-0.32421875,-0.365234375,0.0,0.0,0.0
1087740685,869390,0,0.947265625,-0.306640625,-0.419921875,-0.7265625,0.0,0.0,0.0
1087741936,869391,0,0.921875,-0.52734375,-0.5078125,-1.03515625,0.0,0.0,0.0
1087743188,869392,0,0.92578125,-0.791015625,-0.515625,-1.306640625,0.0,0.0,0.0
1087744439,869393,0,0.908203125,-1.001953125,-0.416015625,-1.41796875,0.0,0.0,0.0
1087745690,869394,0,1.083984375,-1.107421875,-0.423828125,-1.53125,0.0,0.0,0.0
1087746941,869395,0,1.302734375,-0.998046875,-0.236328125,-1.234375,0.0,0.0,0.0
1087748192,869396,0,0.93359375,-1.6484375,-0.21875,-1.8671875,0.0,0.0,0.0
1087749443,869397,0,1.130859375,-1.630859375,-0.3828125,-2.013671875,0.0,0.0,0.0
1087750695,869398,0,0.978515625,-1.818359375,-0.33203125,-2.150390625,0.0,0.0,0.0
1087751945,869399,0,0.875,-1.94921875,-0.232421875,-2.181640625,0.0,0.0,0.0
1087753195,869400,0,0.955078125,-1.884765625,-0.310546875,-2.1953125,0.0,0.0,0.0
1087754447,869401,0,0.896484375,-1.91015625,-0.3203125,-2.23046875,0.0,0.0,0.0
1087755697,869402,0,0.85546875,-1.95703125,-0.279296875,-2.236328125,0.0,0.0,0.0
1087756949,869403,0,0.892578125,-1.962890625,-0.244140625,-2.20703125,0.0,0.0,0.0
1087758200,869404,0,0.935546875,-1.904296875,-0.248046875,-2.15234375,0.0,0.0,0.0
1087759452,869405,0,0.966796875,-1.84375,-0.251953125,-2.095703125,0.0,0.0,0.0
1087760702,869406,0,0.982421875,-1.77734375,-0.248046875,-2.025390625,0.0,0.0,0.0
1087761954,869407,0,0.99609375,-1.677734375,-0.24609375,-1.923828125,0.0,0.0,0.0
1087763205,869408,0,1.021484375,-1.548828125,-0.248046875,-1.796875,0.0,0.0,0.0
1087764456,869409,0,1.017578125,-1.4296875,-0.248046875,-1.677734375,0.0,0.0,0.0
1087765708,869410,0,0.98828125,-1.302734375,-0.2578125,-1.560546875,0.0,0.0,0.0
1087766958,869411,0,0.98828125,-1.1484375,-0.259765625,-1.408203125,0.0,0.0,0.0
1087768209,869412,0,0.96875,-0.990234375,-0.263671875,-1.25390625,0.0,0.0,0.0
1087769459,869413,0,0.96875,-0.826171875,-0.228515625,-1.0546875,0.0,0.0,0.0
1087770710,869414,0,0.98828125,-0.619140625,-0.154296875,-0.7734375,0.0,0.0,0.0
1087771961,869415,0,0.990234375,-0.41796875,-0.056640625,-0.474609375,0.0,0.0,0.0
1087773212,869416,0,0.9921875,-0.33984375,-0.177734375,-0.517578125,0.0,0.0,0.0
1087774462,869417,0,1.02734375,-0.111328125,-0.087890625,-0.19921875,0.0,0.0,0.0
1087775713,869418,0,0.98046875,0.0078125,0.03515625,0.04296875,0.0,0.0,0.0
1087776965,869419,0,1.123046875,0.20703125,-0.05859375,0.1484375,0.0,0.0,0.0
1087778216,869420,0,0.98828125,0.29296875,-0.103515625,0.189453125,0.0,0.0,0.0
1087779468,869421,0,1.111328125,0.431640625,-0.376953125,0.0546875,0.0,0.0,0.0
1087780719,869422,0,0.896484375,0.525390625,-0.08203125,0.443359375,0.0,0.0,0.0
1087781969,869423,0,1.0390625,0.68359375,-0.09375,0.58984375,0.0,0.0,0.0
1087783221,869424,0,0.982421875,0.841796875,0.048828125,0.890625,0.0,0.0,0.0
1087784471,869425,0,1.0625,0.95703125,0.107421875,1.064453125,0.0,0.0,0.0
1087785721,869426,0,1.0234375,1.029296875,0.1640625,1.193359375,0.0,0.0,0.0
1087786972,869427,0,1.025390625,1.09375,0.18359375,1.27734375,0.0,0.0,0.0
1087788224,869428,0,1.02734375,1.15625,0.1875,1.34375,0.0,0.0,0.0
1087789474,869429,0,1.033203125,1.1953125,0.208984375,1.404296875,0.0,0.0,0.0
1087790724,869430,0,1.033203125,1.23046875,0.228515625,1.458984375,0.0,0.0,0.0
1087791976,869431,0,1.037109375,1.259765625,0.248046875,1.5078125,0.0,0.0,0.0
1087793226,869432,0,1.041015625,1.251953125,0.251953125,1.50390625,0.0,0.0,0.0
1087794476,869433,0,1.03125,1.2421875,0.25390625,1.49609375,0.0,0.0,0.0
1087795728,869434,0,1.041015625,1.203125,0.240234375,1.443359375,0.0,0.0,0.0
1087796978,869435,0,1.041015625,1.17578125,0.248046875,1.423828125,0.0,0.0,0.0
1087798230,869436,0,1.041015625,1.123046875,0.2265625,1.349609375,0.0,0.0,0.0
1087799481,869437,0,1.0234375,1.064453125,0.201171875,1.265625,0.0,0.0,0.0
1087800732,869438,0,1.03125,0.916015625,0.17578125,1.091796875,0.0,0.0,0.0
1087801983,869439,0,1.02734375,0.8203125,0.150390625,0.970703125,0.0,0.0,0.0
1087803235,869440,0,1.021484375,0.720703125,0.125,0.845703125,0.0,0.0,0.0
1087804485,869441,0,1.01953125,0.6171875,0.1015625,0.71875,0.0,0.0,0.0
1087805736,869442,0,1.01171875,0.517578125,0.068359375,0.5859375,0.0,0.0,0.0
1087806987,869443,0,1.01171875,0.400390625,0.0390625,0.439453125,0.0,0.0,0.0
1087808237,869444,0,1.00390625,0.294921875,0.013671875,0.30859375,0.0,0.0,0.0
1087809488,869445,0,1.0,0.173828125,-0.001953125,0.171875,0.0,0.0,0.0
1087810738,869446,0,1.001953125,0.068359375,-0.03125,0.037109375,0.0,0.0,0.0
1087811989,869447,0,1.01171875,-0.03515625,-0.046875,-0.08203125,0.0,0.0,0.0
1087813239,869448,0,1.005859375,-0.12109375,-0.04296875,-0.1640625,0.0,0.0,0.0
1087814490,869449,0,1.005859375,-0.22265625,-0.03515625,-0.2578125,0.0,0.0,0.0
1087815741,869450,0,0.998046875,-0.318359375,-0.0546875,-0.373046875,0.0,0.0,0.0
1087816991,869451,0,0.9921875,-0.416015625,-0.08984375,-0.505859375,0.0,0.0,0.0
1087818242,869452,0,0.98828125,-0.50390625,-0.123046875,-0.626953125,0.0,0.0,0.0
1087819493,869453,0,0.98046875,-0.5859375,-0.12890625,-0.71484375,0.0,0.0,0.0
1087820745,869454,0,0.98828125,-0.640625,-0.1171875,-0.7578125,0.0,0.0,0.0
1087821995,869455,0,1.0,-0.6953125,-0.125,-0.8203125,0.0,0.0,0.0
1087823247,869456,0,1.005859375,-0.744140625,-0.13671875,-0.880859375,0.0,0.0,0.0
1087824498,869457,0,1.0,-0.79296875,-0.13671875,-0.9296875,0.0,0.0,0.0
1087825749,869458,0,0.99609375,-0.8203125,-0.134765625,-0.955078125,0.0,0.0,0.0
1087827000,869459,0,0.994140625,-0.833984375,-0.125,-0.958984375,0.0,0.0,0.0
1087828250,869460,0,0.982421875,-0.8515625,-0.125,-0.9765625,0.0,0.0,0.0
1087829501,869461,0,0.974609375,-0.8359375,-0.115234375,-0.951171875,0.0,0.0,0.0
1087830752,869462,0,0.970703125,-0.830078125,-0.109375,-0.939453125,0.0,0.0,0.0
1087832003,869463,0,0.96875,-0.802734375,-0.10546875,-0.908203125,0.0,0.0,0.0
1087833254,869464,0,0.96875,-0.779296875,-0.111328125,-0.890625,0.0,0.0,0.0
1087834504,869465,0,0.97265625,-0.751953125,-0.11328125,-0.865234375,0.0,0.0,0.0
1087835755,869466,0,0.9765625,-0.70703125,-0.1171875,-0.82421875,0.0,0.0,0.0
1087837006,869467,0,0.986328125,-0.654296875,-0.119140625,-0.7734375,0.0,0.0,0.0
1087838257,869468,0,0.994140625,-0.59765625,-0.10546875,-0.703125,0.0,0.0,0.0
1087839508,869469,0,1.001953125,-0.537109375,-0.09765625,-0.634765625,0.0,0.0,0.0
1087840760,869470,0,1.017578125,-0.455078125,-0.07421875,-0.529296875,0.0,0.0,0.0
1087842010,869471,0,1.015625,-0.38671875,-0.0703125,-0.45703125,0.0,0.0,0.0
1087843261,869472,0,0.998046875,-0.34375,-0.087890625,-0.431640625,0.0,0.0,0.0
1087844513,869473,0,1.037109375,-0.240234375,-0.07421875,-0.314453125,0.0,0.0,0.0
1087845763,869474,0,1.01953125,-0.18359375,-0.015625,-0.19921875,0.0,0.0,0.0
1087847014,869475,0,1.001953125,-0.1171875,0.0,-0.1171875,0.0,0.0,0.0
1087848271,869476,0,0.990234375,-0.037109375,-0.005859375,-0.04296875,0.0,0.0,0.0
1087849522,869477,0,0.99609375,0.033203125,-0.009765625,0.0234375,0.0,0.0,0.0
1087850774,869478,0,1.001953125,0.09375,0.0234375,0.1171875,0.0,0.0,0.0
1087852024,869479,0,1.0,0.16015625,0.025390625,0.185546875,0.0,0.0,0.0
1087853275,869480,0,0.994140625,0.26953125,0.044921875,0.314453125,0.0,0.0,0.0
1087854527,869481,0,1.0,0.326171875,0.0625,0.388671875,0.0,0.0,0.0
1087855778,869482,0,1.013671875,0.369140625,0.068359375,0.4375,0.0,0.0,0.0
1087857028,869483,0,1.02734375,0.41015625,0.08203125,0.4921875,0.0,0.0,0.0
1087858278,869484,0,1.021484375,0.44140625,0.08984375,0.53125,0.0,0.0,0.0
1087859528,869485,0,1.025390625,0.47265625,0.09375,0.56640625,0.0,0.0,0.0
1087860780,869486,0,1.013671875,0.490234375,0.10546875,0.595703125,0.0,0.0,0.0
1087862031,869487,0,1.013671875,0.501953125,0.1171875,0.619140625,0.0,0.0,0.0
1087863282,869488,0,1.009765625,0.515625,0.1171875,0.6328125,0.0,0.0,0.0
1087864533,869489,0,1.0078125,0.5078125,0.1171875,0.625,0.0,0.0,0.0
1087865784,869490,0,1.0078125,0.509765625,0.12109375,0.630859375,0.0,0.0,0.0
1087867034,869491,0,1.01171875,0.49609375,0.115234375,0.611328125,0.0,0.0,0.0
1087868284,869492,0,1.017578125,0.484375,0.111328125,0.595703125,0.0,0.0,0.0
1087869536,869493,0,1.01171875,0.462890625,0.109375,0.572265625,0.0,0.0,0.0
1087870787,869494,0,1.017578125,0.43359375,0.103515625,0.537109375,0.0,0.0,0.0
1087872038,869495,0,1.021484375,0.40625,0.10546875,0.51171875,0.0,0.0,0.0
1087873288,869496,0,1.0078125,0.375,0.095703125,0.470703125,0.0,0.0,0.0
1087874539,869497,0,1.025390625,0.337890625,0.083984375,0.421875,0.0,0.0,0.0
1087875790,869498,0,1.017578125,0.2890625,0.0859375,0.375,0.0,0.0,0.0
1087877040,869499,0,1.017578125,0.25,0.080078125,0.330078125,0.0,0.0,0.0
1087878290,869500,0,1.0,0.19921875,0.05078125,0.25,0.0,0.0,0.0
1087879542,869501,0,1.001953125,0.16015625,0.046875,0.20703125,0.0,0.0,0.0
1087880793,869502,0,0.99609375,0.1015625,0.033203125,0.134765625,0.0,0.0,0.0
1087882044,869503,0,1.013671875,0.0546875,0.021484375,0.076171875,0.0,0.0,0.0
1087883295,869504,0,1.001953125,0.0078125,0.017578125,0.025390625,0.0,0.0,0.0
1087884546,869505,0,0.998046875,-0.0390625,0.0078125,-0.03125,0.0,0.0,0.0
1087885796,869506,0,1.001953125,-0.080078125,-0.001953125,-0.08203125,0.0,0.0,0.0
1087887048,869507,0,1.001953125,-0.123046875,-0.01953125,-0.142578125,0.0,0.0,0.0
1087888299,869508,0,1.001953125,-0.162109375,-0.013671875,-0.17578125,0.0,0.0,0.0
1087889549,869509,0,1.001953125,-0.193359375,-0.025390625,-0.21875,0.0,0.0,0.0
1087890801,869510,0,1.001953125,-0.236328125,-0.029296875,-0.265625,0.0,0.0,0.0
1087892051,869511,0,0.99609375,-0.2578125,-0.033203125,-0.291015625,0.0,0.0,0.0
1087893301,869512,0,0.994140625,-0.287109375,-0.041015625,-0.328125,0.0,0.0,0.0
1087894552,869513,0,0.99609375,-0.310546875,-0.0390625,-0.349609375,0.0,0.0,0.0
1087895803,869514,0,0.99609375,-0.326171875,-0.048828125,-0.375,0.0,0.0,0.0
1087897054,869515,0,0.9921875,-0.35546875,-0.048828125,-0.404296875,0.0,0.0,0.0
1087898305,869516,0,0.990234375,-0.36328125,-0.052734375,-0.416015625,0.0,0.0,0.0
1087899556,869517,0,0.998046875,-0.3671875,-0.06640625,-0.43359375,0.0,0.0,0.0
1087900807,869518,0,1.0,-0.357421875,-0.052734375,-0.41015625,0.0,0.0,0.0
1087902059,869519,0,1.001953125,-0.3671875,-0.052734375,-0.419921875,0.0,0.0,0.0
1087903310,869520,0,0.990234375,-0.361328125,-0.05078125,-0.412109375,0.0,0.0,0.0
1087904560,869521,0,0.994140625,-0.34765625,-0.05859375,-0.40625,0.0,0.0,0.0
1087905810,869522,0,0.99609375,-0.32421875,-0.046875,-0.37109375,0.0,0.0,0.0
1087907061,869523,0,0.994140625,-0.296875,-0.044921875,-0.341796875,0.0,0.0,0.0
1087908311,869524,0,0.99609375,-0.275390625,-0.0390625,-0.314453125,0.0,0.0,0.0
1087909563,869525,0,0.99609375,-0.259765625,-0.03515625,-0.294921875,0.0,0.0,0.0
1087910813,869526,0,0.994140625,-0.2265625,-0.029296875,-0.255859375,0.0,0.0,0.0
1087912065,869527,0,1.00390625,-0.193359375,-0.021484375,-0.21484375,0.0,0.0,0.0
1087913316,869528,0,0.994140625,-0.16796875,-0.021484375,-0.189453125,0.0,0.0,0.0
1087914566,869529,0,1.0,-0.140625,-0.021484375,-0.162109375,0.0,0.0,0.0
1087915817,869530,0,0.998046875,-0.109375,-0.01171875,-0.12109375,0.0,0.0,0.0
1087917067,869531,0,1.0,-0.083984375,-0.005859375,-0.08984375,0.0,0.0,0.0
1087918317,869532,0,1.005859375,-0.052734375,0.001953125,-0.05078125,0.0,0.0,0.0
1087919567,869533,0,1.0,-0.01953125,0.0078125,-0.01171875,0.0,0.0,0.0
1087920818,869534,0,1.0078125,0.005859375,0.015625,0.021484375,0.0,0.0,0.0
1087922070,869535,0,1.015625,0.029296875,0.013671875,0.04296875,0.0,0.0,0.0
1087923321,869536,0,1.00390625,0.060546875,0.021484375,0.08203125,0.0,0.0,0.0
1087924571,869537,0,1.005859375,0.0859375,0.03125,0.1171875,0.0,0.0,0.0
1087925821,869538,0,1.001953125,0.10546875,0.033203125,0.138671875,0.0,0.0,0.0
1087927071,869539,0,1.00390625,0.130859375,0.0390625,0.169921875,0.0,0.0,0.0
1087928322,869540,0,1.017578125,0.1484375,0.046875,0.1953125,0.0,0.0,0.0
1087929572,869541,0,1.0078125,0.1640625,0.05078125,0.21484375,0.0,0.0,0.0
1087930823,869542,0,1.005859375,0.18359375,0.052734375,0.236328125,0.0,0.0,0.0
1087932075,869543,0,1.001953125,0.19140625,0.05859375,0.25,0.0,0.0,0.0
1087933326,869544,0,1.009765625,0.19140625,0.0546875,0.24609375,0.0,0.0,0.0
1087934577,869545,0,1.0078125,0.203125,0.056640625,0.259765625,0.0,0.0,0.0
1087935829,869546,0,1.013671875,0.203125,0.0625,0.265625,0.0,0.0,0.0
1087937079,869547,0,1.01171875,0.203125,0.060546875,0.263671875,0.0,0.0,0.0
1087938329,869548,0,1.005859375,0.197265625,0.0703125,0.267578125,0.0,0.0,0.0
1087939580,869549,0,1.009765625,0.193359375,0.06640625,0.259765625,0.0,0.0,0.0
1087940831,869550,0,1.009765625,0.1875,0.05859375,0.24609375,0.0,0.0,0.0
1087942082,869551,0,1.009765625,0.171875,0.0546875,0.2265625,0.0,0.0,0.0
1087943333,869552,0,1.009765625,0.15625,0.056640625,0.212890625,0.0,0.0,0.0
1087944584,869553,0,1.0078125,0.146484375,0.056640625,0.203125,0.0,0.0,0.0
1087945835,869554,0,1.005859375,0.13671875,0.048828125,0.185546875,0.0,0.0,0.0
1087947087,869555,0,1.005859375,0.11328125,0.052734375,0.166015625,0.0,0.0,0.0
1087948338,869556,0,1.01171875,0.099609375,0.048828125,0.1484375,0.0,0.0,0.0
1087949590,869557,0,1.009765625,0.083984375,0.046875,0.130859375,0.0,0.0,0.0
1087950841,869558,0,1.0078125,0.05859375,0.0390625,0.09765625,0.0,0.0,0.0
1087952092,869559,0,1.009765625,0.033203125,0.033203125,0.06640625,0.0,0.0,0.0
1087953343,869560,0,0.99609375,0.01953125,0.025390625,0.044921875,0.0,0.0,0.0
1087954595,869561,0,1.005859375,-0.0078125,0.0234375,0.015625,0.0,0.0,0.0
1087955845,869562,0,1.009765625,-0.021484375,0.025390625,0.00390625,0.0,0.0,0.0
1087957097,869563,0,1.0,-0.0390625,0.0078125,-0.03125,0.0,0.0,0.0
1087958348,869564,0,0.99609375,-0.05859375,0.009765625,-0.048828125,0.0,0.0,0.0
1087959600,869565,0,0.99609375,-0.087890625,0.001953125,-0.0859375,0.0,0.0,0.0
1087960850,869566,0,0.998046875,-0.103515625,-0.00390625,-0.107421875,0.0,0.0,0.0
1087962101,869567,0,1.001953125,-0.119140625,-0.001953125,-0.12109375,0.0,0.0,0.0
1087963351,869568,0,1.0,-0.126953125,-0.00390625,-0.130859375,0.0,0.0,0.0
1087964602,869569,0,1.001953125,-0.140625,-0.00390625,-0.14453125,0.0,0.0,0.0
1087965853,869570,0,1.0,-0.150390625,-0.009765625,-0.16015625,0.0,0.0,0.0
1087967104,869571,0,1.001953125,-0.15625,-0.0078125,-0.1640625,0.0,0.0,0.0
1087968355,869572,0,1.00390625,-0.158203125,-0.01171875,-0.169921875,0.0,0.0,0.0
1087969606,869573,0,1.005859375,-0.166015625,-0.013671875,-0.1796875,0.0,0.0,0.0
1087970857,869574,0,1.00390625,-0.166015625,-0.013671875,-0.1796875,0.0,0.0,0.0
1087972109,869575,0,0.998046875,-0.1640625,-0.017578125,-0.181640625,0.0,0.0,0.0
1087973360,869576,0,1.00390625,-0.166015625,-0.015625,-0.181640625,0.0,0.0,0.0
1087974610,869577,0,0.994140625,-0.1640625,-0.0234375,-0.1875,0.0,0.0,0.0
1087975861,869578,0,1.00390625,-0.158203125,-0.021484375,-0.1796875,0.0,0.0,0.0
1087977112,869579,0,1.0,-0.154296875,-0.013671875,-0.16796875,0.0,0.0,0.0
1087978362,869580,0,1.0078125,-0.142578125,-0.01171875,-0.154296875,0.0,0.0,0.0
1087979613,869581,0,0.998046875,-0.1328125,-0.015625,-0.1484375,0.0,0.0,0.0
1087980863,869582,0,1.00390625,-0.130859375,-0.015625,-0.146484375,0.0,0.0,0.0
1087982115,869583,0,1.0,-0.123046875,-0.0078125,-0.130859375,0.0,0.0,0.0
1087983366,869584,0,1.00390625,-0.1015625,-0.005859375,-0.107421875,0.0,0.0,0.0
1087984616,869585,0,1.0,-0.09765625,-0.01171875,-0.109375,0.0,0.0,0.0
1087985867,869586,0,1.00390625,-0.08203125,-0.001953125,-0.083984375,0.0,0.0,0.0
1087987117,869587,0,1.0078125,-0.072265625,0.0,-0.072265625,0.0,0.0,0.0
1087988367,869588,0,1.00390625,-0.0625,0.0,-0.0625,0.0,0.0,0.0
1087989618,869589,0,1.0078125,-0.046875,0.001953125,-0.044921875,0.0,0.0,0.0
1087990868,869590,0,1.001953125,-0.03515625,0.009765625,-0.025390625,0.0,0.0,0.0
1087992120,869591,0,1.005859375,-0.0234375,0.017578125,-0.005859375,0.0,0.0,0.0
1087993371,869592,0,1.0,-0.009765625,0.01171875,0.001953125,0.0,0.0,0.0
1087994621,869593,0,1.00390625,0.00390625,0.021484375,0.025390625,0.0,0.0,0.0
1087995873,869594,0,0.998046875,0.0078125,0.01953125,0.02734375,0.0,0.0,0.0
1087997123,869595,0,1.005859375,0.01953125,0.02734375,0.046875,0.0,0.0,0.0
1087998373,869596,0,1.005859375,0.02734375,0.029296875,0.056640625,0.0,0.0,0.0
1087999623,869597,0,1.0078125,0.037109375,0.029296875,0.06640625,0.0,0.0,0.0
1088000873,869598,0,1.001953125,0.04296875,0.02734375,0.0703125,0.0,0.0,0.0
1088002125,869599,0,1.0078125,0.048828125,0.03125,0.080078125,0.0,0.0,0.0
1088003376,869600,0,1.005859375,0.05859375,0.033203125,0.091796875,0.0,0.0,0.0
1088004626,869601,0,1.01171875,0.072265625,0.03515625,0.107421875,0.0,0.0,0.0
1088005877,869602,0,1.015625,0.07421875,0.037109375,0.111328125,0.0,0.0,0.0
1088007128,869603,0,1.013671875,0.068359375,0.041015625,0.109375,0.0,0.0,0.0
1088008379,869604,0,1.01171875,0.0703125,0.041015625,0.111328125,0.0,0.0,0.0
1088009631,869605,0,1.00390625,0.068359375,0.033203125,0.1015625,0.0,0.0,0.0
1088010882,869606,0,1.0078125,0.068359375,0.03515625,0.103515625,0.0,0.0,0.0
1088012132,869607,0,1.001953125,0.068359375,0.03125,0.099609375,0.0,0.0,0.0
1088013382,869608,0,1.001953125,0.0625,0.03515625,0.09765625,0.0,0.0,0.0
1088014633,869609,0,0.998046875,0.056640625,0.03515625,0.091796875,0.0,0.0,0.0
1088015884,869610,0,1.005859375,0.048828125,0.03515625,0.083984375,0.0,0.0,0.0
1088017135,869611,0,1.0078125,0.046875,0.033203125,0.080078125,0.0,0.0,0.0
1088018385,869612,0,1.005859375,0.03515625,0.03125,0.06640625,0.0,0.0,0.0
1088019637,869613,0,1.00390625,0.029296875,0.033203125,0.0625,0.0,0.0,0.0
1088020887,869614,0,0.998046875,0.01953125,0.033203125,0.052734375,0.0,0.0,0.0
1088022137,869615,0,1.00390625,0.013671875,0.029296875,0.04296875,0.0,0.0,0.0
1088023388,869616,0,0.998046875,0.001953125,0.0234375,0.025390625,0.0,0.0,0.0
1088024639,869617,0,0.998046875,-0.00390625,0.025390625,0.021484375,0.0,0.0,0.0
1088025889,869618,0,1.001953125,-0.01171875,0.021484375,0.009765625,0.0,0.0,0.0
1088027140,869619,0,1.0,-0.017578125,0.01953125,0.001953125,0.0,0.0,0.0
1088028392,869620,0,1.001953125,-0.033203125,0.01953125,-0.013671875,0.0,0.0,0.0
1088029642,869621,0,0.998046875,-0.037109375,0.025390625,-0.01171875,0.0,0.0,0.0
1088030894,869622,0,1.00390625,-0.05078125,0.021484375,-0.029296875,0.0,0.0,0.0
1088032145,869623,0,0.99609375,-0.05078125,0.005859375,-0.044921875,0.0,0.0,0.0
1088033396,869624,0,1.0078125,-0.060546875,0.017578125,-0.04296875,0.0,0.0,0.0
1088034648,869625,0,1.00390625,-0.060546875,0.009765625,-0.05078125,0.0,0.0,0.0
1088035899,869626,0,1.01171875,-0.0703125,0.00390625,-0.06640625,0.0,0.0,0.0
1088037150,869627,0,1.001953125,-0.0703125,0.005859375,-0.064453125,0.0,0.0,0.0
1088038400,869628,0,1.00390625,-0.080078125,-0.001953125,-0.08203125,0.0,0.0,0.0
1088039651,869629,0,1.00390625,-0.078125,0.001953125,-0.076171875,0.0,0.0,0.0
1088040902,869630,0,0.994140625,-0.0859375,0.0,-0.0859375,0.0,0.0,0.0
1088042152,869631,0,1.0078125,-0.083984375,-0.001953125,-0.0859375,0.0,0.0,0.0
1088043402,869632,0,1.00390625,-0.0859375,-0.00390625,-0.08984375,0.0,0.0,0.0
1088044654,869633,0,1.001953125,-0.09375,-0.001953125,-0.095703125,0.0,0.0,0.0
1088045904,869634,0,1.001953125,-0.091796875,0.005859375,-0.0859375,0.0,0.0,0.0
1088047154,869635,0,1.0078125,-0.087890625,0.0,-0.087890625,0.0,0.0,0.0
1088048405,869636,0,1.005859375,-0.08984375,0.001953125,-0.087890625,0.0,0.0,0.0
1088049655,869637,0,1.00390625,-0.087890625,0.0,-0.087890625,0.0,0.0,0.0
1088050906,869638,0,1.005859375,-0.08203125,0.0,-0.08203125,0.0,0.0,0.0
1088052157,869639,0,1.0,-0.078125,0.001953125,-0.076171875,0.0,0.0,0.0
1088053408,869640,0,1.0,-0.076171875,0.001953125,-0.07421875,0.0,0.0,0.0
1088054659,869641,0,1.001953125,-0.0703125,-0.001953125,-0.072265625,0.0,0.0,0.0
1088055911,869642,0,1.001953125,-0.064453125,0.005859375,-0.05859375,0.0,0.0,0.0
1088057162,869643,0,1.0078125,-0.056640625,0.001953125,-0.0546875,0.0,0.0,0.0
1088058414,869644,0,1.005859375,-0.060546875,0.009765625,-0.05078125,0.0,0.0,0.0
1088059664,869645,0,1.005859375,-0.052734375,0.001953125,-0.05078125,0.0,0.0,0.0
1088060916,869646,0,1.013671875,-0.044921875,0.005859375,-0.0390625,0.0,0.0,0.0
1088062167,869647,0,1.00390625,-0.037109375,0.013671875,-0.0234375,0.0,0.0,0.0
1088063417,869648,0,0.994140625,-0.0390625,0.013671875,-0.025390625,0.0,0.0,0.0
1088064668,869649,0,1.0,-0.025390625,0.017578125,-0.0078125,0.0,0.0,0.0
1088065919,869650,0,1.01171875,-0.017578125,0.015625,-0.001953125,0.0,0.0,0.0
1088067170,869651,0,1.0078125,-0.009765625,0.01953125,0.009765625,0.0,0.0,0.0
1088068421,869652,0,1.001953125,-0.0078125,0.01953125,0.01171875,0.0,0.0,0.0
1088069672,869653,0,1.00390625,-0.00390625,0.01953125,0.015625,0.0,0.0,0.0
1088070922,869654,0,1.0078125,0.001953125,0.01953125,0.021484375,0.0,0.0,0.0
1088072173,869655,0,1.0078125,0.005859375,0.0234375,0.029296875,0.0,0.0,0.0
1088073425,869656,0,0.998046875,0.00390625,0.029296875,0.033203125,0.0,0.0,0.0
1088074675,869657,0,1.0,0.01171875,0.0234375,0.03515625,0.0,0.0,0.0
1088075927,869658,0,1.0078125,0.013671875,0.021484375,0.03515625,0.0,0.0,0.0
1088077177,869659,0,1.0078125,0.017578125,0.025390625,0.04296875,0.0,0.0,0.0
1088078429,869660,0,1.00390625,0.017578125,0.025390625,0.04296875,0.0,0.0,0.0
1088079680,869661,0,1.0,0.01953125,0.03125,0.05078125,0.0,0.0,0.0
1088080930,869662,0,1.00390625,0.0234375,0.03125,0.0546875,0.0,0.0,0.0
1088082180,869663,0,1.005859375,0.01953125,0.02734375,0.046875,0.0,0.0,0.0
1088083431,869664,0,1.0078125,0.01953125,0.03125,0.05078125,0.0,0.0,0.0
1088084682,869665,0,0.99609375,0.021484375,0.02734375,0.048828125,0.0,0.0,0.0
1088085933,869666,0,1.013671875,0.021484375,0.02734375,0.048828125,0.0,0.0,0.0
1088087184,869667,0,1.00390625,0.017578125,0.029296875,0.046875,0.0,0.0,0.0
1088088434,869668,0,0.998046875,0.017578125,0.025390625,0.04296875,0.0,0.0,0.0
1088089685,869669,0,1.005859375,0.015625,0.02734375,0.04296875,0.0,0.0,0.0
1088090936,869670,0,1.001953125,0.009765625,0.02734375,0.037109375,0.0,0.0,0.0
1088092188,869671,0,1.0,0.005859375,0.0234375,0.029296875,0.0,0.0,0.0
1088093439,869672,0,1.0078125,0.001953125,0.0234375,0.025390625,0.0,0.0,0.0
1088094690,869673,0,1.0078125,0.001953125,0.021484375,0.0234375,0.0,0.0,0.0
1088095941,869674,0,1.005859375,-0.005859375,0.021484375,0.015625,0.0,0.0,0.0
1088097192,869675,0,0.998046875,-0.00390625,0.021484375,0.017578125,0.0,0.0,0.0
1088098443,869676,0,1.001953125,-0.01171875,0.021484375,0.009765625,0.0,0.0,0.0
1088099695,869677,0,1.0078125,-0.017578125,0.021484375,0.00390625,0.0,0.0,0.0
1088100945,869678,0,1.0078125,-0.01953125,0.0234375,0.00390625,0.0,0.0,0.0
1088102195,869679,0,1.005859375,-0.021484375,0.021484375,0.0,0.0,0.0,0.0
1088103447,869680,0,1.001953125,-0.029296875,0.017578125,-0.01171875,0.0,0.0,2837.35400390625
1088105949,869682,0,1.005859375,-0.041015625,0.009765625,-0.03125,0.0,0.0,0.0
1088107200,869683,0,1.00390625,-0.037109375,0.013671875,-0.0234375,0.0,0.0,0.0
1088108452,869684,0,1.00390625,-0.044921875,0.013671875,-0.03125,0.0,0.0,0.0
1088109702,869685,0,0.998046875,-0.046875,0.009765625,-0.037109375,0.0,0.0,0.0
1088110954,869686,0,1.013671875,-0.05078125,0.01953125,-0.03125,0.0,0.0,0.0
1088112205,869687,0,1.0078125,-0.0546875,0.009765625,-0.044921875,0.0,0.0,0.0
1088113456,869688,0,1.00390625,-0.056640625,0.0,-0.056640625,0.0,0.0,0.0
1088114708,869689,0,1.0078125,-0.056640625,0.013671875,-0.04296875,0.0,0.0,0.0
1088115958,869690,0,1.005859375,-0.0625,0.009765625,-0.052734375,0.0,0.0,0.0
1088117209,869691,0,1.005859375,-0.0625,0.005859375,-0.056640625,0.0,0.0,0.0
1088118459,869692,0,1.0078125,-0.0625,0.009765625,-0.052734375,0.0,0.0,0.0
1088119710,869693,0,1.0078125,-0.05859375,0.001953125,-0.056640625,0.0,0.0,0.0
1088120961,869694,0,1.00390625,-0.05859375,0.0078125,-0.05078125,0.0,0.0,0.0
1088122212,869695,0,1.00390625,-0.06640625,0.0078125,-0.05859375,0.0,0.0,0.0
1088123462,869696,0,0.998046875,-0.0625,0.0078125,-0.0546875,0.0,0.0,0.0
1088124713,869697,0,1.00390625,-0.05859375,0.0078125,-0.05078125,0.0,0.0,0.0
1088125965,869698,0,1.005859375,-0.05859375,0.0078125,-0.05078125,0.0,0.0,0.0
1088127216,869699,0,1.00390625,-0.056640625,0.015625,-0.041015625,0.0,0.0,0.0
1088128468,869700,0,1.001953125,-0.0546875,0.01171875,-0.04296875,0.0,0.0,0.0
1088129719,869701,0,1.0078125,-0.048828125,0.0078125,-0.041015625,0.0,0.0,0.0
1088130969,869702,0,1.001953125,-0.05078125,0.017578125,-0.033203125,0.0,0.0,0.0
1088132221,869703,0,1.001953125,-0.044921875,0.017578125,-0.02734375,0.0,0.0,0.0
1088133471,869704,0,1.001953125,-0.041015625,0.017578125,-0.0234375,0.0,0.0,0.0
1088134721,869705,0,1.00390625,-0.041015625,0.015625,-0.025390625,0.0,0.0,0.0
1088135972,869706,0,1.005859375,-0.03515625,0.013671875,-0.021484375,0.0,0.0,0.0
1088137224,869707,0,1.0078125,-0.029296875,0.017578125,-0.01171875,0.0,0.0,0.0
1088138474,869708,0,1.013671875,-0.03125,0.013671875,-0.017578125,0.0,0.0,0.0
1088139724,869709,0,1.0078125,-0.021484375,0.0078125,-0.013671875,0.0,0.0,0.0
1088140976,869710,0,1.013671875,-0.015625,0.015625,0.0,0.0,0.0,0.0
1088142226,869711,0,1.009765625,-0.01953125,0.005859375,-0.013671875,0.0,0.0,0.0
1088143476,869712,0,0.99609375,-0.015625,0.015625,0.0,0.0,0.0,0.0
1088144728,869713,0,1.0,-0.009765625,0.013671875,0.00390625,0.0,0.0,0.0
1088145978,869714,0,1.001953125,-0.0078125,0.021484375,0.013671875,0.0,0.0,0.0
1088147230,869715,0,1.0078125,-0.005859375,0.021484375,0.015625,0.0,0.0,0.0
1088148481,869716,0,1.0078125,-0.005859375,0.015625,0.009765625,0.0,0.0,0.0
1088149732,869717,0,1.0078125,0.001953125,0.017578125,0.01953125,0.0,0.0,0.0
1088150983,869718,0,1.0078125,0.0,0.021484375,0.021484375,0.0,0.0,0.0
1088152235,869719,0,1.001953125,0.0,0.021484375,0.021484375,0.0,0.0,0.0
1088153485,869720,0,1.013671875,0.005859375,0.015625,0.021484375,0.0,0.0,0.0
1088154736,869721,0,1.0078125,0.005859375,0.017578125,0.0234375,0.0,0.0,0.0
1088155987,869722,0,1.005859375,0.009765625,0.021484375,0.03125,0.0,0.0,0.0
1088157237,869723,0,1.001953125,0.0078125,0.021484375,0.029296875,0.0,0.0,0.0
1088158488,869724,0,1.001953125,0.001953125,0.017578125,0.01953125,0.0,0.0,0.0
1088159738,869725,0,1.005859375,0.005859375,0.0234375,0.029296875,0.0,0.0,0.0
1088160989,869726,0,1.001953125,0.009765625,0.01953125,0.029296875,0.0,0.0,0.0
1088162239,869727,0,1.0078125,0.005859375,0.01953125,0.025390625,0.0,0.0,0.0
1088163490,869728,0,1.005859375,0.005859375,0.029296875,0.03515625,0.0,0.0,0.0
1088164741,869729,0,1.015625,0.0078125,0.021484375,0.029296875,0.0,0.0,0.0
1088165991,869730,0,1.005859375,0.00390625,0.0234375,0.02734375,0.0,0.0,0.0
1088167242,869731,0,1.0,-0.001953125,0.021484375,0.01953125,0.0,0.0,0.0
1088168493,869732,0,1.005859375,-0.00390625,0.01171875,0.0078125,0.0,0.0,0.0
1088169745,869733,0,1.005859375,-0.0078125,0.015625,0.0078125,0.0,0.0,0.0
1088170995,869734,0,1.00390625,-0.015625,0.015625,0.0,0.0,0.0,0.0
1088172247,869735,0,1.00390625,-0.01953125,0.013671875,-0.005859375,0.0,0.0,0.0
1088173498,869736,0,1.00390625,-0.017578125,0.013671875,-0.00390625,0.0,0.0,0.0
1088174749,869737,0,1.00390625,-0.021484375,0.01953125,-0.001953125,0.0,0.0,0.0
1088176000,869738,0,1.0,-0.029296875,0.013671875,-0.015625,0.0,0.0,0.0
1088177250,869739,0,1.001953125,-0.029296875,0.015625,-0.013671875,0.0,0.0,0.0
1088178501,869740,0,1.0078125,-0.03125,0.009765625,-0.021484375,0.0,0.0,0.0
1088179752,869741,0,1.0078125,-0.0390625,0.017578125,-0.021484375,0.0,0.0,0.0
1088181003,869742,0,1.00390625,-0.03515625,0.015625,-0.01953125,0.0,0.0,0.0
1088182254,869743,0,1.0078125,-0.0390625,0.009765625,-0.029296875,0.0,0.0,0.0
1088183504,869744,0,0.99609375,-0.044921875,0.009765625,-0.03515625,0.0,0.0,0.0
1088184755,869745,0,1.00390625,-0.04296875,0.009765625,-0.033203125,0.0,0.0,0.0
1088186006,869746,0,1.00390625,-0.048828125,0.01171875,-0.037109375,0.0,0.0,0.0
1088187257,869747,0,1.005859375,-0.048828125,0.01171875,-0.037109375,0.0,0.0,0.0
1088188508,869748,0,1.00390625,-0.05078125,0.015625,-0.03515625,0.0,0.0,0.0
1088189760,869749,0,1.001953125,-0.052734375,0.01171875,-0.041015625,0.0,0.0,0.0
1088191010,869750,0,1.001953125,-0.0546875,0.01171875,-0.04296875,0.0,0.0,0.0
1088192261,869751,0,0.998046875,-0.0546875,0.01171875,-0.04296875,0.0,0.0,0.0
1088193513,869752,0,0.99609375,-0.0546875,0.0078125,-0.046875,0.0,0.0,0.0
1088194763,869753,0,1.009765625,-0.052734375,0.005859375,-0.046875,0.0,0.0,0.0
1088196014,869754,0,1.001953125,-0.0546875,0.015625,-0.0390625,0.0,0.0,0.0
1088197271,869755,0,1.0,-0.05859375,0.0078125,-0.05078125,0.0,0.0,0.0
1088198522,869756,0,1.0078125,-0.056640625,0.01171875,-0.044921875,0.0,0.0,0.0
1088199774,869757,0,1.0078125,-0.0546875,0.005859375,-0.048828125,0.0,0.0,0.0
1088201024,869758,0,1.001953125,-0.052734375,0.013671875,-0.0390625,0.0,0.0,0.0
1088202275,869759,0,0.998046875,-0.048828125,0.009765625,-0.0390625,0.0,0.0,0.0
1088203527,869760,0,1.0078125,-0.041015625,0.009765625,-0.03125,0.0,0.0,0.0
1088204778,869761,0,1.005859375,-0.048828125,0.01171875,-0.037109375,0.0,0.0,0.0
1088206028,869762,0,0.998046875,-0.04296875,0.01171875,-0.03125,0.0,0.0,0.0
1088207278,869763,0,0.99609375,-0.0390625,0.017578125,-0.021484375,0.0,0.0,0.0
1088208528,869764,0,1.001953125,-0.037109375,0.013671875,-0.0234375,0.0,0.0,0.0
1088209780,869765,0,1.001953125,-0.033203125,0.01171875,-0.021484375,0.0,0.0,0.0
1088211031,869766,0,1.001953125,-0.0234375,0.01171875,-0.01171875,0.0,0.0,0.0
1088212282,869767,0,1.0,-0.029296875,0.015625,-0.013671875,0.0,0.0,0.0
1088213533,869768,0,1.009765625,-0.0234375,0.015625,-0.0078125,0.0,0.0,0.0
1088214784,869769,0,1.013671875,-0.0234375,0.017578125,-0.005859375,0.0,0.0,0.0
1088216034,869770,0,1.01171875,-0.01953125,0.013671875,-0.005859375,0.0,0.0,0.0
1088217284,869771,0,1.001953125,-0.015625,0.013671875,-0.001953125,0.0,0.0,0.0
1088218536,869772,0,1.009765625,-0.01171875,0.01953125,0.0078125,0.0,0.0,0.0
1088219787,869773,0,0.998046875,-0.0078125,0.0234375,0.015625,0.0,0.0,0.0
1088221038,869774,0,1.001953125,-0.001953125,0.021484375,0.01953125,0.0,0.0,0.0
1088222288,869775,0,1.001953125,-0.0078125,0.0234375,0.015625,0.0,0.0,0.0
1088223539,869776,0,1.0,0.0,0.021484375,0.021484375,0.0,0.0,0.0
1088224790,869777,0,1.013671875,0.0,0.021484375,0.021484375,0.0,0.0,0.0
1088226040,869778,0,1.005859375,0.001953125,0.021484375,0.0234375,0.0,0.0,0.0
1088227290,869779,0,1.009765625,0.0,0.01953125,0.01953125,0.0,0.0,0.0
1088228542,869780,0,1.005859375,0.0078125,0.0234375,0.03125,0.0,0.0,0.0
1088229793,869781,0,1.001953125,0.0,0.017578125,0.017578125,0.0,0.0,0.0
1088231044,869782,0,1.00390625,0.0,0.02734375,0.02734375,0.0,0.0,0.0
1088232295,869783,0,1.0078125,-0.001953125,0.02734375,0.025390625,0.0,0.0,0.0
1088233546,869784,0,1.0,0.001953125,0.013671875,0.015625,0.0,0.0,0.0
1088234796,869785,0,1.0078125,0.0,0.021484375,0.021484375,0.0,0.0,0.0
1088236048,869786,0,1.0,-0.001953125,0.021484375,0.01953125,0.0,0.0,0.0
1088237299,869787,0,1.009765625,-0.001953125,0.015625,0.013671875,0.0,0.0,0.0
1088238549,869788,0,1.0078125,-0.00390625,0.021484375,0.017578125,0.0,0.0,0.0
1088239801,869789,0,1.009765625,-0.00390625,0.015625,0.01171875,0.0,0.0,0.0
1088241051,869790,0,1.001953125,-0.00390625,0.015625,0.01171875,0.0,0.0,0.0
1088242301,869791,0,1.001953125,-0.0078125,0.017578125,0.009765625,0.0,0.0,0.0
1088243552,869792,0,1.0,-0.017578125,0.01953125,0.001953125,0.0,0.0,0.0
1088244803,869793,0,1.005859375,-0.021484375,0.01171875,-0.009765625,0.0,0.0,0.0
1088246054,869794,0,1.005859375,-0.021484375,0.017578125,-0.00390625,0.0,0.0,0.0
1088247305,869795,0,1.001953125,-0.0234375,0.01953125,-0.00390625,0.0,0.0,0.0
1088248556,869796,0,0.998046875,-0.02734375,0.01953125,-0.0078125,0.0,0.0,0.0
1088249807,869797,0,0.998046875,-0.02734375,0.017578125,-0.009765625,0.0,0.0,0.0
1088251059,869798,0,1.0,-0.03125,0.01171875,-0.01953125,0.0,0.0,0.0
1088252310,869799,0,1.017578125,-0.037109375,0.009765625,-0.02734375,0.0,0.0,0.0
1088253560,869800,0,1.00390625,-0.03515625,0.017578125,-0.017578125,0.0,0.0,0.0
1088254810,869801,0,1.00390625,-0.041015625,0.01171875,-0.029296875,0.0,0.0,0.0
1088256061,869802,0,1.00390625,-0.048828125,0.013671875,-0.03515625,0.0,0.0,0.0
1088257311,869803,0,1.001953125,-0.044921875,0.0078125,-0.037109375,0.0,0.0,0.0
1088258563,869804,0,1.005859375,-0.044921875,0.0078125,-0.037109375,0.0,0.0,0.0
1088259813,869805,0,1.00390625,-0.048828125,0.01171875,-0.037109375,0.0,0.0,0.0
1088261065,869806,0,1.0078125,-0.052734375,0.005859375,-0.046875,0.0,0.0,0.0
1088262316,869807,0,1.00390625,-0.052734375,0.015625,-0.037109375,0.0,0.0,0.0
1088263566,869808,0,1.0,-0.052734375,0.013671875,-0.0390625,0.0,0.0,0.0
1088264817,869809,0,1.001953125,-0.05078125,0.0078125,-0.04296875,0.0,0.0,0.0
1088266067,869810,0,1.00390625,-0.056640625,0.009765625,-0.046875,0.0,0.0,0.0
1088267317,869811,0,1.005859375,-0.0546875,0.015625,-0.0390625,0.0,0.0,0.0
1088268567,869812,0,0.998046875,-0.05078125,0.013671875,-0.037109375,0.0,0.0,0.0
1088269818,869813,0,1.005859375,-0.052734375,0.015625,-0.037109375,0.0,0.0,0.0
1088271070,869814,0,1.00390625,-0.046875,0.009765625,-0.037109375,0.0,0.0,0.0
1088272321,869815,0,1.009765625,-0.052734375,0.009765625,-0.04296875,0.0,0.0,0.0
1088273571,869816,0,1.0078125,-0.048828125,0.015625,-0.033203125,0.0,0.0,0.0
1088274821,869817,0,0.998046875,-0.044921875,0.013671875,-0.03125,0.0,0.0,0.0
1088276071,869818,0,1.00390625,-0.04296875,0.015625,-0.02734375,0.0,0.0,0.0
1088277322,869819,0,1.00390625,-0.03515625,0.015625,-0.01953125,0.0,0.0,0.0
1088278572,869820,0,1.013671875,-0.037109375,0.013671875,-0.0234375,0.0,0.0,0.0
1088279823,869821,0,1.0078125,-0.029296875,0.01171875,-0.017578125,0.0,0.0,0.0
1088281075,869822,0,1.00390625,-0.033203125,0.017578125,-0.015625,0.0,0.0,0.0
1088282326,869823,0,1.0078125,-0.0234375,0.01953125,-0.00390625,0.0,0.0,0.0
1088283577,869824,0,1.00390625,-0.0234375,0.015625,-0.0078125,0.0,0.0,0.0
1088284829,869825,0,1.00390625,-0.021484375,0.01953125,-0.001953125,0.0,0.0,0.0
1088286079,869826,0,1.0,-0.015625,0.01953125,0.00390625,0.0,0.0,0.0
1088287329,869827,0,1.009765625,-0.01171875,0.013671875,0.001953125,0.0,0.0,0.0
1088288580,869828,0,1.00390625,-0.013671875,0.017578125,0.00390625,0.0,0.0,0.0
1088289831,869829,0,1.00390625,-0.013671875,0.021484375,0.0078125,0.0,0.0,0.0
1088291082,869830,0,1.005859375,-0.009765625,0.0234375,0.013671875,0.0,0.0,0.0
1088292333,869831,0,1.0078125,0.0,0.01953125,0.01953125,0.0,0.0,0.0
1088293584,869832,0,1.0078125,-0.00390625,0.021484375,0.017578125,0.0,0.0,0.0
1088294835,869833,0,1.0078125,-0.005859375,0.017578125,0.01171875,0.0,0.0,0.0
1088296087,869834,0,1.001953125,-0.001953125,0.017578125,0.015625,0.0,0.0,0.0
1088297338,869835,0,1.009765625,-0.001953125,0.02734375,0.025390625,0.0,0.0,0.0
1088298590,869836,0,1.01171875,0.00390625,0.009765625,0.013671875,0.0,0.0,0.0
1088299841,869837,0,0.994140625,0.0,0.025390625,0.025390625,0.0,0.0,0.0
1088301092,869838,0,0.998046875,0.0,0.025390625,0.025390625,0.0,0.0,0.0
1088302343,869839,0,1.005859375,-0.00390625,0.0234375,0.01953125,0.0,0.0,0.0
1088303595,869840,0,1.005859375,-0.00390625,0.0234375,0.01953125,0.0,0.0,0.0
1088304845,869841,0,1.0078125,-0.005859375,0.0234375,0.017578125,0.0,0.0,0.0
1088306097,869842,0,1.005859375,-0.00390625,0.01953125,0.015625,0.0,0.0,0.0
1088307348,869843,0,1.005859375,-0.0078125,0.013671875,0.005859375,0.0,0.0,0.0
1088308600,869844,0,1.0078125,-0.009765625,0.017578125,0.0078125,0.0,0.0,0.0
1088309850,869845,0,1.001953125,-0.0078125,0.01953125,0.01171875,0.0,0.0,0.0
1088311101,869846,0,1.00390625,-0.01171875,0.017578125,0.005859375,0.0,0.0,0.0
1088312351,869847,0,1.001953125,-0.017578125,0.015625,-0.001953125,0.0,0.0,0.0
1088313602,869848,0,1.005859375,-0.013671875,0.01953125,0.005859375,0.0,0.0,0.0
1088314853,869849,0,1.001953125,-0.015625,0.021484375,0.005859375,0.0,0.0,0.0
1088316104,869850,0,1.001953125,-0.0234375,0.021484375,-0.001953125,0.0,0.0,0.0
1088317355,869851,0,1.00390625,-0.021484375,0.015625,-0.005859375,0.0,0.0,0.0
1088318606,869852,0,1.00390625,-0.0234375,0.015625,-0.0078125,0.0,0.0,0.0
1088319857,869853,0,1.00390625,-0.03515625,0.015625,-0.01953125,0.0,0.0,0.0
1088321109,869854,0,1.005859375,-0.0390625,0.021484375,-0.017578125,0.0,0.0,0.0
1088322360,869855,0,1.005859375,-0.037109375,0.009765625,-0.02734375,0.0,0.0,0.0
1088323610,869856,0,1.001953125,-0.03515625,0.0078125,-0.02734375,0.0,0.0,0.0
1088324861,869857,0,1.005859375,-0.041015625,0.00390625,-0.037109375,0.0,0.0,0.0
1088326112,869858,0,0.994140625,-0.037109375,0.01171875,-0.025390625,0.0,0.0,0.0
1088327362,869859,0,1.00390625,-0.0390625,0.01171875,-0.02734375,0.0,0.0,0.0
1088328613,869860,0,1.009765625,-0.048828125,0.009765625,-0.0390625,0.0,0.0,0.0
1088329863,869861,0,1.001953125,-0.048828125,0.01171875,-0.037109375,0.0,0.0,0.0
1088331115,869862,0,1.001953125,-0.046875,0.0078125,-0.0390625,0.0,0.0,0.0
1088332366,869863,0,1.00390625,-0.048828125,0.01171875,-0.037109375,0.0,0.0,0.0
1088333616,869864,0,1.0078125,-0.0546875,0.009765625,-0.044921875,0.0,0.0,0.0
1088334867,869865,0,1.009765625,-0.048828125,0.015625,-0.033203125,0.0,0.0,0.0
1088336117,869866,0,1.0078125,-0.048828125,0.00390625,-0.044921875,0.0,0.0,0.0
1088337367,869867,0,1.005859375,-0.048828125,0.009765625,-0.0390625,0.0,0.0,0.0
1088338618,869868,0,1.00390625,-0.046875,0.0078125,-0.0390625,0.0,0.0,0.0
1088339868,869869,0,1.0078125,-0.044921875,0.0078125,-0.037109375,0.0,0.0,0.0
1088341120,869870,0,1.009765625,-0.044921875,0.017578125,-0.02734375,0.0,0.0,0.0
1088342371,869871,0,1.0,-0.041015625,0.01171875,-0.029296875,0.0,0.0,0.0
1088343621,869872,0,0.99609375,-0.037109375,0.01171875,-0.025390625,0.0,0.0,0.0
1088344873,869873,0,0.998046875,-0.033203125,0.013671875,-0.01953125,0.0,0.0,0.0
1088346123,869874,0,1.001953125,-0.03515625,0.01953125,-0.015625,0.0,0.0,0.0
1088347373,869875,0,1.001953125,-0.02734375,0.01953125,-0.0078125,0.0,0.0,0.0
1088348623,869876,0,1.0078125,-0.029296875,0.0234375,-0.005859375,0.0,0.0,0.0
1088349873,869877,0,1.0078125,-0.03125,0.01953125,-0.01171875,0.0,0.0,0.0
1088351125,869878,0,1.015625,-0.029296875,0.015625,-0.013671875,0.0,0.0,0.0
1088352376,869879,0,1.0,-0.0234375,0.01953125,-0.00390625,0.0,0.0,0.0
1088353626,869880,0,1.0,-0.01953125,0.021484375,0.001953125,0.0,0.0,0.0
1088354877,869881,0,1.0,-0.013671875,0.01953125,0.005859375,0.0,0.0,0.0
1088356128,869882,0,1.0078125,-0.017578125,0.015625,-0.001953125,0.0,0.0,0.0
1088357378,869883,0,1.001953125,-0.013671875,0.01953125,0.005859375,0.0,0.0,0.0
1088358629,869884,0,1.001953125,-0.009765625,0.0234375,0.013671875,0.0,0.0,0.0
1088359880,869885,0,1.00390625,-0.01171875,0.01953125,0.0078125,0.0,0.0,0.0
1088361131,869886,0,1.0078125,-0.009765625,0.01953125,0.009765625,0.0,0.0,0.0
1088362382,869887,0,1.005859375,-0.0078125,0.01953125,0.01171875,0.0,0.0,0.0
1088363632,869888,0,1.009765625,-0.005859375,0.013671875,0.0078125,0.0,0.0,0.0
1088364883,869889,0,1.00390625,-0.001953125,0.01953125,0.017578125,0.0,0.0,0.0
1088366134,869890,0,1.005859375,-0.00390625,0.021484375,0.017578125,0.0,0.0,0.0
1088367384,869891,0,1.00390625,-0.005859375,0.017578125,0.01171875,0.0,0.0,0.0
1088368636,869892,0,1.0078125,-0.001953125,0.0234375,0.021484375,0.0,0.0,0.0
1088369886,869893,0,1.005859375,0.0,0.0234375,0.0234375,0.0,0.0,0.0
1088371137,869894,0,1.00390625,-0.005859375,0.021484375,0.015625,0.0,0.0,0.0
1088372388,869895,0,1.00390625,-0.00390625,0.017578125,0.013671875,0.0,0.0,0.0
1088373639,869896,0,1.00390625,-0.00390625,0.01953125,0.015625,0.0,0.0,0.0
1088374889,869897,0,0.998046875,-0.001953125,0.025390625,0.0234375,0.0,0.0,0.0
1088376140,869898,0,1.0,-0.01171875,0.017578125,0.005859375,0.0,0.0,0.0
1088377392,869899,0,1.00390625,-0.013671875,0.015625,0.001953125,0.0,0.0,0.0
1088378642,869900,0,1.001953125,-0.0078125,0.0234375,0.015625,0.0,0.0,0.0
1088379894,869901,0,1.009765625,-0.015625,0.021484375,0.005859375,0.0,0.0,0.0
1088381145,869902,0,1.0,-0.017578125,0.015625,-0.001953125,0.0,0.0,0.0
1088382396,869903,0,1.00390625,-0.01953125,0.013671875,-0.005859375,0.0,0.0,0.0
1088383648,869904,0,0.99609375,-0.01953125,0.0078125,-0.01171875,0.0,0.0,0.0
1088384899,869905,0,1.005859375,-0.025390625,0.021484375,-0.00390625,0.0,0.0,0.0
1088386150,869906,0,1.00390625,-0.03125,0.01171875,-0.01953125,0.0,0.0,0.0
1088387400,869907,0,1.001953125,-0.029296875,0.01171875,-0.017578125,0.0,0.0,0.0
1088388651,869908,0,1.001953125,-0.03125,0.015625,-0.015625,0.0,0.0,0.0
1088389902,869909,0,0.998046875,-0.03515625,0.013671875,-0.021484375,0.0,0.0,0.0
1088391152,869910,0,0.998046875,-0.033203125,0.015625,-0.017578125,0.0,0.0,0.0
1088392402,869911,0,1.005859375,-0.041015625,0.009765625,-0.03125,0.0,0.0,0.0
1088393654,869912,0,1.001953125,-0.041015625,0.005859375,-0.03515625,0.0,0.0,0.0
1088394904,869913,0,1.0,-0.044921875,0.0078125,-0.037109375,0.0,0.0,0.0
1088396154,869914,0,1.0078125,-0.037109375,0.017578125,-0.01953125,0.0,0.0,0.0
1088397405,869915,0,1.0078125,-0.046875,0.0078125,-0.0390625,0.0,0.0,0.0
1088398655,869916,0,1.0,-0.0390625,0.015625,-0.0234375,0.0,0.0,0.0
1088399906,869917,0,1.0078125,-0.05078125,0.005859375,-0.044921875,0.0,0.0,0.0
1088401157,869918,0,1.0,-0.04296875,0.015625,-0.02734375,0.0,0.0,0.0
1088402408,869919,0,1.009765625,-0.04296875,0.00390625,-0.0390625,0.0,0.0,0.0
1088403659,869920,0,1.001953125,-0.044921875,0.009765625,-0.03515625,0.0,0.0,0.0
1088404911,869921,0,1.013671875,-0.04296875,0.009765625,-0.033203125,0.0,0.0,0.0
1088406162,869922,0,0.998046875,-0.044921875,0.01171875,-0.033203125,0.0,0.0,0.0
1088407414,869923,0,1.00390625,-0.04296875,0.01953125,-0.0234375,0.0,0.0,0.0
1088408664,869924,0,1.001953125,-0.037109375,0.013671875,-0.0234375,0.0,0.0,0.0
1088409916,869925,0,1.001953125,-0.04296875,0.009765625,-0.033203125,0.0,0.0,0.0
1088411167,869926,0,1.005859375,-0.037109375,0.0078125,-0.029296875,0.0,0.0,0.0
1088412417,869927,0,1.0,-0.03515625,0.015625,-0.01953125,0.0,0.0,0.0
1088413668,869928,0,0.998046875,-0.037109375,0.015625,-0.021484375,0.0,0.0,0.0
1088414919,869929,0,1.001953125,-0.033203125,0.01953125,-0.013671875,0.0,0.0,0.0
1088416170,869930,0,1.0078125,-0.03515625,0.01953125,-0.015625,0.0,0.0,0.0
1088417421,869931,0,0.998046875,-0.02734375,0.01953125,-0.0078125,0.0,0.0,0.0
1088418672,869932,0,1.005859375,-0.02734375,0.015625,-0.01171875,0.0,0.0,0.0
1088419922,869933,0,1.00390625,-0.0234375,0.015625,-0.0078125,0.0,0.0,0.0
1088421173,869934,0,1.00390625,-0.01953125,0.015625,-0.00390625,0.0,0.0,0.0
1088422425,869935,0,1.00390625,-0.021484375,0.0234375,0.001953125,0.0,0.0,0.0
1088423675,869936,0,1.005859375,-0.01953125,0.017578125,-0.001953125,0.0,0.0,0.0
1088424927,869937,0,1.001953125,-0.015625,0.021484375,0.005859375,0.0,0.0,0.0
1088426177,869938,0,1.001953125,-0.01953125,0.01953125,0.0,0.0,0.0,0.0
1088427429,869939,0,1.00390625,-0.009765625,0.0234375,0.013671875,0.0,0.0,0.0
1088428680,869940,0,0.998046875,-0.013671875,0.015625,0.001953125,0.0,0.0,0.0
1088429930,869941,0,1.01171875,-0.0078125,0.01953125,0.01171875,0.0,0.0,0.0
1088431180,869942,0,1.015625,-0.005859375,0.017578125,0.01171875,0.0,0.0,0.0
1088432431,869943,0,1.009765625,-0.005859375,0.017578125,0.01171875,0.0,0.0,0.0
1088433682,869944,0,1.015625,0.0,0.013671875,0.013671875,0.0,0.0,0.0
1088434933,869945,0,1.005859375,-0.005859375,0.02734375,0.021484375,0.0,0.0,0.0
1088436184,869946,0,0.99609375,-0.001953125,0.015625,0.013671875,0.0,0.0,0.0
1088437434,869947,0,1.005859375,-0.0078125,0.017578125,0.009765625,0.0,0.0,0.0
1088438685,869948,0,1.0078125,-0.005859375,0.0234375,0.017578125,0.0,0.0,0.0
1088439936,869949,0,1.001953125,-0.005859375,0.021484375,0.015625,0.0,0.0,0.0
1088441188,869950,0,1.0078125,-0.005859375,0.01953125,0.013671875,0.0,0.0,0.0
1088442439,869951,0,1.0078125,-0.01171875,0.017578125,0.005859375,0.0,0.0,0.0
1088443690,869952,0,0.998046875,-0.015625,0.01953125,0.00390625,0.0,0.0,0.0
1088444941,869953,0,1.001953125,-0.015625,0.01953125,0.00390625,0.0,0.0,0.0
1088446192,869954,0,0.99609375,-0.015625,0.017578125,0.001953125,0.0,0.0,0.0
1088447443,869955,0,0.998046875,-0.017578125,0.013671875,-0.00390625,0.0,0.0,0.0
1088448695,869956,0,1.0078125,-0.015625,0.017578125,0.001953125,0.0,0.0,0.0
1088449945,869957,0,1.01171875,-0.01953125,0.017578125,-0.001953125,0.0,0.0,0.0
1088451195,869958,0,1.005859375,-0.01953125,0.015625,-0.00390625,0.0,0.0,0.0
1088452447,869959,0,1.0078125,-0.029296875,0.015625,-0.013671875,0.0,0.0,0.0
1088453697,869960,0,0.998046875,-0.029296875,0.015625,-0.013671875,0.0,0.0,0.0
1088454949,869961,0,0.99609375,-0.02734375,0.01171875,-0.015625,0.0,0.0,0.0
1088456200,869962,0,0.994140625,-0.037109375,0.01171875,-0.025390625,0.0,0.0,0.0
1088457452,869963,0,1.013671875,-0.037109375,0.013671875,-0.0234375,0.0,0.0,0.0
1088458702,869964,0,1.00390625,-0.03515625,0.01953125,-0.015625,0.0,0.0,0.0
1088459954,869965,0,1.0078125,-0.037109375,0.013671875,-0.0234375,0.0,0.0,0.0
1088461205,869966,0,0.99609375,-0.037109375,0.009765625,-0.02734375,0.0,0.0,0.0
1088462456,869967,0,1.0078125,-0.037109375,0.017578125,-0.01953125,0.0,0.0,0.0
1088463708,869968,0,0.99609375,-0.03515625,0.01171875,-0.0234375,0.0,0.0,0.0
1088464958,869969,0,1.001953125,-0.04296875,0.009765625,-0.033203125,0.0,0.0,0.0
1088466209,869970,0,0.998046875,-0.0390625,0.015625,-0.0234375,0.0,0.0,0.0
1088467459,869971,0,1.0,-0.046875,0.009765625,-0.037109375,0.0,0.0,0.0
1088468710,869972,0,1.001953125,-0.046875,0.01171875,-0.03515625,0.0,0.0,0.0
1088469961,869973,0,1.00390625,-0.046875,0.01171875,-0.03515625,0.0,0.0,0.0
1088471212,869974,0,1.001953125,-0.04296875,0.013671875,-0.029296875,0.0,0.0,0.0
1088472462,869975,0,1.00390625,-0.04296875,0.015625,-0.02734375,0.0,0.0,0.0
1088473713,869976,0,1.0078125,-0.046875,0.0078125,-0.0390625,0.0,0.0,0.0
1088474965,869977,0,1.00390625,-0.0390625,0.01953125,-0.01953125,0.0,0.0,0.0
1088476216,869978,0,1.00390625,-0.037109375,0.0078125,-0.029296875,0.0,0.0,0.0
1088477468,869979,0,1.005859375,-0.0390625,0.01171875,-0.02734375,0.0,0.0,0.0
1088478719,869980,0,1.00390625,-0.044921875,0.013671875,-0.03125,0.0,0.0,0.0
1088479969,869981,0,1.0,-0.03515625,0.009765625,-0.025390625,0.0,0.0,0.0
1088481221,869982,0,0.998046875,-0.03125,0.013671875,-0.017578125,0.0,0.0,0.0
1088482471,869983,0,0.994140625,-0.03515625,0.015625,-0.01953125,0.0,0.0,0.0
1088483721,869984,0,1.0078125,-0.029296875,0.017578125,-0.01171875,0.0,0.0,0.0
1088484972,869985,0,1.00390625,-0.02734375,0.005859375,-0.021484375,0.0,0.0,0.0
1088486224,869986,0,1.009765625,-0.029296875,0.01953125,-0.009765625,0.0,0.0,0.0
1088487474,869987,0,1.0078125,-0.025390625,0.017578125,-0.0078125,0.0,0.0,0.0
1088488724,869988,0,0.994140625,-0.0234375,0.017578125,-0.005859375,0.0,0.0,0.0
1088489976,869989,0,0.998046875,-0.021484375,0.021484375,0.0,0.0,0.0,0.0
1088491226,869990,0,0.998046875,-0.017578125,0.017578125,0.0,0.0,0.0,0.0
1088492476,869991,0,1.00390625,-0.015625,0.013671875,-0.001953125,0.0,0.0,0.0
1088493728,869992,0,1.00390625,-0.013671875,0.01953125,0.005859375,0.0,0.0,0.0
1088494978,869993,0,1.005859375,-0.013671875,0.017578125,0.00390625,0.0,0.0,0.0
1088496230,869994,0,1.00390625,-0.005859375,0.01953125,0.013671875,0.0,0.0,0.0
1088497481,869995,0,1.0,-0.01171875,0.021484375,0.009765625,0.0,0.0,0.0
1088498732,869996,0,1.005859375,-0.0078125,0.015625,0.0078125,0.0,0.0,0.0
1088499983,869997,0,1.005859375,-0.005859375,0.021484375,0.015625,0.0,0.0,0.0
1088501235,869998,0,1.005859375,-0.01171875,0.0234375,0.01171875,0.0,0.0,0.0
1088502485,869999,0,1.005859375,-0.005859375,0.015625,0.009765625,0.0,0.0,0.0
1088503736,870000,0,1.00390625,-0.005859375,0.01953125,0.013671875,0.0,0.0,0.0
1088504987,870001,0,1.005859375,-0.0078125,0.015625,0.0078125,0.0,0.0,0.0
1088506237,870002,0,1.009765625,-0.005859375,0.021484375,0.015625,0.0,0.0,0.0
1088507488,870003,0,0.99609375,-0.0078125,0.015625,0.0078125,0.0,0.0,0.0
1088508738,870004,0,1.0,-0.005859375,0.01953125,0.013671875,0.0,0.0,0.0
1088509989,870005,0,1.017578125,-0.005859375,0.015625,0.009765625,0.0,0.0,0.0
1088511239,870006,0,1.005859375,-0.005859375,0.017578125,0.01171875,0.0,0.0,0.0
1088512490,870007,0,1.005859375,-0.013671875,0.025390625,0.01171875,0.0,0.0,0.0
1088513741,870008,0,0.998046875,-0.015625,0.0234375,0.0078125,0.0,0.0,0.0
1088514991,870009,0,1.001953125,-0.0234375,0.017578125,-0.005859375,0.0,0.0,0.0
1088516242,870010,0,1.001953125,-0.01953125,0.0234375,0.00390625,0.0,0.0,0.0
1088517493,870011,0,0.998046875,-0.021484375,0.015625,-0.005859375,0.0,0.0,0.0
1088518745,870012,0,1.001953125,-0.021484375,0.013671875,-0.0078125,0.0,0.0,0.0
1088519995,870013,0,1.005859375,-0.017578125,0.01953125,0.001953125,0.0,0.0,0.0
1088521247,870014,0,1.001953125,-0.0234375,0.01171875,-0.01171875,0.0,0.0,0.0
1088522498,870015,0,1.005859375,-0.0234375,0.015625,-0.0078125,0.0,0.0,0.0
1088523749,870016,0,1.0078125,-0.025390625,0.01953125,-0.005859375,0.0,0.0,0.0
1088525000,870017,0,1.0,-0.03125,0.013671875,-0.017578125,0.0,0.0,0.0
1088526250,870018,0,1.00390625,-0.03125,0.015625,-0.015625,0.0,0.0,0.0
1088527501,870019,0,1.005859375,-0.03125,0.015625,-0.015625,0.0,0.0,0.0
1088528752,870020,0,1.001953125,-0.037109375,0.013671875,-0.0234375,0.0,0.0,0.0
1088530003,870021,0,1.00390625,-0.041015625,0.009765625,-0.03125,0.0,0.0,0.0
1088531254,870022,0,1.0078125,-0.03515625,0.009765625,-0.025390625,0.0,0.0,0.0
1088532504,870023,0,1.0078125,-0.046875,0.017578125,-0.029296875,0.0,0.0,0.0
1088533755,870024,0,1.00390625,-0.04296875,0.013671875,-0.029296875,0.0,0.0,0.0
1088535006,870025,0,1.0,-0.041015625,0.015625,-0.025390625,0.0,0.0,0.0
1088536257,870026,0,1.00390625,-0.0390625,0.01171875,-0.02734375,0.0,0.0,0.0
1088537508,870027,0,1.005859375,-0.05078125,0.00390625,-0.046875,0.0,0.0,0.0
1088538760,870028,0,1.001953125,-0.044921875,0.009765625,-0.03515625,0.0,0.0,0.0
1088540010,870029,0,1.0078125,-0.04296875,0.013671875,-0.029296875,0.0,0.0,0.0
1088541261,870030,0,1.0078125,-0.041015625,0.009765625,-0.03125,0.0,0.0,0.0
1088542513,870031,0,1.0,-0.0390625,0.013671875,-0.025390625,0.0,0.0,0.0
1088543763,870032,0,1.001953125,-0.0390625,0.015625,-0.0234375,0.0,0.0,0.0
1088545014,870033,0,1.005859375,-0.041015625,0.015625,-0.025390625,0.0,0.0,0.0
1088546271,870034,0,1.005859375,-0.0390625,0.017578125,-0.021484375,0.0,0.0,0.0
1088547522,870035,0,1.0078125,-0.03515625,0.01171875,-0.0234375,0.0,0.0,0.0
1088548774,870036,0,1.0078125,-0.03515625,0.01953125,-0.015625,0.0,0.0,0.0
1088550024,870037,0,1.00390625,-0.037109375,0.017578125,-0.01953125,0.0,0.0,0.0
1088551275,870038,0,1.0078125,-0.033203125,0.01171875,-0.021484375,0.0,0.0,0.0
1088552527,870039,0,1.0,-0.025390625,0.01171875,-0.013671875,0.0,0.0,0.0
1088553778,870040,0,1.0,-0.02734375,0.015625,-0.01171875,0.0,0.0,0.0
1088555028,870041,0,0.998046875,-0.0234375,0.01171875,-0.01171875,0.0,0.0,0.0
1088556278,870042,0,1.001953125,-0.021484375,0.01953125,-0.001953125,0.0,0.0,0.0
1088557528,870043,0,1.00390625,-0.0234375,0.021484375,-0.001953125,0.0,0.0,0.0
1088558780,870044,0,1.001953125,-0.01953125,0.013671875,-0.005859375,0.0,0.0,0.0
1088560031,870045,0,0.99609375,-0.01953125,0.021484375,0.001953125,0.0,0.0,0.0
1088561282,870046,0,1.00390625,-0.0234375,0.013671875,-0.009765625,0.0,0.0,0.0
1088562533,870047,0,1.005859375,-0.01953125,0.017578125,-0.001953125,0.0,0.0,0.0
1088563784,870048,0,1.001953125,-0.015625,0.01953125,0.00390625,0.0,0.0,0.0
1088565034,870049,0,0.99609375,-0.01953125,0.017578125,-0.001953125,0.0,0.0,0.0
1088566284,870050,0,1.01953125,-0.0078125,0.01953125,0.01171875,0.0,0.0,0.0
1088567536,870051,0,1.01171875,-0.005859375,0.01953125,0.013671875,0.0,0.0,0.0
1088568787,870052,0,0.99609375,-0.01171875,0.01953125,0.0078125,0.0,0.0,0.0
1088570038,870053,0,1.001953125,-0.009765625,0.015625,0.005859375,0.0,0.0,0.0
1088571288,870054,0,1.001953125,-0.015625,0.017578125,0.001953125,0.0,0.0,0.0
1088572539,870055,0,1.005859375,-0.005859375,0.013671875,0.0078125,0.0,0.0,0.0
1088573790,870056,0,1.001953125,-0.013671875,0.0234375,0.009765625,0.0,0.0,0.0
1088575040,870057,0,1.00390625,-0.01171875,0.01953125,0.0078125,0.0,0.0,0.0
1088576290,870058,0,1.005859375,-0.013671875,0.017578125,0.00390625,0.0,0.0,0.0
1088577542,870059,0,1.0078125,-0.009765625,0.0234375,0.013671875,0.0,0.0,0.0
1088578793,870060,0,1.0078125,-0.013671875,0.01953125,0.005859375,0.0,0.0,0.0
1088580044,870061,0,1.0078125,-0.015625,0.0234375,0.0078125,0.0,0.0,0.0
1088581295,870062,0,1.005859375,-0.013671875,0.01953125,0.005859375,0.0,0.0,0.0
1088582546,870063,0,1.005859375,-0.015625,0.021484375,0.005859375,0.0,0.0,0.0
1088583796,870064,0,1.0,-0.021484375,0.01953125,-0.001953125,0.0,0.0,0.0
1088585048,870065,0,1.0,-0.017578125,0.013671875,-0.00390625,0.0,0.0,0.0
1088586299,870066,0,1.0078125,-0.015625,0.009765625,-0.005859375,0.0,0.0,0.0
1088587549,870067,0,1.005859375,-0.0234375,0.017578125,-0.005859375,0.0,0.0,0.0
1088588801,870068,0,1.013671875,-0.02734375,0.009765625,-0.017578125,0.0,0.0,0.0
1088590051,870069,0,1.001953125,-0.0234375,0.017578125,-0.005859375,0.0,0.0,0.0
1088591301,870070,0,1.00390625,-0.0234375,0.017578125,-0.005859375,0.0,0.0,0.0
1088592552,870071,0,1.009765625,-0.025390625,-0.04296875,-0.068359375,0.0,0.0,0.0
1088593803,870072,0,1.01171875,-0.02734375,0.017578125,-0.009765625,0.0,0.0,0.0
1088595054,870073,0,1.017578125,-0.03125,0.001953125,-0.029296875,0.0,0.0,0.0
1088596305,870074,0,0.998046875,-0.03515625,0.0078125,-0.02734375,0.0,0.0,0.0
1088597556,870075,0,1.00390625,-0.033203125,0.009765625,-0.0234375,0.0,0.0,0.0
1088598807,870076,0,1.0078125,-0.03515625,0.013671875,-0.021484375,0.0,0.0,0.0
1088600059,870077,0,1.0078125,-0.033203125,0.001953125,-0.03125,0.0,0.0,0.0
1088601310,870078,0,1.001953125,-0.033203125,0.015625,-0.017578125,0.0,0.0,0.0
1088602560,870079,0,1.0078125,-0.037109375,0.015625,-0.021484375,0.0,0.0,0.0
1088603810,870080,0,1.00390625,-0.0390625,0.005859375,-0.033203125,0.0,0.0,0.0
1088605061,870081,0,1.001953125,-0.037109375,0.01171875,-0.025390625,0.0,0.0,0.0
1088606311,870082,0,1.00390625,-0.04296875,0.013671875,-0.029296875,0.0,0.0,0.0
1088607563,870083,0,1.005859375,-0.04296875,0.017578125,-0.025390625,0.0,0.0,0.0
1088608813,870084,0,1.001953125,-0.0390625,0.009765625,-0.029296875,0.0,0.0,0.0
1088610065,870085,0,0.998046875,-0.03515625,0.015625,-0.01953125,0.0,0.0,0.0
1088611316,870086,0,0.998046875,-0.037109375,0.015625,-0.021484375,0.0,0.0,0.0
1088612566,870087,0,1.00390625,-0.041015625,0.01171875,-0.029296875,0.0,0.0,0.0
1088613817,870088,0,1.0078125,-0.037109375,0.009765625,-0.02734375,0.0,0.0,0.0
1088615067,870089,0,1.005859375,-0.033203125,0.01953125,-0.013671875,0.0,0.0,0.0
1088616317,870090,0,1.00390625,-0.037109375,0.013671875,-0.0234375,0.0,0.0,0.0
1088617567,870091,0,1.015625,-0.037109375,0.017578125,-0.01953125,0.0,0.0,0.0
1088618818,870092,0,1.013671875,-0.0234375,0.01953125,-0.00390625,0.0,0.0,0.0
1088620070,870093,0,0.994140625,-0.029296875,0.021484375,-0.0078125,0.0,0.0,0.0
1088621321,870094,0,0.998046875,-0.033203125,0.0078125,-0.025390625,0.0,0.0,0.0
1088622571,870095,0,1.001953125,-0.02734375,0.01171875,-0.015625,0.0,0.0,0.0
1088623821,870096,0,1.005859375,-0.0234375,0.021484375,-0.001953125,0.0,0.0,0.0
1088625071,870097,0,1.0,-0.025390625,0.017578125,-0.0078125,0.0,0.0,0.0
1088626322,870098,0,1.005859375,-0.0234375,0.013671875,-0.009765625,0.0,0.0,0.0
1088627572,870099,0,1.0,-0.0234375,0.017578125,-0.005859375,0.0,0.0,0.0
1088628823,870100,0,1.001953125,-0.01953125,0.01953125,0.0,0.0,0.0,0.0
1088630075,870101,0,1.00390625,-0.01953125,0.01953125,0.0,0.0,0.0,0.0
1088631326,870102,0,1.00390625,-0.01953125,0.01953125,0.0,0.0,0.0,0.0
1088632577,870103,0,1.00390625,-0.025390625,0.017578125,-0.0078125,0.0,0.0,0.0
1088633829,870104,0,0.998046875,-0.015625,0.021484375,0.005859375,0.0,0.0,0.0
1088635079,870105,0,1.005859375,-0.009765625,0.021484375,0.01171875,0.0,0.0,0.0
1088636329,870106,0,1.00390625,-0.01171875,0.021484375,0.009765625,0.0,0.0,0.0
1088637580,870107,0,1.005859375,-0.015625,0.017578125,0.001953125,0.0,0.0,0.0
1088638831,870108,0,1.005859375,-0.0078125,0.021484375,0.013671875,0.0,0.0,0.0
1088640082,870109,0,1.005859375,-0.015625,0.021484375,0.005859375,0.0,0.0,0.0
1088641333,870110,0,0.99609375,-0.01171875,0.017578125,0.005859375,0.0,0.0,0.0
1088642584,870111,0,1.00390625,-0.017578125,0.015625,-0.001953125,0.0,0.0,0.0
1088643835,870112,0,1.009765625,-0.017578125,0.015625,-0.001953125,0.0,0.0,0.0
1088645087,870113,0,1.00390625,-0.0078125,0.017578125,0.009765625,0.0,0.0,0.0
1088646338,870114,0,1.0,-0.01953125,0.017578125,-0.001953125,0.0,0.0,0.0
1088647590,870115,0,1.013671875,-0.013671875,0.021484375,0.0078125,0.0,0.0,0.0
1088648841,870116,0,0.99609375,-0.01953125,0.013671875,-0.005859375,0.0,0.0,0.0
1088650092,870117,0,1.0,-0.0234375,0.01171875,-0.01171875,0.0,0.0,0.0
1088651343,870118,0,1.001953125,-0.01953125,0.013671875,-0.005859375,0.0,0.0,0.0
1088652595,870119,0,1.00390625,-0.015625,0.015625,0.0,0.0,0.0,0.0
1088653845,870120,0,1.0,-0.0234375,0.015625,-0.0078125,0.0,0.0,0.0
1088655097,870121,0,1.005859375,-0.025390625,0.013671875,-0.01171875,0.0,0.0,0.0
1088656348,870122,0,1.00390625,-0.0234375,0.017578125,-0.005859375,0.0,0.0,0.0
1088657600,870123,0,1.0,-0.02734375,0.013671875,-0.013671875,0.0,0.0,0.0
1088658850,870124,0,1.001953125,-0.025390625,0.015625,-0.009765625,0.0,0.0,0.0
1088660101,870125,0,1.005859375,-0.03125,0.01953125,-0.01171875,0.0,0.0,0.0
1088661351,870126,0,0.99609375,-0.02734375,0.017578125,-0.009765625,0.0,0.0,0.0
1088662602,870127,0,1.00390625,-0.03125,0.021484375,-0.009765625,0.0,0.0,0.0
1088663853,870128,0,1.00390625,-0.03515625,0.013671875,-0.021484375,0.0,0.0,0.0
1088665104,870129,0,1.005859375,-0.03125,0.017578125,-0.013671875,0.0,0.0,0.0
1088666355,870130,0,1.00390625,-0.037109375,0.01171875,-0.025390625,0.0,0.0,0.0
1088667606,870131,0,1.0078125,-0.033203125,0.021484375,-0.01171875,0.0,0.0,0.0
1088668857,870132,0,1.013671875,-0.0390625,0.013671875,-0.025390625,0.0,0.0,0.0
1088670109,870133,0,0.990234375,-0.037109375,0.01171875,-0.025390625,0.0,0.0,0.0
1088671360,870134,0,1.0,-0.037109375,0.013671875,-0.0234375,0.0,0.0,0.0
1088672610,870135,0,1.009765625,-0.0390625,0.015625,-0.0234375,0.0,0.0,0.0
1088673861,870136,0,0.99609375,-0.04296875,0.01171875,-0.03125,0.0,0.0,0.0
1088675112,870137,0,1.005859375,-0.041015625,0.009765625,-0.03125,0.0,0.0,0.0
1088676362,870138,0,0.998046875,-0.03515625,0.01171875,-0.0234375,0.0,0.0,0.0
1088677613,870139,0,1.001953125,-0.037109375,0.013671875,-0.0234375,0.0,0.0,0.0
1088678863,870140,0,0.998046875,-0.03515625,0.013671875,-0.021484375,0.0,0.0,0.0
1088680115,870141,0,1.0,-0.03515625,0.015625,-0.01953125,0.0,0.0,0.0
1088681366,870142,0,1.001953125,-0.03515625,0.01953125,-0.015625,0.0,0.0,0.0
1088682616,870143,0,1.005859375,-0.037109375,0.013671875,-0.0234375,0.0,0.0,0.0
1088683867,870144,0,1.00390625,-0.033203125,0.015625,-0.017578125,0.0,0.0,0.0
1088685117,870145,0,1.00390625,-0.033203125,0.015625,-0.017578125,0.0,0.0,0.0
