t_us,frame_id,sensor_id,accX,accY,accZ,acc_sum_YZ,magX,magY,magZ
1030736092,823819,0,1.005859375,-0.03125,0.017578125,-0.013671875,0.0,0.0,0.0
1030737343,823820,0,1.005859375,-0.025390625,0.021484375,-0.00390625,0.0,0.0,0.0
1030738595,823821,0,1.009765625,-0.025390625,0.0234375,-0.001953125,0.0,0.0,0.0
1030739846,823822,0,1.00390625,-0.025390625,0.017578125,-0.0078125,0.0,0.0,0.0
1030741096,823823,0,1.009765625,-0.025390625,0.021484375,-0.00390625,0.0,0.0,0.0
1030742346,823824,0,1.001953125,-0.029296875,0.017578125,-0.01171875,0.0,0.0,0.0
1030743596,823825,0,1.001953125,-0.029296875,0.017578125,-0.01171875,0.0,0.0,0.0
1030744848,823826,0,1.005859375,-0.029296875,0.017578125,-0.01171875,0.0,0.0,0.0
1030746098,823827,0,1.001953125,-0.03125,0.015625,-0.015625,0.0,0.0,0.0
1030747349,823828,0,1.001953125,-0.03125,0.01953125,-0.01171875,0.0,0.0,0.0
1030748600,823829,0,1.001953125,-0.025390625,0.01171875,-0.013671875,0.0,0.0,0.0
1030749852,823830,0,1.0,-0.01953125,0.017578125,-0.001953125,0.0,0.0,0.0
1030751103,823831,0,1.0,-0.03125,0.0234375,-0.0078125,0.0,0.0,0.0
1030752354,823832,0,1.00390625,-0.02734375,0.021484375,-0.005859375,0.0,0.0,0.0
1030753606,823833,0,0.998046875,-0.03125,0.017578125,-0.013671875,0.0,0.0,0.0
1030754857,823834,0,1.001953125,-0.029296875,0.029296875,0.0,0.0,0.0,0.0
1030756109,823835,0,1.001953125,-0.03125,0.021484375,-0.009765625,0.0,0.0,0.0
1030757360,823836,0,1.001953125,-0.021484375,0.01953125,-0.001953125,0.0,0.0,0.0
1030758610,823837,0,1.001953125,-0.033203125,0.017578125,-0.015625,0.0,0.0,0.0
1030759861,823838,0,1.0078125,-0.02734375,0.013671875,-0.013671875,0.0,0.0,0.0
1030761112,823839,0,1.001953125,-0.029296875,0.021484375,-0.0078125,0.0,0.0,0.0
1030762362,823840,0,1.00390625,-0.02734375,0.015625,-0.01171875,0.0,0.0,0.0
1030763613,823841,0,1.00390625,-0.02734375,0.017578125,-0.009765625,0.0,0.0,0.0
1030764863,823842,0,1.0078125,-0.025390625,0.025390625,0.0,0.0,0.0,0.0
1030766115,823843,0,1.005859375,-0.021484375,0.01953125,-0.001953125,0.0,0.0,0.0
1030767366,823844,0,1.00390625,-0.025390625,0.0234375,-0.001953125,0.0,0.0,0.0
1030768616,823845,0,1.0,-0.02734375,0.01953125,-0.0078125,0.0,0.0,0.0
1030769867,823846,0,1.005859375,-0.02734375,0.025390625,-0.001953125,0.0,0.0,0.0
1030771117,823847,0,1.0078125,-0.02734375,0.017578125,-0.009765625,0.0,0.0,0.0
1030772367,823848,0,1.001953125,-0.025390625,0.021484375,-0.00390625,0.0,0.0,0.0
1030773618,823849,0,1.00390625,-0.03125,0.021484375,-0.009765625,0.0,0.0,0.0
1030774868,823850,0,1.0,-0.025390625,0.0234375,-0.001953125,0.0,0.0,0.0
1030776120,823851,0,1.005859375,-0.02734375,0.0234375,-0.00390625,0.0,0.0,0.0
1030777371,823852,0,1.001953125,-0.03125,0.01953125,-0.01171875,0.0,0.0,0.0
1030778621,823853,0,1.005859375,-0.03515625,0.017578125,-0.017578125,0.0,0.0,0.0
1030779873,823854,0,1.0078125,-0.037109375,0.01171875,-0.025390625,0.0,0.0,0.0
1030781123,823855,0,1.009765625,-0.025390625,0.025390625,0.0,0.0,0.0,0.0
1030782373,823856,0,1.001953125,-0.02734375,0.01953125,-0.0078125,0.0,0.0,0.0
1030783623,823857,0,1.0078125,-0.0234375,0.015625,-0.0078125,0.0,0.0,0.0
1030784873,823858,0,0.998046875,-0.03125,0.01171875,-0.01953125,0.0,0.0,0.0
1030786125,823859,0,0.99609375,-0.02734375,0.021484375,-0.005859375,0.0,0.0,0.0
1030787376,823860,0,1.00390625,-0.029296875,0.0234375,-0.005859375,0.0,0.0,0.0
1030788626,823861,0,1.00390625,-0.03125,0.013671875,-0.017578125,0.0,0.0,0.0
1030789877,823862,0,0.998046875,-0.03125,0.021484375,-0.009765625,0.0,0.0,0.0
1030791128,823863,0,1.0,-0.03125,0.01953125,-0.01171875,0.0,0.0,0.0
1030792378,823864,0,1.0,-0.025390625,0.021484375,-0.00390625,0.0,0.0,0.0
1030793629,823865,0,1.00390625,-0.02734375,0.01953125,-0.0078125,0.0,0.0,0.0
1030794880,823866,0,1.001953125,-0.025390625,0.01953125,-0.005859375,0.0,0.0,0.0
1030796131,823867,0,1.00390625,-0.025390625,0.0234375,-0.001953125,0.0,0.0,0.0
1030797382,823868,0,1.0078125,-0.02734375,0.017578125,-0.009765625,0.0,0.0,0.0
1030798632,823869,0,1.0078125,-0.021484375,0.0234375,0.001953125,0.0,0.0,0.0
1030799883,823870,0,1.005859375,-0.02734375,0.01953125,-0.0078125,0.0,0.0,0.0
1030801134,823871,0,1.001953125,-0.03515625,0.017578125,-0.017578125,0.0,0.0,0.0
1030802384,823872,0,0.998046875,-0.025390625,0.015625,-0.009765625,0.0,0.0,0.0
1030803636,823873,0,1.00390625,-0.02734375,0.017578125,-0.009765625,0.0,0.0,0.0
1030804886,823874,0,1.013671875,-0.03515625,0.017578125,-0.017578125,0.0,0.0,0.0
1030806137,823875,0,1.005859375,-0.03515625,0.015625,-0.01953125,0.0,0.0,0.0
1030807388,823876,0,1.00390625,-0.025390625,0.021484375,-0.00390625,0.0,0.0,0.0
1030808639,823877,0,1.013671875,-0.03125,0.017578125,-0.013671875,0.0,0.0,0.0
1030809889,823878,0,1.0,-0.033203125,0.0234375,-0.009765625,0.0,0.0,0.0
1030811140,823879,0,1.0078125,-0.029296875,0.015625,-0.013671875,0.0,0.0,0.0
1030812392,823880,0,1.0,-0.025390625,0.015625,-0.009765625,0.0,0.0,0.0
1030813642,823881,0,1.001953125,-0.033203125,0.017578125,-0.015625,0.0,0.0,0.0
1030814894,823882,0,1.001953125,-0.03125,0.02734375,-0.00390625,0.0,0.0,0.0
1030816145,823883,0,1.0,-0.02734375,0.015625,-0.01171875,0.0,0.0,0.0
1030817396,823884,0,1.0078125,-0.029296875,0.021484375,-0.0078125,0.0,0.0,0.0
1030818648,823885,0,1.005859375,-0.029296875,0.021484375,-0.0078125,0.0,0.0,0.0
1030819899,823886,0,0.998046875,-0.03125,0.02734375,-0.00390625,0.0,0.0,0.0
1030821150,823887,0,1.001953125,-0.025390625,0.021484375,-0.00390625,0.0,0.0,0.0
1030822400,823888,0,1.005859375,-0.021484375,0.01953125,-0.001953125,0.0,0.0,0.0
1030823651,823889,0,1.009765625,-0.0234375,0.021484375,-0.001953125,0.0,0.0,0.0
1030824902,823890,0,1.0078125,-0.01953125,0.021484375,0.001953125,0.0,0.0,0.0
1030826152,823891,0,1.009765625,-0.0234375,0.021484375,-0.001953125,0.0,0.0,0.0
1030827402,823892,0,1.009765625,-0.021484375,0.0234375,0.001953125,0.0,0.0,0.0
1030828654,823893,0,1.01171875,-0.03125,0.02734375,-0.00390625,0.0,0.0,0.0
1030829904,823894,0,1.005859375,-0.03125,0.021484375,-0.009765625,0.0,0.0,0.0
1030831154,823895,0,0.99609375,-0.033203125,0.0234375,-0.009765625,0.0,0.0,0.0
1030832405,823896,0,0.998046875,-0.033203125,0.01171875,-0.021484375,0.0,0.0,0.0
1030833655,823897,0,0.99609375,-0.033203125,0.017578125,-0.015625,0.0,0.0,0.0
1030834906,823898,0,1.00390625,-0.03125,0.0234375,-0.0078125,0.0,0.0,0.0
1030836157,823899,0,0.998046875,-0.03125,0.017578125,-0.013671875,0.0,0.0,0.0
1030837408,823900,0,0.9921875,-0.02734375,0.021484375,-0.005859375,0.0,0.0,0.0
1030838659,823901,0,0.998046875,-0.0234375,0.01953125,-0.00390625,0.0,0.0,0.0
1030839911,823902,0,1.009765625,-0.033203125,0.021484375,-0.01171875,0.0,0.0,0.0
1030841162,823903,0,1.0078125,-0.02734375,0.0234375,-0.00390625,0.0,0.0,0.0
1030842414,823904,0,1.0078125,-0.029296875,0.02734375,-0.001953125,0.0,0.0,0.0
1030843664,823905,0,1.00390625,-0.02734375,0.01953125,-0.0078125,0.0,0.0,0.0
1030844916,823906,0,1.00390625,-0.02734375,0.017578125,-0.009765625,0.0,0.0,0.0
1030846167,823907,0,1.001953125,-0.029296875,0.021484375,-0.0078125,0.0,0.0,0.0
1030847417,823908,0,1.005859375,-0.025390625,0.0234375,-0.001953125,0.0,0.0,0.0
1030848668,823909,0,1.0,-0.02734375,0.021484375,-0.005859375,0.0,0.0,0.0
1030849919,823910,0,1.00390625,-0.0234375,0.0234375,0.0,0.0,0.0,0.0
1030851170,823911,0,1.00390625,-0.025390625,0.017578125,-0.0078125,0.0,0.0,0.0
1030852421,823912,0,1.0078125,-0.025390625,0.03125,0.005859375,0.0,0.0,0.0
1030853672,823913,0,1.009765625,-0.02734375,0.021484375,-0.005859375,0.0,0.0,0.0
1030854922,823914,0,1.005859375,-0.021484375,0.01953125,-0.001953125,0.0,0.0,0.0
1030856173,823915,0,1.009765625,-0.029296875,0.021484375,-0.0078125,0.0,0.0,0.0
1030857425,823916,0,1.0234375,-0.021484375,0.021484375,0.0,0.0,0.0,0.0
1030858675,823917,0,1.0,-0.02734375,0.021484375,-0.005859375,0.0,0.0,0.0
1030859927,823918,0,0.994140625,-0.0234375,0.01953125,-0.00390625,0.0,0.0,0.0
1030861177,823919,0,0.99609375,-0.0234375,0.01171875,-0.01171875,0.0,0.0,0.0
1030862429,823920,0,1.005859375,-0.0234375,0.021484375,-0.001953125,0.0,0.0,0.0
1030863680,823921,0,1.001953125,-0.025390625,0.01953125,-0.005859375,0.0,0.0,0.0
1030864930,823922,0,1.0,-0.029296875,0.0234375,-0.005859375,0.0,0.0,0.0
1030866180,823923,0,0.99609375,-0.033203125,0.01953125,-0.013671875,0.0,0.0,0.0
1030867431,823924,0,1.0078125,-0.02734375,0.017578125,-0.009765625,0.0,0.0,0.0
1030868682,823925,0,1.001953125,-0.03125,0.01953125,-0.01171875,0.0,0.0,0.0
1030869933,823926,0,1.001953125,-0.02734375,0.0234375,-0.00390625,0.0,0.0,0.0
1030871184,823927,0,0.998046875,-0.029296875,0.021484375,-0.0078125,0.0,0.0,0.0
1030872434,823928,0,1.001953125,-0.025390625,0.02734375,0.001953125,0.0,0.0,0.0
1030873685,823929,0,1.0,-0.02734375,0.017578125,-0.009765625,0.0,0.0,0.0
1030874936,823930,0,1.0078125,-0.03125,0.021484375,-0.009765625,0.0,0.0,0.0
1030876188,823931,0,1.005859375,-0.029296875,0.021484375,-0.0078125,0.0,0.0,0.0
1030877439,823932,0,1.009765625,-0.029296875,0.01953125,-0.009765625,0.0,0.0,0.0
1030878690,823933,0,1.001953125,-0.025390625,0.021484375,-0.00390625,0.0,0.0,0.0
1030879941,823934,0,1.00390625,-0.029296875,0.01953125,-0.009765625,0.0,0.0,0.0
1030881192,823935,0,1.013671875,-0.025390625,0.0234375,-0.001953125,0.0,0.0,0.0
1030882443,823936,0,1.005859375,-0.0234375,0.013671875,-0.009765625,0.0,0.0,0.0
1030883695,823937,0,1.005859375,-0.02734375,0.0234375,-0.00390625,0.0,0.0,0.0
1030884945,823938,0,1.005859375,-0.033203125,0.0234375,-0.009765625,0.0,0.0,0.0
1030886195,823939,0,1.0,-0.033203125,0.01953125,-0.013671875,0.0,0.0,0.0
1030887447,823940,0,1.001953125,-0.029296875,0.021484375,-0.0078125,0.0,0.0,0.0
1030888697,823941,0,1.00390625,-0.03515625,0.01953125,-0.015625,0.0,0.0,0.0
1030889949,823942,0,1.0,-0.029296875,0.01953125,-0.009765625,0.0,0.0,0.0
1030891200,823943,0,0.990234375,-0.029296875,0.013671875,-0.015625,0.0,0.0,0.0
1030892452,823944,0,1.001953125,-0.029296875,0.015625,-0.013671875,0.0,0.0,0.0
1030893702,823945,0,1.005859375,-0.02734375,0.01953125,-0.0078125,0.0,0.0,0.0
1030894954,823946,0,1.001953125,-0.03125,0.021484375,-0.009765625,0.0,0.0,0.0
1030896205,823947,0,1.00390625,-0.029296875,0.017578125,-0.01171875,0.0,0.0,0.0
1030897456,823948,0,1.001953125,-0.0234375,0.01953125,-0.00390625,0.0,0.0,0.0
1030898708,823949,0,1.0,-0.03125,0.015625,-0.015625,0.0,0.0,0.0
1030899958,823950,0,1.009765625,-0.02734375,0.01171875,-0.015625,0.0,0.0,0.0
1030901209,823951,0,1.001953125,-0.0234375,0.021484375,-0.001953125,0.0,0.0,0.0
1030902459,823952,0,1.001953125,-0.03125,0.025390625,-0.005859375,0.0,0.0,0.0
1030903710,823953,0,1.005859375,-0.02734375,0.025390625,-0.001953125,0.0,0.0,0.0
1030904961,823954,0,1.005859375,-0.025390625,0.021484375,-0.00390625,0.0,0.0,0.0
1030906212,823955,0,1.009765625,-0.02734375,0.017578125,-0.009765625,0.0,0.0,0.0
1030907462,823956,0,1.00390625,-0.02734375,0.01953125,-0.0078125,0.0,0.0,0.0
1030908713,823957,0,1.0078125,-0.02734375,0.01953125,-0.0078125,0.0,0.0,0.0
1030909965,823958,0,1.00390625,-0.03125,0.0234375,-0.0078125,0.0,0.0,0.0
1030911216,823959,0,1.005859375,-0.03125,0.017578125,-0.013671875,0.0,0.0,0.0
1030912468,823960,0,1.0,-0.029296875,0.013671875,-0.015625,0.0,0.0,0.0
1030913719,823961,0,1.0,-0.03125,0.015625,-0.015625,0.0,0.0,0.0
1030914969,823962,0,1.00390625,-0.0234375,0.02734375,0.00390625,0.0,0.0,0.0
1030916221,823963,0,1.01171875,-0.02734375,0.01953125,-0.0078125,0.0,0.0,0.0
1030917471,823964,0,1.0078125,-0.0234375,0.029296875,0.005859375,0.0,0.0,0.0
1030918721,823965,0,1.017578125,-0.025390625,0.01953125,-0.005859375,0.0,0.0,0.0
1030919972,823966,0,1.009765625,-0.025390625,0.021484375,-0.00390625,0.0,0.0,0.0
1030921224,823967,0,1.0078125,-0.0234375,0.029296875,0.005859375,0.0,0.0,0.0
1030922474,823968,0,1.00390625,-0.025390625,0.021484375,-0.00390625,0.0,0.0,0.0
1030923724,823969,0,1.0078125,-0.01953125,0.021484375,0.001953125,0.0,0.0,0.0
1030924976,823970,0,1.0078125,-0.025390625,0.025390625,0.0,0.0,0.0,0.0
1030926226,823971,0,1.009765625,-0.025390625,0.01953125,-0.005859375,0.0,0.0,0.0
1030927476,823972,0,1.005859375,-0.025390625,0.01953125,-0.005859375,0.0,0.0,0.0
1030928728,823973,0,1.0078125,-0.02734375,0.0234375,-0.00390625,0.0,0.0,0.0
1030929978,823974,0,0.998046875,-0.02734375,0.021484375,-0.005859375,0.0,0.0,0.0
1030931230,823975,0,1.005859375,-0.021484375,0.017578125,-0.00390625,0.0,0.0,0.0
1030932481,823976,0,1.00390625,-0.0234375,0.01953125,-0.00390625,0.0,0.0,0.0
1030933732,823977,0,1.0078125,-0.021484375,0.017578125,-0.00390625,0.0,0.0,0.0
1030934983,823978,0,1.001953125,-0.0234375,0.01953125,-0.00390625,0.0,0.0,0.0
1030936235,823979,0,1.001953125,-0.025390625,0.021484375,-0.00390625,0.0,0.0,0.0
1030937485,823980,0,1.001953125,-0.03515625,0.013671875,-0.021484375,0.0,0.0,0.0
1030938736,823981,0,1.005859375,-0.02734375,0.017578125,-0.009765625,0.0,0.0,0.0
1030939987,823982,0,1.013671875,-0.017578125,0.021484375,0.00390625,0.0,0.0,0.0
1030941237,823983,0,1.0078125,-0.025390625,0.0234375,-0.001953125,0.0,0.0,0.0
1030942488,823984,0,1.0078125,-0.025390625,0.021484375,-0.00390625,0.0,0.0,0.0
1030943738,823985,0,1.009765625,-0.029296875,0.021484375,-0.0078125,0.0,0.0,0.0
1030944989,823986,0,1.005859375,-0.025390625,0.021484375,-0.00390625,0.0,0.0,0.0
1030946239,823987,0,1.001953125,-0.03125,0.021484375,-0.009765625,0.0,0.0,0.0
1030947490,823988,0,0.99609375,-0.03515625,0.01171875,-0.0234375,0.0,0.0,0.0
1030948741,823989,0,1.0078125,-0.033203125,0.015625,-0.017578125,0.0,0.0,0.0
1030949991,823990,0,1.0,-0.03125,0.017578125,-0.013671875,0.0,0.0,0.0
1030951242,823991,0,1.001953125,-0.03125,0.01953125,-0.01171875,0.0,0.0,0.0
1030952493,823992,0,1.001953125,-0.037109375,0.01953125,-0.017578125,0.0,0.0,0.0
1030953745,823993,0,1.00390625,-0.03125,0.015625,-0.015625,0.0,0.0,0.0
1030954995,823994,0,1.0,-0.03125,0.01953125,-0.01171875,0.0,0.0,0.0
1030956247,823995,0,1.0078125,-0.02734375,0.021484375,-0.005859375,0.0,0.0,0.0
1030957498,823996,0,1.005859375,-0.02734375,0.017578125,-0.009765625,0.0,0.0,0.0
1030958749,823997,0,1.0078125,-0.02734375,0.01953125,-0.0078125,0.0,0.0,0.0
1030960000,823998,0,1.0,-0.02734375,0.01953125,-0.0078125,0.0,0.0,0.0
1030961250,823999,0,1.009765625,-0.0234375,0.01953125,-0.00390625,0.0,0.0,0.0
1030962501,824000,0,1.005859375,-0.02734375,0.03125,0.00390625,0.0,0.0,0.0
1030963752,824001,0,1.009765625,-0.0234375,0.021484375,-0.001953125,0.0,0.0,0.0
1030965003,824002,0,1.017578125,-0.02734375,0.021484375,-0.005859375,0.0,0.0,0.0
1030966254,824003,0,1.01171875,-0.03125,0.01171875,-0.01953125,0.0,0.0,0.0
1030967504,824004,0,1.005859375,-0.033203125,0.025390625,-0.0078125,0.0,0.0,0.0
1030968755,824005,0,1.01171875,-0.03515625,0.0234375,-0.01171875,0.0,0.0,0.0
1030970006,824006,0,1.001953125,-0.033203125,0.01953125,-0.013671875,0.0,0.0,0.0
1030971257,824007,0,1.001953125,-0.02734375,0.017578125,-0.009765625,0.0,0.0,0.0
1030972508,824008,0,1.001953125,-0.03125,0.021484375,-0.009765625,0.0,0.0,0.0
1030973760,824009,0,1.001953125,-0.025390625,0.025390625,0.0,0.0,0.0,0.0
1030975010,824010,0,1.001953125,-0.02734375,0.017578125,-0.009765625,0.0,0.0,0.0
1030976261,824011,0,1.001953125,-0.029296875,0.021484375,-0.0078125,0.0,0.0,0.0
1030977513,824012,0,1.00390625,-0.021484375,0.021484375,0.0,0.0,0.0,0.0
1030978763,824013,0,1.001953125,-0.02734375,0.025390625,-0.001953125,0.0,0.0,0.0
1030980014,824014,0,1.0,-0.02734375,0.025390625,-0.001953125,0.0,0.0,0.0
1030981271,824015,0,0.998046875,-0.03125,0.01953125,-0.01171875,0.0,0.0,0.0
1030982522,824016,0,1.00390625,-0.03125,0.015625,-0.015625,0.0,0.0,0.0
1030983774,824017,0,0.994140625,-0.025390625,0.01953125,-0.005859375,0.0,0.0,0.0
1030985024,824018,0,1.0078125,-0.02734375,0.021484375,-0.005859375,0.0,0.0,0.0
1030986275,824019,0,1.005859375,-0.03125,0.021484375,-0.009765625,0.0,0.0,0.0
1030987527,824020,0,1.00390625,-0.025390625,0.017578125,-0.0078125,0.0,0.0,0.0
1030988778,824021,0,1.0,-0.03125,0.021484375,-0.009765625,0.0,0.0,0.0
1030990028,824022,0,1.005859375,-0.02734375,0.017578125,-0.009765625,0.0,0.0,0.0
1030991278,824023,0,1.001953125,-0.02734375,0.017578125,-0.009765625,0.0,0.0,0.0
1030992528,824024,0,1.00390625,-0.02734375,0.01953125,-0.0078125,0.0,0.0,0.0
1030993780,824025,0,1.01171875,-0.029296875,0.015625,-0.013671875,0.0,0.0,0.0
1030995031,824026,0,1.00390625,-0.0234375,0.021484375,-0.001953125,0.0,0.0,0.0
1030996282,824027,0,1.0078125,-0.021484375,0.0234375,0.001953125,0.0,0.0,0.0
1030997533,824028,0,0.99609375,-0.021484375,0.025390625,0.00390625,0.0,0.0,0.0
1030998784,824029,0,1.009765625,-0.01953125,0.021484375,0.001953125,0.0,0.0,0.0
1031000034,824030,0,1.005859375,-0.0234375,0.025390625,0.001953125,0.0,0.0,0.0
1031001284,824031,0,1.0078125,-0.02734375,0.021484375,-0.005859375,0.0,0.0,0.0
1031002536,824032,0,1.00390625,-0.02734375,0.021484375,-0.005859375,0.0,0.0,0.0
1031003787,824033,0,1.005859375,-0.025390625,0.013671875,-0.01171875,0.0,0.0,0.0
1031005038,824034,0,1.00390625,-0.03125,0.015625,-0.015625,0.0,0.0,0.0
1031006288,824035,0,1.001953125,-0.029296875,0.021484375,-0.0078125,0.0,0.0,0.0
1031007539,824036,0,0.998046875,-0.03125,0.01953125,-0.01171875,0.0,0.0,0.0
1031008790,824037,0,1.005859375,-0.033203125,0.01953125,-0.013671875,0.0,0.0,0.0
1031010040,824038,0,1.001953125,-0.03125,0.017578125,-0.013671875,0.0,0.0,0.0
1031011290,824039,0,1.0078125,-0.029296875,0.015625,-0.013671875,0.0,0.0,0.0
1031012542,824040,0,0.99609375,-0.03125,0.01953125,-0.01171875,0.0,0.0,0.0
1031013793,824041,0,0.99609375,-0.029296875,0.025390625,-0.00390625,0.0,0.0,0.0
1031015044,824042,0,1.01171875,-0.03125,0.015625,-0.015625,0.0,0.0,0.0
1031016295,824043,0,0.998046875,-0.02734375,0.01953125,-0.0078125,0.0,0.0,0.0
1031017546,824044,0,1.013671875,-0.029296875,0.009765625,-0.01953125,0.0,0.0,0.0
1031018797,824045,0,1.009765625,-0.021484375,0.021484375,0.0,0.0,0.0,0.0
1031020049,824046,0,1.0,-0.03125,0.02734375,-0.00390625,0.0,0.0,0.0
1031021300,824047,0,1.0,-0.02734375,0.0234375,-0.00390625,0.0,0.0,0.0
1031022550,824048,0,1.0,-0.01953125,0.017578125,-0.001953125,0.0,0.0,0.0
1031023800,824049,0,1.015625,-0.029296875,0.021484375,-0.0078125,0.0,0.0,0.0
1031025051,824050,0,1.009765625,-0.02734375,0.01953125,-0.0078125,0.0,0.0,0.0
1031026301,824051,0,1.00390625,-0.029296875,0.015625,-0.013671875,0.0,0.0,0.0
1031027552,824052,0,1.005859375,-0.02734375,0.021484375,-0.005859375,0.0,0.0,0.0
1031028803,824053,0,1.001953125,-0.029296875,0.01953125,-0.009765625,0.0,0.0,0.0
1031030054,824054,0,1.005859375,-0.025390625,0.017578125,-0.0078125,0.0,0.0,0.0
1031031305,824055,0,0.99609375,-0.03125,0.017578125,-0.013671875,0.0,0.0,0.0
1031032556,824056,0,1.001953125,-0.029296875,0.01953125,-0.009765625,0.0,0.0,0.0
1031033807,824057,0,1.0078125,-0.02734375,0.021484375,-0.005859375,0.0,0.0,0.0
1031035059,824058,0,1.001953125,-0.029296875,0.025390625,-0.00390625,0.0,0.0,0.0
1031036310,824059,0,1.005859375,-0.02734375,0.01953125,-0.0078125,0.0,0.0,0.0
1031037560,824060,0,1.01171875,-0.0234375,0.01953125,-0.00390625,0.0,0.0,0.0
1031038810,824061,0,1.013671875,-0.02734375,0.021484375,-0.005859375,0.0,0.0,0.0
1031040061,824062,0,1.01171875,-0.029296875,0.02734375,-0.001953125,0.0,0.0,0.0
1031041311,824063,0,1.009765625,-0.0234375,0.01953125,-0.00390625,0.0,0.0,0.0
1031042563,824064,0,1.0078125,-0.03125,0.0234375,-0.0078125,0.0,0.0,0.0
1031043813,824065,0,0.998046875,-0.02734375,0.03515625,0.0078125,0.0,0.0,0.0
1031045065,824066,0,1.0,-0.02734375,0.021484375,-0.005859375,0.0,0.0,0.0
1031046316,824067,0,0.994140625,-0.025390625,0.015625,-0.009765625,0.0,0.0,0.0
1031047566,824068,0,0.998046875,-0.0234375,0.025390625,0.001953125,0.0,0.0,0.0
1031048817,824069,0,1.005859375,-0.02734375,0.021484375,-0.005859375,0.0,0.0,0.0
1031050067,824070,0,1.005859375,-0.021484375,0.021484375,0.0,0.0,0.0,0.0
1031051317,824071,0,1.0078125,-0.0234375,0.02734375,0.00390625,0.0,0.0,0.0
1031052567,824072,0,1.005859375,-0.029296875,0.0234375,-0.005859375,0.0,0.0,0.0
1031053818,824073,0,0.998046875,-0.03125,0.015625,-0.015625,0.0,0.0,0.0
1031055070,824074,0,1.001953125,-0.029296875,0.0234375,-0.005859375,0.0,0.0,0.0
1031056321,824075,0,0.99609375,-0.03125,0.021484375,-0.009765625,0.0,0.0,0.0
1031057571,824076,0,0.99609375,-0.029296875,0.01953125,-0.009765625,0.0,0.0,0.0
1031058821,824077,0,1.00390625,-0.033203125,0.017578125,-0.015625,0.0,0.0,0.0
1031060071,824078,0,1.001953125,-0.03515625,0.009765625,-0.025390625,0.0,0.0,0.0
1031061322,824079,0,1.00390625,-0.029296875,0.0234375,-0.005859375,0.0,0.0,0.0
1031062572,824080,0,1.0,-0.0234375,0.021484375,-0.001953125,0.0,0.0,0.0
1031063823,824081,0,0.998046875,-0.025390625,0.029296875,0.00390625,0.0,0.0,0.0
1031065075,824082,0,1.0078125,-0.02734375,0.025390625,-0.001953125,0.0,0.0,0.0
1031066326,824083,0,1.009765625,-0.025390625,0.0234375,-0.001953125,0.0,0.0,0.0
1031067577,824084,0,1.009765625,-0.025390625,0.015625,-0.009765625,0.0,0.0,0.0
1031068829,824085,0,1.015625,-0.025390625,0.021484375,-0.00390625,0.0,0.0,0.0
1031070079,824086,0,1.0,-0.0234375,0.015625,-0.0078125,0.0,0.0,0.0
1031071329,824087,0,1.001953125,-0.025390625,0.013671875,-0.01171875,0.0,0.0,0.0
1031072580,824088,0,0.9921875,-0.029296875,0.0234375,-0.005859375,0.0,0.0,0.0
1031073831,824089,0,0.998046875,-0.037109375,0.01953125,-0.017578125,0.0,0.0,0.0
1031075082,824090,0,0.99609375,-0.03515625,0.01953125,-0.015625,0.0,0.0,0.0
1031076333,824091,0,0.99609375,-0.03125,0.01953125,-0.01171875,0.0,0.0,0.0
1031077584,824092,0,0.998046875,-0.03125,0.01953125,-0.01171875,0.0,0.0,0.0
1031078835,824093,0,1.005859375,-0.03125,0.021484375,-0.009765625,0.0,0.0,0.0
1031080087,824094,0,1.005859375,-0.02734375,0.013671875,-0.013671875,0.0,0.0,0.0
1031081338,824095,0,1.0078125,-0.02734375,0.017578125,-0.009765625,0.0,0.0,0.0
1031082590,824096,0,1.005859375,-0.0234375,0.017578125,-0.005859375,0.0,0.0,0.0
1031083841,824097,0,1.0,-0.025390625,0.021484375,-0.00390625,0.0,0.0,0.0
1031085092,824098,0,1.0078125,-0.029296875,0.025390625,-0.00390625,0.0,0.0,0.0
1031086343,824099,0,1.0078125,-0.0234375,0.01953125,-0.00390625,0.0,0.0,0.0
1031087595,824100,0,1.001953125,-0.021484375,0.021484375,0.0,0.0,0.0,0.0
1031088845,824101,0,1.0078125,-0.029296875,0.015625,-0.013671875,0.0,0.0,0.0
1031090097,824102,0,1.0,-0.02734375,0.01953125,-0.0078125,0.0,0.0,0.0
1031091348,824103,0,1.001953125,-0.025390625,0.0234375,-0.001953125,0.0,0.0,0.0
1031092600,824104,0,1.005859375,-0.03125,0.021484375,-0.009765625,0.0,0.0,0.0
1031093850,824105,0,1.001953125,-0.029296875,0.0234375,-0.005859375,0.0,0.0,0.0
1031095101,824106,0,1.001953125,-0.02734375,0.017578125,-0.009765625,0.0,0.0,0.0
1031096351,824107,0,1.0,-0.029296875,0.0234375,-0.005859375,0.0,0.0,0.0
1031097602,824108,0,1.013671875,-0.02734375,0.01953125,-0.0078125,0.0,0.0,0.0
1031098853,824109,0,1.0,-0.029296875,0.01953125,-0.009765625,0.0,0.0,0.0
1031100104,824110,0,1.0078125,-0.03515625,0.017578125,-0.017578125,0.0,0.0,0.0
1031101355,824111,0,1.0,-0.0234375,0.017578125,-0.005859375,0.0,0.0,0.0
1031102606,824112,0,1.001953125,-0.03125,0.01953125,-0.01171875,0.0,0.0,0.0
1031103857,824113,0,1.001953125,-0.025390625,0.02734375,0.001953125,0.0,0.0,0.0
1031105109,824114,0,1.0,-0.02734375,0.01953125,-0.0078125,0.0,0.0,0.0
1031106360,824115,0,1.013671875,-0.029296875,0.017578125,-0.01171875,0.0,0.0,0.0
1031107610,824116,0,1.005859375,-0.025390625,0.01953125,-0.005859375,0.0,0.0,0.0
1031108861,824117,0,1.001953125,-0.029296875,0.021484375,-0.0078125,0.0,0.0,0.0
1031110112,824118,0,1.00390625,-0.02734375,0.017578125,-0.009765625,0.0,0.0,0.0
1031111362,824119,0,1.0078125,-0.0234375,0.021484375,-0.001953125,0.0,0.0,0.0
1031112613,824120,0,1.0078125,-0.02734375,0.017578125,-0.009765625,0.0,0.0,0.0
1031113863,824121,0,1.01171875,-0.0234375,0.025390625,0.001953125,0.0,0.0,0.0
1031115115,824122,0,1.00390625,-0.02734375,0.02734375,0.0,0.0,0.0,0.0
1031116366,824123,0,1.0,-0.02734375,0.021484375,-0.005859375,0.0,0.0,0.0
1031117616,824124,0,1.01171875,-0.02734375,0.0234375,-0.00390625,0.0,0.0,0.0
1031118867,824125,0,0.994140625,-0.02734375,0.025390625,-0.001953125,0.0,0.0,0.0
1031120117,824126,0,1.00390625,-0.029296875,0.01953125,-0.009765625,0.0,0.0,0.0
1031121367,824127,0,1.01953125,-0.025390625,0.01953125,-0.005859375,0.0,0.0,0.0
1031122618,824128,0,1.001953125,-0.02734375,0.01953125,-0.0078125,0.0,0.0,0.0
1031123868,824129,0,1.009765625,-0.02734375,0.009765625,-0.017578125,0.0,0.0,0.0
1031125120,824130,0,1.0,-0.02734375,0.01171875,-0.015625,0.0,0.0,0.0
1031126371,824131,0,1.001953125,-0.025390625,0.01953125,-0.005859375,0.0,0.0,0.0
1031127621,824132,0,0.998046875,-0.029296875,0.021484375,-0.0078125,0.0,0.0,0.0
1031128873,824133,0,1.009765625,-0.029296875,0.01953125,-0.009765625,0.0,0.0,0.0
1031130123,824134,0,1.0078125,-0.025390625,0.01953125,-0.005859375,0.0,0.0,0.0
1031131373,824135,0,1.00390625,-0.025390625,0.0234375,-0.001953125,0.0,0.0,0.0
1031132623,824136,0,1.005859375,-0.0234375,0.025390625,0.001953125,0.0,0.0,0.0
1031133873,824137,0,1.009765625,-0.025390625,0.01953125,-0.005859375,0.0,0.0,0.0
1031135125,824138,0,1.005859375,-0.033203125,0.025390625,-0.0078125,0.0,0.0,0.0
1031136376,824139,0,1.009765625,-0.0234375,0.01953125,-0.00390625,0.0,0.0,0.0
1031137626,824140,0,1.001953125,-0.029296875,0.01953125,-0.009765625,0.0,0.0,0.0
1031138877,824141,0,1.005859375,-0.029296875,0.021484375,-0.0078125,0.0,0.0,0.0
1031140128,824142,0,0.994140625,-0.02734375,0.01953125,-0.0078125,0.0,0.0,0.0
1031141378,824143,0,1.0,-0.02734375,0.021484375,-0.005859375,0.0,0.0,0.0
1031142629,824144,0,1.001953125,-0.03125,0.015625,-0.015625,0.0,0.0,0.0
1031143880,824145,0,1.0,-0.029296875,0.021484375,-0.0078125,0.0,0.0,0.0
1031145131,824146,0,1.0078125,-0.033203125,0.021484375,-0.01171875,0.0,0.0,0.0
1031146382,824147,0,1.0,-0.029296875,0.009765625,-0.01953125,0.0,0.0,0.0
1031147632,824148,0,1.00390625,-0.02734375,0.017578125,-0.009765625,0.0,0.0,0.0
1031148883,824149,0,1.001953125,-0.03125,0.021484375,-0.009765625,0.0,0.0,0.0
1031150134,824150,0,1.00390625,-0.033203125,0.025390625,-0.0078125,0.0,0.0,0.0
1031151384,824151,0,1.015625,-0.02734375,0.021484375,-0.005859375,0.0,0.0,0.0
1031152636,824152,0,1.0,-0.0234375,0.025390625,0.001953125,0.0,0.0,0.0
1031153886,824153,0,1.005859375,-0.02734375,0.015625,-0.01171875,0.0,0.0,0.0
1031155137,824154,0,0.998046875,-0.02734375,0.017578125,-0.009765625,0.0,0.0,0.0
1031156388,824155,0,1.00390625,-0.03125,0.021484375,-0.009765625,0.0,0.0,0.0
1031157639,824156,0,1.0,-0.03125,0.0234375,-0.0078125,0.0,0.0,0.0
1031158889,824157,0,0.998046875,-0.02734375,0.021484375,-0.005859375,0.0,0.0,0.0
1031160140,824158,0,1.001953125,-0.025390625,0.021484375,-0.00390625,0.0,0.0,0.0
1031161392,824159,0,1.00390625,-0.033203125,0.01953125,-0.013671875,0.0,0.0,0.0
1031162642,824160,0,1.00390625,-0.0234375,0.017578125,-0.005859375,0.0,0.0,0.0
1031163894,824161,0,1.005859375,-0.033203125,0.021484375,-0.01171875,0.0,0.0,0.0
1031165145,824162,0,1.0078125,-0.02734375,0.015625,-0.01171875,0.0,0.0,0.0
1031166396,824163,0,1.0078125,-0.03125,0.025390625,-0.005859375,0.0,0.0,0.0
1031167648,824164,0,1.00390625,-0.03125,0.021484375,-0.009765625,0.0,0.0,0.0
1031168899,824165,0,1.001953125,-0.02734375,0.01953125,-0.0078125,0.0,0.0,0.0
1031170150,824166,0,1.0,-0.02734375,0.025390625,-0.001953125,0.0,0.0,0.0
1031171400,824167,0,0.998046875,-0.02734375,0.01953125,-0.0078125,0.0,0.0,0.0
1031172651,824168,0,1.001953125,-0.029296875,0.021484375,-0.0078125,0.0,0.0,0.0
1031173902,824169,0,1.00390625,-0.02734375,0.021484375,-0.005859375,0.0,0.0,0.0
1031175152,824170,0,1.009765625,-0.029296875,0.01953125,-0.009765625,0.0,0.0,0.0
1031176402,824171,0,1.005859375,-0.033203125,0.015625,-0.017578125,0.0,0.0,0.0
1031177654,824172,0,1.00390625,-0.03125,0.025390625,-0.005859375,0.0,0.0,0.0
1031178904,824173,0,0.994140625,-0.033203125,0.015625,-0.017578125,0.0,0.0,0.0
1031180154,824174,0,0.998046875,-0.02734375,0.01953125,-0.0078125,0.0,0.0,0.0
1031181405,824175,0,1.00390625,-0.0234375,0.0234375,0.0,0.0,0.0,0.0
1031182655,824176,0,1.001953125,-0.02734375,0.01953125,-0.0078125,0.0,0.0,0.0
1031183906,824177,0,1.0078125,-0.02734375,0.021484375,-0.005859375,0.0,0.0,0.0
1031185157,824178,0,1.01171875,-0.0234375,0.01953125,-0.00390625,0.0,0.0,0.0
1031186408,824179,0,1.009765625,-0.025390625,0.02734375,0.001953125,0.0,0.0,0.0
1031187659,824180,0,1.0078125,-0.0234375,0.02734375,0.00390625,0.0,0.0,0.0
1031188911,824181,0,1.0078125,-0.02734375,0.0234375,-0.00390625,0.0,0.0,0.0
1031190162,824182,0,1.001953125,-0.02734375,0.01953125,-0.0078125,0.0,0.0,0.0
1031191414,824183,0,1.00390625,-0.02734375,0.0234375,-0.00390625,0.0,0.0,0.0
1031192664,824184,0,1.0,-0.03125,0.021484375,-0.009765625,0.0,0.0,0.0
1031193916,824185,0,1.005859375,-0.029296875,0.021484375,-0.0078125,0.0,0.0,0.0
1031195167,824186,0,0.998046875,-0.025390625,0.017578125,-0.0078125,0.0,0.0,0.0
1031196417,824187,0,1.00390625,-0.025390625,0.017578125,-0.0078125,0.0,0.0,0.0
1031197668,824188,0,0.99609375,-0.02734375,0.01953125,-0.0078125,0.0,0.0,0.0
1031198919,824189,0,1.0,-0.029296875,0.021484375,-0.0078125,0.0,0.0,0.0
1031200170,824190,0,1.0078125,-0.03125,0.015625,-0.015625,0.0,0.0,0.0
1031201421,824191,0,1.0,-0.0234375,0.025390625,0.001953125,0.0,0.0,0.0
1031202672,824192,0,1.015625,-0.03125,0.01953125,-0.01171875,0.0,0.0,0.0
1031203922,824193,0,1.005859375,-0.025390625,0.021484375,-0.00390625,0.0,0.0,0.0
1031205173,824194,0,1.0078125,-0.02734375,0.021484375,-0.005859375,0.0,0.0,0.0
1031206425,824195,0,1.0078125,-0.029296875,0.0234375,-0.005859375,0.0,0.0,0.0
1031207675,824196,0,1.0,-0.021484375,0.02734375,0.005859375,0.0,0.0,0.0
1031208927,824197,0,1.01171875,-0.0234375,0.0234375,0.0,0.0,0.0,0.0
1031210177,824198,0,1.009765625,-0.02734375,0.0234375,-0.00390625,0.0,0.0,0.0
1031211429,824199,0,1.005859375,-0.03125,0.025390625,-0.005859375,0.0,0.0,0.0
1031212680,824200,0,1.001953125,-0.02734375,0.02734375,0.0,0.0,0.0,0.0
1031213930,824201,0,1.00390625,-0.02734375,0.0234375,-0.00390625,0.0,0.0,0.0
1031215180,824202,0,1.00390625,-0.02734375,0.017578125,-0.009765625,0.0,0.0,0.0
1031216431,824203,0,1.00390625,-0.033203125,0.01171875,-0.021484375,0.0,0.0,0.0
1031217682,824204,0,1.001953125,-0.029296875,0.021484375,-0.0078125,0.0,0.0,0.0
1031218933,824205,0,1.001953125,-0.03125,0.021484375,-0.009765625,0.0,0.0,0.0
1031220184,824206,0,0.99609375,-0.029296875,0.025390625,-0.00390625,0.0,0.0,0.0
1031221434,824207,0,1.005859375,-0.025390625,0.025390625,0.0,0.0,0.0,0.0
1031222685,824208,0,1.0078125,-0.029296875,0.01171875,-0.017578125,0.0,0.0,0.0
1031223936,824209,0,1.001953125,-0.02734375,0.01953125,-0.0078125,0.0,0.0,0.0
1031225188,824210,0,1.0078125,-0.025390625,0.017578125,-0.0078125,0.0,0.0,0.0
1031226439,824211,0,1.013671875,-0.017578125,0.0234375,0.005859375,0.0,0.0,0.0
1031227690,824212,0,1.0,-0.0234375,0.021484375,-0.001953125,0.0,0.0,0.0
1031228941,824213,0,1.017578125,-0.01953125,0.025390625,0.005859375,0.0,0.0,0.0
1031230192,824214,0,1.0078125,-0.0234375,0.01953125,-0.00390625,0.0,0.0,0.0
1031231443,824215,0,1.013671875,-0.0234375,0.03125,0.0078125,0.0,0.0,0.0
1031232695,824216,0,0.994140625,-0.03125,0.021484375,-0.009765625,0.0,0.0,0.0
1031233945,824217,0,1.001953125,-0.02734375,0.01953125,-0.0078125,0.0,0.0,0.0
1031235195,824218,0,0.998046875,-0.03515625,0.029296875,-0.005859375,0.0,0.0,0.0
1031236447,824219,0,1.00390625,-0.033203125,0.021484375,-0.01171875,0.0,0.0,0.0
1031237697,824220,0,0.99609375,-0.033203125,0.015625,-0.017578125,0.0,0.0,0.0
1031238949,824221,0,1.005859375,-0.029296875,0.021484375,-0.0078125,0.0,0.0,0.0
1031240200,824222,0,0.998046875,-0.03125,0.01953125,-0.01171875,0.0,0.0,0.0
1031241452,824223,0,1.001953125,-0.02734375,0.017578125,-0.009765625,0.0,0.0,0.0
1031242702,824224,0,1.00390625,-0.033203125,0.021484375,-0.01171875,0.0,0.0,0.0
1031243954,824225,0,1.001953125,-0.03125,0.015625,-0.015625,0.0,0.0,0.0
1031245205,824226,0,1.00390625,-0.02734375,0.017578125,-0.009765625,0.0,0.0,0.0
1031246456,824227,0,1.0078125,-0.033203125,0.021484375,-0.01171875,0.0,0.0,0.0
1031247708,824228,0,1.001953125,-0.029296875,0.015625,-0.013671875,0.0,0.0,0.0
1031248958,824229,0,1.001953125,-0.029296875,0.025390625,-0.00390625,0.0,0.0,0.0
1031250209,824230,0,1.005859375,-0.029296875,0.021484375,-0.0078125,0.0,0.0,0.0
1031251459,824231,0,1.009765625,-0.025390625,0.021484375,-0.00390625,0.0,0.0,0.0
1031252710,824232,0,1.009765625,-0.02734375,0.021484375,-0.005859375,0.0,0.0,0.0
1031253961,824233,0,1.00390625,-0.025390625,0.0234375,-0.001953125,0.0,0.0,0.0
1031255212,824234,0,1.0,-0.029296875,0.025390625,-0.00390625,0.0,0.0,0.0
1031256462,824235,0,1.00390625,-0.029296875,0.013671875,-0.015625,0.0,0.0,0.0
1031257713,824236,0,0.99609375,-0.03125,0.01953125,-0.01171875,0.0,0.0,0.0
1031258965,824237,0,0.998046875,-0.033203125,0.0234375,-0.009765625,0.0,0.0,0.0
1031260216,824238,0,0.998046875,-0.029296875,0.0234375,-0.005859375,0.0,0.0,0.0
1031261468,824239,0,1.0,-0.02734375,0.015625,-0.01171875,0.0,0.0,0.0
1031262719,824240,0,1.0,-0.03125,0.013671875,-0.017578125,0.0,0.0,0.0
1031263969,824241,0,1.001953125,-0.03125,0.015625,-0.015625,0.0,0.0,0.0
1031265221,824242,0,0.998046875,-0.029296875,0.017578125,-0.01171875,0.0,0.0,0.0
1031266471,824243,0,1.0078125,-0.029296875,0.029296875,0.0,0.0,0.0,0.0
1031267721,824244,0,1.001953125,-0.029296875,0.021484375,-0.0078125,0.0,0.0,0.0
1031268972,824245,0,0.998046875,-0.029296875,0.021484375,-0.0078125,0.0,0.0,0.0
1031270224,824246,0,1.005859375,-0.0234375,0.01953125,-0.00390625,0.0,0.0,0.0
1031271474,824247,0,1.00390625,-0.029296875,0.021484375,-0.0078125,0.0,0.0,0.0
1031272724,824248,0,1.0,-0.033203125,0.0234375,-0.009765625,0.0,0.0,0.0
1031273976,824249,0,1.0,-0.03125,0.021484375,-0.009765625,0.0,0.0,0.0
1031275226,824250,0,0.998046875,-0.02734375,0.01953125,-0.0078125,0.0,0.0,0.0
1031276476,824251,0,1.00390625,-0.029296875,0.017578125,-0.01171875,0.0,0.0,0.0
1031277728,824252,0,1.00390625,-0.029296875,0.021484375,-0.0078125,0.0,0.0,0.0
1031278978,824253,0,0.998046875,-0.03125,0.0234375,-0.0078125,0.0,0.0,0.0
1031280230,824254,0,1.0078125,-0.025390625,0.021484375,-0.00390625,0.0,0.0,0.0
1031281481,824255,0,0.99609375,-0.03125,0.017578125,-0.013671875,0.0,0.0,0.0
1031282732,824256,0,0.998046875,-0.03125,0.017578125,-0.013671875,0.0,0.0,0.0
1031283983,824257,0,0.9921875,-0.03125,0.025390625,-0.005859375,0.0,0.0,0.0
1031285235,824258,0,1.005859375,-0.033203125,0.013671875,-0.01953125,0.0,0.0,0.0
1031286485,824259,0,1.00390625,-0.029296875,0.021484375,-0.0078125,0.0,0.0,0.0
1031287736,824260,0,1.001953125,-0.03515625,0.017578125,-0.017578125,0.0,0.0,0.0
1031288987,824261,0,0.99609375,-0.03515625,0.015625,-0.01953125,0.0,0.0,0.0
1031290237,824262,0,0.994140625,-0.0390625,0.017578125,-0.021484375,0.0,0.0,0.0
1031291488,824263,0,0.998046875,-0.037109375,0.009765625,-0.02734375,0.0,0.0,0.0
1031292738,824264,0,0.998046875,-0.03515625,0.015625,-0.01953125,0.0,0.0,0.0
1031293989,824265,0,0.994140625,-0.033203125,0.017578125,-0.015625,0.0,0.0,0.0
1031295239,824266,0,1.001953125,-0.033203125,0.021484375,-0.01171875,0.0,0.0,0.0
1031296490,824267,0,1.0078125,-0.03515625,0.017578125,-0.017578125,0.0,0.0,0.0
1031297741,824268,0,1.005859375,-0.029296875,0.017578125,-0.01171875,0.0,0.0,0.0
1031298991,824269,0,1.00390625,-0.033203125,0.01953125,-0.013671875,0.0,0.0,0.0
1031300242,824270,0,1.001953125,-0.03515625,0.015625,-0.01953125,0.0,0.0,0.0
1031301493,824271,0,0.998046875,-0.033203125,0.01953125,-0.013671875,0.0,0.0,0.0
1031302745,824272,0,0.994140625,-0.041015625,0.005859375,-0.03515625,0.0,0.0,0.0
1031303995,824273,0,0.99609375,-0.046875,0.005859375,-0.041015625,0.0,0.0,0.0
1031305247,824274,0,0.994140625,-0.0546875,0.01171875,-0.04296875,0.0,0.0,0.0
1031306498,824275,0,0.99609375,-0.076171875,-0.00390625,-0.080078125,0.0,0.0,0.0
1031307749,824276,0,0.990234375,-0.185546875,-0.064453125,-0.25,0.0,0.0,0.0
1031309000,824277,0,0.931640625,-0.353515625,-0.29296875,-0.646484375,0.0,0.0,0.0
1031310250,824278,0,0.84765625,-0.091796875,-0.01171875,-0.103515625,0.0,0.0,0.0
1031311501,824279,0,0.859375,0.056640625,0.1484375,0.205078125,0.0,0.0,0.0
1031312752,824280,0,0.931640625,0.052734375,0.142578125,0.1953125,0.0,0.0,0.0
1031314003,824281,0,1.126953125,0.099609375,0.126953125,0.2265625,0.0,0.0,0.0
1031315254,824282,0,1.1953125,0.072265625,-0.0234375,0.048828125,0.0,0.0,0.0
1031316504,824283,0,1.119140625,0.056640625,0.009765625,0.06640625,0.0,0.0,0.0
1031317755,824284,0,1.08203125,0.0625,0.091796875,0.154296875,0.0,0.0,0.0
1031319006,824285,0,0.978515625,-0.02734375,0.056640625,0.029296875,0.0,0.0,0.0
1031320257,824286,0,0.935546875,-0.044921875,0.01953125,-0.025390625,0.0,0.0,0.0
1031321508,824287,0,0.921875,-0.0859375,0.001953125,-0.083984375,0.0,0.0,0.0
1031322760,824288,0,0.943359375,-0.10546875,-0.021484375,-0.126953125,0.0,0.0,0.0
1031324010,824289,0,0.974609375,-0.146484375,-0.07421875,-0.220703125,0.0,0.0,0.0
1031325261,824290,0,0.97265625,-0.12109375,-0.048828125,-0.169921875,0.0,0.0,0.0
1031326513,824291,0,0.95703125,-0.0859375,-0.01953125,-0.10546875,0.0,0.0,0.0
1031327763,824292,0,0.951171875,-0.046875,0.009765625,-0.037109375,0.0,0.0,0.0
1031329014,824293,0,0.98046875,-0.00390625,0.04296875,0.0390625,0.0,0.0,0.0
1031330271,824294,0,1.02734375,0.005859375,0.05078125,0.056640625,0.0,0.0,0.0
1031331522,824295,0,1.0625,0.01171875,0.056640625,0.068359375,0.0,0.0,0.0
1031332774,824296,0,1.056640625,0.017578125,0.01953125,0.037109375,0.0,0.0,0.0
1031334024,824297,0,1.056640625,0.0234375,0.04296875,0.06640625,0.0,0.0,0.0
1031335275,824298,0,1.0390625,0.013671875,0.03515625,0.048828125,0.0,0.0,0.0
1031336527,824299,0,1.015625,0.001953125,0.041015625,0.04296875,0.0,0.0,0.0
1031337778,824300,0,1.001953125,-0.005859375,0.041015625,0.03515625,0.0,0.0,0.0
1031339028,824301,0,0.98046875,-0.03515625,0.021484375,-0.013671875,0.0,0.0,0.0
1031340278,824302,0,0.994140625,-0.0390625,0.0,-0.0390625,0.0,0.0,0.0
1031341528,824303,0,0.994140625,-0.048828125,0.009765625,-0.0390625,0.0,0.0,0.0
1031342780,824304,0,0.998046875,-0.056640625,0.001953125,-0.0546875,0.0,0.0,0.0
1031344031,824305,0,0.99609375,-0.0390625,0.009765625,-0.029296875,0.0,0.0,0.0
1031345282,824306,0,0.986328125,-0.0546875,0.013671875,-0.041015625,0.0,0.0,0.0
1031346533,824307,0,0.9765625,-0.029296875,0.0,-0.029296875,0.0,0.0,0.0
1031347784,824308,0,1.00390625,-0.029296875,0.03515625,0.005859375,0.0,0.0,0.0
1031349034,824309,0,1.0078125,-0.021484375,0.017578125,-0.00390625,0.0,0.0,0.0
1031350284,824310,0,1.025390625,0.021484375,0.0390625,0.060546875,0.0,0.0,0.0
1031351536,824311,0,1.0234375,-0.013671875,0.05078125,0.037109375,0.0,0.0,0.0
1031352787,824312,0,1.015625,-0.021484375,-0.005859375,-0.02734375,0.0,0.0,0.0
1031354038,824313,0,1.033203125,-0.02734375,0.013671875,-0.013671875,0.0,0.0,0.0
1031355288,824314,0,1.021484375,-0.029296875,0.037109375,0.0078125,0.0,0.0,0.0
1031356539,824315,0,0.994140625,-0.021484375,0.013671875,-0.0078125,0.0,0.0,0.0
1031357790,824316,0,0.994140625,-0.029296875,0.021484375,-0.0078125,0.0,0.0,0.0
1031359040,824317,0,1.0,-0.03515625,0.013671875,-0.021484375,0.0,0.0,0.0
1031360290,824318,0,0.99609375,-0.046875,0.001953125,-0.044921875,0.0,0.0,0.0
1031361542,824319,0,1.01171875,-0.056640625,0.005859375,-0.05078125,0.0,0.0,0.0
1031362793,824320,0,0.998046875,-0.04296875,0.00390625,-0.0390625,0.0,0.0,0.0
1031364044,824321,0,0.99609375,-0.048828125,0.013671875,-0.03515625,0.0,0.0,0.0
1031365295,824322,0,0.9921875,-0.05078125,0.005859375,-0.044921875,0.0,0.0,0.0
1031366546,824323,0,0.994140625,-0.041015625,0.025390625,-0.015625,0.0,0.0,0.0
1031367796,824324,0,0.998046875,-0.0390625,0.0,-0.0390625,0.0,0.0,0.0
1031369048,824325,0,1.01171875,-0.033203125,0.015625,-0.017578125,0.0,0.0,0.0
1031370299,824326,0,1.01953125,-0.041015625,0.0234375,-0.017578125,0.0,0.0,0.0
1031371549,824327,0,1.0078125,-0.0390625,0.0078125,-0.03125,0.0,0.0,0.0
1031372801,824328,0,1.015625,-0.037109375,0.021484375,-0.015625,0.0,0.0,0.0
1031374051,824329,0,1.025390625,-0.078125,0.017578125,-0.060546875,0.0,0.0,0.0
1031375301,824330,0,1.025390625,-0.048828125,0.009765625,-0.0390625,0.0,0.0,0.0
1031376552,824331,0,1.0390625,-0.076171875,0.02734375,-0.048828125,0.0,0.0,0.0
1031377803,824332,0,1.033203125,-0.09375,0.025390625,-0.068359375,0.0,0.0,0.0
1031379054,824333,0,1.044921875,-0.09765625,0.017578125,-0.080078125,0.0,0.0,0.0
1031380305,824334,0,1.0234375,-0.1328125,-0.01953125,-0.15234375,0.0,0.0,0.0
1031381556,824335,0,1.015625,-0.12890625,0.001953125,-0.126953125,0.0,0.0,0.0
1031382807,824336,0,1.0,-0.140625,-0.005859375,-0.146484375,0.0,0.0,0.0
1031384059,824337,0,0.994140625,-0.14453125,0.005859375,-0.138671875,0.0,0.0,0.0
1031385310,824338,0,0.98828125,-0.14453125,0.001953125,-0.142578125,0.0,0.0,0.0
1031386560,824339,0,1.017578125,-0.146484375,0.029296875,-0.1171875,0.0,0.0,0.0
1031387810,824340,0,1.015625,-0.15234375,0.00390625,-0.1484375,0.0,0.0,0.0
1031389061,824341,0,1.03125,-0.146484375,-0.015625,-0.162109375,0.0,0.0,0.0
1031390311,824342,0,1.033203125,-0.140625,-0.005859375,-0.146484375,0.0,0.0,0.0
1031391563,824343,0,1.033203125,-0.1484375,0.0,-0.1484375,0.0,0.0,0.0
1031392813,824344,0,1.01171875,-0.12890625,-0.001953125,-0.130859375,0.0,0.0,0.0
1031394065,824345,0,1.009765625,-0.126953125,0.0078125,-0.119140625,0.0,0.0,0.0
1031395316,824346,0,1.005859375,-0.13671875,0.01171875,-0.125,0.0,0.0,0.0
1031396566,824347,0,0.99609375,-0.12109375,-0.013671875,-0.134765625,0.0,0.0,0.0
1031397817,824348,0,1.001953125,-0.10546875,-0.00390625,-0.109375,0.0,0.0,0.0
1031399067,824349,0,0.994140625,-0.103515625,0.0,-0.103515625,0.0,0.0,0.0
1031400317,824350,0,1.00390625,-0.08984375,0.01171875,-0.078125,0.0,0.0,0.0
1031401567,824351,0,1.0078125,-0.076171875,0.0,-0.076171875,0.0,0.0,0.0
1031402818,824352,0,1.0078125,-0.080078125,0.00390625,-0.076171875,0.0,0.0,0.0
1031404070,824353,0,1.01171875,-0.076171875,0.005859375,-0.0703125,0.0,0.0,0.0
1031405321,824354,0,1.005859375,-0.07421875,0.0,-0.07421875,0.0,0.0,0.0
1031406571,824355,0,1.00390625,-0.072265625,0.00390625,-0.068359375,0.0,0.0,0.0
1031407821,824356,0,0.99609375,-0.05078125,0.015625,-0.03515625,0.0,0.0,0.0
1031409071,824357,0,0.99609375,-0.048828125,0.013671875,-0.03515625,0.0,0.0,0.0
1031410322,824358,0,1.005859375,-0.0390625,0.01171875,-0.02734375,0.0,0.0,0.0
1031411572,824359,0,1.0078125,-0.037109375,-0.001953125,-0.0390625,0.0,0.0,0.0
1031412823,824360,0,1.009765625,-0.052734375,0.005859375,-0.046875,0.0,0.0,0.0
1031414075,824361,0,1.00390625,-0.052734375,0.0,-0.052734375,0.0,0.0,0.0
1031415326,824362,0,1.0078125,-0.05859375,0.0,-0.05859375,0.0,0.0,0.0
1031416577,824363,0,0.990234375,-0.0625,0.0078125,-0.0546875,0.0,0.0,0.0
1031417829,824364,0,0.998046875,-0.046875,0.005859375,-0.041015625,0.0,0.0,0.0
1031419079,824365,0,0.998046875,-0.0703125,0.00390625,-0.06640625,0.0,0.0,0.0
1031420329,824366,0,0.998046875,-0.15234375,-0.005859375,-0.158203125,0.0,0.0,0.0
1031421580,824367,0,0.99609375,-0.193359375,-0.029296875,-0.22265625,0.0,0.0,0.0
1031422831,824368,0,1.009765625,-0.244140625,-0.017578125,-0.26171875,0.0,0.0,0.0
1031424082,824369,0,1.033203125,-0.296875,-0.029296875,-0.326171875,0.0,0.0,0.0
1031425333,824370,0,1.04296875,-0.388671875,-0.037109375,-0.42578125,0.0,0.0,0.0
1031426584,824371,0,1.037109375,-0.44921875,-0.083984375,-0.533203125,0.0,0.0,0.0
1031427835,824372,0,1.06640625,-0.50390625,-0.052734375,-0.556640625,0.0,0.0,0.0
1031429087,824373,0,1.052734375,-0.603515625,-0.064453125,-0.66796875,0.0,0.0,0.0
1031430338,824374,0,1.005859375,-0.74609375,-0.095703125,-0.841796875,0.0,0.0,0.0
1031431590,824375,0,0.962890625,-0.80859375,-0.17578125,-0.984375,0.0,0.0,0.0
1031432841,824376,0,0.994140625,-1.294921875,-0.07421875,-1.369140625,0.0,0.0,0.0
1031434092,824377,0,1.37890625,-3.314453125,0.15625,-3.158203125,0.0,0.0,0.0
1031435343,824378,0,0.91015625,-3.67578125,-0.40625,-4.08203125,0.0,0.0,0.0
1031436595,824379,0,0.666015625,-2.26953125,-1.373046875,-3.642578125,0.0,0.0,0.0
1031437845,824380,0,1.458984375,-3.29296875,-0.85546875,-4.1484375,0.0,0.0,0.0
1031439097,824381,0,1.0234375,-2.513671875,-0.537109375,-3.05078125,0.0,0.0,0.0
1031440348,824382,0,0.755859375,-2.115234375,-0.634765625,-2.75,0.0,0.0,0.0
1031441600,824383,0,0.556640625,-1.9140625,-0.5546875,-2.46875,0.0,0.0,0.0
1031442850,824384,0,0.484375,-1.791015625,-0.345703125,-2.13671875,0.0,0.0,0.0
1031444101,824385,0,0.396484375,-1.384765625,-0.326171875,-1.7109375,0.0,0.0,0.0
1031445351,824386,0,0.4453125,-0.927734375,-0.46875,-1.396484375,0.0,0.0,0.0
1031446602,824387,0,0.927734375,-0.810546875,-0.787109375,-1.59765625,0.0,0.0,0.0
1031447853,824388,0,1.458984375,-0.18359375,-1.94140625,-2.125,0.0,0.0,0.0
1031449104,824389,0,0.609375,-0.041015625,-0.25390625,-0.294921875,0.0,0.0,0.0
1031450355,824390,0,2.08984375,0.99609375,-0.873046875,0.123046875,0.0,0.0,0.0
1031451606,824391,0,0.50390625,0.1328125,-0.34765625,-0.21484375,0.0,0.0,0.0
1031452857,824392,0,1.595703125,0.994140625,-1.076171875,-0.08203125,0.0,0.0,0.0
1031454109,824393,0,1.091796875,1.12890625,-0.37890625,0.75,0.0,0.0,0.0
1031455360,824394,0,1.19921875,1.234375,-0.38671875,0.84765625,0.0,0.0,0.0
1031456610,824395,0,1.017578125,1.619140625,-0.10546875,1.513671875,0.0,0.0,0.0
1031457861,824396,0,0.943359375,1.84765625,-0.134765625,1.712890625,0.0,0.0,0.0
1031459112,824397,0,0.873046875,1.96875,-0.109375,1.859375,0.0,0.0,0.0
1031460362,824398,0,0.796875,2.14453125,0.021484375,2.166015625,0.0,0.0,0.0
1031461613,824399,0,0.919921875,2.236328125,0.1171875,2.353515625,0.0,0.0,0.0
1031462863,824400,0,0.916015625,2.3671875,0.244140625,2.611328125,0.0,0.0,0.0
1031464115,824401,0,1.080078125,2.365234375,0.302734375,2.66796875,0.0,0.0,0.0
1031465366,824402,0,1.078125,2.47265625,0.400390625,2.873046875,0.0,0.0,0.0
1031466616,824403,0,1.150390625,2.46484375,0.412109375,2.876953125,0.0,0.0,0.0
1031467867,824404,0,1.16015625,2.5078125,0.46484375,2.97265625,0.0,0.0,0.0
1031469117,824405,0,1.154296875,2.5,0.48828125,2.98828125,0.0,0.0,0.0
1031470367,824406,0,1.1328125,2.423828125,0.482421875,2.90625,0.0,0.0,0.0
1031471618,824407,0,1.0859375,2.35546875,0.447265625,2.802734375,0.0,0.0,0.0
1031472868,824408,0,1.03125,2.275390625,0.447265625,2.72265625,0.0,0.0,0.0
1031474120,824409,0,0.990234375,2.068359375,0.40234375,2.470703125,0.0,0.0,0.0
1031475371,824410,0,0.966796875,1.892578125,0.349609375,2.2421875,0.0,0.0,0.0
1031476621,824411,0,0.986328125,1.7578125,0.255859375,2.013671875,0.0,0.0,0.0
1031477873,824412,0,1.029296875,1.5625,0.203125,1.765625,0.0,0.0,0.0
1031479123,824413,0,1.046875,1.388671875,0.181640625,1.5703125,0.0,0.0,0.0
1031480373,824414,0,1.07421875,1.19140625,0.12109375,1.3125,0.0,0.0,0.0
1031481623,824415,0,1.07421875,0.9921875,0.05859375,1.05078125,0.0,0.0,0.0
1031482873,824416,0,1.064453125,0.775390625,-0.025390625,0.75,0.0,0.0,0.0
1031484125,824417,0,1.046875,0.572265625,-0.083984375,0.48828125,0.0,0.0,0.0
1031485376,824418,0,1.0078125,0.353515625,-0.13671875,0.216796875,0.0,0.0,0.0
1031486626,824419,0,0.970703125,0.13671875,-0.197265625,-0.060546875,0.0,0.0,0.0
1031487877,824420,0,0.939453125,-0.0703125,-0.25390625,-0.32421875,0.0,0.0,0.0
1031489128,824421,0,0.9375,-0.28125,-0.28125,-0.5625,0.0,0.0,0.0
1031490378,824422,0,0.94140625,-0.416015625,-0.326171875,-0.7421875,0.0,0.0,0.0
1031491629,824423,0,1.021484375,-0.578125,-0.236328125,-0.814453125,0.0,0.0,0.0
1031492880,824424,0,1.099609375,-0.6640625,-0.240234375,-0.904296875,0.0,0.0,0.0
1031494131,824425,0,1.05859375,-0.892578125,-0.1953125,-1.087890625,0.0,0.0,0.0
1031495382,824426,0,0.94140625,-1.12890625,-0.13671875,-1.265625,0.0,0.0,0.0
1031496632,824427,0,1.056640625,-1.154296875,-0.228515625,-1.3828125,0.0,0.0,0.0
1031497883,824428,0,1.03125,-1.2890625,-0.287109375,-1.576171875,0.0,0.0,0.0
1031499134,824429,0,0.95703125,-1.443359375,-0.279296875,-1.72265625,0.0,0.0,0.0
1031500384,824430,0,0.974609375,-1.4921875,-0.302734375,-1.794921875,0.0,0.0,0.0
1031501636,824431,0,0.974609375,-1.541015625,-0.32421875,-1.865234375,0.0,0.0,0.0
1031502886,824432,0,0.935546875,-1.595703125,-0.310546875,-1.90625,0.0,0.0,0.0
1031504137,824433,0,0.931640625,-1.607421875,-0.287109375,-1.89453125,0.0,0.0,0.0
1031505388,824434,0,0.943359375,-1.609375,-0.27734375,-1.88671875,0.0,0.0,0.0
1031506639,824435,0,0.947265625,-1.580078125,-0.248046875,-1.828125,0.0,0.0,0.0
1031507889,824436,0,0.95703125,-1.54296875,-0.2265625,-1.76953125,0.0,0.0,0.0
1031509140,824437,0,0.96484375,-1.48046875,-0.19140625,-1.671875,0.0,0.0,0.0
1031510392,824438,0,0.96875,-1.41015625,-0.15234375,-1.5625,0.0,0.0,0.0
1031511642,824439,0,0.986328125,-1.30859375,-0.138671875,-1.447265625,0.0,0.0,0.0
1031512894,824440,0,0.98828125,-1.224609375,-0.126953125,-1.3515625,0.0,0.0,0.0
1031514145,824441,0,0.982421875,-1.13671875,-0.177734375,-1.314453125,0.0,0.0,0.0
1031515396,824442,0,0.986328125,-1.021484375,-0.205078125,-1.2265625,0.0,0.0,0.0
1031516648,824443,0,0.994140625,-0.89453125,-0.201171875,-1.095703125,0.0,0.0,0.0
1031517899,824444,0,1.015625,-0.7421875,-0.138671875,-0.880859375,0.0,0.0,0.0
1031519150,824445,0,1.001953125,-0.603515625,-0.08984375,-0.693359375,0.0,0.0,0.0
1031520400,824446,0,1.005859375,-0.505859375,-0.162109375,-0.66796875,0.0,0.0,0.0
1031521651,824447,0,1.029296875,-0.333984375,-0.11328125,-0.447265625,0.0,0.0,0.0
1031522902,824448,0,0.978515625,-0.220703125,-0.0234375,-0.244140625,0.0,0.0,0.0
1031524152,824449,0,0.99609375,-0.099609375,-0.01953125,-0.119140625,0.0,0.0,0.0
1031525402,824450,0,1.009765625,0.060546875,0.0234375,0.083984375,0.0,0.0,0.0
1031526654,824451,0,0.9921875,0.287109375,-0.037109375,0.25,0.0,0.0,0.0
1031527904,824452,0,1.005859375,0.38671875,-0.173828125,0.212890625,0.0,0.0,0.0
1031529154,824453,0,1.009765625,0.486328125,-0.138671875,0.34765625,0.0,0.0,0.0
1031530405,824454,0,1.001953125,0.56640625,-0.05078125,0.515625,0.0,0.0,0.0
1031531655,824455,0,1.0390625,0.6953125,0.060546875,0.755859375,0.0,0.0,0.0
1031532906,824456,0,1.046875,0.802734375,0.16015625,0.962890625,0.0,0.0,0.0
1031534157,824457,0,1.037109375,0.849609375,0.169921875,1.01953125,0.0,0.0,0.0
1031535408,824458,0,1.029296875,0.90234375,0.138671875,1.041015625,0.0,0.0,0.0
1031536659,824459,0,1.03125,0.9453125,0.142578125,1.087890625,0.0,0.0,0.0
1031537911,824460,0,1.013671875,0.974609375,0.181640625,1.15625,0.0,0.0,0.0
1031539162,824461,0,1.013671875,1.001953125,0.208984375,1.2109375,0.0,0.0,0.0
1031540414,824462,0,1.021484375,1.005859375,0.205078125,1.2109375,0.0,0.0,0.0
1031541664,824463,0,1.015625,0.99609375,0.197265625,1.193359375,0.0,0.0,0.0
1031542916,824464,0,1.021484375,0.990234375,0.19140625,1.181640625,0.0,0.0,0.0
1031544167,824465,0,1.03125,0.958984375,0.2109375,1.169921875,0.0,0.0,0.0
1031545417,824466,0,1.0390625,0.923828125,0.201171875,1.125,0.0,0.0,0.0
1031546668,824467,0,1.033203125,0.880859375,0.1953125,1.076171875,0.0,0.0,0.0
1031547919,824468,0,1.03125,0.822265625,0.171875,0.994140625,0.0,0.0,0.0
1031549170,824469,0,1.03125,0.771484375,0.166015625,0.9375,0.0,0.0,0.0
1031550421,824470,0,1.02734375,0.689453125,0.138671875,0.828125,0.0,0.0,0.0
1031551672,824471,0,1.009765625,0.615234375,0.119140625,0.734375,0.0,0.0,0.0
1031552922,824472,0,1.015625,0.533203125,0.103515625,0.63671875,0.0,0.0,0.0
1031554173,824473,0,0.9921875,0.453125,0.078125,0.53125,0.0,0.0,0.0
1031555425,824474,0,1.00390625,0.359375,0.0546875,0.4140625,0.0,0.0,0.0
1031556675,824475,0,0.99609375,0.265625,0.033203125,0.298828125,0.0,0.0,0.0
1031557927,824476,0,1.0078125,0.177734375,0.009765625,0.1875,0.0,0.0,0.0
1031559177,824477,0,1.0078125,0.0859375,-0.00390625,0.08203125,0.0,0.0,0.0
1031560429,824478,0,1.009765625,0.005859375,-0.001953125,0.00390625,0.0,0.0,0.0
1031561680,824479,0,1.0078125,-0.078125,-0.00390625,-0.08203125,0.0,0.0,0.0
1031562930,824480,0,1.0078125,-0.154296875,-0.01953125,-0.173828125,0.0,0.0,0.0
1031564180,824481,0,0.998046875,-0.232421875,-0.041015625,-0.2734375,0.0,0.0,0.0
1031565431,824482,0,0.99609375,-0.310546875,-0.06640625,-0.376953125,0.0,0.0,0.0
1031566682,824483,0,0.9921875,-0.384765625,-0.080078125,-0.46484375,0.0,0.0,0.0
1031567933,824484,0,0.9921875,-0.43359375,-0.09375,-0.52734375,0.0,0.0,0.0
1031569184,824485,0,0.986328125,-0.501953125,-0.095703125,-0.59765625,0.0,0.0,0.0
1031570434,824486,0,1.0,-0.546875,-0.103515625,-0.650390625,0.0,0.0,0.0
1031571685,824487,0,1.0,-0.58984375,-0.103515625,-0.693359375,0.0,0.0,0.0
1031572936,824488,0,0.9921875,-0.625,-0.09765625,-0.72265625,0.0,0.0,0.0
1031574188,824489,0,0.9921875,-0.654296875,-0.103515625,-0.7578125,0.0,0.0,0.0
1031575439,824490,0,0.99609375,-0.6640625,-0.103515625,-0.767578125,0.0,0.0,0.0
1031576690,824491,0,0.990234375,-0.669921875,-0.09375,-0.763671875,0.0,0.0,0.0
1031577941,824492,0,0.9921875,-0.677734375,-0.095703125,-0.7734375,0.0,0.0,0.0
1031579192,824493,0,0.98828125,-0.6640625,-0.087890625,-0.751953125,0.0,0.0,0.0
1031580443,824494,0,0.982421875,-0.634765625,-0.08984375,-0.724609375,0.0,0.0,0.0
1031581695,824495,0,0.98046875,-0.6171875,-0.087890625,-0.705078125,0.0,0.0,0.0
1031582945,824496,0,0.982421875,-0.576171875,-0.087890625,-0.6640625,0.0,0.0,0.0
1031584195,824497,0,0.98046875,-0.53515625,-0.099609375,-0.634765625,0.0,0.0,0.0
1031585447,824498,0,0.994140625,-0.486328125,-0.078125,-0.564453125,0.0,0.0,0.0
1031586697,824499,0,1.0078125,-0.427734375,-0.0625,-0.490234375,0.0,0.0,0.0
1031587949,824500,0,1.00390625,-0.404296875,-0.083984375,-0.48828125,0.0,0.0,0.0
1031589200,824501,0,1.02734375,-0.322265625,-0.078125,-0.400390625,0.0,0.0,0.0
1031590452,824502,0,1.01171875,-0.275390625,-0.037109375,-0.3125,0.0,0.0,0.0
1031591702,824503,0,1.017578125,-0.21484375,-0.025390625,-0.240234375,0.0,0.0,0.0
1031592954,824504,0,1.01171875,-0.162109375,-0.03125,-0.193359375,0.0,0.0,0.0
1031594205,824505,0,0.998046875,-0.103515625,-0.029296875,-0.1328125,0.0,0.0,0.0
1031595456,824506,0,0.998046875,-0.044921875,-0.01171875,-0.056640625,0.0,0.0,0.0
1031596708,824507,0,0.990234375,0.0078125,0.001953125,0.009765625,0.0,0.0,0.0
1031597958,824508,0,1.00390625,0.0625,0.009765625,0.072265625,0.0,0.0,0.0
1031599209,824509,0,0.9921875,0.111328125,0.0234375,0.134765625,0.0,0.0,0.0
1031600459,824510,0,1.0078125,0.166015625,0.03125,0.197265625,0.0,0.0,0.0
1031601710,824511,0,1.017578125,0.2109375,0.037109375,0.248046875,0.0,0.0,0.0
1031602961,824512,0,1.017578125,0.248046875,0.056640625,0.3046875,0.0,0.0,0.0
1031604212,824513,0,1.01953125,0.28515625,0.06640625,0.3515625,0.0,0.0,0.0
1031605462,824514,0,1.01953125,0.31640625,0.0546875,0.37109375,0.0,0.0,0.0
1031606713,824515,0,1.013671875,0.337890625,0.07421875,0.412109375,0.0,0.0,0.0
1031607965,824516,0,1.017578125,0.365234375,0.080078125,0.4453125,0.0,0.0,0.0
1031609216,824517,0,1.01171875,0.3828125,0.08203125,0.46484375,0.0,0.0,0.0
1031610468,824518,0,1.01171875,0.39453125,0.083984375,0.478515625,0.0,0.0,0.0
1031611719,824519,0,1.005859375,0.40625,0.087890625,0.494140625,0.0,0.0,0.0
1031612969,824520,0,1.01171875,0.408203125,0.08984375,0.498046875,0.0,0.0,0.0
1031614221,824521,0,1.0078125,0.404296875,0.09375,0.498046875,0.0,0.0,0.0
1031615471,824522,0,1.013671875,0.396484375,0.1015625,0.498046875,0.0,0.0,0.0
1031616721,824523,0,1.015625,0.380859375,0.08984375,0.470703125,0.0,0.0,0.0
1031617972,824524,0,1.01953125,0.359375,0.091796875,0.451171875,0.0,0.0,0.0
1031619224,824525,0,1.015625,0.337890625,0.080078125,0.41796875,0.0,0.0,0.0
1031620474,824526,0,1.015625,0.3203125,0.08203125,0.40234375,0.0,0.0,0.0
1031621724,824527,0,1.017578125,0.2890625,0.078125,0.3671875,0.0,0.0,0.0
1031622976,824528,0,1.017578125,0.26171875,0.072265625,0.333984375,0.0,0.0,0.0
1031624226,824529,0,1.013671875,0.2265625,0.060546875,0.287109375,0.0,0.0,0.0
1031625476,824530,0,1.0078125,0.189453125,0.05078125,0.240234375,0.0,0.0,0.0
1031626728,824531,0,1.01171875,0.15234375,0.041015625,0.193359375,0.0,0.0,0.0
1031627978,824532,0,0.998046875,0.119140625,0.03515625,0.154296875,0.0,0.0,0.0
1031629230,824533,0,0.99609375,0.07421875,0.03515625,0.109375,0.0,0.0,0.0
1031630481,824534,0,1.013671875,0.0390625,0.0234375,0.0625,0.0,0.0,0.0
1031631732,824535,0,1.001953125,0.0,0.01953125,0.01953125,0.0,0.0,0.0
1031632983,824536,0,0.998046875,-0.068359375,0.005859375,-0.0625,0.0,0.0,0.0
1031634235,824537,0,1.0078125,-0.09765625,0.0,-0.09765625,0.0,0.0,0.0
1031635485,824538,0,1.00390625,-0.12890625,-0.005859375,-0.134765625,0.0,0.0,0.0
1031636736,824539,0,1.001953125,-0.16015625,-0.01171875,-0.171875,0.0,0.0,0.0
1031637987,824540,0,0.998046875,-0.185546875,-0.021484375,-0.20703125,0.0,0.0,0.0
1031639237,824541,0,0.998046875,-0.2109375,-0.01953125,-0.23046875,0.0,0.0,0.0
1031640488,824542,0,0.99609375,-0.23046875,-0.029296875,-0.259765625,0.0,0.0,0.0
1031641738,824543,0,0.998046875,-0.248046875,-0.03515625,-0.283203125,0.0,0.0,0.0
1031642989,824544,0,0.9921875,-0.263671875,-0.03515625,-0.298828125,0.0,0.0,0.0
1031644239,824545,0,0.99609375,-0.27734375,-0.04296875,-0.3203125,0.0,0.0,0.0
1031645490,824546,0,1.0,-0.287109375,-0.044921875,-0.33203125,0.0,0.0,0.0
1031646741,824547,0,1.0,-0.28515625,-0.03515625,-0.3203125,0.0,0.0,0.0
1031647991,824548,0,0.99609375,-0.287109375,-0.04296875,-0.330078125,0.0,0.0,0.0
1031649242,824549,0,0.994140625,-0.291015625,-0.0390625,-0.330078125,0.0,0.0,0.0
1031650493,824550,0,1.005859375,-0.28125,-0.041015625,-0.322265625,0.0,0.0,0.0
1031651745,824551,0,0.99609375,-0.2734375,-0.033203125,-0.306640625,0.0,0.0,0.0
1031652995,824552,0,0.98828125,-0.259765625,-0.033203125,-0.29296875,0.0,0.0,0.0
1031654247,824553,0,1.0,-0.2578125,-0.041015625,-0.298828125,0.0,0.0,0.0
1031655498,824554,0,1.001953125,-0.234375,-0.04296875,-0.27734375,0.0,0.0,0.0
1031656749,824555,0,1.001953125,-0.216796875,-0.02734375,-0.244140625,0.0,0.0,0.0
1031658000,824556,0,0.994140625,-0.19921875,-0.025390625,-0.224609375,0.0,0.0,0.0
1031659250,824557,0,0.998046875,-0.1796875,-0.0234375,-0.203125,0.0,0.0,0.0
1031660501,824558,0,0.99609375,-0.154296875,-0.015625,-0.169921875,0.0,0.0,0.0
1031661752,824559,0,0.998046875,-0.13671875,-0.0078125,-0.14453125,0.0,0.0,0.0
1031663003,824560,0,1.001953125,-0.111328125,-0.015625,-0.126953125,0.0,0.0,0.0
1031664254,824561,0,1.005859375,-0.087890625,-0.005859375,-0.09375,0.0,0.0,0.0
1031665504,824562,0,1.001953125,-0.072265625,0.001953125,-0.0703125,0.0,0.0,0.0
1031666755,824563,0,1.00390625,-0.041015625,0.01171875,-0.029296875,0.0,0.0,0.0
1031668006,824564,0,1.001953125,-0.01953125,0.013671875,-0.005859375,0.0,0.0,0.0
1031669257,824565,0,1.0,-0.00390625,0.013671875,0.009765625,0.0,0.0,0.0
1031670508,824566,0,1.0078125,0.021484375,0.0234375,0.044921875,0.0,0.0,0.0
1031671760,824567,0,1.005859375,0.04296875,0.0234375,0.06640625,0.0,0.0,0.0
1031673010,824568,0,1.005859375,0.0625,0.033203125,0.095703125,0.0,0.0,0.0
1031674261,824569,0,1.005859375,0.083984375,0.03125,0.115234375,0.0,0.0,0.0
1031675513,824570,0,1.001953125,0.09765625,0.041015625,0.138671875,0.0,0.0,0.0
1031676763,824571,0,1.005859375,0.111328125,0.029296875,0.140625,0.0,0.0,0.0
1031678014,824572,0,1.015625,0.126953125,0.041015625,0.16796875,0.0,0.0,0.0
1031679271,824573,0,1.005859375,0.134765625,0.05078125,0.185546875,0.0,0.0,0.0
1031680522,824574,0,1.009765625,0.140625,0.046875,0.1875,0.0,0.0,0.0
1031681774,824575,0,1.001953125,0.1484375,0.052734375,0.201171875,0.0,0.0,0.0
1031683024,824576,0,1.0078125,0.154296875,0.056640625,0.2109375,0.0,0.0,0.0
1031684275,824577,0,1.0,0.154296875,0.04296875,0.197265625,0.0,0.0,0.0
1031685527,824578,0,1.0078125,0.1484375,0.0546875,0.203125,0.0,0.0,0.0
1031686778,824579,0,1.0078125,0.142578125,0.056640625,0.19921875,0.0,0.0,0.0
1031688028,824580,0,1.009765625,0.134765625,0.05078125,0.185546875,0.0,0.0,0.0
1031689278,824581,0,1.00390625,0.1328125,0.04296875,0.17578125,0.0,0.0,0.0
1031690528,824582,0,1.005859375,0.1171875,0.048828125,0.166015625,0.0,0.0,0.0
1031691780,824583,0,1.00390625,0.109375,0.046875,0.15625,0.0,0.0,0.0
1031693031,824584,0,1.005859375,0.09765625,0.044921875,0.142578125,0.0,0.0,0.0
1031694282,824585,0,1.0078125,0.083984375,0.0390625,0.123046875,0.0,0.0,0.0
1031695533,824586,0,1.00390625,0.06640625,0.033203125,0.099609375,0.0,0.0,0.0
1031696784,824587,0,1.001953125,0.048828125,0.0390625,0.087890625,0.0,0.0,0.0
1031698034,824588,0,1.0078125,0.03515625,0.033203125,0.068359375,0.0,0.0,0.0
1031699284,824589,0,1.00390625,0.0234375,0.03515625,0.05859375,0.0,0.0,0.0
1031700536,824590,0,1.005859375,0.00390625,0.02734375,0.03125,0.0,0.0,0.0
1031701787,824591,0,1.005859375,-0.0078125,0.021484375,0.013671875,0.0,0.0,0.0
1031703038,824592,0,1.005859375,-0.0234375,0.01953125,-0.00390625,0.0,0.0,0.0
1031704288,824593,0,1.001953125,-0.03125,0.021484375,-0.009765625,0.0,0.0,0.0
1031705539,824594,0,1.005859375,-0.052734375,0.009765625,-0.04296875,0.0,0.0,0.0
1031706790,824595,0,1.00390625,-0.056640625,0.01171875,-0.044921875,0.0,0.0,0.0
1031708040,824596,0,1.0078125,-0.0859375,0.0078125,-0.078125,0.0,0.0,0.0
1031709290,824597,0,0.9921875,-0.08984375,-0.001953125,-0.091796875,0.0,0.0,0.0
1031710542,824598,0,1.001953125,-0.1015625,-0.001953125,-0.103515625,0.0,0.0,0.0
1031711793,824599,0,0.994140625,-0.10546875,0.00390625,-0.1015625,0.0,0.0,0.0
1031713044,824600,0,1.00390625,-0.109375,-0.001953125,-0.111328125,0.0,0.0,0.0
1031714295,824601,0,1.0078125,-0.119140625,-0.001953125,-0.12109375,0.0,0.0,0.0
1031715546,824602,0,1.0,-0.126953125,-0.001953125,-0.12890625,0.0,0.0,0.0
1031716796,824603,0,1.00390625,-0.13671875,-0.01171875,-0.1484375,0.0,0.0,0.0
1031718048,824604,0,1.001953125,-0.134765625,-0.0078125,-0.142578125,0.0,0.0,0.0
1031719299,824605,0,1.001953125,-0.130859375,-0.005859375,-0.13671875,0.0,0.0,0.0
1031720549,824606,0,0.99609375,-0.13671875,-0.013671875,-0.150390625,0.0,0.0,0.0
1031721801,824607,0,0.998046875,-0.134765625,-0.01171875,-0.146484375,0.0,0.0,0.0
1031723051,824608,0,1.00390625,-0.1328125,-0.009765625,-0.142578125,0.0,0.0,0.0
1031724301,824609,0,1.005859375,-0.12890625,-0.021484375,-0.150390625,0.0,0.0,0.0
1031725552,824610,0,0.99609375,-0.123046875,-0.0078125,-0.130859375,0.0,0.0,0.0
1031726803,824611,0,1.005859375,-0.1171875,-0.001953125,-0.119140625,0.0,0.0,0.0
1031728054,824612,0,1.00390625,-0.109375,-0.0078125,-0.1171875,0.0,0.0,0.0
1031729305,824613,0,0.998046875,-0.1015625,-0.005859375,-0.107421875,0.0,0.0,0.0
1031730556,824614,0,1.0,-0.09765625,-0.0078125,-0.10546875,0.0,0.0,0.0
1031731807,824615,0,1.013671875,-0.09375,0.0,-0.09375,0.0,0.0,0.0
1031733059,824616,0,1.001953125,-0.076171875,-0.001953125,-0.078125,0.0,0.0,0.0
1031734310,824617,0,0.998046875,-0.06640625,0.00390625,-0.0625,0.0,0.0,0.0
1031735560,824618,0,1.0078125,-0.05859375,0.001953125,-0.056640625,0.0,0.0,0.0
1031736810,824619,0,1.005859375,-0.05078125,0.00390625,-0.046875,0.0,0.0,0.0
1031738061,824620,0,1.0,-0.041015625,0.0078125,-0.033203125,0.0,0.0,0.0
1031739311,824621,0,0.998046875,-0.025390625,0.01171875,-0.013671875,0.0,0.0,0.0
1031740563,824622,0,1.001953125,-0.013671875,0.01171875,-0.001953125,0.0,0.0,0.0
1031741813,824623,0,1.001953125,-0.00390625,0.017578125,0.013671875,0.0,0.0,0.0
1031743065,824624,0,1.00390625,0.0,0.021484375,0.021484375,0.0,0.0,0.0
1031744316,824625,0,1.0078125,0.005859375,0.0234375,0.029296875,0.0,0.0,0.0
1031745566,824626,0,1.00390625,0.015625,0.0234375,0.0390625,0.0,0.0,0.0
1031746817,824627,0,1.00390625,0.02734375,0.01953125,0.046875,0.0,0.0,0.0
1031748067,824628,0,1.00390625,0.02734375,0.021484375,0.048828125,0.0,0.0,0.0
1031749317,824629,0,1.0078125,0.03515625,0.029296875,0.064453125,0.0,0.0,0.0
1031750567,824630,0,1.005859375,0.0390625,0.029296875,0.068359375,0.0,0.0,0.0
1031751818,824631,0,1.00390625,0.0390625,0.03125,0.0703125,0.0,0.0,0.0
1031753070,824632,0,1.005859375,0.044921875,0.033203125,0.078125,0.0,0.0,0.0
1031754321,824633,0,1.00390625,0.046875,0.033203125,0.080078125,0.0,0.0,0.0
1031755571,824634,0,1.0078125,0.048828125,0.033203125,0.08203125,0.0,0.0,0.0
1031756821,824635,0,1.005859375,0.04296875,0.029296875,0.072265625,0.0,0.0,0.0
1031758071,824636,0,1.005859375,0.041015625,0.033203125,0.07421875,0.0,0.0,0.0
1031759322,824637,0,1.00390625,0.046875,0.03125,0.078125,0.0,0.0,0.0
1031760572,824638,0,1.009765625,0.041015625,0.029296875,0.0703125,0.0,0.0,0.0
1031761823,824639,0,1.00390625,0.03515625,0.03125,0.06640625,0.0,0.0,0.0
1031763075,824640,0,1.00390625,0.033203125,0.033203125,0.06640625,0.0,0.0,0.0
1031764326,824641,0,1.015625,0.037109375,0.0234375,0.060546875,0.0,0.0,0.0
1031765577,824642,0,1.0078125,0.025390625,0.029296875,0.0546875,0.0,0.0,0.0
1031766829,824643,0,0.99609375,0.0234375,0.029296875,0.052734375,0.0,0.0,0.0
1031768079,824644,0,0.998046875,0.015625,0.0234375,0.0390625,0.0,0.0,0.0
1031769329,824645,0,1.00390625,0.009765625,0.029296875,0.0390625,0.0,0.0,0.0
1031770580,824646,0,1.0078125,0.001953125,0.021484375,0.0234375,0.0,0.0,0.0
1031771831,824647,0,1.001953125,-0.001953125,0.0234375,0.021484375,0.0,0.0,0.0
1031773082,824648,0,1.00390625,-0.009765625,0.0234375,0.013671875,0.0,0.0,0.0
1031774333,824649,0,1.001953125,-0.015625,0.015625,0.0,0.0,0.0,0.0
1031775584,824650,0,1.00390625,-0.015625,0.021484375,0.005859375,0.0,0.0,0.0
1031776835,824651,0,1.001953125,-0.025390625,0.01171875,-0.013671875,0.0,0.0,0.0
1031778087,824652,0,1.00390625,-0.037109375,0.017578125,-0.01953125,0.0,0.0,0.0
1031779338,824653,0,1.001953125,-0.0390625,0.015625,-0.0234375,0.0,0.0,0.0
1031780590,824654,0,1.00390625,-0.044921875,0.01953125,-0.025390625,0.0,0.0,0.0
1031781841,824655,0,1.005859375,-0.048828125,0.01171875,-0.037109375,0.0,0.0,0.0
1031783092,824656,0,0.998046875,-0.052734375,0.009765625,-0.04296875,0.0,0.0,0.0
1031784343,824657,0,1.00390625,-0.0546875,0.009765625,-0.044921875,0.0,0.0,0.0
1031785595,824658,0,0.998046875,-0.056640625,0.01171875,-0.044921875,0.0,0.0,0.0
1031786845,824659,0,0.998046875,-0.0703125,-0.00390625,-0.07421875,0.0,0.0,0.0
1031788097,824660,0,1.0078125,-0.06640625,0.01171875,-0.0546875,0.0,0.0,0.0
1031789348,824661,0,1.0,-0.0703125,0.009765625,-0.060546875,0.0,0.0,0.0
1031790600,824662,0,0.99609375,-0.072265625,-0.056640625,-0.12890625,0.0,0.0,0.0
1031791850,824663,0,0.9921875,-0.07421875,-0.001953125,-0.076171875,0.0,0.0,0.0
1031793101,824664,0,1.005859375,-0.076171875,0.001953125,-0.07421875,0.0,0.0,0.0
1031794351,824665,0,0.998046875,-0.078125,0.001953125,-0.076171875,0.0,0.0,0.0
1031795602,824666,0,1.005859375,-0.0703125,0.00390625,-0.06640625,0.0,0.0,0.0
1031796853,824667,0,1.005859375,-0.07421875,-0.001953125,-0.076171875,0.0,0.0,0.0
1031798104,824668,0,1.001953125,-0.064453125,0.00390625,-0.060546875,0.0,0.0,0.0
1031799355,824669,0,1.0,-0.068359375,0.005859375,-0.0625,0.0,0.0,0.0
1031800606,824670,0,1.005859375,-0.064453125,0.005859375,-0.05859375,0.0,0.0,0.0
1031801857,824671,0,0.998046875,-0.05859375,0.001953125,-0.056640625,0.0,0.0,0.0
1031803109,824672,0,1.00390625,-0.056640625,0.0,-0.056640625,0.0,0.0,0.0
1031804360,824673,0,1.00390625,-0.052734375,0.005859375,-0.046875,0.0,0.0,0.0
1031805610,824674,0,1.001953125,-0.048828125,0.005859375,-0.04296875,0.0,0.0,0.0
1031806861,824675,0,1.005859375,-0.048828125,0.0078125,-0.041015625,0.0,0.0,0.0
1031808112,824676,0,1.001953125,-0.044921875,0.0078125,-0.037109375,0.0,0.0,0.0
1031809362,824677,0,1.00390625,-0.037109375,0.017578125,-0.01953125,0.0,0.0,0.0
1031810613,824678,0,1.001953125,-0.0390625,0.013671875,-0.025390625,0.0,0.0,0.0
1031811863,824679,0,1.0,-0.03125,0.009765625,-0.021484375,0.0,0.0,0.0
1031813115,824680,0,0.998046875,-0.025390625,0.013671875,-0.01171875,0.0,0.0,0.0
1031814366,824681,0,1.0078125,-0.025390625,0.01171875,-0.013671875,0.0,0.0,0.0
1031815616,824682,0,1.009765625,-0.021484375,0.01171875,-0.009765625,0.0,0.0,0.0
1031816867,824683,0,1.001953125,-0.013671875,0.015625,0.001953125,0.0,0.0,0.0
1031818117,824684,0,1.0078125,-0.013671875,0.017578125,0.00390625,0.0,0.0,0.0
1031819367,824685,0,1.0078125,-0.0078125,0.015625,0.0078125,0.0,0.0,0.0
1031820618,824686,0,1.0078125,-0.00390625,0.021484375,0.017578125,0.0,0.0,0.0
1031821868,824687,0,1.005859375,0.0,0.015625,0.015625,0.0,0.0,0.0
1031823120,824688,0,1.005859375,-0.00390625,0.021484375,0.017578125,0.0,0.0,0.0
1031824371,824689,0,1.00390625,0.001953125,0.01953125,0.021484375,0.0,0.0,0.0
1031825621,824690,0,1.0078125,0.0,0.02734375,0.02734375,0.0,0.0,0.0
1031826873,824691,0,1.00390625,0.001953125,0.021484375,0.0234375,0.0,0.0,0.0
1031828123,824692,0,1.001953125,0.005859375,0.01953125,0.025390625,0.0,0.0,0.0
1031829373,824693,0,1.00390625,0.0078125,0.025390625,0.033203125,0.0,0.0,0.0
1031830623,824694,0,1.005859375,0.0078125,0.0234375,0.03125,0.0,0.0,0.0
1031831873,824695,0,1.00390625,0.013671875,0.033203125,0.046875,0.0,0.0,0.0
1031833125,824696,0,1.001953125,0.0078125,0.025390625,0.033203125,0.0,0.0,0.0
1031834376,824697,0,1.009765625,0.005859375,0.021484375,0.02734375,0.0,0.0,0.0
1031835626,824698,0,1.005859375,0.01171875,0.02734375,0.0390625,0.0,0.0,0.0
1031836877,824699,0,1.005859375,0.013671875,0.02734375,0.041015625,0.0,0.0,0.0
1031838128,824700,0,1.01171875,0.0078125,0.02734375,0.03515625,0.0,0.0,0.0
1031839378,824701,0,1.0,0.005859375,0.0234375,0.029296875,0.0,0.0,0.0
1031840629,824702,0,1.0078125,0.001953125,0.0234375,0.025390625,0.0,0.0,0.0
1031841880,824703,0,1.005859375,-0.001953125,0.0234375,0.021484375,0.0,0.0,0.0
1031843131,824704,0,1.005859375,-0.0078125,0.01953125,0.01171875,0.0,0.0,0.0
1031844382,824705,0,0.99609375,-0.00390625,0.017578125,0.013671875,0.0,0.0,0.0
1031845632,824706,0,1.00390625,-0.01171875,0.025390625,0.013671875,0.0,0.0,0.0
1031846883,824707,0,0.998046875,-0.013671875,0.021484375,0.0078125,0.0,0.0,0.0
1031848134,824708,0,1.0,-0.015625,0.013671875,-0.001953125,0.0,0.0,0.0
1031849384,824709,0,1.005859375,-0.01953125,0.021484375,0.001953125,0.0,0.0,0.0
1031850636,824710,0,0.998046875,-0.01953125,0.015625,-0.00390625,0.0,0.0,0.0
1031851886,824711,0,1.005859375,-0.033203125,0.013671875,-0.01953125,0.0,0.0,0.0
1031853137,824712,0,0.998046875,-0.02734375,0.01171875,-0.015625,0.0,0.0,0.0
1031854388,824713,0,1.0,-0.03125,0.015625,-0.015625,0.0,0.0,0.0
1031855639,824714,0,1.00390625,-0.03515625,0.021484375,-0.013671875,0.0,0.0,0.0
1031856889,824715,0,1.0078125,-0.041015625,0.01171875,-0.029296875,0.0,0.0,0.0
1031858140,824716,0,1.0,-0.041015625,0.01171875,-0.029296875,0.0,0.0,0.0
1031859392,824717,0,1.005859375,-0.044921875,0.0078125,-0.037109375,0.0,0.0,0.0
1031860642,824718,0,1.0078125,-0.046875,0.01171875,-0.03515625,0.0,0.0,0.0
1031861894,824719,0,1.0,-0.05078125,0.01953125,-0.03125,0.0,0.0,0.0
1031863145,824720,0,1.009765625,-0.044921875,0.00390625,-0.041015625,0.0,0.0,0.0
1031864396,824721,0,1.013671875,-0.052734375,0.009765625,-0.04296875,0.0,0.0,0.0
1031865648,824722,0,1.0,-0.052734375,0.009765625,-0.04296875,0.0,0.0,0.0
1031866899,824723,0,1.0078125,-0.052734375,0.001953125,-0.05078125,0.0,0.0,0.0
1031868150,824724,0,1.001953125,-0.0546875,0.01171875,-0.04296875,0.0,0.0,0.0
1031869400,824725,0,1.001953125,-0.056640625,0.005859375,-0.05078125,0.0,0.0,0.0
1031870651,824726,0,0.990234375,-0.060546875,0.009765625,-0.05078125,0.0,0.0,0.0
1031871902,824727,0,1.001953125,-0.052734375,0.00390625,-0.048828125,0.0,0.0,0.0
1031873152,824728,0,0.998046875,-0.05078125,0.015625,-0.03515625,0.0,0.0,0.0
1031874402,824729,0,1.001953125,-0.052734375,0.0078125,-0.044921875,0.0,0.0,0.0
1031875654,824730,0,1.00390625,-0.0546875,0.0078125,-0.046875,0.0,0.0,0.0
1031876904,824731,0,1.001953125,-0.048828125,0.009765625,-0.0390625,0.0,0.0,0.0
1031878154,824732,0,0.998046875,-0.05078125,0.015625,-0.03515625,0.0,0.0,0.0
1031879405,824733,0,1.005859375,-0.044921875,0.009765625,-0.03515625,0.0,0.0,0.0
1031880655,824734,0,1.009765625,-0.04296875,0.015625,-0.02734375,0.0,0.0,0.0
1031881906,824735,0,1.005859375,-0.046875,0.005859375,-0.041015625,0.0,0.0,0.0
1031883157,824736,0,1.001953125,-0.037109375,0.015625,-0.021484375,0.0,0.0,0.0
1031884408,824737,0,1.00390625,-0.041015625,0.017578125,-0.0234375,0.0,0.0,0.0
1031885659,824738,0,1.005859375,-0.041015625,0.01171875,-0.029296875,0.0,0.0,0.0
1031886911,824739,0,1.001953125,-0.033203125,0.013671875,-0.01953125,0.0,0.0,0.0
1031888162,824740,0,1.001953125,-0.033203125,0.017578125,-0.015625,0.0,0.0,0.0
1031889414,824741,0,1.00390625,-0.021484375,0.01171875,-0.009765625,0.0,0.0,0.0
1031890664,824742,0,1.013671875,-0.015625,0.013671875,-0.001953125,0.0,0.0,0.0
1031891916,824743,0,1.001953125,-0.017578125,0.017578125,0.0,0.0,0.0,-6.798981368326787e-26
1031894417,824745,0,1.00390625,-0.01171875,0.01953125,0.0078125,0.0,0.0,0.0
1031895668,824746,0,1.005859375,-0.015625,0.017578125,0.001953125,0.0,0.0,0.0
1031896919,824747,0,1.01953125,-0.00390625,0.01953125,0.015625,0.0,0.0,0.0
1031898170,824748,0,1.00390625,0.0,0.021484375,0.021484375,0.0,0.0,0.0
1031899421,824749,0,1.0,-0.001953125,0.0234375,0.021484375,0.0,0.0,0.0
1031900672,824750,0,1.001953125,0.001953125,0.0234375,0.025390625,0.0,0.0,0.0
1031901922,824751,0,1.0078125,0.0,0.021484375,0.021484375,0.0,0.0,0.0
1031903173,824752,0,1.005859375,0.0,0.021484375,0.021484375,0.0,0.0,0.0
1031904425,824753,0,1.0078125,0.001953125,0.0234375,0.025390625,0.0,0.0,0.0
1031905675,824754,0,1.00390625,0.00390625,0.017578125,0.021484375,0.0,0.0,0.0
1031906927,824755,0,1.0,0.00390625,0.01953125,0.0234375,0.0,0.0,0.0
1031908177,824756,0,1.00390625,0.001953125,0.021484375,0.0234375,0.0,0.0,0.0
1031909429,824757,0,1.00390625,0.0,0.025390625,0.025390625,0.0,0.0,0.0
1031910680,824758,0,1.0078125,0.001953125,0.021484375,0.0234375,0.0,0.0,0.0
1031911930,824759,0,0.99609375,0.00390625,0.021484375,0.025390625,0.0,0.0,0.0
1031913180,824760,0,1.0078125,0.0,0.025390625,0.025390625,0.0,0.0,0.0
1031914431,824761,0,1.001953125,-0.00390625,0.025390625,0.021484375,0.0,0.0,0.0
1031915682,824762,0,1.0,-0.005859375,0.0234375,0.017578125,0.0,0.0,0.0
1031916933,824763,0,1.005859375,-0.0078125,0.017578125,0.009765625,0.0,0.0,0.0
1031918184,824764,0,1.0078125,-0.01171875,0.009765625,-0.001953125,0.0,0.0,0.0
1031919434,824765,0,1.009765625,-0.015625,0.01171875,-0.00390625,0.0,0.0,0.0
1031920685,824766,0,1.0078125,-0.015625,0.01953125,0.00390625,0.0,0.0,0.0
1031921936,824767,0,1.0078125,-0.009765625,0.017578125,0.0078125,0.0,0.0,0.0
1031923188,824768,0,1.0,-0.015625,0.017578125,0.001953125,0.0,0.0,0.0
1031924439,824769,0,1.005859375,-0.025390625,0.01171875,-0.013671875,0.0,0.0,0.0
1031925690,824770,0,1.00390625,-0.025390625,0.0234375,-0.001953125,0.0,0.0,0.0
1031926941,824771,0,1.001953125,-0.03125,0.015625,-0.015625,0.0,0.0,0.0
1031928192,824772,0,1.005859375,-0.033203125,0.013671875,-0.01953125,0.0,0.0,0.0
1031929443,824773,0,1.00390625,-0.033203125,0.015625,-0.017578125,0.0,0.0,0.0
1031930695,824774,0,1.00390625,-0.037109375,0.013671875,-0.0234375,0.0,0.0,0.0
1031931945,824775,0,1.001953125,-0.041015625,0.013671875,-0.02734375,0.0,0.0,0.0
1031933195,824776,0,1.005859375,-0.04296875,0.015625,-0.02734375,0.0,0.0,0.0
1031934447,824777,0,1.0,-0.04296875,0.015625,-0.02734375,0.0,0.0,0.0
1031935697,824778,0,1.001953125,-0.048828125,0.01171875,-0.037109375,0.0,0.0,0.0
1031936949,824779,0,0.998046875,-0.052734375,0.0078125,-0.044921875,0.0,0.0,0.0
1031938200,824780,0,0.998046875,-0.048828125,0.013671875,-0.03515625,0.0,0.0,0.0
1031939452,824781,0,1.005859375,-0.0546875,0.009765625,-0.044921875,0.0,0.0,0.0
1031940702,824782,0,1.00390625,-0.05078125,0.013671875,-0.037109375,0.0,0.0,0.0
1031941954,824783,0,1.00390625,-0.056640625,0.01171875,-0.044921875,0.0,0.0,0.0
1031943205,824784,0,1.00390625,-0.052734375,0.0078125,-0.044921875,0.0,0.0,0.0
1031944456,824785,0,1.001953125,-0.0546875,0.00390625,-0.05078125,0.0,0.0,0.0
1031945708,824786,0,1.0078125,-0.056640625,-0.00390625,-0.060546875,0.0,0.0,0.0
1031946958,824787,0,1.0078125,-0.052734375,0.0078125,-0.044921875,0.0,0.0,0.0
1031948209,824788,0,1.01171875,-0.05078125,0.00390625,-0.046875,0.0,0.0,0.0
1031949459,824789,0,1.001953125,-0.046875,0.009765625,-0.037109375,0.0,0.0,0.0
1031950710,824790,0,0.998046875,-0.048828125,0.009765625,-0.0390625,0.0,0.0,0.0
1031951961,824791,0,1.0,-0.044921875,0.009765625,-0.03515625,0.0,0.0,0.0
1031953212,824792,0,1.005859375,-0.044921875,0.017578125,-0.02734375,0.0,0.0,0.0
1031954462,824793,0,1.0,-0.0390625,0.01953125,-0.01953125,0.0,0.0,0.0
1031955713,824794,0,1.005859375,-0.037109375,0.013671875,-0.0234375,0.0,0.0,0.0
1031956965,824795,0,1.005859375,-0.037109375,0.015625,-0.021484375,0.0,0.0,0.0
1031958216,824796,0,1.00390625,-0.029296875,0.013671875,-0.015625,0.0,0.0,0.0
1031959468,824797,0,1.0,-0.03515625,0.013671875,-0.021484375,0.0,0.0,0.0
1031960719,824798,0,1.001953125,-0.02734375,0.017578125,-0.009765625,0.0,0.0,0.0
1031961969,824799,0,0.998046875,-0.0234375,0.0078125,-0.015625,0.0,0.0,0.0
1031963221,824800,0,1.005859375,-0.01953125,0.021484375,0.001953125,0.0,0.0,0.0
1031964471,824801,0,1.001953125,-0.017578125,0.01953125,0.001953125,0.0,0.0,0.0
1031965721,824802,0,1.005859375,-0.017578125,0.021484375,0.00390625,0.0,0.0,0.0
1031966972,824803,0,1.001953125,-0.017578125,0.0234375,0.005859375,0.0,0.0,0.0
1031968224,824804,0,1.015625,-0.009765625,0.01171875,0.001953125,0.0,0.0,0.0
1031969474,824805,0,1.005859375,-0.01171875,0.021484375,0.009765625,0.0,0.0,0.0
1031970724,824806,0,1.0078125,-0.001953125,0.025390625,0.0234375,0.0,0.0,0.0
1031971976,824807,0,1.005859375,-0.001953125,0.0234375,0.021484375,0.0,0.0,0.0
1031973226,824808,0,0.998046875,0.0,0.021484375,0.021484375,0.0,0.0,0.0
1031974476,824809,0,1.00390625,-0.00390625,0.01953125,0.015625,0.0,0.0,0.0
1031975728,824810,0,1.0,0.0078125,0.021484375,0.029296875,0.0,0.0,0.0
1031976978,824811,0,1.0,0.0,0.01953125,0.01953125,0.0,0.0,0.0
1031978230,824812,0,1.0078125,0.0,0.01953125,0.01953125,0.0,0.0,0.0
1031979481,824813,0,1.0078125,0.001953125,0.017578125,0.01953125,0.0,0.0,0.0
1031980732,824814,0,1.0078125,0.001953125,0.0234375,0.025390625,0.0,0.0,0.0
1031981983,824815,0,1.009765625,-0.001953125,0.017578125,0.015625,0.0,0.0,0.0
1031983235,824816,0,1.0078125,-0.00390625,0.01953125,0.015625,0.0,0.0,0.0
1031984485,824817,0,1.005859375,0.001953125,0.01953125,0.021484375,0.0,0.0,0.0
1031985736,824818,0,1.00390625,0.0,0.01953125,0.01953125,0.0,0.0,0.0
1031986987,824819,0,0.998046875,-0.001953125,0.01953125,0.017578125,0.0,0.0,0.0
1031988237,824820,0,1.005859375,-0.00390625,0.01953125,0.015625,0.0,0.0,0.0
1031989488,824821,0,1.001953125,-0.0078125,0.021484375,0.013671875,0.0,0.0,0.0
1031990738,824822,0,1.0078125,-0.009765625,0.021484375,0.01171875,0.0,0.0,0.0
1031991989,824823,0,1.0,-0.013671875,0.015625,0.001953125,0.0,0.0,0.0
1031993239,824824,0,1.005859375,-0.013671875,0.01953125,0.005859375,0.0,0.0,0.0
1031994490,824825,0,1.0,-0.029296875,0.01171875,-0.017578125,0.0,0.0,0.0
1031995741,824826,0,1.005859375,-0.025390625,0.015625,-0.009765625,0.0,0.0,0.0
1031996991,824827,0,0.99609375,-0.029296875,0.017578125,-0.01171875,0.0,0.0,0.0
1031998242,824828,0,1.005859375,-0.025390625,0.01171875,-0.013671875,0.0,0.0,0.0
1031999493,824829,0,1.00390625,-0.033203125,0.0078125,-0.025390625,0.0,0.0,0.0
1032000745,824830,0,1.005859375,-0.033203125,0.01953125,-0.013671875,0.0,0.0,0.0
1032001995,824831,0,1.0,-0.03515625,0.013671875,-0.021484375,0.0,0.0,0.0
1032003247,824832,0,1.001953125,-0.04296875,0.0078125,-0.03515625,0.0,0.0,0.0
1032004498,824833,0,1.0,-0.044921875,0.009765625,-0.03515625,0.0,0.0,0.0
1032005749,824834,0,1.0078125,-0.05078125,0.017578125,-0.033203125,0.0,0.0,0.0
1032007000,824835,0,1.005859375,-0.05078125,0.013671875,-0.037109375,0.0,0.0,0.0
1032008250,824836,0,1.005859375,-0.05078125,0.015625,-0.03515625,0.0,0.0,0.0
1032009501,824837,0,1.0078125,-0.05078125,0.009765625,-0.041015625,0.0,0.0,0.0
1032010752,824838,0,1.005859375,-0.0546875,0.01171875,-0.04296875,0.0,0.0,0.0
1032012003,824839,0,1.001953125,-0.052734375,0.013671875,-0.0390625,0.0,0.0,0.0
1032013254,824840,0,1.005859375,-0.048828125,0.01171875,-0.037109375,0.0,0.0,0.0
1032014504,824841,0,1.001953125,-0.052734375,0.0078125,-0.044921875,0.0,0.0,0.0
1032015755,824842,0,1.0078125,-0.052734375,0.01171875,-0.041015625,0.0,0.0,0.0
1032017006,824843,0,0.99609375,-0.046875,0.009765625,-0.037109375,0.0,0.0,0.0
1032018258,824844,0,0.99609375,-0.044921875,0.009765625,-0.03515625,0.0,0.0,0.0
1032019509,824845,0,1.0078125,-0.048828125,0.01953125,-0.029296875,0.0,0.0,0.0
1032020760,824846,0,1.005859375,-0.046875,0.01171875,-0.03515625,0.0,0.0,0.0
1032022011,824847,0,0.998046875,-0.046875,0.009765625,-0.037109375,0.0,0.0,0.0
1032023262,824848,0,0.998046875,-0.046875,0.015625,-0.03125,0.0,0.0,0.0
1032024513,824849,0,1.001953125,-0.044921875,0.005859375,-0.0390625,0.0,0.0,0.0
1032025764,824850,0,1.005859375,-0.03515625,0.013671875,-0.021484375,0.0,0.0,0.0
1032027016,824851,0,1.009765625,-0.03515625,0.01953125,-0.015625,0.0,0.0,0.0
1032028271,824852,0,1.0,-0.037109375,0.025390625,-0.01171875,0.0,0.0,0.0
1032029521,824853,0,0.998046875,-0.02734375,0.017578125,-0.009765625,0.0,0.0,0.0
1032030772,824854,0,1.0078125,-0.025390625,0.01953125,-0.005859375,0.0,0.0,0.0
1032032022,824855,0,1.005859375,-0.021484375,0.013671875,-0.0078125,0.0,0.0,0.0
1032033274,824856,0,1.00390625,-0.0234375,0.017578125,-0.005859375,0.0,0.0,0.0
1032034525,824857,0,1.0078125,-0.015625,0.01953125,0.00390625,0.0,0.0,0.0
1032035776,824858,0,1.001953125,-0.01953125,0.017578125,-0.001953125,0.0,0.0,0.0
1032037027,824859,0,1.001953125,-0.0078125,0.01953125,0.01171875,0.0,0.0,0.0
1032038279,824860,0,1.005859375,-0.01171875,0.021484375,0.009765625,0.0,0.0,0.0
1032039531,824861,0,1.005859375,-0.0078125,0.015625,0.0078125,0.0,0.0,0.0
1032040782,824862,0,1.0078125,0.0,0.0234375,0.0234375,0.0,0.0,0.0
1032042032,824863,0,1.0,-0.00390625,0.015625,0.01171875,0.0,0.0,0.0
1032043283,824864,0,1.001953125,-0.005859375,0.0234375,0.017578125,0.0,0.0,0.0
1032044534,824865,0,1.0078125,0.0,0.017578125,0.017578125,0.0,0.0,0.0
1032045785,824866,0,1.005859375,0.00390625,0.01953125,0.0234375,0.0,0.0,0.0
1032047037,824867,0,1.005859375,0.001953125,0.021484375,0.0234375,0.0,0.0,0.0
1032048288,824868,0,0.998046875,0.00390625,0.021484375,0.025390625,0.0,0.0,0.0
1032049539,824869,0,1.009765625,0.001953125,0.03125,0.033203125,0.0,0.0,0.0
1032050790,824870,0,1.015625,-0.005859375,0.021484375,0.015625,0.0,0.0,0.0
1032052040,824871,0,1.009765625,0.005859375,0.01953125,0.025390625,0.0,0.0,0.0
1032053290,824872,0,1.005859375,-0.001953125,0.01953125,0.017578125,0.0,0.0,0.0
1032054542,824873,0,1.001953125,-0.009765625,0.017578125,0.0078125,0.0,0.0,0.0
1032055793,824874,0,1.005859375,-0.00390625,0.01953125,0.015625,0.0,0.0,0.0
1032057044,824875,0,0.998046875,-0.009765625,0.01953125,0.009765625,0.0,0.0,0.0
1032058295,824876,0,1.00390625,-0.005859375,0.01171875,0.005859375,0.0,0.0,0.0
1032059546,824877,0,1.005859375,-0.015625,0.013671875,-0.001953125,0.0,0.0,0.0
1032060796,824878,0,1.00390625,-0.015625,0.015625,0.0,0.0,0.0,0.0
1032062048,824879,0,1.00390625,-0.017578125,0.013671875,-0.00390625,0.0,0.0,0.0
1032063299,824880,0,1.0078125,-0.021484375,0.0078125,-0.013671875,0.0,0.0,0.0
1032064549,824881,0,1.001953125,-0.025390625,0.01171875,-0.013671875,0.0,0.0,0.0
1032065801,824882,0,1.00390625,-0.03125,0.009765625,-0.021484375,0.0,0.0,0.0
1032067051,824883,0,1.0078125,-0.025390625,0.01171875,-0.013671875,0.0,0.0,0.0
1032068301,824884,0,1.0,-0.029296875,0.017578125,-0.01171875,0.0,0.0,0.0
1032069552,824885,0,1.0,-0.037109375,0.015625,-0.021484375,0.0,0.0,0.0
1032070803,824886,0,1.001953125,-0.0390625,0.013671875,-0.025390625,0.0,0.0,0.0
1032072054,824887,0,1.00390625,-0.0390625,0.009765625,-0.029296875,0.0,0.0,0.0
1032073305,824888,0,1.00390625,-0.044921875,0.017578125,-0.02734375,0.0,0.0,0.0
1032074556,824889,0,0.99609375,-0.044921875,0.017578125,-0.02734375,0.0,0.0,0.0
1032075807,824890,0,1.0,-0.05078125,0.017578125,-0.033203125,0.0,0.0,0.0
1032077059,824891,0,1.001953125,-0.048828125,0.009765625,-0.0390625,0.0,0.0,0.0
1032078310,824892,0,0.998046875,-0.052734375,0.01171875,-0.041015625,0.0,0.0,0.0
1032079560,824893,0,0.9921875,-0.048828125,0.013671875,-0.03515625,0.0,0.0,0.0
1032080810,824894,0,0.994140625,-0.0546875,0.009765625,-0.044921875,0.0,0.0,0.0
1032082061,824895,0,1.0078125,-0.044921875,0.009765625,-0.03515625,0.0,0.0,0.0
1032083311,824896,0,1.005859375,-0.048828125,0.01953125,-0.029296875,0.0,0.0,0.0
1032084563,824897,0,1.0,-0.05078125,0.015625,-0.03515625,0.0,0.0,0.0
1032085813,824898,0,1.001953125,-0.046875,0.015625,-0.03125,0.0,0.0,0.0
1032087065,824899,0,1.0078125,-0.044921875,0.0078125,-0.037109375,0.0,0.0,0.0
1032088316,824900,0,1.001953125,-0.046875,0.015625,-0.03125,0.0,0.0,0.0
1032089566,824901,0,0.998046875,-0.046875,0.01171875,-0.03515625,0.0,0.0,0.0
1032090817,824902,0,1.00390625,-0.044921875,0.009765625,-0.03515625,0.0,0.0,0.0
1032092067,824903,0,1.005859375,-0.0390625,0.013671875,-0.025390625,0.0,0.0,0.0
1032093317,824904,0,1.005859375,-0.037109375,0.017578125,-0.01953125,0.0,0.0,0.0
1032094567,824905,0,0.99609375,-0.037109375,0.013671875,-0.0234375,0.0,0.0,0.0
1032095818,824906,0,1.00390625,-0.033203125,0.01953125,-0.013671875,0.0,0.0,0.0
1032097070,824907,0,1.005859375,-0.02734375,0.015625,-0.01171875,0.0,0.0,0.0
1032098321,824908,0,1.0078125,-0.03125,0.015625,-0.015625,0.0,0.0,0.0
1032099571,824909,0,1.01171875,-0.0234375,0.01953125,-0.00390625,0.0,0.0,0.0
1032100821,824910,0,1.00390625,-0.0234375,0.013671875,-0.009765625,0.0,0.0,0.0
1032102071,824911,0,1.00390625,-0.025390625,0.013671875,-0.01171875,0.0,0.0,0.0
1032103322,824912,0,0.998046875,-0.017578125,0.017578125,0.0,0.0,0.0,0.0
1032104572,824913,0,1.017578125,-0.01953125,0.01953125,0.0,0.0,0.0,0.0
1032105823,824914,0,1.005859375,-0.013671875,0.013671875,0.0,0.0,0.0,0.0
1032107075,824915,0,0.998046875,-0.009765625,0.015625,0.005859375,0.0,0.0,0.0
1032108326,824916,0,1.005859375,-0.001953125,0.021484375,0.01953125,0.0,0.0,0.0
1032109577,824917,0,1.005859375,-0.00390625,0.021484375,0.017578125,0.0,0.0,0.0
1032110829,824918,0,1.005859375,-0.005859375,0.021484375,0.015625,0.0,0.0,0.0
1032112079,824919,0,1.0078125,0.0,0.021484375,0.021484375,0.0,0.0,0.0
1032113329,824920,0,1.0078125,-0.001953125,0.01953125,0.017578125,0.0,0.0,0.0
1032114580,824921,0,1.005859375,0.0,0.01953125,0.01953125,0.0,0.0,0.0
1032115831,824922,0,1.005859375,0.0,0.01953125,0.01953125,0.0,0.0,0.0
1032117082,824923,0,1.005859375,-0.001953125,0.013671875,0.01171875,0.0,0.0,0.0
1032118333,824924,0,1.0078125,-0.001953125,0.0234375,0.021484375,0.0,0.0,0.0
1032119584,824925,0,1.00390625,-0.001953125,0.01953125,0.017578125,0.0,0.0,0.0
1032120835,824926,0,1.0078125,-0.005859375,0.0234375,0.017578125,0.0,0.0,0.0
1032122087,824927,0,1.001953125,-0.001953125,0.017578125,0.015625,0.0,0.0,0.0
1032123338,824928,0,1.001953125,-0.0078125,0.015625,0.0078125,0.0,0.0,0.0
1032124590,824929,0,1.0078125,-0.0078125,0.01953125,0.01171875,0.0,0.0,0.0
1032125841,824930,0,0.998046875,-0.01171875,0.015625,0.00390625,0.0,0.0,0.0
1032127092,824931,0,1.0078125,-0.015625,0.01171875,-0.00390625,0.0,0.0,0.0
1032128343,824932,0,1.0078125,-0.017578125,0.01953125,0.001953125,0.0,0.0,0.0
1032129595,824933,0,1.001953125,-0.013671875,0.015625,0.001953125,0.0,0.0,0.0
1032130845,824934,0,0.99609375,-0.01953125,0.021484375,0.001953125,0.0,0.0,0.0
1032132097,824935,0,1.005859375,-0.025390625,0.00390625,-0.021484375,0.0,0.0,0.0
1032133348,824936,0,1.00390625,-0.03125,0.009765625,-0.021484375,0.0,0.0,0.0
1032134600,824937,0,1.009765625,-0.025390625,0.015625,-0.009765625,0.0,0.0,0.0
1032135850,824938,0,0.99609375,-0.03125,0.015625,-0.015625,0.0,0.0,0.0
1032137101,824939,0,1.00390625,-0.03125,0.00390625,-0.02734375,0.0,0.0,0.0
1032138351,824940,0,1.005859375,-0.037109375,0.017578125,-0.01953125,0.0,0.0,0.0
1032139602,824941,0,1.0,-0.03515625,0.009765625,-0.025390625,0.0,0.0,0.0
1032140853,824942,0,1.001953125,-0.037109375,0.0078125,-0.029296875,0.0,0.0,0.0
1032142104,824943,0,1.00390625,-0.04296875,0.001953125,-0.041015625,0.0,0.0,0.0
1032143355,824944,0,1.005859375,-0.046875,0.0078125,-0.0390625,0.0,0.0,0.0
1032144606,824945,0,0.998046875,-0.041015625,0.017578125,-0.0234375,0.0,0.0,0.0
1032145857,824946,0,1.001953125,-0.046875,0.005859375,-0.041015625,0.0,0.0,0.0
1032147109,824947,0,1.0,-0.04296875,0.0078125,-0.03515625,0.0,0.0,0.0
1032148360,824948,0,1.0,-0.046875,0.015625,-0.03125,0.0,0.0,0.0
1032149610,824949,0,1.00390625,-0.048828125,0.01171875,-0.037109375,0.0,0.0,0.0
1032150861,824950,0,1.001953125,-0.046875,0.01171875,-0.03515625,0.0,0.0,0.0
1032152112,824951,0,1.005859375,-0.046875,0.013671875,-0.033203125,0.0,0.0,0.0
1032153362,824952,0,1.005859375,-0.05078125,0.009765625,-0.041015625,0.0,0.0,0.0
1032154613,824953,0,1.0,-0.04296875,0.009765625,-0.033203125,0.0,0.0,0.0
1032155863,824954,0,1.001953125,-0.04296875,0.0078125,-0.03515625,0.0,0.0,0.0
1032157115,824955,0,0.998046875,-0.041015625,0.013671875,-0.02734375,0.0,0.0,0.0
1032158366,824956,0,1.005859375,-0.0390625,0.013671875,-0.025390625,0.0,0.0,0.0
1032159616,824957,0,1.0078125,-0.041015625,0.00390625,-0.037109375,0.0,0.0,0.0
1032160867,824958,0,1.005859375,-0.0390625,0.005859375,-0.033203125,0.0,0.0,0.0
1032162117,824959,0,0.998046875,-0.04296875,0.015625,-0.02734375,0.0,0.0,0.0
1032163367,824960,0,1.005859375,-0.033203125,0.015625,-0.017578125,0.0,0.0,0.0
1032164618,824961,0,1.005859375,-0.02734375,0.015625,-0.01171875,0.0,0.0,0.0
1032165868,824962,0,1.005859375,-0.02734375,0.015625,-0.01171875,0.0,0.0,0.0
1032167120,824963,0,1.005859375,-0.025390625,0.015625,-0.009765625,0.0,0.0,0.0
1032168371,824964,0,1.001953125,-0.0234375,0.015625,-0.0078125,0.0,0.0,0.0
1032169621,824965,0,1.0,-0.01953125,0.021484375,0.001953125,0.0,0.0,0.0
1032170873,824966,0,1.005859375,-0.015625,0.017578125,0.001953125,0.0,0.0,0.0
1032172123,824967,0,1.00390625,-0.013671875,0.01953125,0.005859375,0.0,0.0,0.0
1032173373,824968,0,0.998046875,-0.01171875,0.0234375,0.01171875,0.0,0.0,0.0
1032174623,824969,0,1.00390625,-0.01171875,0.015625,0.00390625,0.0,0.0,0.0
1032175873,824970,0,1.005859375,-0.009765625,0.015625,0.005859375,0.0,0.0,0.0
1032177125,824971,0,1.001953125,-0.0078125,0.021484375,0.013671875,0.0,0.0,0.0
1032178376,824972,0,0.998046875,-0.005859375,0.01953125,0.013671875,0.0,0.0,0.0
1032179626,824973,0,1.01953125,-0.005859375,0.025390625,0.01953125,0.0,0.0,0.0
1032180877,824974,0,1.001953125,-0.0078125,0.021484375,0.013671875,0.0,0.0,0.0
1032182128,824975,0,1.005859375,-0.005859375,0.017578125,0.01171875,0.0,0.0,0.0
1032183378,824976,0,1.005859375,-0.001953125,0.0234375,0.021484375,0.0,0.0,0.0
1032184629,824977,0,1.0078125,-0.013671875,0.009765625,-0.00390625,0.0,0.0,0.0
1032185880,824978,0,1.009765625,-0.0078125,0.017578125,0.009765625,0.0,0.0,0.0
1032187131,824979,0,1.017578125,-0.00390625,0.013671875,0.009765625,0.0,0.0,0.0
1032188382,824980,0,1.0078125,0.0,0.025390625,0.025390625,0.0,0.0,0.0
1032189632,824981,0,1.0,-0.00390625,0.025390625,0.021484375,0.0,0.0,0.0
1032190883,824982,0,1.001953125,-0.009765625,0.015625,0.005859375,0.0,0.0,0.0
1032192134,824983,0,1.005859375,-0.01171875,0.025390625,0.013671875,0.0,0.0,0.0
1032193384,824984,0,1.001953125,-0.01171875,0.01953125,0.0078125,0.0,0.0,0.0
1032194636,824985,0,1.0078125,-0.013671875,0.01953125,0.005859375,0.0,0.0,0.0
1032195886,824986,0,1.005859375,-0.017578125,0.01953125,0.001953125,0.0,0.0,0.0
1032197137,824987,0,1.001953125,-0.013671875,0.017578125,0.00390625,0.0,0.0,0.0
1032198388,824988,0,1.00390625,-0.021484375,0.017578125,-0.00390625,0.0,0.0,0.0
1032199639,824989,0,0.99609375,-0.025390625,0.01171875,-0.013671875,0.0,0.0,0.0
1032200889,824990,0,1.001953125,-0.02734375,0.015625,-0.01171875,0.0,0.0,0.0
1032202140,824991,0,1.001953125,-0.029296875,0.017578125,-0.01171875,0.0,0.0,0.0
1032203392,824992,0,1.0078125,-0.033203125,0.01953125,-0.013671875,0.0,0.0,0.0
1032204642,824993,0,1.00390625,-0.03125,0.01171875,-0.01953125,0.0,0.0,0.0
1032205894,824994,0,1.005859375,-0.03125,0.01171875,-0.01953125,0.0,0.0,0.0
1032207145,824995,0,1.0,-0.03125,0.01171875,-0.01953125,0.0,0.0,0.0
1032208396,824996,0,1.005859375,-0.029296875,0.015625,-0.013671875,0.0,0.0,0.0
1032209648,824997,0,1.0078125,-0.037109375,0.01953125,-0.017578125,0.0,0.0,0.0
1032210899,824998,0,1.0,-0.04296875,0.015625,-0.02734375,0.0,0.0,0.0
1032212150,824999,0,1.009765625,-0.044921875,0.01953125,-0.025390625,0.0,0.0,0.0
1032213400,825000,0,1.009765625,-0.0390625,0.009765625,-0.029296875,0.0,0.0,0.0
1032214651,825001,0,1.001953125,-0.04296875,0.015625,-0.02734375,0.0,0.0,0.0
1032215902,825002,0,0.998046875,-0.044921875,0.01171875,-0.033203125,0.0,0.0,0.0
1032217152,825003,0,0.994140625,-0.04296875,0.013671875,-0.029296875,0.0,0.0,0.0
1032218402,825004,0,1.001953125,-0.044921875,0.01953125,-0.025390625,0.0,0.0,0.0
1032219654,825005,0,1.0,-0.0390625,0.009765625,-0.029296875,0.0,0.0,0.0
1032220904,825006,0,1.001953125,-0.04296875,0.013671875,-0.029296875,0.0,0.0,0.0
1032222154,825007,0,1.005859375,-0.048828125,0.015625,-0.033203125,0.0,0.0,0.0
1032223405,825008,0,1.0,-0.04296875,0.015625,-0.02734375,0.0,0.0,0.0
1032224655,825009,0,1.001953125,-0.041015625,0.015625,-0.025390625,0.0,0.0,0.0
1032225906,825010,0,1.005859375,-0.0390625,0.017578125,-0.021484375,0.0,0.0,0.0
1032227157,825011,0,1.001953125,-0.037109375,0.009765625,-0.02734375,0.0,0.0,0.0
1032228408,825012,0,1.00390625,-0.03515625,0.013671875,-0.021484375,0.0,0.0,0.0
1032229659,825013,0,1.001953125,-0.037109375,0.01953125,-0.017578125,0.0,0.0,0.0
1032230911,825014,0,0.99609375,-0.03125,0.017578125,-0.013671875,0.0,0.0,0.0
1032232162,825015,0,1.001953125,-0.03125,0.017578125,-0.013671875,0.0,0.0,0.0
1032233414,825016,0,1.0,-0.025390625,0.017578125,-0.0078125,0.0,0.0,0.0
1032234664,825017,0,1.0078125,-0.025390625,0.021484375,-0.00390625,0.0,0.0,0.0
1032235916,825018,0,1.005859375,-0.021484375,0.017578125,-0.00390625,0.0,0.0,0.0
1032237167,825019,0,1.001953125,-0.025390625,0.025390625,0.0,0.0,0.0,0.0
1032238417,825020,0,1.005859375,-0.01953125,0.0234375,0.00390625,0.0,0.0,0.0
1032239668,825021,0,1.0,-0.021484375,0.013671875,-0.0078125,0.0,0.0,0.0
1032240919,825022,0,1.005859375,-0.013671875,0.025390625,0.01171875,0.0,0.0,0.0
1032242170,825023,0,1.0078125,-0.017578125,0.017578125,0.0,0.0,0.0,0.0
1032243421,825024,0,1.0078125,-0.01171875,0.01953125,0.0078125,0.0,0.0,0.0
1032244672,825025,0,0.998046875,-0.009765625,0.021484375,0.01171875,0.0,0.0,0.0
1032245922,825026,0,1.00390625,-0.009765625,0.0234375,0.013671875,0.0,0.0,0.0
1032247173,825027,0,1.0078125,-0.009765625,0.01953125,0.009765625,0.0,0.0,0.0
1032248425,825028,0,1.005859375,-0.005859375,0.021484375,0.015625,0.0,0.0,0.0
1032249675,825029,0,1.0078125,-0.005859375,0.01953125,0.013671875,0.0,0.0,0.0
1032250927,825030,0,1.00390625,-0.005859375,0.01953125,0.013671875,0.0,0.0,0.0
1032252177,825031,0,1.005859375,-0.005859375,0.015625,0.009765625,0.0,0.0,0.0
1032253429,825032,0,1.00390625,-0.00390625,0.01953125,0.015625,0.0,0.0,0.0
1032254680,825033,0,0.998046875,-0.00390625,0.021484375,0.017578125,0.0,0.0,0.0
1032255930,825034,0,1.005859375,-0.0078125,0.021484375,0.013671875,0.0,0.0,0.0
1032257180,825035,0,0.998046875,-0.01171875,0.017578125,0.005859375,0.0,0.0,0.0
1032258431,825036,0,1.001953125,-0.009765625,0.0234375,0.013671875,0.0,0.0,0.0
1032259682,825037,0,1.009765625,-0.009765625,0.021484375,0.01171875,0.0,0.0,0.0
1032260933,825038,0,1.00390625,-0.01171875,0.0078125,-0.00390625,0.0,0.0,0.0
1032262184,825039,0,1.0078125,-0.0078125,0.015625,0.0078125,0.0,0.0,0.0
1032263434,825040,0,1.0078125,-0.01953125,0.015625,-0.00390625,0.0,0.0,0.0
1032264685,825041,0,0.998046875,-0.013671875,0.01953125,0.005859375,0.0,0.0,0.0
1032265936,825042,0,1.0078125,-0.0234375,0.009765625,-0.013671875,0.0,0.0,0.0
1032267188,825043,0,1.009765625,-0.01953125,0.017578125,-0.001953125,0.0,0.0,0.0
1032268439,825044,0,1.005859375,-0.015625,0.00390625,-0.01171875,0.0,0.0,0.0
1032269690,825045,0,1.001953125,-0.025390625,0.015625,-0.009765625,0.0,0.0,0.0
1032270941,825046,0,1.005859375,-0.02734375,0.0078125,-0.01953125,0.0,0.0,0.0
1032272192,825047,0,1.001953125,-0.03125,0.0078125,-0.0234375,0.0,0.0,0.0
1032273443,825048,0,1.00390625,-0.03125,0.01171875,-0.01953125,0.0,0.0,0.0
1032274695,825049,0,1.001953125,-0.03125,0.015625,-0.015625,0.0,0.0,0.0
1032275945,825050,0,0.998046875,-0.03515625,0.01171875,-0.0234375,0.0,0.0,0.0
1032277195,825051,0,1.00390625,-0.041015625,0.009765625,-0.03125,0.0,0.0,0.0
1032278447,825052,0,1.001953125,-0.041015625,0.009765625,-0.03125,0.0,0.0,0.0
1032279697,825053,0,1.001953125,-0.044921875,0.01171875,-0.033203125,0.0,0.0,0.0
1032280949,825054,0,1.0,-0.037109375,0.01171875,-0.025390625,0.0,0.0,0.0
1032282200,825055,0,1.0,-0.04296875,0.0078125,-0.03515625,0.0,0.0,0.0
1032283452,825056,0,1.001953125,-0.044921875,0.01171875,-0.033203125,0.0,0.0,0.0
1032284702,825057,0,0.998046875,-0.041015625,0.009765625,-0.03125,0.0,0.0,0.0
1032285954,825058,0,1.005859375,-0.046875,0.0078125,-0.0390625,0.0,0.0,0.0
1032287205,825059,0,1.001953125,-0.046875,0.0078125,-0.0390625,0.0,0.0,0.0
1032288456,825060,0,1.015625,-0.048828125,0.01171875,-0.037109375,0.0,0.0,0.0
1032289708,825061,0,0.99609375,-0.04296875,0.029296875,-0.013671875,0.0,0.0,0.0
1032290958,825062,0,1.001953125,-0.046875,0.0,-0.046875,0.0,0.0,0.0
1032292209,825063,0,1.0,-0.046875,0.013671875,-0.033203125,0.0,0.0,0.0
1032293459,825064,0,1.001953125,-0.041015625,0.01171875,-0.029296875,0.0,0.0,0.0
1032294710,825065,0,0.998046875,-0.03515625,0.017578125,-0.017578125,0.0,0.0,0.0
1032295961,825066,0,1.00390625,-0.037109375,0.017578125,-0.01953125,0.0,0.0,0.0
1032297212,825067,0,1.01171875,-0.037109375,0.013671875,-0.0234375,0.0,0.0,0.0
1032298462,825068,0,1.00390625,-0.03515625,0.01953125,-0.015625,0.0,0.0,0.0
1032299713,825069,0,1.001953125,-0.033203125,0.013671875,-0.01953125,0.0,0.0,0.0
1032300965,825070,0,1.00390625,-0.03125,0.015625,-0.015625,0.0,0.0,0.0
1032302216,825071,0,1.001953125,-0.025390625,0.01171875,-0.013671875,0.0,0.0,0.0
1032303468,825072,0,1.00390625,-0.02734375,0.01953125,-0.0078125,0.0,0.0,0.0
1032304719,825073,0,1.005859375,-0.0234375,0.01953125,-0.00390625,0.0,0.0,0.0
1032305969,825074,0,1.001953125,-0.02734375,0.021484375,-0.005859375,0.0,0.0,0.0
1032307221,825075,0,1.001953125,-0.021484375,0.01953125,-0.001953125,0.0,0.0,0.0
1032308471,825076,0,1.00390625,-0.01953125,0.021484375,0.001953125,0.0,0.0,0.0
1032309721,825077,0,1.005859375,-0.013671875,0.017578125,0.00390625,0.0,0.0,0.0
1032310972,825078,0,0.99609375,-0.017578125,0.017578125,0.0,0.0,0.0,0.0
1032312224,825079,0,1.001953125,-0.013671875,0.01953125,0.005859375,0.0,0.0,0.0
1032313474,825080,0,1.001953125,-0.013671875,0.025390625,0.01171875,0.0,0.0,0.0
1032314724,825081,0,1.0078125,-0.01171875,0.013671875,0.001953125,0.0,0.0,0.0
1032315976,825082,0,1.00390625,-0.009765625,0.01953125,0.009765625,0.0,0.0,0.0
1032317226,825083,0,1.001953125,-0.0078125,0.017578125,0.009765625,0.0,0.0,0.0
1032318476,825084,0,1.009765625,-0.013671875,0.021484375,0.0078125,0.0,0.0,0.0
1032319728,825085,0,1.0,-0.005859375,0.017578125,0.01171875,0.0,0.0,0.0
1032320978,825086,0,1.015625,-0.005859375,0.01953125,0.013671875,0.0,0.0,0.0
1032322230,825087,0,1.001953125,-0.0078125,0.01953125,0.01171875,0.0,0.0,0.0
1032323481,825088,0,1.0078125,-0.005859375,0.01171875,0.005859375,0.0,0.0,0.0
1032324732,825089,0,1.005859375,-0.009765625,0.017578125,0.0078125,0.0,0.0,0.0
1032325983,825090,0,1.00390625,-0.01171875,0.015625,0.00390625,0.0,0.0,0.0
1032327235,825091,0,1.005859375,-0.013671875,0.015625,0.001953125,0.0,0.0,0.0
1032328485,825092,0,1.00390625,-0.009765625,0.015625,0.005859375,0.0,0.0,0.0
1032329736,825093,0,1.005859375,-0.015625,0.013671875,-0.001953125,0.0,0.0,0.0
1032330987,825094,0,1.005859375,-0.015625,0.015625,0.0,0.0,0.0,0.0
1032332237,825095,0,1.009765625,-0.01953125,0.009765625,-0.009765625,0.0,0.0,0.0
1032333488,825096,0,1.0078125,-0.01953125,0.017578125,-0.001953125,0.0,0.0,0.0
1032334738,825097,0,1.009765625,-0.01953125,0.01171875,-0.0078125,0.0,0.0,0.0
1032335989,825098,0,1.0,-0.01953125,0.017578125,-0.001953125,0.0,0.0,0.0
1032337239,825099,0,1.00390625,-0.02734375,0.017578125,-0.009765625,0.0,0.0,0.0
1032338490,825100,0,1.0078125,-0.029296875,0.017578125,-0.01171875,0.0,0.0,0.0
1032339741,825101,0,1.00390625,-0.025390625,0.017578125,-0.0078125,0.0,0.0,0.0
1032340991,825102,0,0.998046875,-0.029296875,0.021484375,-0.0078125,0.0,0.0,0.0
1032342242,825103,0,1.00390625,-0.03515625,0.01953125,-0.015625,0.0,0.0,0.0
1032343493,825104,0,1.0078125,-0.03515625,0.0078125,-0.02734375,0.0,0.0,0.0
1032344745,825105,0,1.00390625,-0.03125,0.017578125,-0.013671875,0.0,0.0,0.0
1032345995,825106,0,1.005859375,-0.03515625,0.0078125,-0.02734375,0.0,0.0,0.0
1032347247,825107,0,1.00390625,-0.03515625,0.013671875,-0.021484375,0.0,0.0,0.0
1032348498,825108,0,1.005859375,-0.03125,0.0078125,-0.0234375,0.0,0.0,0.0
1032349749,825109,0,1.0,-0.037109375,0.0078125,-0.029296875,0.0,0.0,0.0
1032351000,825110,0,1.005859375,-0.037109375,0.0078125,-0.029296875,0.0,0.0,0.0
1032352250,825111,0,1.001953125,-0.037109375,0.009765625,-0.02734375,0.0,0.0,0.0
1032353501,825112,0,1.0,-0.04296875,0.013671875,-0.029296875,0.0,0.0,0.0
1032354752,825113,0,1.00390625,-0.0390625,0.013671875,-0.025390625,0.0,0.0,0.0
1032356003,825114,0,1.00390625,-0.041015625,0.0078125,-0.033203125,0.0,0.0,0.0
1032357254,825115,0,1.005859375,-0.041015625,0.009765625,-0.03125,0.0,0.0,0.0
1032358504,825116,0,1.00390625,-0.033203125,0.017578125,-0.015625,0.0,0.0,0.0
1032359755,825117,0,1.001953125,-0.03515625,0.015625,-0.01953125,0.0,0.0,0.0
1032361006,825118,0,1.0078125,-0.0390625,0.017578125,-0.021484375,0.0,0.0,0.0
1032362257,825119,0,1.0078125,-0.033203125,0.017578125,-0.015625,0.0,0.0,0.0
1032363508,825120,0,1.005859375,-0.033203125,0.015625,-0.017578125,0.0,0.0,0.0
1032364760,825121,0,1.00390625,-0.033203125,0.005859375,-0.02734375,0.0,0.0,0.0
1032366010,825122,0,1.00390625,-0.03125,0.01953125,-0.01171875,0.0,0.0,0.0
1032367261,825123,0,0.998046875,-0.03125,0.017578125,-0.013671875,0.0,0.0,0.0
1032368513,825124,0,1.001953125,-0.025390625,0.01953125,-0.005859375,0.0,0.0,0.0
1032369763,825125,0,1.009765625,-0.029296875,0.01953125,-0.009765625,0.0,0.0,0.0
1032371014,825126,0,1.01171875,-0.03515625,0.01171875,-0.0234375,0.0,0.0,0.0
1032372271,825127,0,1.0,-0.021484375,0.01171875,-0.009765625,0.0,0.0,0.0
1032373522,825128,0,0.99609375,-0.0234375,0.013671875,-0.009765625,0.0,0.0,0.0
1032374774,825129,0,1.017578125,-0.017578125,0.013671875,-0.00390625,0.0,0.0,0.0
1032376024,825130,0,1.005859375,-0.01953125,0.013671875,-0.005859375,0.0,0.0,0.0
1032377275,825131,0,1.00390625,-0.01953125,0.017578125,-0.001953125,0.0,0.0,0.0
1032378527,825132,0,1.00390625,-0.015625,0.01953125,0.00390625,0.0,0.0,0.0
1032379778,825133,0,1.0078125,-0.015625,0.021484375,0.005859375,0.0,0.0,0.0
1032381028,825134,0,1.00390625,-0.013671875,0.021484375,0.0078125,0.0,0.0,0.0
1032382278,825135,0,1.001953125,-0.015625,0.021484375,0.005859375,0.0,0.0,0.0
1032383528,825136,0,1.005859375,-0.01171875,0.021484375,0.009765625,0.0,0.0,0.0
1032384780,825137,0,1.0078125,-0.01171875,0.01953125,0.0078125,0.0,0.0,0.0
1032386031,825138,0,1.00390625,-0.009765625,0.021484375,0.01171875,0.0,0.0,0.0
1032387282,825139,0,1.0078125,-0.009765625,0.021484375,0.01171875,0.0,0.0,0.0
1032388533,825140,0,1.0078125,-0.015625,0.017578125,0.001953125,0.0,0.0,0.0
1032389784,825141,0,1.001953125,-0.015625,0.013671875,-0.001953125,0.0,0.0,0.0
1032391034,825142,0,1.0078125,-0.013671875,0.01953125,0.005859375,0.0,0.0,0.0
1032392284,825143,0,1.005859375,-0.01171875,0.0234375,0.01171875,0.0,0.0,0.0
1032393536,825144,0,1.001953125,-0.013671875,0.017578125,0.00390625,0.0,0.0,0.0
1032394787,825145,0,1.013671875,-0.0078125,0.01953125,0.01171875,0.0,0.0,0.0
1032396038,825146,0,0.994140625,-0.015625,0.0234375,0.0078125,0.0,0.0,0.0
1032397288,825147,0,1.00390625,-0.017578125,0.01171875,-0.005859375,0.0,0.0,0.0
1032398539,825148,0,1.009765625,-0.01953125,0.021484375,0.001953125,0.0,0.0,0.0
1032399790,825149,0,1.005859375,-0.017578125,0.015625,-0.001953125,0.0,0.0,0.0
1032401040,825150,0,1.001953125,-0.021484375,0.017578125,-0.00390625,0.0,0.0,0.0
1032402290,825151,0,1.005859375,-0.0234375,0.009765625,-0.013671875,0.0,0.0,0.0
1032403542,825152,0,0.99609375,-0.021484375,0.017578125,-0.00390625,0.0,0.0,0.0
1032404793,825153,0,1.001953125,-0.02734375,0.013671875,-0.013671875,0.0,0.0,0.0
1032406044,825154,0,1.0078125,-0.029296875,0.01171875,-0.017578125,0.0,0.0,0.0
1032407295,825155,0,1.001953125,-0.025390625,0.0078125,-0.017578125,0.0,0.0,0.0
1032408546,825156,0,1.00390625,-0.02734375,0.015625,-0.01171875,0.0,0.0,0.0
1032409796,825157,0,1.005859375,-0.02734375,0.01953125,-0.0078125,0.0,0.0,0.0
1032411048,825158,0,1.00390625,-0.025390625,0.017578125,-0.0078125,0.0,0.0,0.0
1032412299,825159,0,1.001953125,-0.03515625,0.013671875,-0.021484375,0.0,0.0,0.0
1032413549,825160,0,1.001953125,-0.037109375,0.009765625,-0.02734375,0.0,0.0,0.0
1032414801,825161,0,1.0078125,-0.033203125,0.021484375,-0.01171875,0.0,0.0,0.0
1032416051,825162,0,1.001953125,-0.037109375,0.015625,-0.021484375,0.0,0.0,0.0
1032417301,825163,0,1.0078125,-0.03515625,0.01171875,-0.0234375,0.0,0.0,0.0
1032418552,825164,0,1.00390625,-0.03515625,0.01171875,-0.0234375,0.0,0.0,0.0
1032419803,825165,0,1.001953125,-0.03515625,0.005859375,-0.029296875,0.0,0.0,0.0
1032421054,825166,0,1.0078125,-0.041015625,0.005859375,-0.03515625,0.0,0.0,0.0
1032422305,825167,0,1.005859375,-0.037109375,0.005859375,-0.03125,0.0,0.0,0.0
1032423556,825168,0,1.001953125,-0.03515625,0.01171875,-0.0234375,0.0,0.0,0.0
1032424807,825169,0,1.005859375,-0.03515625,0.013671875,-0.021484375,0.0,0.0,0.0
1032426059,825170,0,0.9921875,-0.041015625,0.009765625,-0.03125,0.0,0.0,0.0
1032427310,825171,0,0.998046875,-0.037109375,0.01171875,-0.025390625,0.0,0.0,0.0
1032428560,825172,0,1.00390625,-0.0390625,0.013671875,-0.025390625,0.0,0.0,0.0
1032429810,825173,0,1.0078125,-0.033203125,0.017578125,-0.015625,0.0,0.0,0.0
1032431061,825174,0,1.0078125,-0.03125,0.013671875,-0.017578125,0.0,0.0,0.0
1032432311,825175,0,1.005859375,-0.033203125,0.013671875,-0.01953125,0.0,0.0,0.0
1032433563,825176,0,0.99609375,-0.02734375,0.017578125,-0.009765625,0.0,0.0,0.0
1032434813,825177,0,1.00390625,-0.03125,0.009765625,-0.021484375,0.0,0.0,0.0
