t_us,frame_id,sensor_id,accX,accY,accZ,acc_sum_YZ,magX,magY,magZ
1095892780,875907,0,1.005859375,-0.029296875,0.021484375,-0.0078125,0.0,0.0,0.0
1095894031,875908,0,1.00390625,-0.02734375,0.021484375,-0.005859375,0.0,0.0,0.0
1095895282,875909,0,1.00390625,-0.03125,0.02734375,-0.00390625,0.0,0.0,0.0
1095896533,875910,0,1.001953125,-0.033203125,0.0234375,-0.009765625,0.0,0.0,0.0
1095897784,875911,0,1.0,-0.02734375,0.0234375,-0.00390625,0.0,0.0,0.0
1095899034,875912,0,1.001953125,-0.02734375,0.0234375,-0.00390625,0.0,0.0,0.0
1095900284,875913,0,1.005859375,-0.029296875,0.0234375,-0.005859375,0.0,0.0,-1.0287550400204397e-32
1095902787,875915,0,1.0078125,-0.029296875,0.0234375,-0.005859375,0.0,0.0,0.0
1095904038,875916,0,1.0078125,-0.029296875,0.02734375,-0.001953125,0.0,0.0,0.0
1095905288,875917,0,1.0,-0.025390625,0.01953125,-0.005859375,0.0,0.0,0.0
1095906539,875918,0,1.00390625,-0.029296875,0.0234375,-0.005859375,0.0,0.0,0.0
1095907790,875919,0,1.00390625,-0.033203125,0.01953125,-0.013671875,0.0,0.0,0.0
1095909040,875920,0,1.00390625,-0.03125,0.0234375,-0.0078125,0.0,0.0,0.0
1095910290,875921,0,1.01171875,-0.02734375,0.021484375,-0.005859375,0.0,0.0,0.0
1095911542,875922,0,0.99609375,-0.02734375,0.021484375,-0.005859375,0.0,0.0,0.0
1095912793,875923,0,0.998046875,-0.02734375,0.0234375,-0.00390625,0.0,0.0,0.0
1095914044,875924,0,1.0,-0.029296875,0.01953125,-0.009765625,0.0,0.0,0.0
1095915295,875925,0,0.998046875,-0.02734375,0.017578125,-0.009765625,0.0,0.0,0.0
1095916546,875926,0,1.001953125,-0.029296875,0.02734375,-0.001953125,0.0,0.0,0.0
1095917796,875927,0,1.001953125,-0.03125,0.025390625,-0.005859375,0.0,0.0,0.0
1095919048,875928,0,0.998046875,-0.02734375,0.0234375,-0.00390625,0.0,0.0,0.0
1095920299,875929,0,0.998046875,-0.02734375,0.021484375,-0.005859375,0.0,0.0,0.0
1095921549,875930,0,1.005859375,-0.02734375,0.025390625,-0.001953125,0.0,0.0,0.0
1095922801,875931,0,1.001953125,-0.03125,0.0234375,-0.0078125,0.0,0.0,0.0
1095924051,875932,0,1.0078125,-0.02734375,0.01953125,-0.0078125,0.0,0.0,0.0
1095925301,875933,0,1.005859375,-0.033203125,0.025390625,-0.0078125,0.0,0.0,0.0
1095926552,875934,0,1.001953125,-0.03125,0.017578125,-0.013671875,0.0,0.0,0.0
1095927803,875935,0,1.009765625,-0.03125,0.01953125,-0.01171875,0.0,0.0,0.0
1095929054,875936,0,0.99609375,-0.03125,0.017578125,-0.013671875,0.0,0.0,0.0
1095930305,875937,0,1.001953125,-0.033203125,0.017578125,-0.015625,0.0,0.0,0.0
1095931556,875938,0,0.998046875,-0.02734375,0.017578125,-0.009765625,0.0,0.0,0.0
1095932807,875939,0,1.015625,-0.03515625,0.01953125,-0.015625,0.0,0.0,0.0
1095934059,875940,0,1.01171875,-0.02734375,0.021484375,-0.005859375,0.0,0.0,0.0
1095935310,875941,0,1.005859375,-0.029296875,0.03515625,0.005859375,0.0,0.0,0.0
1095936560,875942,0,1.0,-0.037109375,0.021484375,-0.015625,0.0,0.0,0.0
1095937810,875943,0,0.99609375,-0.033203125,0.01953125,-0.013671875,0.0,0.0,0.0
1095939061,875944,0,1.001953125,-0.02734375,0.0234375,-0.00390625,0.0,0.0,0.0
1095940311,875945,0,0.99609375,-0.03125,0.021484375,-0.009765625,0.0,0.0,0.0
1095941563,875946,0,1.001953125,-0.033203125,0.01953125,-0.013671875,0.0,0.0,0.0
1095942813,875947,0,1.00390625,-0.029296875,0.025390625,-0.00390625,0.0,0.0,0.0
1095944065,875948,0,0.998046875,-0.02734375,0.029296875,0.001953125,0.0,0.0,0.0
1095945316,875949,0,1.005859375,-0.029296875,0.025390625,-0.00390625,0.0,0.0,0.0
1095946566,875950,0,1.00390625,-0.02734375,0.01953125,-0.0078125,0.0,0.0,0.0
1095947817,875951,0,1.001953125,-0.03515625,0.025390625,-0.009765625,0.0,0.0,0.0
1095949067,875952,0,1.0,-0.033203125,0.021484375,-0.01171875,0.0,0.0,0.0
1095950317,875953,0,1.001953125,-0.03125,0.017578125,-0.013671875,0.0,0.0,0.0
1095951567,875954,0,1.0,-0.029296875,0.0234375,-0.005859375,0.0,0.0,0.0
1095952818,875955,0,1.001953125,-0.02734375,0.0234375,-0.00390625,0.0,0.0,0.0
1095954070,875956,0,1.00390625,-0.02734375,0.03125,0.00390625,0.0,0.0,0.0
1095955321,875957,0,0.998046875,-0.02734375,0.02734375,0.0,0.0,0.0,0.0
1095956571,875958,0,1.00390625,-0.025390625,0.021484375,-0.00390625,0.0,0.0,0.0
1095957821,875959,0,1.005859375,-0.025390625,0.015625,-0.009765625,0.0,0.0,0.0
1095959071,875960,0,0.994140625,-0.02734375,0.0234375,-0.00390625,0.0,0.0,0.0
1095960322,875961,0,1.001953125,-0.0234375,0.0234375,0.0,0.0,0.0,0.0
1095961572,875962,0,1.005859375,-0.03125,0.0234375,-0.0078125,0.0,0.0,0.0
1095962823,875963,0,1.013671875,-0.02734375,0.021484375,-0.005859375,0.0,0.0,0.0
1095964075,875964,0,1.0078125,-0.029296875,0.02734375,-0.001953125,0.0,0.0,0.0
1095965326,875965,0,1.001953125,-0.029296875,0.02734375,-0.001953125,0.0,0.0,0.0
1095966577,875966,0,1.0,-0.02734375,0.021484375,-0.005859375,0.0,0.0,0.0
1095967829,875967,0,1.0,-0.02734375,0.0234375,-0.00390625,0.0,0.0,0.0
1095969079,875968,0,1.0,-0.0234375,0.021484375,-0.001953125,0.0,0.0,0.0
1095970329,875969,0,1.0078125,-0.02734375,0.021484375,-0.005859375,0.0,0.0,0.0
1095971580,875970,0,1.005859375,-0.021484375,0.021484375,0.0,0.0,0.0,0.0
1095972831,875971,0,1.0078125,-0.029296875,0.03125,0.001953125,0.0,0.0,0.0
1095974082,875972,0,1.0078125,-0.029296875,0.02734375,-0.001953125,0.0,0.0,0.0
1095975333,875973,0,1.005859375,-0.025390625,0.01953125,-0.005859375,0.0,0.0,0.0
1095976584,875974,0,1.0,-0.02734375,0.0234375,-0.00390625,0.0,0.0,0.0
1095977835,875975,0,1.001953125,-0.03125,0.02734375,-0.00390625,0.0,0.0,0.0
1095979087,875976,0,1.00390625,-0.02734375,0.0234375,-0.00390625,0.0,0.0,0.0
1095980338,875977,0,1.00390625,-0.025390625,0.02734375,0.001953125,0.0,0.0,0.0
1095981590,875978,0,1.01171875,-0.025390625,0.01953125,-0.005859375,0.0,0.0,0.0
1095982841,875979,0,1.013671875,-0.029296875,0.025390625,-0.00390625,0.0,0.0,0.0
1095984092,875980,0,1.0,-0.03125,0.025390625,-0.005859375,0.0,0.0,0.0
1095985343,875981,0,0.99609375,-0.03125,0.021484375,-0.009765625,0.0,0.0,0.0
1095986595,875982,0,1.0,-0.03125,0.01953125,-0.01171875,0.0,0.0,0.0
1095987845,875983,0,1.00390625,-0.029296875,0.017578125,-0.01171875,0.0,0.0,0.0
1095989097,875984,0,0.9921875,-0.02734375,0.025390625,-0.001953125,0.0,0.0,0.0
1095990348,875985,0,1.001953125,-0.0390625,0.01171875,-0.02734375,0.0,0.0,0.0
1095991600,875986,0,1.01171875,-0.03125,0.02734375,-0.00390625,0.0,0.0,0.0
1095992850,875987,0,1.0,-0.03125,0.01953125,-0.01171875,0.0,0.0,0.0
1095994101,875988,0,1.001953125,-0.033203125,0.021484375,-0.01171875,0.0,0.0,0.0
1095995351,875989,0,1.0078125,-0.029296875,0.0234375,-0.005859375,0.0,0.0,0.0
1095996602,875990,0,1.0,-0.033203125,0.021484375,-0.01171875,0.0,0.0,0.0
1095997853,875991,0,1.0078125,-0.03125,0.025390625,-0.005859375,0.0,0.0,0.0
1095999104,875992,0,1.0,-0.02734375,0.0234375,-0.00390625,0.0,0.0,0.0
1096000355,875993,0,1.0078125,-0.029296875,0.021484375,-0.0078125,0.0,0.0,0.0
1096001606,875994,0,1.001953125,-0.033203125,0.025390625,-0.0078125,0.0,0.0,0.0
1096002857,875995,0,1.0,-0.029296875,0.03125,0.001953125,0.0,0.0,0.0
1096004109,875996,0,1.001953125,-0.029296875,0.01953125,-0.009765625,0.0,0.0,0.0
1096005360,875997,0,1.00390625,-0.02734375,0.0234375,-0.00390625,0.0,0.0,0.0
1096006610,875998,0,1.005859375,-0.03125,0.02734375,-0.00390625,0.0,0.0,0.0
1096007861,875999,0,1.00390625,-0.03125,0.02734375,-0.00390625,0.0,0.0,0.0
1096009112,876000,0,1.0078125,-0.033203125,0.03125,-0.001953125,0.0,0.0,0.0
1096010362,876001,0,1.009765625,-0.029296875,0.0234375,-0.005859375,0.0,0.0,0.0
1096011613,876002,0,1.01171875,-0.029296875,0.013671875,-0.015625,0.0,0.0,0.0
1096012863,876003,0,1.015625,-0.025390625,0.021484375,-0.00390625,0.0,0.0,0.0
1096014115,876004,0,1.009765625,-0.02734375,0.01953125,-0.0078125,0.0,0.0,0.0
1096015366,876005,0,1.001953125,-0.025390625,0.03125,0.005859375,0.0,0.0,0.0
1096016616,876006,0,0.99609375,-0.0234375,0.02734375,0.00390625,0.0,0.0,0.0
1096017867,876007,0,1.0078125,-0.02734375,0.01953125,-0.0078125,0.0,0.0,0.0
1096019117,876008,0,1.0,-0.02734375,0.021484375,-0.005859375,0.0,0.0,0.0
1096020367,876009,0,1.001953125,-0.025390625,0.025390625,0.0,0.0,0.0,0.0
1096021618,876010,0,1.001953125,-0.033203125,0.0234375,-0.009765625,0.0,0.0,0.0
1096022868,876011,0,1.0078125,-0.02734375,0.0234375,-0.00390625,0.0,0.0,0.0
1096024120,876012,0,1.001953125,-0.03125,0.025390625,-0.005859375,0.0,0.0,0.0
1096025371,876013,0,1.0078125,-0.033203125,0.01953125,-0.013671875,0.0,0.0,0.0
1096026621,876014,0,1.00390625,-0.033203125,0.01953125,-0.013671875,0.0,0.0,0.0
1096027873,876015,0,1.00390625,-0.03125,0.021484375,-0.009765625,0.0,0.0,0.0
1096029123,876016,0,1.0,-0.033203125,0.021484375,-0.01171875,0.0,0.0,0.0
1096030373,876017,0,0.998046875,-0.029296875,0.02734375,-0.001953125,0.0,0.0,0.0
1096031623,876018,0,0.998046875,-0.03125,0.025390625,-0.005859375,0.0,0.0,0.0
1096032873,876019,0,1.00390625,-0.02734375,0.01953125,-0.0078125,0.0,0.0,0.0
1096034125,876020,0,0.998046875,-0.02734375,0.01953125,-0.0078125,0.0,0.0,0.0
1096035376,876021,0,1.005859375,-0.02734375,0.021484375,-0.005859375,0.0,0.0,0.0
1096036626,876022,0,1.0078125,-0.033203125,0.021484375,-0.01171875,0.0,0.0,0.0
1096037877,876023,0,1.001953125,-0.02734375,0.013671875,-0.013671875,0.0,0.0,0.0
1096039128,876024,0,1.01171875,-0.03515625,0.017578125,-0.017578125,0.0,0.0,0.0
1096040378,876025,0,1.0,-0.0234375,0.025390625,0.001953125,0.0,0.0,0.0
1096041629,876026,0,1.0,-0.029296875,0.015625,-0.013671875,0.0,0.0,0.0
1096042880,876027,0,1.001953125,-0.03125,0.025390625,-0.005859375,0.0,0.0,0.0
1096044131,876028,0,0.994140625,-0.03125,0.029296875,-0.001953125,0.0,0.0,0.0
1096045382,876029,0,1.001953125,-0.029296875,0.021484375,-0.0078125,0.0,0.0,0.0
1096046632,876030,0,1.0078125,-0.029296875,0.021484375,-0.0078125,0.0,0.0,0.0
1096047883,876031,0,1.005859375,-0.02734375,0.02734375,0.0,0.0,0.0,0.0
1096049134,876032,0,1.00390625,-0.02734375,0.0234375,-0.00390625,0.0,0.0,0.0
1096050384,876033,0,1.00390625,-0.029296875,0.01953125,-0.009765625,0.0,0.0,0.0
1096051636,876034,0,1.0078125,-0.025390625,0.0234375,-0.001953125,0.0,0.0,0.0
1096052886,876035,0,1.0078125,-0.029296875,0.02734375,-0.001953125,0.0,0.0,0.0
1096054137,876036,0,1.001953125,-0.03125,0.01953125,-0.01171875,0.0,0.0,0.0
1096055388,876037,0,1.005859375,-0.03125,0.0234375,-0.0078125,0.0,0.0,0.0
1096056639,876038,0,1.001953125,-0.02734375,0.01953125,-0.0078125,0.0,0.0,0.0
1096057889,876039,0,0.99609375,-0.029296875,0.021484375,-0.0078125,0.0,0.0,0.0
1096059140,876040,0,1.001953125,-0.03125,0.01953125,-0.01171875,0.0,0.0,0.0
1096060392,876041,0,1.009765625,-0.029296875,0.02734375,-0.001953125,0.0,0.0,0.0
1096061642,876042,0,0.99609375,-0.033203125,0.0234375,-0.009765625,0.0,0.0,0.0
1096062894,876043,0,1.005859375,-0.02734375,0.013671875,-0.013671875,0.0,0.0,0.0
1096064145,876044,0,1.009765625,-0.02734375,0.02734375,0.0,0.0,0.0,0.0
1096065396,876045,0,0.99609375,-0.025390625,0.0234375,-0.001953125,0.0,0.0,0.0
1096066648,876046,0,1.013671875,-0.025390625,0.03125,0.005859375,0.0,0.0,0.0
1096067899,876047,0,1.0,-0.0234375,0.0234375,0.0,0.0,0.0,0.0
1096069150,876048,0,1.005859375,-0.025390625,0.021484375,-0.00390625,0.0,0.0,0.0
1096070400,876049,0,1.0078125,-0.02734375,0.021484375,-0.005859375,0.0,0.0,0.0
1096071651,876050,0,1.005859375,-0.03125,0.029296875,-0.001953125,0.0,0.0,0.0
1096072902,876051,0,1.0078125,-0.02734375,0.0234375,-0.00390625,0.0,0.0,0.0
1096074152,876052,0,1.0,-0.029296875,0.0234375,-0.005859375,0.0,0.0,0.0
1096075402,876053,0,1.001953125,-0.02734375,0.029296875,0.001953125,0.0,0.0,0.0
1096076654,876054,0,1.005859375,-0.029296875,0.0234375,-0.005859375,0.0,0.0,0.0
1096077904,876055,0,0.998046875,-0.033203125,0.025390625,-0.0078125,0.0,0.0,0.0
1096079154,876056,0,1.001953125,-0.029296875,0.021484375,-0.0078125,0.0,0.0,0.0
1096080405,876057,0,1.0078125,-0.029296875,0.021484375,-0.0078125,0.0,0.0,0.0
1096081655,876058,0,1.005859375,-0.03125,0.03125,0.0,0.0,0.0,0.0
1096082906,876059,0,1.0078125,-0.02734375,0.025390625,-0.001953125,0.0,0.0,0.0
1096084157,876060,0,1.0078125,-0.025390625,0.0234375,-0.001953125,0.0,0.0,0.0
1096085408,876061,0,1.00390625,-0.029296875,0.02734375,-0.001953125,0.0,0.0,0.0
1096086659,876062,0,1.00390625,-0.0234375,0.0234375,0.0,0.0,0.0,0.0
1096087911,876063,0,1.005859375,-0.0234375,0.025390625,0.001953125,0.0,0.0,0.0
1096089162,876064,0,1.01171875,-0.01953125,0.02734375,0.0078125,0.0,0.0,0.0
1096090414,876065,0,1.0078125,-0.025390625,0.02734375,0.001953125,0.0,0.0,0.0
1096091664,876066,0,1.015625,-0.025390625,0.025390625,0.0,0.0,0.0,0.0
1096092916,876067,0,1.0,-0.025390625,0.0234375,-0.001953125,0.0,0.0,0.0
1096094167,876068,0,1.0,-0.03125,0.0234375,-0.0078125,0.0,0.0,0.0
1096095417,876069,0,1.0078125,-0.02734375,0.01953125,-0.0078125,0.0,0.0,0.0
1096096668,876070,0,1.0,-0.029296875,0.0234375,-0.005859375,0.0,0.0,0.0
1096097919,876071,0,1.0078125,-0.033203125,0.0234375,-0.009765625,0.0,0.0,0.0
1096099170,876072,0,0.998046875,-0.03125,0.0234375,-0.0078125,0.0,0.0,0.0
1096100421,876073,0,1.00390625,-0.029296875,0.021484375,-0.0078125,0.0,0.0,0.0
1096101672,876074,0,1.005859375,-0.03125,0.021484375,-0.009765625,0.0,0.0,0.0
1096102922,876075,0,1.0078125,-0.029296875,0.025390625,-0.00390625,0.0,0.0,0.0
1096104173,876076,0,1.005859375,-0.025390625,0.025390625,0.0,0.0,0.0,0.0
1096105425,876077,0,1.005859375,-0.02734375,0.025390625,-0.001953125,0.0,0.0,0.0
1096106675,876078,0,1.0,-0.025390625,0.02734375,0.001953125,0.0,0.0,0.0
1096107927,876079,0,1.001953125,-0.03125,0.0234375,-0.0078125,0.0,0.0,0.0
1096109177,876080,0,1.001953125,-0.029296875,0.0234375,-0.005859375,0.0,0.0,0.0
1096110429,876081,0,1.001953125,-0.03125,0.025390625,-0.005859375,0.0,0.0,0.0
1096111680,876082,0,1.00390625,-0.03125,0.025390625,-0.005859375,0.0,0.0,0.0
1096112930,876083,0,1.00390625,-0.0234375,0.025390625,0.001953125,0.0,0.0,0.0
1096114180,876084,0,1.00390625,-0.02734375,0.02734375,0.0,0.0,0.0,0.0
1096115431,876085,0,1.01171875,-0.02734375,0.0234375,-0.00390625,0.0,0.0,0.0
1096116682,876086,0,0.998046875,-0.03125,0.025390625,-0.005859375,0.0,0.0,0.0
1096117933,876087,0,1.009765625,-0.0234375,0.029296875,0.005859375,0.0,0.0,0.0
1096119184,876088,0,1.009765625,-0.03125,0.015625,-0.015625,0.0,0.0,0.0
1096120434,876089,0,1.001953125,-0.033203125,0.02734375,-0.005859375,0.0,0.0,0.0
1096121685,876090,0,1.015625,-0.0234375,0.021484375,-0.001953125,0.0,0.0,0.0
1096122936,876091,0,1.009765625,-0.033203125,0.017578125,-0.015625,0.0,0.0,0.0
1096124188,876092,0,0.99609375,-0.02734375,0.021484375,-0.005859375,0.0,0.0,0.0
1096125439,876093,0,1.001953125,-0.03125,0.0234375,-0.0078125,0.0,0.0,0.0
1096126690,876094,0,1.00390625,-0.03125,0.0234375,-0.0078125,0.0,0.0,0.0
1096127941,876095,0,1.0078125,-0.025390625,0.029296875,0.00390625,0.0,0.0,0.0
1096129192,876096,0,1.005859375,-0.03125,0.0234375,-0.0078125,0.0,0.0,0.0
1096130443,876097,0,1.009765625,-0.03515625,0.01953125,-0.015625,0.0,0.0,0.0
1096131695,876098,0,1.0,-0.029296875,0.021484375,-0.0078125,0.0,0.0,0.0
1096132945,876099,0,1.0,-0.02734375,0.01953125,-0.0078125,0.0,0.0,0.0
1096134195,876100,0,1.0,-0.0234375,0.021484375,-0.001953125,0.0,0.0,0.0
1096135447,876101,0,1.005859375,-0.03125,0.021484375,-0.009765625,0.0,0.0,0.0
1096136697,876102,0,1.0078125,-0.03125,0.02734375,-0.00390625,0.0,0.0,0.0
1096137949,876103,0,1.005859375,-0.0234375,0.02734375,0.00390625,0.0,0.0,0.0
1096139200,876104,0,1.001953125,-0.029296875,0.021484375,-0.0078125,0.0,0.0,0.0
1096140452,876105,0,1.00390625,-0.033203125,0.025390625,-0.0078125,0.0,0.0,0.0
1096141702,876106,0,0.998046875,-0.0234375,0.02734375,0.00390625,0.0,0.0,0.0
1096142954,876107,0,1.005859375,-0.037109375,0.0234375,-0.013671875,0.0,0.0,0.0
1096144205,876108,0,1.0078125,-0.03125,0.037109375,0.005859375,0.0,0.0,0.0
1096145456,876109,0,1.01171875,-0.03125,0.029296875,-0.001953125,0.0,0.0,0.0
1096146708,876110,0,1.00390625,-0.0234375,0.03125,0.0078125,0.0,0.0,0.0
1096147958,876111,0,1.00390625,-0.0234375,0.021484375,-0.001953125,0.0,0.0,0.0
1096149209,876112,0,0.998046875,-0.03515625,0.021484375,-0.013671875,0.0,0.0,0.0
1096150459,876113,0,1.0,-0.02734375,0.025390625,-0.001953125,0.0,0.0,0.0
1096151710,876114,0,1.00390625,-0.029296875,0.025390625,-0.00390625,0.0,0.0,0.0
1096152961,876115,0,1.005859375,-0.029296875,0.015625,-0.013671875,0.0,0.0,0.0
1096154212,876116,0,1.005859375,-0.03125,0.0234375,-0.0078125,0.0,0.0,0.0
1096155462,876117,0,1.009765625,-0.025390625,0.02734375,0.001953125,0.0,0.0,0.0
1096156713,876118,0,1.0078125,-0.025390625,0.029296875,0.00390625,0.0,0.0,0.0
1096157965,876119,0,1.0,-0.025390625,0.025390625,0.0,0.0,0.0,0.0
1096159216,876120,0,1.0,-0.029296875,0.025390625,-0.00390625,0.0,0.0,0.0
1096160468,876121,0,1.00390625,-0.03125,0.0234375,-0.0078125,0.0,0.0,0.0
1096161719,876122,0,1.0078125,-0.03125,0.021484375,-0.009765625,0.0,0.0,0.0
1096162969,876123,0,1.009765625,-0.029296875,0.021484375,-0.0078125,0.0,0.0,0.0
1096164221,876124,0,1.005859375,-0.025390625,0.0234375,-0.001953125,0.0,0.0,0.0
1096165471,876125,0,1.009765625,-0.029296875,0.0234375,-0.005859375,0.0,0.0,0.0
1096166721,876126,0,1.00390625,-0.025390625,0.021484375,-0.00390625,0.0,0.0,0.0
1096167972,876127,0,1.0078125,-0.029296875,0.02734375,-0.001953125,0.0,0.0,0.0
1096169224,876128,0,1.00390625,-0.02734375,0.021484375,-0.005859375,0.0,0.0,0.0
1096170474,876129,0,1.009765625,-0.025390625,0.02734375,0.001953125,0.0,0.0,0.0
1096171724,876130,0,1.013671875,-0.02734375,0.02734375,0.0,0.0,0.0,0.0
1096172976,876131,0,1.001953125,-0.03125,0.017578125,-0.013671875,0.0,0.0,0.0
1096174226,876132,0,1.001953125,-0.025390625,0.03125,0.005859375,0.0,0.0,0.0
1096175476,876133,0,1.0078125,-0.025390625,0.03125,0.005859375,0.0,0.0,0.0
1096176728,876134,0,1.001953125,-0.03125,0.017578125,-0.013671875,0.0,0.0,0.0
1096177978,876135,0,1.001953125,-0.03125,0.013671875,-0.017578125,0.0,0.0,0.0
1096179230,876136,0,1.001953125,-0.029296875,0.021484375,-0.0078125,0.0,0.0,0.0
1096180481,876137,0,1.001953125,-0.033203125,0.025390625,-0.0078125,0.0,0.0,0.0
1096181732,876138,0,1.00390625,-0.029296875,0.021484375,-0.0078125,0.0,0.0,0.0
1096182983,876139,0,1.009765625,-0.03125,0.0234375,-0.0078125,0.0,0.0,0.0
1096184235,876140,0,1.00390625,-0.02734375,0.021484375,-0.005859375,0.0,0.0,0.0
1096185485,876141,0,0.998046875,-0.025390625,0.0234375,-0.001953125,0.0,0.0,0.0
1096186736,876142,0,1.00390625,-0.029296875,0.021484375,-0.0078125,0.0,0.0,0.0
1096187987,876143,0,1.00390625,-0.03125,0.02734375,-0.00390625,0.0,0.0,0.0
1096189237,876144,0,1.0078125,-0.02734375,0.0234375,-0.00390625,0.0,0.0,0.0
1096190488,876145,0,1.00390625,-0.025390625,0.025390625,0.0,0.0,0.0,0.0
1096191738,876146,0,1.001953125,-0.029296875,0.02734375,-0.001953125,0.0,0.0,0.0
1096192989,876147,0,1.0078125,-0.03125,0.0234375,-0.0078125,0.0,0.0,0.0
1096194239,876148,0,1.005859375,-0.02734375,0.025390625,-0.001953125,0.0,0.0,0.0
1096195490,876149,0,1.013671875,-0.02734375,0.0234375,-0.00390625,0.0,0.0,0.0
1096196741,876150,0,1.00390625,-0.0234375,0.021484375,-0.001953125,0.0,0.0,0.0
1096197991,876151,0,1.00390625,-0.029296875,0.025390625,-0.00390625,0.0,0.0,0.0
1096199242,876152,0,1.00390625,-0.03125,0.025390625,-0.005859375,0.0,0.0,0.0
1096200493,876153,0,1.017578125,-0.029296875,0.017578125,-0.01171875,0.0,0.0,0.0
1096201745,876154,0,1.0,-0.02734375,0.0234375,-0.00390625,0.0,0.0,0.0
1096202995,876155,0,0.99609375,-0.033203125,0.01953125,-0.013671875,0.0,0.0,0.0
1096204247,876156,0,1.0078125,-0.021484375,0.015625,-0.005859375,0.0,0.0,0.0
1096205498,876157,0,1.00390625,-0.029296875,0.02734375,-0.001953125,0.0,0.0,0.0
1096206749,876158,0,1.009765625,-0.02734375,0.02734375,0.0,0.0,0.0,0.0
1096208000,876159,0,0.998046875,-0.029296875,0.0234375,-0.005859375,0.0,0.0,0.0
1096209250,876160,0,1.0,-0.025390625,0.025390625,0.0,0.0,0.0,0.0
1096210501,876161,0,1.001953125,-0.03125,0.021484375,-0.009765625,0.0,0.0,0.0
1096211752,876162,0,1.00390625,-0.02734375,0.02734375,0.0,0.0,0.0,0.0
1096213003,876163,0,1.0078125,-0.029296875,0.021484375,-0.0078125,0.0,0.0,0.0
1096214254,876164,0,1.0,-0.033203125,0.025390625,-0.0078125,0.0,0.0,0.0
1096215504,876165,0,0.998046875,-0.03125,0.025390625,-0.005859375,0.0,0.0,0.0
1096216755,876166,0,1.00390625,-0.02734375,0.0234375,-0.00390625,0.0,0.0,0.0
1096218006,876167,0,0.9921875,-0.03515625,0.0234375,-0.01171875,0.0,0.0,0.0
1096219257,876168,0,1.0078125,-0.03125,0.021484375,-0.009765625,0.0,0.0,0.0
1096220508,876169,0,1.00390625,-0.037109375,0.021484375,-0.015625,0.0,0.0,0.0
1096221760,876170,0,1.01953125,-0.029296875,0.01953125,-0.009765625,0.0,0.0,0.0
1096223010,876171,0,1.009765625,-0.029296875,0.01953125,-0.009765625,0.0,0.0,0.0
1096224261,876172,0,1.00390625,-0.03125,0.0234375,-0.0078125,0.0,0.0,0.0
1096225513,876173,0,0.998046875,-0.03125,0.02734375,-0.00390625,0.0,0.0,0.0
1096226763,876174,0,0.998046875,-0.0234375,0.0234375,0.0,0.0,0.0,0.0
1096228014,876175,0,1.00390625,-0.029296875,0.02734375,-0.001953125,0.0,0.0,0.0
1096229271,876176,0,1.00390625,-0.033203125,0.02734375,-0.005859375,0.0,0.0,0.0
1096230522,876177,0,1.0078125,-0.03125,0.0234375,-0.0078125,0.0,0.0,0.0
1096231774,876178,0,1.0,-0.02734375,0.029296875,0.001953125,0.0,0.0,0.0
1096233024,876179,0,1.005859375,-0.029296875,0.02734375,-0.001953125,0.0,0.0,0.0
1096234275,876180,0,1.005859375,-0.03125,0.025390625,-0.005859375,0.0,0.0,0.0
1096235527,876181,0,1.0078125,-0.029296875,0.029296875,0.0,0.0,0.0,0.0
1096236778,876182,0,1.00390625,-0.02734375,0.02734375,0.0,0.0,0.0,0.0
1096238028,876183,0,1.001953125,-0.029296875,0.0234375,-0.005859375,0.0,0.0,0.0
1096239278,876184,0,1.001953125,-0.03125,0.025390625,-0.005859375,0.0,0.0,0.0
1096240528,876185,0,1.00390625,-0.029296875,0.021484375,-0.0078125,0.0,0.0,0.0
1096241780,876186,0,1.009765625,-0.029296875,0.03125,0.001953125,0.0,0.0,0.0
1096243031,876187,0,1.00390625,-0.033203125,0.01953125,-0.013671875,0.0,0.0,0.0
1096244282,876188,0,1.005859375,-0.029296875,0.0234375,-0.005859375,0.0,0.0,0.0
1096245533,876189,0,1.005859375,-0.02734375,0.03125,0.00390625,0.0,0.0,0.0
1096246784,876190,0,0.998046875,-0.033203125,0.0234375,-0.009765625,0.0,0.0,0.0
1096248034,876191,0,1.00390625,-0.029296875,0.021484375,-0.0078125,0.0,0.0,0.0
1096249284,876192,0,1.0,-0.029296875,0.02734375,-0.001953125,0.0,0.0,0.0
1096250536,876193,0,0.998046875,-0.029296875,0.02734375,-0.001953125,0.0,0.0,0.0
1096251787,876194,0,1.0078125,-0.033203125,0.017578125,-0.015625,0.0,0.0,0.0
1096253038,876195,0,1.0,-0.02734375,0.01953125,-0.0078125,0.0,0.0,0.0
1096254288,876196,0,1.00390625,-0.0234375,0.0234375,0.0,0.0,0.0,0.0
1096255539,876197,0,1.0078125,-0.033203125,0.02734375,-0.005859375,0.0,0.0,0.0
1096256790,876198,0,0.994140625,-0.02734375,0.0234375,-0.00390625,0.0,0.0,0.0
1096258040,876199,0,1.00390625,-0.025390625,0.02734375,0.001953125,0.0,0.0,0.0
1096259290,876200,0,1.0078125,-0.029296875,0.03125,0.001953125,0.0,0.0,0.0
1096260542,876201,0,1.001953125,-0.02734375,0.0234375,-0.00390625,0.0,0.0,0.0
1096261793,876202,0,1.0078125,-0.025390625,0.02734375,0.001953125,0.0,0.0,0.0
1096263044,876203,0,1.0078125,-0.0234375,0.0234375,0.0,0.0,0.0,0.0
1096264295,876204,0,1.009765625,-0.029296875,0.021484375,-0.0078125,0.0,0.0,0.0
1096265546,876205,0,1.0078125,-0.025390625,0.02734375,0.001953125,0.0,0.0,0.0
1096266796,876206,0,1.009765625,-0.0234375,0.0234375,0.0,0.0,0.0,0.0
1096268048,876207,0,1.0078125,-0.025390625,0.02734375,0.001953125,0.0,0.0,0.0
1096269299,876208,0,1.001953125,-0.02734375,0.029296875,0.001953125,0.0,0.0,0.0
1096270549,876209,0,1.009765625,-0.033203125,0.029296875,-0.00390625,0.0,0.0,0.0
1096271801,876210,0,1.001953125,-0.03125,0.025390625,-0.005859375,0.0,0.0,0.0
1096273051,876211,0,1.009765625,-0.03125,0.025390625,-0.005859375,0.0,0.0,0.0
1096274301,876212,0,1.001953125,-0.0390625,0.01953125,-0.01953125,0.0,0.0,0.0
1096275552,876213,0,0.998046875,-0.037109375,0.025390625,-0.01171875,0.0,0.0,0.0
1096276803,876214,0,0.99609375,-0.033203125,0.017578125,-0.015625,0.0,0.0,0.0
1096278054,876215,0,1.0,-0.025390625,0.021484375,-0.00390625,0.0,0.0,0.0
1096279305,876216,0,0.99609375,-0.03125,0.021484375,-0.009765625,0.0,0.0,0.0
1096280556,876217,0,1.0,-0.033203125,0.017578125,-0.015625,0.0,0.0,0.0
1096281807,876218,0,1.0078125,-0.029296875,0.033203125,0.00390625,0.0,0.0,0.0
1096283059,876219,0,1.015625,-0.029296875,0.01953125,-0.009765625,0.0,0.0,0.0
1096284310,876220,0,1.005859375,-0.029296875,0.01953125,-0.009765625,0.0,0.0,0.0
1096285560,876221,0,1.005859375,-0.0234375,0.021484375,-0.001953125,0.0,0.0,0.0
1096286810,876222,0,1.01171875,-0.029296875,0.0234375,-0.005859375,0.0,0.0,0.0
1096288061,876223,0,1.005859375,-0.02734375,0.025390625,-0.001953125,0.0,0.0,0.0
1096289311,876224,0,1.0078125,-0.02734375,0.03125,0.00390625,0.0,0.0,0.0
1096290563,876225,0,1.005859375,-0.02734375,0.02734375,0.0,0.0,0.0,0.0
1096291813,876226,0,1.00390625,-0.03125,0.0234375,-0.0078125,0.0,0.0,0.0
1096293065,876227,0,1.001953125,-0.033203125,0.0234375,-0.009765625,0.0,0.0,0.0
1096294316,876228,0,1.0078125,-0.03125,0.021484375,-0.009765625,0.0,0.0,0.0
1096295566,876229,0,1.001953125,-0.03515625,0.0234375,-0.01171875,0.0,0.0,0.0
1096296817,876230,0,1.0,-0.03125,0.0234375,-0.0078125,0.0,0.0,0.0
1096298067,876231,0,1.001953125,-0.03125,0.02734375,-0.00390625,0.0,0.0,0.0
1096299317,876232,0,0.998046875,-0.03125,0.021484375,-0.009765625,0.0,0.0,0.0
1096300567,876233,0,0.9921875,-0.033203125,0.01953125,-0.013671875,0.0,0.0,0.0
1096301818,876234,0,1.015625,-0.029296875,0.025390625,-0.00390625,0.0,0.0,0.0
1096303070,876235,0,1.005859375,-0.02734375,0.021484375,-0.005859375,0.0,0.0,0.0
1096304321,876236,0,1.001953125,-0.0390625,0.013671875,-0.025390625,0.0,0.0,0.0
1096305571,876237,0,1.005859375,-0.029296875,0.0234375,-0.005859375,0.0,0.0,0.0
1096306821,876238,0,1.0,-0.03125,0.0234375,-0.0078125,0.0,0.0,0.0
1096308071,876239,0,1.001953125,-0.02734375,0.0234375,-0.00390625,0.0,0.0,0.0
1096309322,876240,0,1.001953125,-0.029296875,0.0234375,-0.005859375,0.0,0.0,0.0
1096310572,876241,0,1.0,-0.029296875,0.025390625,-0.00390625,0.0,0.0,0.0
1096311823,876242,0,1.0078125,-0.025390625,0.029296875,0.00390625,0.0,0.0,0.0
1096313075,876243,0,1.0,-0.03125,0.0234375,-0.0078125,0.0,0.0,0.0
1096314326,876244,0,1.00390625,-0.029296875,0.029296875,0.0,0.0,0.0,0.0
1096315577,876245,0,1.0,-0.02734375,0.029296875,0.001953125,0.0,0.0,0.0
1096316829,876246,0,1.001953125,-0.02734375,0.021484375,-0.005859375,0.0,0.0,0.0
1096318079,876247,0,1.001953125,-0.029296875,0.03125,0.001953125,0.0,0.0,0.0
1096319329,876248,0,1.005859375,-0.029296875,0.02734375,-0.001953125,0.0,0.0,0.0
1096320580,876249,0,1.001953125,-0.029296875,0.025390625,-0.00390625,0.0,0.0,-1.1368683772161603e-13
1096323082,876251,0,1.009765625,-0.033203125,0.03125,-0.001953125,0.0,0.0,0.0
1096324333,876252,0,1.005859375,-0.02734375,0.021484375,-0.005859375,0.0,0.0,0.0
1096325584,876253,0,1.001953125,-0.02734375,0.02734375,0.0,0.0,0.0,0.0
1096326835,876254,0,1.005859375,-0.03515625,0.01953125,-0.015625,0.0,0.0,0.0
1096328087,876255,0,1.001953125,-0.03515625,0.017578125,-0.017578125,0.0,0.0,0.0
1096329338,876256,0,1.01171875,-0.029296875,0.0234375,-0.005859375,0.0,0.0,0.0
1096330590,876257,0,1.0,-0.02734375,0.025390625,-0.001953125,0.0,0.0,0.0
1096331841,876258,0,0.994140625,-0.029296875,0.021484375,-0.0078125,0.0,0.0,0.0
1096333092,876259,0,0.9921875,-0.025390625,0.029296875,0.00390625,0.0,0.0,0.0
1096334343,876260,0,0.998046875,-0.02734375,0.037109375,0.009765625,0.0,0.0,0.0
1096335595,876261,0,1.00390625,-0.03125,0.009765625,-0.021484375,0.0,0.0,0.0
1096336845,876262,0,0.994140625,-0.0234375,0.021484375,-0.001953125,0.0,0.0,0.0
1096338097,876263,0,1.001953125,-0.0234375,0.021484375,-0.001953125,0.0,0.0,0.0
1096339348,876264,0,1.001953125,-0.025390625,0.0234375,-0.001953125,0.0,0.0,0.0
1096340600,876265,0,1.00390625,-0.02734375,0.02734375,0.0,0.0,0.0,0.0
1096341850,876266,0,1.0,-0.02734375,0.029296875,0.001953125,0.0,0.0,0.0
1096343101,876267,0,1.00390625,-0.03125,0.025390625,-0.005859375,0.0,0.0,0.0
1096344351,876268,0,1.0,-0.02734375,0.017578125,-0.009765625,0.0,0.0,0.0
1096345602,876269,0,1.005859375,-0.02734375,0.021484375,-0.005859375,0.0,0.0,0.0
1096346853,876270,0,1.005859375,-0.029296875,0.01953125,-0.009765625,0.0,0.0,0.0
1096348104,876271,0,1.001953125,-0.033203125,0.0234375,-0.009765625,0.0,0.0,0.0
1096349355,876272,0,0.994140625,-0.033203125,0.025390625,-0.0078125,0.0,0.0,0.0
1096350606,876273,0,0.9921875,-0.033203125,0.0234375,-0.009765625,0.0,0.0,0.0
1096351857,876274,0,1.00390625,-0.02734375,0.0234375,-0.00390625,0.0,0.0,0.0
1096353109,876275,0,1.0078125,-0.03125,0.03125,0.0,0.0,0.0,0.0
1096354360,876276,0,1.001953125,-0.029296875,0.0234375,-0.005859375,0.0,0.0,0.0
1096355610,876277,0,1.0078125,-0.03125,0.02734375,-0.00390625,0.0,0.0,0.0
1096356861,876278,0,1.0,-0.02734375,0.02734375,0.0,0.0,0.0,0.0
1096358112,876279,0,1.0078125,-0.02734375,0.013671875,-0.013671875,0.0,0.0,0.0
1096359362,876280,0,1.0078125,-0.03125,0.025390625,-0.005859375,0.0,0.0,0.0
1096360613,876281,0,1.0,-0.033203125,0.025390625,-0.0078125,0.0,0.0,0.0
1096361863,876282,0,1.005859375,-0.033203125,0.0234375,-0.009765625,0.0,0.0,0.0
1096363115,876283,0,1.001953125,-0.033203125,0.0234375,-0.009765625,0.0,0.0,0.0
1096364366,876284,0,1.00390625,-0.029296875,0.025390625,-0.00390625,0.0,0.0,0.0
1096365616,876285,0,1.0,-0.03125,0.021484375,-0.009765625,0.0,0.0,0.0
1096366867,876286,0,1.005859375,-0.02734375,0.025390625,-0.001953125,0.0,0.0,0.0
1096368117,876287,0,1.001953125,-0.02734375,0.0234375,-0.00390625,0.0,0.0,0.0
1096369367,876288,0,1.001953125,-0.03125,0.021484375,-0.009765625,0.0,0.0,0.0
1096370618,876289,0,1.001953125,-0.033203125,0.025390625,-0.0078125,0.0,0.0,0.0
1096371868,876290,0,1.0,-0.03125,0.025390625,-0.005859375,0.0,0.0,0.0
1096373120,876291,0,1.001953125,-0.03125,0.021484375,-0.009765625,0.0,0.0,0.0
1096374371,876292,0,1.00390625,-0.029296875,0.017578125,-0.01171875,0.0,0.0,0.0
1096375621,876293,0,1.0078125,-0.03125,0.025390625,-0.005859375,0.0,0.0,0.0
1096376873,876294,0,1.0078125,-0.02734375,0.021484375,-0.005859375,0.0,0.0,0.0
1096378123,876295,0,1.0,-0.03125,0.021484375,-0.009765625,0.0,0.0,0.0
1096379373,876296,0,1.00390625,-0.02734375,0.017578125,-0.009765625,0.0,0.0,0.0
1096380623,876297,0,1.009765625,-0.03515625,0.017578125,-0.017578125,0.0,0.0,0.0
1096381873,876298,0,1.001953125,-0.037109375,0.013671875,-0.0234375,0.0,0.0,0.0
1096383125,876299,0,0.994140625,-0.052734375,0.015625,-0.037109375,0.0,0.0,0.0
1096384376,876300,0,1.00390625,-0.09765625,-0.04296875,-0.140625,0.0,0.0,0.0
1096385626,876301,0,0.9921875,-0.15234375,-0.0625,-0.21484375,0.0,0.0,0.0
1096386877,876302,0,0.9609375,-0.111328125,-0.099609375,-0.2109375,0.0,0.0,0.0
1096388128,876303,0,0.958984375,-0.037109375,0.05078125,0.013671875,0.0,0.0,0.0
1096389378,876304,0,0.9375,0.0625,0.107421875,0.169921875,0.0,0.0,0.0
1096390629,876305,0,1.001953125,0.06640625,0.126953125,0.193359375,0.0,0.0,0.0
1096391880,876306,0,1.09765625,0.095703125,0.109375,0.205078125,0.0,0.0,0.0
1096393131,876307,0,1.10546875,0.03125,0.0390625,0.0703125,0.0,0.0,0.0
1096394382,876308,0,1.091796875,-0.021484375,0.0,-0.021484375,0.0,0.0,0.0
1096395632,876309,0,1.03515625,-0.0390625,0.017578125,-0.021484375,0.0,0.0,0.0
1096396883,876310,0,0.943359375,-0.0546875,0.009765625,-0.044921875,0.0,0.0,0.0
1096398134,876311,0,0.919921875,-0.068359375,0.01953125,-0.048828125,0.0,0.0,0.0
1096399384,876312,0,0.94921875,-0.06640625,0.01171875,-0.0546875,0.0,0.0,0.0
1096400636,876313,0,0.98046875,-0.072265625,-0.001953125,-0.07421875,0.0,0.0,0.0
1096401886,876314,0,1.0234375,-0.044921875,0.01171875,-0.033203125,0.0,0.0,0.0
1096403137,876315,0,1.037109375,-0.03515625,0.01171875,-0.0234375,0.0,0.0,0.0
1096404388,876316,0,1.02734375,-0.037109375,0.005859375,-0.03125,0.0,0.0,0.0
1096405639,876317,0,1.02734375,-0.005859375,0.041015625,0.03515625,0.0,0.0,0.0
1096406889,876318,0,1.01171875,0.001953125,0.06640625,0.068359375,0.0,0.0,0.0
1096408140,876319,0,1.00390625,0.001953125,0.05859375,0.060546875,0.0,0.0,0.0
1096409392,876320,0,1.021484375,0.001953125,0.046875,0.048828125,0.0,0.0,0.0
1096410642,876321,0,1.029296875,-0.041015625,0.021484375,-0.01953125,0.0,0.0,0.0
1096411894,876322,0,1.01953125,-0.037109375,0.01171875,-0.025390625,0.0,0.0,0.0
1096413145,876323,0,1.0,-0.04296875,0.001953125,-0.041015625,0.0,0.0,0.0
1096414396,876324,0,0.982421875,-0.052734375,0.017578125,-0.03515625,0.0,0.0,0.0
1096415648,876325,0,0.9765625,-0.03515625,0.021484375,-0.013671875,0.0,0.0,0.0
1096416899,876326,0,0.994140625,-0.0234375,0.025390625,0.001953125,0.0,0.0,0.0
1096418150,876327,0,1.009765625,-0.029296875,0.025390625,-0.00390625,0.0,0.0,0.0
1096419400,876328,0,1.01953125,-0.017578125,0.01953125,0.001953125,0.0,0.0,0.0
1096420651,876329,0,1.029296875,-0.017578125,0.037109375,0.01953125,0.0,0.0,0.0
1096421902,876330,0,1.009765625,-0.017578125,0.03125,0.013671875,0.0,0.0,0.0
1096423152,876331,0,1.005859375,-0.017578125,0.037109375,0.01953125,0.0,0.0,0.0
1096424402,876332,0,0.998046875,-0.029296875,0.021484375,-0.0078125,0.0,0.0,0.0
1096425654,876333,0,1.00390625,-0.033203125,0.02734375,-0.005859375,0.0,0.0,0.0
1096426904,876334,0,1.00390625,-0.03125,0.017578125,-0.013671875,0.0,0.0,0.0
1096428154,876335,0,1.00390625,-0.03515625,0.017578125,-0.017578125,0.0,0.0,0.0
1096429405,876336,0,1.00390625,-0.05078125,0.013671875,-0.037109375,0.0,0.0,0.0
1096430655,876337,0,0.98828125,-0.037109375,0.017578125,-0.01953125,0.0,0.0,0.0
1096431906,876338,0,0.984375,-0.03515625,0.033203125,-0.001953125,0.0,0.0,0.0
1096433157,876339,0,0.9921875,-0.041015625,0.017578125,-0.0234375,0.0,0.0,0.0
1096434408,876340,0,1.01171875,-0.03125,0.013671875,-0.017578125,0.0,0.0,0.0
1096435659,876341,0,1.021484375,-0.01953125,0.03125,0.01171875,0.0,0.0,0.0
1096436911,876342,0,1.009765625,-0.03125,0.033203125,0.001953125,0.0,0.0,0.0
1096438162,876343,0,1.013671875,-0.033203125,0.01953125,-0.013671875,0.0,0.0,0.0
1096439414,876344,0,0.9921875,-0.0234375,0.029296875,0.005859375,0.0,0.0,0.0
1096440664,876345,0,0.9921875,-0.037109375,0.0234375,-0.013671875,0.0,0.0,0.0
1096441916,876346,0,0.998046875,-0.025390625,0.013671875,-0.01171875,0.0,0.0,0.0
1096443167,876347,0,1.001953125,-0.04296875,0.0234375,-0.01953125,0.0,0.0,0.0
1096444417,876348,0,1.0,-0.046875,0.013671875,-0.033203125,0.0,0.0,0.0
1096445668,876349,0,1.001953125,-0.04296875,0.013671875,-0.029296875,0.0,0.0,0.0
1096446919,876350,0,0.98828125,-0.046875,0.013671875,-0.033203125,0.0,0.0,0.0
1096448170,876351,0,0.990234375,-0.04296875,0.013671875,-0.029296875,0.0,0.0,0.0
1096449421,876352,0,0.9921875,-0.044921875,0.017578125,-0.02734375,0.0,0.0,0.0
1096450672,876353,0,0.994140625,-0.0390625,0.021484375,-0.017578125,0.0,0.0,0.0
1096451922,876354,0,1.0078125,-0.04296875,0.013671875,-0.029296875,0.0,0.0,0.0
1096453173,876355,0,0.99609375,-0.03515625,0.013671875,-0.021484375,0.0,0.0,0.0
1096454425,876356,0,1.001953125,-0.037109375,0.033203125,-0.00390625,0.0,0.0,0.0
1096455675,876357,0,0.9921875,-0.017578125,0.015625,-0.001953125,0.0,0.0,0.0
1096456927,876358,0,1.015625,-0.03515625,0.037109375,0.001953125,0.0,0.0,0.0
1096458177,876359,0,0.994140625,-0.025390625,0.015625,-0.009765625,0.0,0.0,0.0
1096459429,876360,0,1.009765625,-0.033203125,0.025390625,-0.0078125,0.0,0.0,0.0
1096460680,876361,0,1.001953125,-0.0390625,0.009765625,-0.029296875,0.0,0.0,0.0
1096461930,876362,0,0.998046875,-0.0546875,0.009765625,-0.044921875,0.0,0.0,0.0
1096463180,876363,0,0.990234375,-0.05078125,-0.001953125,-0.052734375,0.0,0.0,0.0
1096464431,876364,0,0.984375,-0.0546875,0.009765625,-0.044921875,0.0,0.0,0.0
1096465682,876365,0,0.986328125,-0.046875,0.005859375,-0.041015625,0.0,0.0,0.0
1096466933,876366,0,0.984375,-0.046875,0.009765625,-0.037109375,0.0,0.0,0.0
1096468184,876367,0,0.986328125,-0.044921875,0.015625,-0.029296875,0.0,0.0,0.0
1096469434,876368,0,0.99609375,-0.056640625,0.009765625,-0.046875,0.0,0.0,0.0
1096470685,876369,0,0.98828125,-0.046875,0.0078125,-0.0390625,0.0,0.0,0.0
1096471936,876370,0,0.99609375,-0.033203125,0.029296875,-0.00390625,0.0,0.0,0.0
1096473188,876371,0,0.986328125,-0.037109375,0.013671875,-0.0234375,0.0,0.0,0.0
1096474439,876372,0,0.998046875,-0.03515625,0.021484375,-0.013671875,0.0,0.0,0.0
1096475690,876373,0,0.998046875,-0.033203125,0.0234375,-0.009765625,0.0,0.0,0.0
1096476941,876374,0,0.994140625,-0.037109375,0.015625,-0.021484375,0.0,0.0,0.0
1096478192,876375,0,1.0,-0.033203125,0.0234375,-0.009765625,0.0,0.0,0.0
1096479443,876376,0,0.986328125,-0.04296875,0.009765625,-0.033203125,0.0,0.0,0.0
1096480695,876377,0,0.9921875,-0.041015625,0.017578125,-0.0234375,0.0,0.0,0.0
1096481945,876378,0,0.98046875,-0.041015625,0.017578125,-0.0234375,0.0,0.0,0.0
1096483195,876379,0,0.99609375,-0.052734375,0.01953125,-0.033203125,0.0,0.0,0.0
1096484447,876380,0,0.982421875,-0.0390625,0.0078125,-0.03125,0.0,0.0,0.0
1096485697,876381,0,0.986328125,-0.05078125,0.015625,-0.03515625,0.0,0.0,0.0
1096486949,876382,0,0.98828125,-0.052734375,0.001953125,-0.05078125,0.0,0.0,0.0
1096488200,876383,0,0.990234375,-0.05859375,0.017578125,-0.041015625,0.0,0.0,0.0
1096489452,876384,0,0.98046875,-0.05078125,0.01171875,-0.0390625,0.0,0.0,0.0
1096490702,876385,0,0.986328125,-0.046875,0.017578125,-0.029296875,0.0,0.0,0.0
1096491954,876386,0,0.982421875,-0.048828125,0.015625,-0.033203125,0.0,0.0,0.0
1096493205,876387,0,0.990234375,-0.05859375,0.015625,-0.04296875,0.0,0.0,0.0
1096494456,876388,0,0.994140625,-0.0625,0.001953125,-0.060546875,0.0,0.0,0.0
1096495708,876389,0,0.994140625,-0.07421875,0.01171875,-0.0625,0.0,0.0,0.0
1096496958,876390,0,1.0078125,-0.076171875,0.017578125,-0.05859375,0.0,0.0,0.0
1096498209,876391,0,0.984375,-0.091796875,0.013671875,-0.078125,0.0,0.0,0.0
1096499459,876392,0,0.986328125,-0.08203125,0.001953125,-0.080078125,0.0,0.0,0.0
1096500710,876393,0,1.021484375,-0.064453125,0.044921875,-0.01953125,0.0,0.0,0.0
1096501961,876394,0,1.021484375,-0.109375,0.037109375,-0.072265625,0.0,0.0,0.0
1096503212,876395,0,1.0859375,-0.166015625,0.046875,-0.119140625,0.0,0.0,0.0
1096504462,876396,0,1.15234375,-0.23828125,0.08203125,-0.15625,0.0,0.0,0.0
1096505713,876397,0,1.19140625,-0.314453125,0.04296875,-0.271484375,0.0,0.0,0.0
1096506965,876398,0,1.142578125,-0.349609375,-0.005859375,-0.35546875,0.0,0.0,0.0
1096508216,876399,0,1.10546875,-0.384765625,-0.00390625,-0.388671875,0.0,0.0,0.0
1096509468,876400,0,1.021484375,-0.4375,-0.04296875,-0.48046875,0.0,0.0,0.0
1096510719,876401,0,0.970703125,-0.49609375,-0.09375,-0.58984375,0.0,0.0,0.0
1096511969,876402,0,0.9375,-0.572265625,-0.1015625,-0.673828125,0.0,0.0,0.0
1096513221,876403,0,0.935546875,-0.6875,-0.099609375,-0.787109375,0.0,0.0,0.0
1096514471,876404,0,0.97265625,-0.833984375,-0.11328125,-0.947265625,0.0,0.0,0.0
1096515721,876405,0,1.046875,-1.0859375,-0.126953125,-1.212890625,0.0,0.0,0.0
1096516972,876406,0,1.08984375,-1.17578125,-0.22265625,-1.3984375,0.0,0.0,0.0
1096518224,876407,0,1.15234375,-1.412109375,-0.216796875,-1.62890625,0.0,0.0,0.0
1096519474,876408,0,1.126953125,-2.62109375,-0.072265625,-2.693359375,0.0,0.0,0.0
1096520724,876409,0,1.234375,-4.0,-0.11328125,-4.11328125,0.0,0.0,0.0
1096521976,876410,0,0.53125,-2.240234375,-1.3515625,-3.591796875,0.0,0.0,0.0
1096523226,876411,0,1.24609375,-4.0,-0.82421875,-4.82421875,0.0,0.0,0.0
1096524476,876412,0,1.005859375,-3.4375,-0.62890625,-4.06640625,0.0,0.0,0.0
1096525728,876413,0,0.650390625,-2.712890625,-0.93359375,-3.646484375,0.0,0.0,0.0
1096526978,876414,0,0.470703125,-2.390625,-1.0859375,-3.4765625,0.0,0.0,0.0
1096528230,876415,0,0.517578125,-2.283203125,-0.890625,-3.173828125,0.0,0.0,0.0
1096529481,876416,0,0.41796875,-1.759765625,-0.794921875,-2.5546875,0.0,0.0,0.0
1096530732,876417,0,0.427734375,-1.224609375,-0.869140625,-2.09375,0.0,0.0,0.0
1096531983,876418,0,0.548828125,-0.779296875,-0.876953125,-1.65625,0.0,0.0,0.0
1096533235,876419,0,1.244140625,-0.736328125,-1.06640625,-1.802734375,0.0,0.0,0.0
1096534485,876420,0,1.560546875,0.03125,-2.33984375,-2.30859375,0.0,0.0,0.0
1096535736,876421,0,0.470703125,-0.16796875,-1.525390625,-1.693359375,0.0,0.0,0.0
1096536987,876422,0,1.400390625,0.890625,-1.435546875,-0.544921875,0.0,0.0,0.0
1096538237,876423,0,2.15234375,2.08203125,-0.28125,1.80078125,0.0,0.0,0.0
1096539488,876424,0,0.853515625,1.228515625,-0.22265625,1.005859375,0.0,0.0,0.0
1096540738,876425,0,1.4375,1.666015625,-0.814453125,0.8515625,0.0,0.0,0.0
1096541989,876426,0,1.125,1.833984375,-0.361328125,1.47265625,0.0,0.0,0.0
1096543239,876427,0,1.177734375,2.103515625,-0.5234375,1.580078125,0.0,0.0,0.0
1096544490,876428,0,1.0078125,2.30078125,-0.173828125,2.126953125,0.0,0.0,0.0
1096545741,876429,0,0.869140625,2.484375,0.0390625,2.5234375,0.0,0.0,0.0
1096546991,876430,0,0.93359375,2.7890625,0.033203125,2.822265625,0.0,0.0,0.0
1096548242,876431,0,0.830078125,2.75,0.201171875,2.951171875,0.0,0.0,0.0
1096549493,876432,0,0.89453125,2.919921875,0.365234375,3.28515625,0.0,0.0,0.0
1096550745,876433,0,1.01953125,2.9609375,0.337890625,3.298828125,0.0,0.0,0.0
1096551995,876434,0,1.087890625,3.01171875,0.3984375,3.41015625,0.0,0.0,0.0
1096553247,876435,0,1.197265625,3.041015625,0.513671875,3.5546875,0.0,0.0,0.0
1096554498,876436,0,1.17578125,3.05859375,0.619140625,3.677734375,0.0,0.0,0.0
1096555749,876437,0,1.185546875,2.99609375,0.64453125,3.640625,0.0,0.0,0.0
1096557000,876438,0,1.138671875,2.931640625,0.615234375,3.546875,0.0,0.0,0.0
1096558250,876439,0,1.138671875,2.837890625,0.544921875,3.3828125,0.0,0.0,0.0
1096559501,876440,0,1.052734375,2.703125,0.578125,3.28125,0.0,0.0,0.0
1096560752,876441,0,1.041015625,2.591796875,0.546875,3.138671875,0.0,0.0,0.0
1096562003,876442,0,0.986328125,2.431640625,0.470703125,2.90234375,0.0,0.0,0.0
1096563254,876443,0,0.96875,2.24609375,0.365234375,2.611328125,0.0,0.0,0.0
1096564504,876444,0,0.994140625,2.025390625,0.244140625,2.26953125,0.0,0.0,0.0
1096565755,876445,0,1.00390625,1.837890625,0.203125,2.041015625,0.0,0.0,0.0
1096567006,876446,0,1.056640625,1.58203125,0.150390625,1.732421875,0.0,0.0,0.0
1096568257,876447,0,1.07421875,1.369140625,0.09375,1.462890625,0.0,0.0,0.0
1096569508,876448,0,1.080078125,1.1171875,-0.009765625,1.107421875,0.0,0.0,0.0
1096570760,876449,0,1.064453125,0.837890625,-0.197265625,0.640625,0.0,0.0,0.0
1096572010,876450,0,1.056640625,0.623046875,-0.24609375,0.376953125,0.0,0.0,0.0
1096573261,876451,0,1.0390625,0.103515625,-0.314453125,-0.2109375,0.0,0.0,0.0
1096574513,876452,0,0.927734375,-0.1796875,-0.400390625,-0.580078125,0.0,0.0,0.0
1096575763,876453,0,0.92578125,-0.419921875,-0.474609375,-0.89453125,0.0,0.0,0.0
1096577014,876454,0,0.90625,-0.671875,-0.548828125,-1.220703125,0.0,0.0,0.0
1096578271,876455,0,0.91796875,-0.8984375,-0.46875,-1.3671875,0.0,0.0,0.0
1096579522,876456,0,0.904296875,-1.12890625,-0.40234375,-1.53125,0.0,0.0,0.0
1096580774,876457,0,1.34765625,-0.921875,-0.48046875,-1.40234375,0.0,0.0,0.0
1096582024,876458,0,1.080078125,-1.2578125,-0.298828125,-1.556640625,0.0,0.0,0.0
1096583275,876459,0,0.87109375,-1.6484375,-0.1796875,-1.828125,0.0,0.0,0.0
1096584527,876460,0,1.07421875,-1.591796875,-0.318359375,-1.91015625,0.0,0.0,0.0
1096585778,876461,0,1.09375,-1.7109375,-0.380859375,-2.091796875,0.0,0.0,0.0
1096587028,876462,0,0.8671875,-1.91015625,-0.26171875,-2.171875,0.0,0.0,0.0
1096588278,876463,0,0.9375,-1.888671875,-0.27734375,-2.166015625,0.0,0.0,0.0
1096589528,876464,0,0.927734375,-1.8828125,-0.328125,-2.2109375,0.0,0.0,0.0
1096590780,876465,0,0.845703125,-1.935546875,-0.296875,-2.232421875,0.0,0.0,0.0
1096592031,876466,0,0.873046875,-1.958984375,-0.26171875,-2.220703125,0.0,0.0,0.0
1096593282,876467,0,0.916015625,-1.93359375,-0.26171875,-2.1953125,0.0,0.0,0.0
1096594533,876468,0,0.958984375,-1.869140625,-0.259765625,-2.12890625,0.0,0.0,0.0
1096595784,876469,0,0.96875,-1.81640625,-0.251953125,-2.068359375,0.0,0.0,0.0
1096597034,876470,0,0.99609375,-1.732421875,-0.25,-1.982421875,0.0,0.0,0.0
1096598284,876471,0,1.001953125,-1.609375,-0.2421875,-1.8515625,0.0,0.0,0.0
1096599536,876472,0,1.0234375,-1.4921875,-0.25,-1.7421875,0.0,0.0,0.0
1096600787,876473,0,0.9921875,-1.357421875,-0.2578125,-1.615234375,0.0,0.0,0.0
1096602038,876474,0,0.98046875,-1.228515625,-0.267578125,-1.49609375,0.0,0.0,0.0
1096603288,876475,0,0.9765625,-1.083984375,-0.259765625,-1.34375,0.0,0.0,0.0
1096604539,876476,0,0.974609375,-0.9140625,-0.248046875,-1.162109375,0.0,0.0,0.0
1096605790,876477,0,0.97265625,-0.75390625,-0.203125,-0.95703125,0.0,0.0,0.0
1096607040,876478,0,1.005859375,-0.5,-0.0546875,-0.5546875,0.0,0.0,0.0
1096608290,876479,0,0.978515625,-0.41015625,-0.130859375,-0.541015625,0.0,0.0,0.0
1096609542,876480,0,1.025390625,-0.244140625,-0.17578125,-0.419921875,0.0,0.0,0.0
1096610793,876481,0,1.013671875,-0.03515625,0.001953125,-0.033203125,0.0,0.0,0.0
1096612044,876482,0,0.98828125,0.021484375,-0.01171875,0.009765625,0.0,0.0,0.0
1096613295,876483,0,1.126953125,0.287109375,-0.087890625,0.19921875,0.0,0.0,0.0
1096614546,876484,0,1.0703125,0.326171875,-0.279296875,0.046875,0.0,0.0,0.0
1096615796,876485,0,1.0078125,0.51953125,-0.2109375,0.30859375,0.0,0.0,0.0
1096617048,876486,0,0.962890625,0.564453125,-0.107421875,0.45703125,0.0,0.0,0.0
1096618299,876487,0,1.009765625,0.73828125,-0.0078125,0.73046875,0.0,0.0,0.0
1096619549,876488,0,1.03515625,0.91015625,0.09765625,1.0078125,0.0,0.0,0.0
1096620801,876489,0,1.041015625,0.982421875,0.146484375,1.12890625,0.0,0.0,0.0
1096622051,876490,0,1.021484375,1.048828125,0.171875,1.220703125,0.0,0.0,0.0
1096623301,876491,0,1.033203125,1.119140625,0.189453125,1.30859375,0.0,0.0,0.0
1096624552,876492,0,1.037109375,1.16796875,0.21484375,1.3828125,0.0,0.0,0.0
1096625803,876493,0,1.037109375,1.234375,0.25390625,1.48828125,0.0,0.0,0.0
1096627054,876494,0,1.0390625,1.251953125,0.2578125,1.509765625,0.0,0.0,0.0
1096628305,876495,0,1.037109375,1.234375,0.2578125,1.4921875,0.0,0.0,0.0
1096629556,876496,0,1.037109375,1.2265625,0.244140625,1.470703125,0.0,0.0,0.0
1096630807,876497,0,1.037109375,1.1875,0.248046875,1.435546875,0.0,0.0,0.0
1096632059,876498,0,1.037109375,1.142578125,0.244140625,1.38671875,0.0,0.0,0.0
1096633310,876499,0,1.029296875,1.091796875,0.234375,1.326171875,0.0,0.0,0.0
1096634560,876500,0,1.02734375,1.025390625,0.220703125,1.24609375,0.0,0.0,0.0
1096635810,876501,0,1.03125,0.955078125,0.201171875,1.15625,0.0,0.0,0.0
1096637061,876502,0,1.02734375,0.87109375,0.16796875,1.0390625,0.0,0.0,0.0
1096638311,876503,0,1.025390625,0.775390625,0.140625,0.916015625,0.0,0.0,0.0
1096639563,876504,0,1.025390625,0.67578125,0.123046875,0.798828125,0.0,0.0,0.0
1096640813,876505,0,1.013671875,0.57421875,0.095703125,0.669921875,0.0,0.0,0.0
1096642065,876506,0,1.001953125,0.466796875,0.0625,0.529296875,0.0,0.0,0.0
1096643316,876507,0,1.005859375,0.34765625,0.03515625,0.3828125,0.0,0.0,0.0
1096644566,876508,0,1.01171875,0.248046875,0.01171875,0.259765625,0.0,0.0,0.0
1096645817,876509,0,0.998046875,0.12890625,-0.01171875,0.1171875,0.0,0.0,0.0
1096647067,876510,0,1.005859375,0.021484375,-0.044921875,-0.0234375,0.0,0.0,0.0
1096648317,876511,0,1.0234375,-0.0703125,-0.041015625,-0.111328125,0.0,0.0,0.0
1096649567,876512,0,1.00390625,-0.15625,-0.03515625,-0.19140625,0.0,0.0,0.0
1096650818,876513,0,0.990234375,-0.259765625,-0.037109375,-0.296875,0.0,0.0,0.0
1096652070,876514,0,0.994140625,-0.361328125,-0.056640625,-0.41796875,0.0,0.0,0.0
1096653321,876515,0,0.982421875,-0.453125,-0.09375,-0.546875,0.0,0.0,0.0
1096654571,876516,0,0.982421875,-0.533203125,-0.126953125,-0.66015625,0.0,0.0,0.0
1096655821,876517,0,0.9921875,-0.61328125,-0.14453125,-0.7578125,0.0,0.0,0.0
1096657071,876518,0,1.0078125,-0.650390625,-0.130859375,-0.78125,0.0,0.0,0.0
1096658322,876519,0,1.001953125,-0.720703125,-0.134765625,-0.85546875,0.0,0.0,0.0
1096659572,876520,0,1.001953125,-0.76171875,-0.134765625,-0.896484375,0.0,0.0,0.0
1096660823,876521,0,1.00390625,-0.798828125,-0.138671875,-0.9375,0.0,0.0,0.0
1096662075,876522,0,0.998046875,-0.822265625,-0.12890625,-0.951171875,0.0,0.0,0.0
1096663326,876523,0,0.9921875,-0.837890625,-0.123046875,-0.9609375,0.0,0.0,0.0
1096664577,876524,0,0.98046875,-0.833984375,-0.123046875,-0.95703125,0.0,0.0,0.0
1096665829,876525,0,0.974609375,-0.833984375,-0.115234375,-0.94921875,0.0,0.0,0.0
1096667079,876526,0,0.96875,-0.810546875,-0.109375,-0.919921875,0.0,0.0,0.0
1096668329,876527,0,0.970703125,-0.791015625,-0.10546875,-0.896484375,0.0,0.0,0.0
1096669580,876528,0,0.9765625,-0.759765625,-0.107421875,-0.8671875,0.0,0.0,0.0
1096670831,876529,0,0.970703125,-0.73046875,-0.12109375,-0.8515625,0.0,0.0,0.0
1096672082,876530,0,0.982421875,-0.671875,-0.119140625,-0.791015625,0.0,0.0,0.0
1096673333,876531,0,0.990234375,-0.626953125,-0.1171875,-0.744140625,0.0,0.0,0.0
1096674584,876532,0,1.0,-0.5703125,-0.1015625,-0.671875,0.0,0.0,0.0
1096675835,876533,0,1.00390625,-0.498046875,-0.07421875,-0.572265625,0.0,0.0,0.0
1096677087,876534,0,1.037109375,-0.416015625,-0.09765625,-0.513671875,0.0,0.0,0.0
1096678338,876535,0,0.986328125,-0.279296875,-0.083984375,-0.36328125,0.0,0.0,0.0
1096679590,876536,0,1.013671875,-0.216796875,-0.052734375,-0.26953125,0.0,0.0,0.0
1096680841,876537,0,1.0078125,-0.15234375,-0.00390625,-0.15625,0.0,0.0,0.0
1096682092,876538,0,0.998046875,-0.087890625,-0.01171875,-0.099609375,0.0,0.0,0.0
1096683343,876539,0,0.998046875,-0.009765625,-0.015625,-0.025390625,0.0,0.0,0.0
1096684595,876540,0,0.990234375,0.0546875,0.0,0.0546875,0.0,0.0,0.0
1096685845,876541,0,0.99609375,0.123046875,0.013671875,0.13671875,0.0,0.0,0.0
1096687097,876542,0,0.994140625,0.189453125,0.02734375,0.216796875,0.0,0.0,0.0
1096688348,876543,0,1.005859375,0.240234375,0.044921875,0.28515625,0.0,0.0,0.0
1096689600,876544,0,1.01171875,0.29296875,0.056640625,0.349609375,0.0,0.0,0.0
1096690850,876545,0,1.017578125,0.337890625,0.0625,0.400390625,0.0,0.0,0.0
1096692101,876546,0,1.025390625,0.3828125,0.068359375,0.451171875,0.0,0.0,0.0
1096693351,876547,0,1.02734375,0.42578125,0.080078125,0.505859375,0.0,0.0,0.0
1096694602,876548,0,1.02734375,0.45703125,0.087890625,0.544921875,0.0,0.0,0.0
1096695853,876549,0,1.025390625,0.470703125,0.107421875,0.578125,0.0,0.0,0.0
1096697104,876550,0,1.01171875,0.48828125,0.109375,0.59765625,0.0,0.0,0.0
1096698355,876551,0,1.0078125,0.50390625,0.11328125,0.6171875,0.0,0.0,0.0
1096699606,876552,0,1.001953125,0.509765625,0.119140625,0.62890625,0.0,0.0,0.0
1096700857,876553,0,1.01171875,0.505859375,0.119140625,0.625,0.0,0.0,0.0
1096702109,876554,0,1.017578125,0.501953125,0.1171875,0.619140625,0.0,0.0,0.0
1096703360,876555,0,1.005859375,0.4921875,0.130859375,0.623046875,0.0,0.0,0.0
1096704610,876556,0,1.01953125,0.47265625,0.109375,0.58203125,0.0,0.0,0.0
1096705861,876557,0,1.025390625,0.44921875,0.111328125,0.560546875,0.0,0.0,0.0
1096707112,876558,0,1.017578125,0.4140625,0.111328125,0.525390625,0.0,0.0,0.0
1096708362,876559,0,1.021484375,0.38671875,0.09375,0.48046875,0.0,0.0,0.0
1096709613,876560,0,1.01171875,0.34765625,0.091796875,0.439453125,0.0,0.0,0.0
1096710863,876561,0,1.0078125,0.3125,0.078125,0.390625,0.0,0.0,0.0
1096712115,876562,0,1.0078125,0.267578125,0.0703125,0.337890625,0.0,0.0,0.0
1096713366,876563,0,1.005859375,0.2265625,0.05859375,0.28515625,0.0,0.0,0.0
1096714616,876564,0,1.0078125,0.181640625,0.05078125,0.232421875,0.0,0.0,0.0
1096715867,876565,0,1.005859375,0.12890625,0.046875,0.17578125,0.0,0.0,0.0
1096717117,876566,0,1.0078125,0.080078125,0.03515625,0.115234375,0.0,0.0,0.0
1096718367,876567,0,1.001953125,0.033203125,0.0234375,0.056640625,0.0,0.0,0.0
1096719618,876568,0,1.001953125,-0.013671875,0.009765625,-0.00390625,0.0,0.0,0.0
1096720868,876569,0,1.005859375,-0.052734375,0.00390625,-0.048828125,0.0,0.0,0.0
1096722120,876570,0,1.005859375,-0.09765625,0.001953125,-0.095703125,0.0,0.0,0.0
1096723371,876571,0,1.0078125,-0.1328125,-0.001953125,-0.134765625,0.0,0.0,0.0
1096724621,876572,0,1.0078125,-0.173828125,-0.029296875,-0.203125,0.0,0.0,0.0
1096725873,876573,0,0.9921875,-0.201171875,-0.017578125,-0.21875,0.0,0.0,0.0
1096727123,876574,0,0.994140625,-0.232421875,-0.025390625,-0.2578125,0.0,0.0,0.0
1096728373,876575,0,0.994140625,-0.271484375,-0.033203125,-0.3046875,0.0,0.0,0.0
1096729623,876576,0,0.9921875,-0.294921875,-0.041015625,-0.3359375,0.0,0.0,0.0
1096730873,876577,0,0.9921875,-0.3359375,-0.04296875,-0.37890625,0.0,0.0,0.0
1096732125,876578,0,1.0,-0.35546875,-0.04296875,-0.3984375,0.0,0.0,0.0
1096733376,876579,0,0.99609375,-0.361328125,-0.048828125,-0.41015625,0.0,0.0,0.0
1096734626,876580,0,0.994140625,-0.361328125,-0.0546875,-0.416015625,0.0,0.0,0.0
1096735877,876581,0,0.994140625,-0.36328125,-0.0546875,-0.41796875,0.0,0.0,0.0
1096737128,876582,0,0.994140625,-0.361328125,-0.052734375,-0.4140625,0.0,0.0,0.0
1096738378,876583,0,0.99609375,-0.357421875,-0.041015625,-0.3984375,0.0,0.0,0.0
1096739629,876584,0,0.998046875,-0.341796875,-0.052734375,-0.39453125,0.0,0.0,0.0
1096740880,876585,0,1.0,-0.32421875,-0.046875,-0.37109375,0.0,0.0,0.0
1096742131,876586,0,1.0,-0.30859375,-0.046875,-0.35546875,0.0,0.0,0.0
1096743382,876587,0,0.998046875,-0.291015625,-0.044921875,-0.3359375,0.0,0.0,0.0
1096744632,876588,0,0.99609375,-0.267578125,-0.04296875,-0.310546875,0.0,0.0,0.0
1096745883,876589,0,1.0078125,-0.24609375,-0.0390625,-0.28515625,0.0,0.0,0.0
1096747134,876590,0,1.00390625,-0.20703125,-0.03125,-0.23828125,0.0,0.0,0.0
1096748384,876591,0,1.005859375,-0.185546875,-0.025390625,-0.2109375,0.0,0.0,0.0
1096749636,876592,0,0.994140625,-0.16015625,-0.017578125,-0.177734375,0.0,0.0,0.0
1096750886,876593,0,1.001953125,-0.13671875,-0.013671875,-0.150390625,0.0,0.0,0.0
1096752137,876594,0,1.00390625,-0.103515625,-0.013671875,-0.1171875,0.0,0.0,0.0
1096753388,876595,0,1.005859375,-0.07421875,-0.00390625,-0.078125,0.0,0.0,0.0
1096754639,876596,0,1.001953125,-0.04296875,0.01171875,-0.03125,0.0,0.0,0.0
1096755889,876597,0,1.0078125,-0.009765625,0.0078125,-0.001953125,0.0,0.0,0.0
1096757140,876598,0,1.0078125,0.013671875,0.015625,0.029296875,0.0,0.0,0.0
1096758392,876599,0,1.017578125,0.041015625,0.025390625,0.06640625,0.0,0.0,0.0
1096759642,876600,0,1.00390625,0.0703125,0.025390625,0.095703125,0.0,0.0,0.0
1096760894,876601,0,1.005859375,0.091796875,0.02734375,0.119140625,0.0,0.0,0.0
1096762145,876602,0,1.009765625,0.1171875,0.0390625,0.15625,0.0,0.0,0.0
1096763396,876603,0,1.0078125,0.13671875,0.0390625,0.17578125,0.0,0.0,0.0
1096764648,876604,0,1.005859375,0.146484375,0.048828125,0.1953125,0.0,0.0,0.0
1096765899,876605,0,1.0078125,0.166015625,0.05078125,0.216796875,0.0,0.0,0.0
1096767150,876606,0,1.00390625,0.18359375,0.05078125,0.234375,0.0,0.0,0.0
1096768400,876607,0,1.005859375,0.193359375,0.0625,0.255859375,0.0,0.0,0.0
1096769651,876608,0,1.009765625,0.197265625,0.05859375,0.255859375,0.0,0.0,0.0
1096770902,876609,0,1.0078125,0.1953125,0.0625,0.2578125,0.0,0.0,0.0
1096772152,876610,0,1.0078125,0.201171875,0.06640625,0.267578125,0.0,0.0,0.0
1096773402,876611,0,1.015625,0.197265625,0.06640625,0.263671875,0.0,0.0,0.0
1096774654,876612,0,1.009765625,0.19140625,0.0625,0.25390625,0.0,0.0,0.0
1096775904,876613,0,1.017578125,0.185546875,0.0546875,0.240234375,0.0,0.0,0.0
1096777154,876614,0,1.001953125,0.1796875,0.0625,0.2421875,0.0,0.0,0.0
1096778405,876615,0,1.015625,0.173828125,0.05078125,0.224609375,0.0,0.0,0.0
1096779655,876616,0,1.00390625,0.16015625,0.064453125,0.224609375,0.0,0.0,0.0
1096780906,876617,0,1.017578125,0.142578125,0.046875,0.189453125,0.0,0.0,0.0
1096782157,876618,0,1.009765625,0.1328125,0.052734375,0.185546875,0.0,0.0,0.0
1096783408,876619,0,1.001953125,0.08984375,0.046875,0.13671875,0.0,0.0,0.0
1096784659,876620,0,1.009765625,0.076171875,0.044921875,0.12109375,0.0,0.0,0.0
1096785911,876621,0,1.005859375,0.0546875,0.041015625,0.095703125,0.0,0.0,0.0
1096787162,876622,0,1.001953125,0.03515625,0.03125,0.06640625,0.0,0.0,0.0
1096788414,876623,0,0.998046875,0.01171875,0.029296875,0.041015625,0.0,0.0,0.0
1096789664,876624,0,1.005859375,-0.00390625,0.021484375,0.017578125,0.0,0.0,0.0
1096790916,876625,0,1.001953125,-0.01953125,0.0234375,0.00390625,0.0,0.0,0.0
1096792167,876626,0,1.005859375,-0.041015625,0.013671875,-0.02734375,0.0,0.0,0.0
1096793417,876627,0,1.005859375,-0.056640625,0.01171875,-0.044921875,0.0,0.0,0.0
1096794668,876628,0,0.998046875,-0.07421875,0.005859375,-0.068359375,0.0,0.0,0.0
1096795919,876629,0,1.0,-0.08984375,0.0078125,-0.08203125,0.0,0.0,0.0
1096797170,876630,0,1.0078125,-0.107421875,0.001953125,-0.10546875,0.0,0.0,0.0
1096798421,876631,0,0.998046875,-0.115234375,-0.005859375,-0.12109375,0.0,0.0,0.0
1096799672,876632,0,0.99609375,-0.130859375,0.0,-0.130859375,0.0,0.0,0.0
1096800922,876633,0,0.998046875,-0.142578125,-0.00390625,-0.146484375,0.0,0.0,0.0
1096802173,876634,0,1.0078125,-0.146484375,-0.015625,-0.162109375,0.0,0.0,0.0
1096803425,876635,0,1.0,-0.158203125,-0.01171875,-0.169921875,0.0,0.0,0.0
1096804675,876636,0,1.0,-0.15625,-0.009765625,-0.166015625,0.0,0.0,0.0
1096805927,876637,0,0.998046875,-0.16015625,-0.0078125,-0.16796875,0.0,0.0,0.0
1096807177,876638,0,0.99609375,-0.1640625,-0.0078125,-0.171875,0.0,0.0,0.0
1096808429,876639,0,0.99609375,-0.166015625,-0.0078125,-0.173828125,0.0,0.0,0.0
1096809680,876640,0,1.005859375,-0.162109375,-0.017578125,-0.1796875,0.0,0.0,0.0
1096810930,876641,0,1.0,-0.162109375,-0.015625,-0.177734375,0.0,0.0,0.0
1096812180,876642,0,1.005859375,-0.15625,-0.01953125,-0.17578125,0.0,0.0,0.0
1096813431,876643,0,1.0,-0.15234375,-0.01171875,-0.1640625,0.0,0.0,0.0
1096814682,876644,0,1.005859375,-0.14453125,-0.017578125,-0.162109375,0.0,0.0,0.0
1096815933,876645,0,1.0,-0.1328125,-0.017578125,-0.150390625,0.0,0.0,0.0
1096817184,876646,0,0.998046875,-0.130859375,-0.01171875,-0.142578125,0.0,0.0,0.0
1096818434,876647,0,1.001953125,-0.119140625,-0.001953125,-0.12109375,0.0,0.0,0.0
1096819685,876648,0,1.0,-0.103515625,-0.00390625,-0.107421875,0.0,0.0,0.0
1096820936,876649,0,0.998046875,-0.091796875,-0.0078125,-0.099609375,0.0,0.0,0.0
1096822188,876650,0,1.005859375,-0.08203125,-0.001953125,-0.083984375,0.0,0.0,0.0
1096823439,876651,0,1.0,-0.07421875,0.0,-0.07421875,0.0,0.0,0.0
1096824690,876652,0,1.005859375,-0.0625,0.0078125,-0.0546875,0.0,0.0,0.0
1096825941,876653,0,1.01171875,-0.046875,0.0078125,-0.0390625,0.0,0.0,0.0
1096827192,876654,0,1.009765625,-0.03515625,0.0078125,-0.02734375,0.0,0.0,0.0
1096828443,876655,0,1.005859375,-0.02734375,0.013671875,-0.013671875,0.0,0.0,0.0
1096829695,876656,0,1.009765625,-0.00390625,0.015625,0.01171875,0.0,0.0,0.0
1096830945,876657,0,0.998046875,0.00390625,0.02734375,0.03125,0.0,0.0,0.0
1096832195,876658,0,1.01171875,0.01171875,0.025390625,0.037109375,0.0,0.0,0.0
1096833447,876659,0,1.005859375,0.017578125,0.0234375,0.041015625,0.0,0.0,0.0
1096834697,876660,0,1.0078125,0.025390625,0.0234375,0.048828125,0.0,0.0,0.0
1096835949,876661,0,1.001953125,0.048828125,0.033203125,0.08203125,0.0,0.0,0.0
1096837200,876662,0,0.99609375,0.052734375,0.03125,0.083984375,0.0,0.0,0.0
1096838452,876663,0,1.001953125,0.060546875,0.03125,0.091796875,0.0,0.0,0.0
1096839702,876664,0,0.994140625,0.064453125,0.025390625,0.08984375,0.0,0.0,0.0
1096840954,876665,0,1.001953125,0.0703125,0.03515625,0.10546875,0.0,0.0,0.0
1096842205,876666,0,1.0078125,0.07421875,0.033203125,0.107421875,0.0,0.0,0.0
1096843456,876667,0,1.0078125,0.068359375,0.033203125,0.1015625,0.0,0.0,0.0
1096844708,876668,0,1.0078125,0.07421875,0.03515625,0.109375,0.0,0.0,0.0
1096845958,876669,0,1.005859375,0.068359375,0.037109375,0.10546875,0.0,0.0,0.0
1096847209,876670,0,1.0,0.068359375,0.04296875,0.111328125,0.0,0.0,0.0
1096848459,876671,0,0.998046875,0.064453125,0.0390625,0.103515625,0.0,0.0,0.0
1096849710,876672,0,1.0078125,0.064453125,0.037109375,0.1015625,0.0,0.0,0.0
1096850961,876673,0,1.001953125,0.05859375,0.03515625,0.09375,0.0,0.0,0.0
1096852212,876674,0,1.0,0.04296875,0.03125,0.07421875,0.0,0.0,7.57092568717255e+19
1096854713,876676,0,1.001953125,0.037109375,0.03515625,0.072265625,0.0,0.0,0.0
1096855965,876677,0,1.0078125,0.029296875,0.02734375,0.056640625,0.0,0.0,0.0
1096857216,876678,0,1.0,0.02734375,0.03515625,0.0625,0.0,0.0,0.0
1096858468,876679,0,1.001953125,0.015625,0.033203125,0.048828125,0.0,0.0,0.0
1096859719,876680,0,0.998046875,0.005859375,0.02734375,0.033203125,0.0,0.0,0.0
1096860969,876681,0,1.0078125,-0.00390625,0.021484375,0.017578125,0.0,0.0,0.0
1096862221,876682,0,1.00390625,-0.013671875,0.021484375,0.0078125,0.0,0.0,0.0
1096863471,876683,0,1.0078125,-0.01953125,0.013671875,-0.005859375,0.0,0.0,0.0
1096864721,876684,0,1.00390625,-0.0234375,0.021484375,-0.001953125,0.0,0.0,0.0
1096865972,876685,0,1.0078125,-0.03125,0.013671875,-0.017578125,0.0,0.0,0.0
1096867224,876686,0,1.0078125,-0.041015625,0.021484375,-0.01953125,0.0,0.0,0.0
1096868474,876687,0,1.0078125,-0.04296875,0.015625,-0.02734375,0.0,0.0,0.0
1096869724,876688,0,1.005859375,-0.048828125,0.0078125,-0.041015625,0.0,0.0,0.0
1096870976,876689,0,1.00390625,-0.0546875,0.0078125,-0.046875,0.0,0.0,0.0
1096872226,876690,0,1.0,-0.064453125,0.00390625,-0.060546875,0.0,0.0,0.0
1096873476,876691,0,1.001953125,-0.0703125,0.0078125,-0.0625,0.0,0.0,0.0
1096874728,876692,0,1.001953125,-0.080078125,0.00390625,-0.076171875,0.0,0.0,0.0
1096875978,876693,0,1.009765625,-0.08203125,0.001953125,-0.080078125,0.0,0.0,0.0
1096877230,876694,0,1.001953125,-0.080078125,0.00390625,-0.076171875,0.0,0.0,0.0
1096878481,876695,0,1.0078125,-0.083984375,-0.001953125,-0.0859375,0.0,0.0,0.0
1096879732,876696,0,0.998046875,-0.08984375,0.001953125,-0.087890625,0.0,0.0,0.0
1096880983,876697,0,1.001953125,-0.08984375,-0.00390625,-0.09375,0.0,0.0,0.0
1096882235,876698,0,1.005859375,-0.08984375,-0.00390625,-0.09375,0.0,0.0,0.0
1096883485,876699,0,1.00390625,-0.08203125,0.00390625,-0.078125,0.0,0.0,0.0
1096884736,876700,0,0.998046875,-0.083984375,0.00390625,-0.080078125,0.0,0.0,0.0
1096885987,876701,0,1.013671875,-0.083984375,0.00390625,-0.080078125,0.0,0.0,0.0
1096887237,876702,0,0.99609375,-0.087890625,0.0,-0.087890625,0.0,0.0,0.0
1096888488,876703,0,1.0078125,-0.083984375,0.01171875,-0.072265625,0.0,0.0,0.0
1096889738,876704,0,0.994140625,-0.07421875,0.001953125,-0.072265625,0.0,0.0,0.0
1096890989,876705,0,1.001953125,-0.072265625,-0.00390625,-0.076171875,0.0,0.0,0.0
1096892239,876706,0,1.0078125,-0.068359375,0.005859375,-0.0625,0.0,0.0,0.0
1096893490,876707,0,1.00390625,-0.056640625,0.005859375,-0.05078125,0.0,0.0,0.0
1096894741,876708,0,1.005859375,-0.052734375,0.013671875,-0.0390625,0.0,0.0,0.0
1096895991,876709,0,1.005859375,-0.05078125,0.0078125,-0.04296875,0.0,0.0,0.0
1096897242,876710,0,0.998046875,-0.041015625,0.0078125,-0.033203125,0.0,0.0,0.0
1096898493,876711,0,1.005859375,-0.041015625,0.0078125,-0.033203125,0.0,0.0,0.0
1096899745,876712,0,0.998046875,-0.033203125,0.005859375,-0.02734375,0.0,0.0,0.0
1096900995,876713,0,1.005859375,-0.025390625,0.01953125,-0.005859375,0.0,0.0,0.0
1096902247,876714,0,1.00390625,-0.021484375,0.013671875,-0.0078125,0.0,0.0,0.0
1096903498,876715,0,1.001953125,-0.021484375,0.017578125,-0.00390625,0.0,0.0,0.0
1096904749,876716,0,1.005859375,-0.013671875,0.017578125,0.00390625,0.0,0.0,0.0
1096906000,876717,0,1.001953125,-0.005859375,0.025390625,0.01953125,0.0,0.0,0.0
1096907250,876718,0,1.009765625,0.001953125,0.017578125,0.01953125,0.0,0.0,0.0
1096908501,876719,0,1.001953125,-0.00390625,0.0234375,0.01953125,0.0,0.0,0.0
1096909752,876720,0,1.005859375,0.009765625,0.021484375,0.03125,0.0,0.0,0.0
1096911003,876721,0,1.005859375,0.0078125,0.025390625,0.033203125,0.0,0.0,0.0
1096912254,876722,0,1.0078125,0.009765625,0.017578125,0.02734375,0.0,0.0,0.0
1096913504,876723,0,1.009765625,0.017578125,0.02734375,0.044921875,0.0,0.0,0.0
1096914755,876724,0,0.998046875,0.015625,0.025390625,0.041015625,0.0,0.0,0.0
1096916006,876725,0,1.0,0.017578125,0.029296875,0.046875,0.0,0.0,0.0
1096917257,876726,0,1.0078125,0.015625,0.025390625,0.041015625,0.0,0.0,0.0
1096918508,876727,0,1.009765625,0.015625,0.025390625,0.041015625,0.0,0.0,0.0
1096919760,876728,0,1.001953125,0.021484375,0.02734375,0.048828125,0.0,0.0,0.0
1096921010,876729,0,1.005859375,0.01953125,0.0234375,0.04296875,0.0,0.0,0.0
1096922261,876730,0,1.00390625,0.01953125,0.025390625,0.044921875,0.0,0.0,0.0
1096923513,876731,0,1.005859375,0.017578125,0.025390625,0.04296875,0.0,0.0,0.0
1096924763,876732,0,1.0,0.017578125,0.033203125,0.05078125,0.0,0.0,0.0
1096926014,876733,0,1.0,0.013671875,0.021484375,0.03515625,0.0,0.0,0.0
1096927271,876734,0,1.005859375,0.01171875,0.025390625,0.037109375,0.0,0.0,0.0
1096928522,876735,0,1.0,0.009765625,0.01953125,0.029296875,0.0,0.0,0.0
1096929774,876736,0,1.001953125,0.009765625,0.0234375,0.033203125,0.0,0.0,0.0
1096931024,876737,0,1.01171875,0.00390625,0.025390625,0.029296875,0.0,0.0,0.0
1096932275,876738,0,1.00390625,0.001953125,0.025390625,0.02734375,0.0,0.0,0.0
1096933527,876739,0,0.998046875,-0.00390625,0.02734375,0.0234375,0.0,0.0,0.0
1096934778,876740,0,0.998046875,-0.005859375,0.015625,0.009765625,0.0,0.0,0.0
1096936028,876741,0,1.017578125,-0.01171875,0.021484375,0.009765625,0.0,0.0,0.0
1096937278,876742,0,1.001953125,-0.013671875,0.029296875,0.015625,0.0,0.0,0.0
1096938528,876743,0,0.998046875,-0.0234375,0.01953125,-0.00390625,0.0,0.0,0.0
1096939780,876744,0,1.001953125,-0.021484375,0.021484375,0.0,0.0,0.0,0.0
1096941031,876745,0,0.998046875,-0.025390625,0.015625,-0.009765625,0.0,0.0,0.0
1096942282,876746,0,1.0,-0.03125,0.013671875,-0.017578125,0.0,0.0,0.0
1096943533,876747,0,0.99609375,-0.033203125,0.015625,-0.017578125,0.0,0.0,0.0
1096944784,876748,0,1.00390625,-0.04296875,0.01171875,-0.03125,0.0,0.0,0.0
1096946034,876749,0,1.00390625,-0.041015625,0.01171875,-0.029296875,0.0,0.0,0.0
1096947284,876750,0,1.00390625,-0.04296875,0.009765625,-0.033203125,0.0,0.0,0.0
1096948536,876751,0,1.0,-0.048828125,0.009765625,-0.0390625,0.0,0.0,0.0
1096949787,876752,0,1.0,-0.048828125,0.009765625,-0.0390625,0.0,0.0,0.0
1096951038,876753,0,0.998046875,-0.05859375,0.0078125,-0.05078125,0.0,0.0,0.0
1096952288,876754,0,1.0,-0.052734375,0.005859375,-0.046875,0.0,0.0,0.0
1096953539,876755,0,1.001953125,-0.056640625,0.009765625,-0.046875,0.0,0.0,0.0
1096954790,876756,0,1.00390625,-0.064453125,0.013671875,-0.05078125,0.0,0.0,0.0
1096956040,876757,0,1.00390625,-0.0625,0.00390625,-0.05859375,0.0,0.0,0.0
1096957290,876758,0,1.005859375,-0.060546875,0.005859375,-0.0546875,0.0,0.0,0.0
1096958542,876759,0,1.005859375,-0.068359375,0.009765625,-0.05859375,0.0,0.0,0.0
1096959793,876760,0,1.001953125,-0.0625,0.001953125,-0.060546875,0.0,0.0,0.0
1096961044,876761,0,1.001953125,-0.06640625,0.009765625,-0.056640625,0.0,0.0,0.0
1096962295,876762,0,1.001953125,-0.0546875,0.0078125,-0.046875,0.0,0.0,0.0
1096963546,876763,0,1.001953125,-0.056640625,0.00390625,-0.052734375,0.0,0.0,0.0
1096964796,876764,0,0.9921875,-0.05859375,0.015625,-0.04296875,0.0,0.0,0.0
1096966048,876765,0,1.0,-0.0546875,0.001953125,-0.052734375,0.0,0.0,0.0
1096967299,876766,0,1.013671875,-0.044921875,0.00390625,-0.041015625,0.0,0.0,0.0
1096968549,876767,0,0.998046875,-0.052734375,0.013671875,-0.0390625,0.0,0.0,0.0
1096969801,876768,0,1.00390625,-0.046875,0.015625,-0.03125,0.0,0.0,0.0
1096971051,876769,0,1.0,-0.04296875,0.01171875,-0.03125,0.0,0.0,0.0
1096972301,876770,0,0.99609375,-0.037109375,0.013671875,-0.0234375,0.0,0.0,0.0
1096973552,876771,0,1.005859375,-0.037109375,0.015625,-0.021484375,0.0,0.0,0.0
1096974803,876772,0,0.9921875,-0.033203125,0.009765625,-0.0234375,0.0,0.0,0.0
1096976054,876773,0,1.009765625,-0.029296875,0.013671875,-0.015625,0.0,0.0,0.0
1096977305,876774,0,1.001953125,-0.02734375,0.015625,-0.01171875,0.0,0.0,0.0
1096978556,876775,0,1.00390625,-0.02734375,0.01953125,-0.0078125,0.0,0.0,0.0
1096979807,876776,0,1.00390625,-0.021484375,0.017578125,-0.00390625,0.0,0.0,0.0
1096981059,876777,0,1.005859375,-0.01953125,0.0234375,0.00390625,0.0,0.0,0.0
1096982310,876778,0,1.001953125,-0.013671875,0.015625,0.001953125,0.0,0.0,0.0
1096983560,876779,0,1.005859375,-0.005859375,0.01953125,0.013671875,0.0,0.0,0.0
1096984810,876780,0,1.001953125,-0.009765625,0.021484375,0.01171875,0.0,0.0,0.0
1096986061,876781,0,1.00390625,-0.00390625,0.025390625,0.021484375,0.0,0.0,0.0
1096987311,876782,0,1.0078125,-0.005859375,0.01953125,0.013671875,0.0,0.0,0.0
1096988563,876783,0,1.017578125,-0.005859375,0.02734375,0.021484375,0.0,0.0,0.0
1096989813,876784,0,1.0,0.001953125,0.0234375,0.025390625,0.0,0.0,0.0
1096991065,876785,0,1.00390625,0.00390625,0.033203125,0.037109375,0.0,0.0,0.0
1096992316,876786,0,1.01171875,0.0078125,0.025390625,0.033203125,0.0,0.0,0.0
1096993566,876787,0,1.00390625,0.001953125,0.01953125,0.021484375,0.0,0.0,0.0
1096994817,876788,0,1.00390625,0.0078125,0.01953125,0.02734375,0.0,0.0,0.0
1096996067,876789,0,1.005859375,0.00390625,0.015625,0.01953125,0.0,0.0,0.0
1096997317,876790,0,1.001953125,0.005859375,0.021484375,0.02734375,0.0,0.0,0.0
1096998567,876791,0,1.005859375,0.005859375,0.025390625,0.03125,0.0,0.0,0.0
1096999818,876792,0,1.005859375,0.005859375,0.021484375,0.02734375,0.0,0.0,0.0
1097001070,876793,0,1.00390625,0.0078125,0.02734375,0.03515625,0.0,0.0,0.0
1097002321,876794,0,1.00390625,-0.00390625,0.021484375,0.017578125,0.0,0.0,0.0
1097003572,876795,0,1.005859375,-0.001953125,0.017578125,0.015625,0.0,0.0,0.0
1097004824,876796,0,1.0078125,0.0,0.017578125,0.017578125,0.0,0.0,0.0
1097006074,876797,0,1.001953125,-0.0078125,0.017578125,0.009765625,0.0,0.0,0.0
1097007324,876798,0,0.99609375,-0.005859375,0.01953125,0.013671875,0.0,0.0,0.0
1097008574,876799,0,0.998046875,-0.009765625,0.015625,0.005859375,0.0,0.0,0.0
1097009825,876800,0,0.998046875,-0.013671875,0.017578125,0.00390625,0.0,0.0,0.0
1097011077,876801,0,1.00390625,-0.013671875,0.021484375,0.0078125,0.0,0.0,0.0
1097012328,876802,0,1.009765625,-0.01953125,0.01953125,0.0,0.0,0.0,0.0
1097013579,876803,0,1.009765625,-0.01953125,0.015625,-0.00390625,0.0,0.0,0.0
1097014830,876804,0,1.001953125,-0.025390625,0.01953125,-0.005859375,0.0,0.0,0.0
1097016081,876805,0,1.00390625,-0.029296875,0.01953125,-0.009765625,0.0,0.0,0.0
1097017332,876806,0,1.015625,-0.041015625,0.013671875,-0.02734375,0.0,0.0,0.0
1097018583,876807,0,1.005859375,-0.037109375,0.01171875,-0.025390625,0.0,0.0,0.0
1097019835,876808,0,1.0,-0.044921875,0.005859375,-0.0390625,0.0,0.0,0.0
1097021085,876809,0,0.998046875,-0.046875,0.0078125,-0.0390625,0.0,0.0,0.0
1097022335,876810,0,1.009765625,-0.046875,0.01953125,-0.02734375,0.0,0.0,0.0
1097023586,876811,0,0.998046875,-0.048828125,0.01171875,-0.037109375,0.0,0.0,0.0
1097024837,876812,0,1.0078125,-0.0546875,0.0078125,-0.046875,0.0,0.0,0.0
1097026087,876813,0,1.0078125,-0.0546875,0.0078125,-0.046875,0.0,0.0,0.0
1097027338,876814,0,1.0,-0.0546875,0.0078125,-0.046875,0.0,0.0,0.0
1097028589,876815,0,1.00390625,-0.056640625,0.01171875,-0.044921875,0.0,0.0,0.0
1097029840,876816,0,1.00390625,-0.052734375,0.0078125,-0.044921875,0.0,0.0,0.0
1097031092,876817,0,1.001953125,-0.0546875,0.013671875,-0.041015625,0.0,0.0,0.0
1097032343,876818,0,1.0078125,-0.056640625,0.021484375,-0.03515625,0.0,0.0,0.0
1097033595,876819,0,1.001953125,-0.060546875,0.0078125,-0.052734375,0.0,0.0,0.0
1097034845,876820,0,1.001953125,-0.056640625,0.01171875,-0.044921875,0.0,0.0,0.0
1097036097,876821,0,1.001953125,-0.0546875,0.01171875,-0.04296875,0.0,0.0,0.0
1097037348,876822,0,1.00390625,-0.056640625,0.00390625,-0.052734375,0.0,0.0,0.0
1097038600,876823,0,1.0078125,-0.0546875,0.017578125,-0.037109375,0.0,0.0,0.0
1097039850,876824,0,1.0078125,-0.05078125,0.017578125,-0.033203125,0.0,0.0,0.0
1097041101,876825,0,1.0078125,-0.05078125,0.009765625,-0.041015625,0.0,0.0,0.0
1097042351,876826,0,1.005859375,-0.041015625,0.015625,-0.025390625,0.0,0.0,0.0
1097043602,876827,0,1.005859375,-0.048828125,0.0078125,-0.041015625,0.0,0.0,0.0
1097044853,876828,0,0.994140625,-0.041015625,0.009765625,-0.03125,0.0,0.0,0.0
1097046104,876829,0,1.009765625,-0.037109375,0.009765625,-0.02734375,0.0,0.0,0.0
1097047355,876830,0,1.0,-0.03125,0.017578125,-0.013671875,0.0,0.0,0.0
1097048606,876831,0,1.001953125,-0.02734375,0.01171875,-0.015625,0.0,0.0,0.0
1097049857,876832,0,1.001953125,-0.025390625,0.013671875,-0.01171875,0.0,0.0,0.0
1097051109,876833,0,1.0078125,-0.01953125,0.015625,-0.00390625,0.0,0.0,0.0
1097052360,876834,0,1.005859375,-0.01953125,0.01953125,0.0,0.0,0.0,0.0
1097053610,876835,0,1.0078125,-0.013671875,0.015625,0.001953125,0.0,0.0,0.0
1097054861,876836,0,1.00390625,-0.01171875,0.021484375,0.009765625,0.0,0.0,0.0
1097056112,876837,0,1.005859375,-0.005859375,0.025390625,0.01953125,0.0,0.0,0.0
1097057362,876838,0,1.001953125,-0.0078125,0.01953125,0.01171875,0.0,0.0,0.0
1097058613,876839,0,1.00390625,-0.00390625,0.021484375,0.017578125,0.0,0.0,0.0
1097059863,876840,0,1.009765625,-0.001953125,0.01953125,0.017578125,0.0,0.0,0.0
1097061115,876841,0,1.005859375,0.0,0.017578125,0.017578125,0.0,0.0,0.0
1097062366,876842,0,1.005859375,0.005859375,0.021484375,0.02734375,0.0,0.0,0.0
1097063616,876843,0,1.0078125,0.00390625,0.021484375,0.025390625,0.0,0.0,0.0
1097064867,876844,0,1.0078125,0.00390625,0.01953125,0.0234375,0.0,0.0,0.0
1097066117,876845,0,1.005859375,0.00390625,0.015625,0.01953125,0.0,0.0,0.0
1097067367,876846,0,1.005859375,0.0078125,0.017578125,0.025390625,0.0,0.0,0.0
1097068618,876847,0,1.009765625,0.0078125,0.021484375,0.029296875,0.0,0.0,0.0
1097069868,876848,0,1.00390625,-0.005859375,0.013671875,0.0078125,0.0,0.0,0.0
1097071120,876849,0,1.015625,0.001953125,0.017578125,0.01953125,0.0,0.0,0.0
1097072371,876850,0,1.0078125,-0.001953125,0.017578125,0.015625,0.0,0.0,0.0
1097073621,876851,0,1.009765625,0.001953125,0.02734375,0.029296875,0.0,0.0,0.0
1097074873,876852,0,1.00390625,0.001953125,0.0234375,0.025390625,0.0,0.0,0.0
1097076123,876853,0,1.0078125,-0.00390625,0.017578125,0.013671875,0.0,0.0,0.0
1097077373,876854,0,1.0,-0.0078125,0.017578125,0.009765625,0.0,0.0,0.0
1097078623,876855,0,1.0078125,-0.01171875,0.021484375,0.009765625,0.0,0.0,0.0
1097079873,876856,0,1.005859375,-0.0078125,0.01953125,0.01171875,0.0,0.0,0.0
1097081125,876857,0,1.005859375,-0.015625,0.021484375,0.005859375,0.0,0.0,0.0
1097082376,876858,0,1.0078125,-0.013671875,0.021484375,0.0078125,0.0,0.0,0.0
1097083626,876859,0,1.005859375,-0.015625,0.017578125,0.001953125,0.0,0.0,0.0
1097084877,876860,0,1.005859375,-0.02734375,0.01953125,-0.0078125,0.0,0.0,0.0
1097086128,876861,0,1.005859375,-0.03125,0.01953125,-0.01171875,0.0,0.0,0.0
1097087378,876862,0,1.0,-0.03515625,0.015625,-0.01953125,0.0,0.0,0.0
1097088629,876863,0,1.001953125,-0.033203125,0.01953125,-0.013671875,0.0,0.0,0.0
1097089880,876864,0,0.99609375,-0.037109375,0.013671875,-0.0234375,0.0,0.0,0.0
1097091131,876865,0,1.0,-0.03515625,0.013671875,-0.021484375,0.0,0.0,0.0
1097092382,876866,0,1.01171875,-0.041015625,0.017578125,-0.0234375,0.0,0.0,0.0
1097093632,876867,0,1.001953125,-0.044921875,0.009765625,-0.03515625,0.0,0.0,0.0
1097094883,876868,0,1.00390625,-0.048828125,0.015625,-0.033203125,0.0,0.0,0.0
1097096134,876869,0,1.005859375,-0.046875,0.01171875,-0.03515625,0.0,0.0,0.0
1097097384,876870,0,1.005859375,-0.048828125,0.015625,-0.033203125,0.0,0.0,0.0
1097098636,876871,0,1.00390625,-0.052734375,0.005859375,-0.046875,0.0,0.0,0.0
1097099886,876872,0,1.0,-0.052734375,0.015625,-0.037109375,0.0,0.0,0.0
1097101137,876873,0,0.9921875,-0.052734375,0.0078125,-0.044921875,0.0,0.0,0.0
1097102388,876874,0,1.00390625,-0.056640625,0.009765625,-0.046875,0.0,0.0,0.0
1097103639,876875,0,0.998046875,-0.060546875,0.015625,-0.044921875,0.0,0.0,0.0
1097104889,876876,0,1.00390625,-0.05078125,0.0078125,-0.04296875,0.0,0.0,0.0
1097106140,876877,0,0.99609375,-0.05078125,0.013671875,-0.037109375,0.0,0.0,0.0
1097107392,876878,0,1.00390625,-0.048828125,0.009765625,-0.0390625,0.0,0.0,0.0
1097108642,876879,0,0.998046875,-0.048828125,0.009765625,-0.0390625,0.0,0.0,0.0
1097109894,876880,0,0.998046875,-0.04296875,0.005859375,-0.037109375,0.0,0.0,0.0
1097111145,876881,0,1.005859375,-0.046875,0.013671875,-0.033203125,0.0,0.0,0.0
1097112396,876882,0,1.005859375,-0.0390625,0.015625,-0.0234375,0.0,0.0,0.0
1097113648,876883,0,0.998046875,-0.0390625,0.013671875,-0.025390625,0.0,0.0,0.0
1097114899,876884,0,1.001953125,-0.041015625,0.013671875,-0.02734375,0.0,0.0,0.0
1097116150,876885,0,1.0,-0.03515625,0.013671875,-0.021484375,0.0,0.0,0.0
1097117400,876886,0,1.005859375,-0.02734375,0.015625,-0.01171875,0.0,0.0,0.0
1097118651,876887,0,0.998046875,-0.03125,0.021484375,-0.009765625,0.0,0.0,0.0
1097119902,876888,0,1.013671875,-0.02734375,0.015625,-0.01171875,0.0,0.0,0.0
1097121152,876889,0,1.01171875,-0.01953125,0.015625,-0.00390625,0.0,0.0,0.0
1097122402,876890,0,1.00390625,-0.01953125,0.017578125,-0.001953125,0.0,0.0,0.0
1097123654,876891,0,1.009765625,-0.015625,0.025390625,0.009765625,0.0,0.0,0.0
1097124904,876892,0,1.00390625,-0.009765625,0.017578125,0.0078125,0.0,0.0,0.0
1097126154,876893,0,1.0078125,-0.01171875,0.021484375,0.009765625,0.0,0.0,0.0
1097127405,876894,0,0.99609375,-0.005859375,0.01953125,0.013671875,0.0,0.0,0.0
1097128655,876895,0,1.0078125,-0.005859375,0.01953125,0.013671875,0.0,0.0,0.0
1097129906,876896,0,1.001953125,-0.00390625,0.021484375,0.017578125,0.0,0.0,0.0
1097131157,876897,0,1.0078125,-0.001953125,0.01953125,0.017578125,0.0,0.0,0.0
1097132408,876898,0,1.0,-0.001953125,0.021484375,0.01953125,0.0,0.0,0.0
1097133659,876899,0,1.005859375,0.0,0.021484375,0.021484375,0.0,0.0,0.0
1097134911,876900,0,1.0,-0.001953125,0.021484375,0.01953125,0.0,0.0,0.0
1097136162,876901,0,1.0078125,-0.00390625,0.021484375,0.017578125,0.0,0.0,0.0
1097137414,876902,0,1.005859375,0.001953125,0.025390625,0.02734375,0.0,0.0,0.0
1097138664,876903,0,1.0078125,0.001953125,0.021484375,0.0234375,0.0,0.0,0.0
1097139916,876904,0,1.0078125,0.0,0.021484375,0.021484375,0.0,0.0,0.0
1097141167,876905,0,1.005859375,0.0,0.01953125,0.01953125,0.0,0.0,0.0
1097142417,876906,0,1.0078125,-0.00390625,0.015625,0.01171875,0.0,0.0,0.0
1097143668,876907,0,1.005859375,-0.00390625,0.017578125,0.013671875,0.0,0.0,0.0
1097144919,876908,0,1.0078125,-0.005859375,0.0234375,0.017578125,0.0,0.0,0.0
1097146170,876909,0,1.0078125,-0.005859375,0.015625,0.009765625,0.0,0.0,0.0
1097147421,876910,0,1.01171875,-0.013671875,0.013671875,0.0,0.0,0.0,0.0
1097148672,876911,0,1.0078125,-0.009765625,0.01953125,0.009765625,0.0,0.0,0.0
1097149922,876912,0,1.01953125,-0.01171875,0.017578125,0.005859375,0.0,0.0,0.0
1097151173,876913,0,1.001953125,-0.01953125,-0.03125,-0.05078125,0.0,0.0,0.0
1097152425,876914,0,1.0,-0.015625,0.013671875,-0.001953125,0.0,0.0,0.0
1097153675,876915,0,1.009765625,-0.025390625,0.005859375,-0.01953125,0.0,0.0,0.0
1097154927,876916,0,1.005859375,-0.02734375,0.015625,-0.01171875,0.0,0.0,0.0
1097156177,876917,0,1.009765625,-0.029296875,0.01171875,-0.017578125,0.0,0.0,0.0
1097157429,876918,0,1.0078125,-0.03515625,0.015625,-0.01953125,0.0,0.0,0.0
1097158680,876919,0,1.00390625,-0.03515625,0.015625,-0.01953125,0.0,0.0,0.0
1097159930,876920,0,1.0078125,-0.03515625,0.015625,-0.01953125,0.0,0.0,0.0
1097161180,876921,0,1.00390625,-0.041015625,0.013671875,-0.02734375,0.0,0.0,0.0
1097162431,876922,0,1.001953125,-0.041015625,0.0078125,-0.033203125,0.0,0.0,0.0
1097163682,876923,0,1.0,-0.0390625,0.015625,-0.0234375,0.0,0.0,0.0
1097164933,876924,0,1.00390625,-0.05078125,0.01171875,-0.0390625,0.0,0.0,0.0
1097166184,876925,0,1.005859375,-0.05078125,0.01171875,-0.0390625,0.0,0.0,0.0
1097167434,876926,0,1.005859375,-0.048828125,0.0078125,-0.041015625,0.0,0.0,0.0
1097168685,876927,0,1.00390625,-0.05078125,0.01171875,-0.0390625,0.0,0.0,0.0
1097169936,876928,0,1.00390625,-0.0546875,0.013671875,-0.041015625,0.0,0.0,0.0
1097171188,876929,0,1.005859375,-0.0546875,0.001953125,-0.052734375,0.0,0.0,0.0
1097172439,876930,0,1.005859375,-0.046875,0.0078125,-0.0390625,0.0,0.0,0.0
1097173690,876931,0,1.001953125,-0.052734375,0.015625,-0.037109375,0.0,0.0,0.0
1097174941,876932,0,0.9921875,-0.04296875,0.01171875,-0.03125,0.0,0.0,0.0
1097176192,876933,0,1.01171875,-0.048828125,0.013671875,-0.03515625,0.0,0.0,0.0
1097177443,876934,0,0.998046875,-0.048828125,0.01171875,-0.037109375,0.0,0.0,0.0
1097178695,876935,0,1.001953125,-0.046875,0.015625,-0.03125,0.0,0.0,0.0
1097179945,876936,0,0.994140625,-0.04296875,0.009765625,-0.033203125,0.0,0.0,0.0
1097181195,876937,0,1.00390625,-0.0390625,0.009765625,-0.029296875,0.0,0.0,0.0
1097182447,876938,0,1.005859375,-0.037109375,0.0078125,-0.029296875,0.0,0.0,0.0
1097183697,876939,0,1.0078125,-0.037109375,0.009765625,-0.02734375,0.0,0.0,0.0
1097184949,876940,0,1.001953125,-0.033203125,0.017578125,-0.015625,0.0,0.0,0.0
1097186200,876941,0,1.005859375,-0.03515625,0.017578125,-0.017578125,0.0,0.0,0.0
1097187452,876942,0,1.005859375,-0.029296875,0.015625,-0.013671875,0.0,0.0,0.0
1097188702,876943,0,1.005859375,-0.0234375,0.009765625,-0.013671875,0.0,0.0,0.0
1097189954,876944,0,1.0078125,-0.01953125,0.017578125,-0.001953125,0.0,0.0,0.0
1097191205,876945,0,1.001953125,-0.01953125,0.025390625,0.005859375,0.0,0.0,0.0
1097192456,876946,0,0.998046875,-0.013671875,0.01953125,0.005859375,0.0,0.0,0.0
1097193708,876947,0,1.00390625,-0.017578125,0.01953125,0.001953125,0.0,0.0,0.0
1097194958,876948,0,1.00390625,-0.01171875,0.01953125,0.0078125,0.0,0.0,0.0
1097196209,876949,0,1.0078125,-0.0078125,0.013671875,0.005859375,0.0,0.0,0.0
1097197459,876950,0,1.0,-0.005859375,0.0234375,0.017578125,0.0,0.0,0.0
1097198710,876951,0,1.005859375,-0.001953125,0.021484375,0.01953125,0.0,0.0,0.0
1097199961,876952,0,1.005859375,-0.00390625,0.0234375,0.01953125,0.0,0.0,0.0
1097201212,876953,0,1.00390625,-0.00390625,0.01171875,0.0078125,0.0,0.0,0.0
1097202462,876954,0,0.998046875,-0.005859375,0.021484375,0.015625,0.0,0.0,0.0
1097203713,876955,0,1.005859375,0.001953125,0.025390625,0.02734375,0.0,0.0,0.0
1097204965,876956,0,0.9921875,0.00390625,0.015625,0.01953125,0.0,0.0,0.0
1097206216,876957,0,1.001953125,-0.00390625,0.025390625,0.021484375,0.0,0.0,0.0
1097207468,876958,0,0.99609375,0.001953125,0.0234375,0.025390625,0.0,0.0,0.0
1097208719,876959,0,0.998046875,-0.00390625,0.01953125,0.015625,0.0,0.0,0.0
1097209969,876960,0,0.998046875,-0.00390625,0.017578125,0.013671875,0.0,0.0,0.0
1097211221,876961,0,1.001953125,-0.005859375,0.01953125,0.013671875,0.0,0.0,0.0
1097212471,876962,0,0.998046875,-0.005859375,0.017578125,0.01171875,0.0,0.0,0.0
1097213721,876963,0,1.005859375,-0.0078125,0.021484375,0.013671875,0.0,0.0,0.0
1097214972,876964,0,1.001953125,-0.01171875,0.017578125,0.005859375,0.0,0.0,0.0
1097216224,876965,0,1.005859375,-0.013671875,0.013671875,0.0,0.0,0.0,0.0
1097217474,876966,0,1.00390625,-0.013671875,0.01953125,0.005859375,0.0,0.0,0.0
1097218724,876967,0,0.998046875,-0.01953125,0.021484375,0.001953125,0.0,0.0,0.0
1097219976,876968,0,1.00390625,-0.01953125,0.015625,-0.00390625,0.0,0.0,0.0
1097221226,876969,0,0.998046875,-0.021484375,0.009765625,-0.01171875,0.0,0.0,0.0
1097222476,876970,0,1.00390625,-0.0234375,0.009765625,-0.013671875,0.0,0.0,0.0
1097223728,876971,0,1.009765625,-0.02734375,0.01953125,-0.0078125,0.0,0.0,0.0
1097224978,876972,0,1.001953125,-0.02734375,0.005859375,-0.021484375,0.0,0.0,0.0
1097226230,876973,0,1.001953125,-0.033203125,0.0234375,-0.009765625,0.0,0.0,0.0
1097227481,876974,0,1.0078125,-0.03515625,0.013671875,-0.021484375,0.0,0.0,0.0
1097228732,876975,0,1.009765625,-0.0390625,0.013671875,-0.025390625,0.0,0.0,0.0
1097229983,876976,0,1.005859375,-0.0390625,0.017578125,-0.021484375,0.0,0.0,0.0
1097231235,876977,0,1.0078125,-0.044921875,0.0078125,-0.037109375,0.0,0.0,0.0
1097232485,876978,0,1.001953125,-0.041015625,0.017578125,-0.0234375,0.0,0.0,0.0
1097233736,876979,0,1.005859375,-0.046875,0.009765625,-0.037109375,0.0,0.0,0.0
1097234987,876980,0,1.005859375,-0.04296875,0.0078125,-0.03515625,0.0,0.0,0.0
1097236237,876981,0,1.0078125,-0.05078125,0.01171875,-0.0390625,0.0,0.0,0.0
1097237488,876982,0,1.00390625,-0.04296875,0.013671875,-0.029296875,0.0,0.0,0.0
1097238738,876983,0,1.0078125,-0.048828125,0.013671875,-0.03515625,0.0,0.0,0.0
1097239989,876984,0,1.0078125,-0.046875,0.013671875,-0.033203125,0.0,0.0,0.0
1097241239,876985,0,1.0078125,-0.044921875,0.0078125,-0.037109375,0.0,0.0,0.0
1097242490,876986,0,1.001953125,-0.046875,0.009765625,-0.037109375,0.0,0.0,0.0
1097243741,876987,0,1.00390625,-0.048828125,0.013671875,-0.03515625,0.0,0.0,0.0
1097244991,876988,0,1.0078125,-0.044921875,0.015625,-0.029296875,0.0,0.0,0.0
1097246242,876989,0,1.005859375,-0.044921875,0.015625,-0.029296875,0.0,0.0,0.0
1097247493,876990,0,1.001953125,-0.04296875,0.013671875,-0.029296875,0.0,0.0,0.0
1097248745,876991,0,1.001953125,-0.041015625,0.015625,-0.025390625,0.0,0.0,0.0
1097249995,876992,0,1.0,-0.0390625,0.009765625,-0.029296875,0.0,0.0,0.0
1097251247,876993,0,1.01171875,-0.03515625,0.01171875,-0.0234375,0.0,0.0,0.0
1097252498,876994,0,1.001953125,-0.03515625,0.009765625,-0.025390625,0.0,0.0,0.0
1097253749,876995,0,1.0078125,-0.03125,0.013671875,-0.017578125,0.0,0.0,0.0
1097255000,876996,0,1.00390625,-0.033203125,0.017578125,-0.015625,0.0,0.0,0.0
1097256250,876997,0,1.0,-0.025390625,0.013671875,-0.01171875,0.0,0.0,0.0
1097257501,876998,0,1.0078125,-0.02734375,0.015625,-0.01171875,0.0,0.0,0.0
1097258752,876999,0,1.00390625,-0.02734375,0.01953125,-0.0078125,0.0,0.0,0.0
1097260003,877000,0,1.0,-0.015625,0.01953125,0.00390625,0.0,0.0,0.0
1097261254,877001,0,1.005859375,-0.01171875,0.025390625,0.013671875,0.0,0.0,0.0
1097262504,877002,0,1.0078125,-0.01171875,0.017578125,0.005859375,0.0,0.0,0.0
1097263755,877003,0,1.005859375,-0.009765625,0.017578125,0.0078125,0.0,0.0,0.0
1097265006,877004,0,1.005859375,-0.009765625,0.0234375,0.013671875,0.0,0.0,0.0
1097266257,877005,0,1.005859375,-0.01171875,0.021484375,0.009765625,0.0,0.0,0.0
1097267508,877006,0,1.0078125,-0.005859375,0.015625,0.009765625,0.0,0.0,0.0
1097268760,877007,0,1.0,-0.00390625,0.01953125,0.015625,0.0,0.0,0.0
1097270010,877008,0,1.005859375,-0.00390625,0.021484375,0.017578125,0.0,0.0,0.0
1097271261,877009,0,1.0,-0.00390625,0.021484375,0.017578125,0.0,0.0,0.0
1097272513,877010,0,1.009765625,-0.00390625,0.021484375,0.017578125,0.0,0.0,0.0
1097273763,877011,0,1.00390625,-0.00390625,0.0234375,0.01953125,0.0,0.0,0.0
1097275014,877012,0,1.0,-0.00390625,0.021484375,0.017578125,0.0,0.0,0.0
1097276271,877013,0,1.0078125,-0.00390625,0.021484375,0.017578125,0.0,0.0,0.0
1097277522,877014,0,0.998046875,-0.001953125,0.01953125,0.017578125,0.0,0.0,0.0
1097278774,877015,0,1.0078125,-0.009765625,0.017578125,0.0078125,0.0,0.0,0.0
1097280024,877016,0,1.001953125,-0.01171875,0.025390625,0.013671875,0.0,0.0,0.0
1097281275,877017,0,1.013671875,-0.009765625,0.01953125,0.009765625,0.0,0.0,0.0
1097282527,877018,0,1.0078125,-0.015625,0.01953125,0.00390625,0.0,0.0,0.0
1097283778,877019,0,1.0078125,-0.005859375,0.01953125,0.013671875,0.0,0.0,0.0
1097285028,877020,0,1.0078125,-0.009765625,0.017578125,0.0078125,0.0,0.0,0.0
1097286278,877021,0,1.00390625,-0.017578125,0.01953125,0.001953125,0.0,0.0,0.0
1097287528,877022,0,1.01171875,-0.01953125,0.015625,-0.00390625,0.0,0.0,0.0
1097288780,877023,0,1.009765625,-0.021484375,0.017578125,-0.00390625,0.0,0.0,0.0
1097290031,877024,0,1.00390625,-0.021484375,0.021484375,0.0,0.0,0.0,0.0
1097291282,877025,0,1.00390625,-0.025390625,0.01171875,-0.013671875,0.0,0.0,0.0
1097292533,877026,0,1.001953125,-0.029296875,0.017578125,-0.01171875,0.0,0.0,0.0
1097293784,877027,0,1.001953125,-0.033203125,0.015625,-0.017578125,0.0,0.0,0.0
1097295034,877028,0,1.005859375,-0.03515625,0.009765625,-0.025390625,0.0,0.0,0.0
1097296284,877029,0,1.001953125,-0.03515625,0.00390625,-0.03125,0.0,0.0,0.0
1097297536,877030,0,1.0,-0.033203125,0.0078125,-0.025390625,0.0,0.0,0.0
1097298787,877031,0,1.001953125,-0.0390625,0.01171875,-0.02734375,0.0,0.0,0.0
1097300038,877032,0,1.005859375,-0.0390625,0.013671875,-0.025390625,0.0,0.0,0.0
1097301288,877033,0,1.0078125,-0.041015625,0.009765625,-0.03125,0.0,0.0,0.0
1097302539,877034,0,1.00390625,-0.04296875,0.01171875,-0.03125,0.0,0.0,0.0
1097303790,877035,0,1.001953125,-0.044921875,0.01171875,-0.033203125,0.0,0.0,0.0
1097305040,877036,0,1.009765625,-0.041015625,0.01171875,-0.029296875,0.0,0.0,0.0
1097306290,877037,0,1.0078125,-0.05078125,0.013671875,-0.037109375,0.0,0.0,0.0
1097307542,877038,0,1.017578125,-0.048828125,0.013671875,-0.03515625,0.0,0.0,0.0
1097308793,877039,0,1.015625,-0.041015625,0.017578125,-0.0234375,0.0,0.0,0.0
1097310044,877040,0,1.001953125,-0.0390625,0.01171875,-0.02734375,0.0,0.0,0.0
1097311295,877041,0,1.005859375,-0.041015625,0.017578125,-0.0234375,0.0,0.0,0.0
1097312546,877042,0,0.99609375,-0.041015625,0.0078125,-0.033203125,0.0,0.0,0.0
1097313796,877043,0,1.005859375,-0.0390625,0.013671875,-0.025390625,0.0,0.0,0.0
1097315048,877044,0,1.00390625,-0.03515625,0.01171875,-0.0234375,0.0,0.0,0.0
1097316299,877045,0,1.001953125,-0.037109375,0.013671875,-0.0234375,0.0,0.0,0.0
1097317549,877046,0,1.005859375,-0.03515625,0.013671875,-0.021484375,0.0,0.0,0.0
1097318801,877047,0,1.00390625,-0.033203125,0.013671875,-0.01953125,0.0,0.0,0.0
1097320051,877048,0,1.00390625,-0.029296875,0.01953125,-0.009765625,0.0,0.0,0.0
1097321301,877049,0,1.005859375,-0.03125,0.017578125,-0.013671875,0.0,0.0,0.0
1097322552,877050,0,1.001953125,-0.029296875,0.015625,-0.013671875,0.0,0.0,0.0
1097323803,877051,0,1.001953125,-0.02734375,0.017578125,-0.009765625,0.0,0.0,0.0
1097325054,877052,0,1.00390625,-0.02734375,0.01953125,-0.0078125,0.0,0.0,0.0
1097326305,877053,0,1.005859375,-0.025390625,0.021484375,-0.00390625,0.0,0.0,0.0
1097327556,877054,0,1.00390625,-0.021484375,0.01171875,-0.009765625,0.0,0.0,0.0
1097328807,877055,0,0.998046875,-0.01953125,0.01953125,0.0,0.0,0.0,0.0
1097330059,877056,0,1.001953125,-0.017578125,0.025390625,0.0078125,0.0,0.0,0.0
1097331310,877057,0,1.005859375,-0.013671875,0.01953125,0.005859375,0.0,0.0,0.0
1097332560,877058,0,1.001953125,-0.01171875,0.017578125,0.005859375,0.0,0.0,0.0
1097333810,877059,0,1.01171875,-0.017578125,0.015625,-0.001953125,0.0,0.0,0.0
1097335061,877060,0,1.00390625,-0.01171875,0.01953125,0.0078125,0.0,0.0,0.0
1097336311,877061,0,1.001953125,-0.0078125,0.02734375,0.01953125,0.0,0.0,0.0
1097337563,877062,0,0.994140625,-0.0078125,0.021484375,0.013671875,0.0,0.0,0.0
1097338813,877063,0,0.998046875,-0.013671875,0.01171875,-0.001953125,0.0,0.0,0.0
1097340065,877064,0,1.0078125,-0.00390625,0.013671875,0.009765625,0.0,0.0,0.0
1097341316,877065,0,1.0,-0.009765625,0.01953125,0.009765625,0.0,0.0,0.0
1097342566,877066,0,1.00390625,-0.005859375,0.021484375,0.015625,0.0,0.0,0.0
1097343817,877067,0,1.00390625,-0.00390625,0.0234375,0.01953125,0.0,0.0,0.0
1097345067,877068,0,1.009765625,-0.009765625,0.01953125,0.009765625,0.0,0.0,0.0
1097346317,877069,0,1.0,-0.01171875,0.01953125,0.0078125,0.0,0.0,0.0
1097347567,877070,0,1.00390625,-0.005859375,0.017578125,0.01171875,0.0,0.0,0.0
1097348818,877071,0,1.001953125,-0.01171875,0.015625,0.00390625,0.0,0.0,0.0
1097350070,877072,0,1.005859375,-0.0078125,0.0234375,0.015625,0.0,0.0,0.0
1097351321,877073,0,1.0,-0.013671875,0.017578125,0.00390625,0.0,0.0,0.0
1097352571,877074,0,1.005859375,-0.01171875,0.017578125,0.005859375,0.0,0.0,0.0
1097353821,877075,0,1.00390625,-0.017578125,0.015625,-0.001953125,0.0,0.0,0.0
1097355071,877076,0,1.009765625,-0.021484375,0.009765625,-0.01171875,0.0,0.0,0.0
1097356322,877077,0,0.99609375,-0.0234375,0.01953125,-0.00390625,0.0,0.0,0.0
1097357572,877078,0,0.998046875,-0.025390625,0.013671875,-0.01171875,0.0,0.0,0.0
1097358823,877079,0,0.99609375,-0.025390625,0.013671875,-0.01171875,0.0,0.0,0.0
1097360075,877080,0,0.9921875,-0.0234375,0.017578125,-0.005859375,0.0,0.0,0.0
1097361326,877081,0,0.998046875,-0.025390625,0.009765625,-0.015625,0.0,0.0,0.0
1097362577,877082,0,1.0078125,-0.029296875,0.01171875,-0.017578125,0.0,0.0,0.0
1097363829,877083,0,1.00390625,-0.03515625,0.009765625,-0.025390625,0.0,0.0,0.0
1097365079,877084,0,1.01171875,-0.03125,0.01953125,-0.01171875,0.0,0.0,0.0
1097366329,877085,0,1.005859375,-0.037109375,0.017578125,-0.01953125,0.0,0.0,0.0
1097367580,877086,0,1.00390625,-0.037109375,0.01171875,-0.025390625,0.0,0.0,0.0
1097368831,877087,0,1.00390625,-0.0390625,0.01171875,-0.02734375,0.0,0.0,0.0
1097370082,877088,0,1.001953125,-0.037109375,0.01171875,-0.025390625,0.0,0.0,0.0
1097371333,877089,0,1.005859375,-0.041015625,0.013671875,-0.02734375,0.0,0.0,0.0
1097372584,877090,0,1.00390625,-0.046875,0.009765625,-0.037109375,0.0,0.0,0.0
1097373835,877091,0,1.001953125,-0.046875,0.013671875,-0.033203125,0.0,0.0,0.0
1097375087,877092,0,1.0078125,-0.044921875,0.01171875,-0.033203125,0.0,0.0,0.0
1097376338,877093,0,1.005859375,-0.037109375,0.01171875,-0.025390625,0.0,0.0,0.0
1097377590,877094,0,1.015625,-0.041015625,0.015625,-0.025390625,0.0,0.0,0.0
1097378841,877095,0,1.005859375,-0.037109375,0.021484375,-0.015625,0.0,0.0,0.0
1097380092,877096,0,1.001953125,-0.044921875,0.0078125,-0.037109375,0.0,0.0,0.0
1097381343,877097,0,1.001953125,-0.0390625,0.017578125,-0.021484375,0.0,0.0,0.0
1097382595,877098,0,1.005859375,-0.037109375,0.01953125,-0.017578125,0.0,0.0,0.0
1097383845,877099,0,0.99609375,-0.037109375,0.015625,-0.021484375,0.0,0.0,0.0
1097385097,877100,0,1.009765625,-0.025390625,0.021484375,-0.00390625,0.0,0.0,0.0
1097386348,877101,0,1.001953125,-0.0390625,0.0234375,-0.015625,0.0,0.0,0.0
1097387600,877102,0,0.994140625,-0.037109375,0.021484375,-0.015625,0.0,0.0,0.0
1097388850,877103,0,0.9921875,-0.029296875,0.01953125,-0.009765625,0.0,0.0,0.0
1097390101,877104,0,1.01171875,-0.025390625,0.001953125,-0.0234375,0.0,0.0,0.0
1097391351,877105,0,1.0,-0.029296875,0.02734375,-0.001953125,0.0,0.0,0.0
1097392602,877106,0,1.001953125,-0.021484375,0.01953125,-0.001953125,0.0,0.0,0.0
1097393853,877107,0,1.005859375,-0.0234375,0.017578125,-0.005859375,0.0,0.0,0.0
1097395104,877108,0,1.009765625,-0.0234375,0.021484375,-0.001953125,0.0,0.0,0.0
1097396355,877109,0,1.005859375,-0.021484375,0.017578125,-0.00390625,0.0,0.0,0.0
1097397606,877110,0,1.005859375,-0.017578125,0.017578125,0.0,0.0,0.0,0.0
1097398857,877111,0,1.0078125,-0.013671875,0.017578125,0.00390625,0.0,0.0,0.0
1097400109,877112,0,1.00390625,-0.01953125,0.017578125,-0.001953125,0.0,0.0,0.0
1097401360,877113,0,1.0078125,-0.013671875,0.017578125,0.00390625,0.0,0.0,0.0
1097402610,877114,0,1.0,-0.01171875,0.015625,0.00390625,0.0,0.0,0.0
1097403861,877115,0,1.001953125,-0.01171875,0.017578125,0.005859375,0.0,0.0,0.0
1097405112,877116,0,1.009765625,-0.009765625,0.015625,0.005859375,0.0,0.0,0.0
1097406362,877117,0,1.001953125,-0.009765625,0.01953125,0.009765625,0.0,0.0,0.0
1097407613,877118,0,1.005859375,-0.009765625,0.021484375,0.01171875,0.0,0.0,0.0
1097408863,877119,0,1.005859375,-0.0078125,0.017578125,0.009765625,0.0,0.0,0.0
1097410115,877120,0,1.0078125,-0.00390625,0.029296875,0.025390625,0.0,0.0,0.0
1097411366,877121,0,1.017578125,-0.013671875,0.02734375,0.013671875,0.0,0.0,0.0
1097412616,877122,0,1.0078125,-0.013671875,0.025390625,0.01171875,0.0,0.0,0.0
1097413867,877123,0,1.009765625,-0.01171875,0.015625,0.00390625,0.0,0.0,0.0
1097415117,877124,0,1.00390625,-0.015625,0.015625,0.0,0.0,0.0,0.0
1097416367,877125,0,1.009765625,-0.005859375,0.015625,0.009765625,0.0,0.0,0.0
1097417618,877126,0,0.99609375,-0.01171875,0.013671875,0.001953125,0.0,0.0,0.0
1097418868,877127,0,1.005859375,-0.015625,0.013671875,-0.001953125,0.0,0.0,0.0
1097420120,877128,0,1.0078125,-0.017578125,0.009765625,-0.0078125,0.0,0.0,0.0
1097421371,877129,0,1.00390625,-0.017578125,0.017578125,0.0,0.0,0.0,0.0
1097422621,877130,0,1.001953125,-0.021484375,0.013671875,-0.0078125,0.0,0.0,0.0
1097423873,877131,0,1.005859375,-0.0234375,0.017578125,-0.005859375,0.0,0.0,0.0
1097425123,877132,0,1.00390625,-0.01953125,0.017578125,-0.001953125,0.0,0.0,0.0
1097426373,877133,0,1.005859375,-0.0234375,0.015625,-0.0078125,0.0,0.0,0.0
1097427623,877134,0,1.0078125,-0.02734375,0.013671875,-0.013671875,0.0,0.0,0.0
1097428873,877135,0,1.0,-0.029296875,0.013671875,-0.015625,0.0,0.0,0.0
1097430125,877136,0,1.0078125,-0.033203125,0.005859375,-0.02734375,0.0,0.0,0.0
1097431376,877137,0,1.001953125,-0.03125,0.009765625,-0.021484375,0.0,0.0,0.0
1097432626,877138,0,1.00390625,-0.03125,0.009765625,-0.021484375,0.0,0.0,0.0
1097433877,877139,0,1.0,-0.033203125,0.005859375,-0.02734375,0.0,0.0,0.0
1097435128,877140,0,1.001953125,-0.03125,0.01171875,-0.01953125,0.0,0.0,0.0
1097436378,877141,0,1.0078125,-0.03515625,0.005859375,-0.029296875,0.0,0.0,0.0
1097437629,877142,0,1.0,-0.041015625,0.00390625,-0.037109375,0.0,0.0,0.0
1097438880,877143,0,1.00390625,-0.04296875,0.005859375,-0.037109375,0.0,0.0,0.0
1097440131,877144,0,1.005859375,-0.0390625,0.017578125,-0.021484375,0.0,0.0,0.0
1097441382,877145,0,0.99609375,-0.041015625,0.015625,-0.025390625,0.0,0.0,0.0
1097442632,877146,0,1.01171875,-0.0390625,0.01171875,-0.02734375,0.0,0.0,0.0
1097443883,877147,0,1.001953125,-0.041015625,0.009765625,-0.03125,0.0,0.0,0.0
1097445134,877148,0,1.001953125,-0.0390625,0.013671875,-0.025390625,0.0,0.0,0.0
1097446384,877149,0,0.998046875,-0.04296875,0.015625,-0.02734375,0.0,0.0,0.0
1097447636,877150,0,1.013671875,-0.041015625,0.009765625,-0.03125,0.0,0.0,0.0
1097448886,877151,0,1.005859375,-0.037109375,0.0078125,-0.029296875,0.0,0.0,0.0
1097450137,877152,0,1.009765625,-0.041015625,0.01953125,-0.021484375,0.0,0.0,0.0
1097451388,877153,0,1.005859375,-0.0390625,0.01171875,-0.02734375,0.0,0.0,0.0
1097452639,877154,0,1.0078125,-0.037109375,0.015625,-0.021484375,0.0,0.0,0.0
1097453889,877155,0,1.001953125,-0.033203125,0.015625,-0.017578125,0.0,0.0,0.0
1097455140,877156,0,1.0,-0.037109375,0.013671875,-0.0234375,0.0,0.0,0.0
1097456392,877157,0,1.0,-0.03125,0.015625,-0.015625,0.0,0.0,0.0
1097457642,877158,0,1.00390625,-0.03125,0.021484375,-0.009765625,0.0,0.0,0.0
1097458894,877159,0,1.005859375,-0.03125,0.01171875,-0.01953125,0.0,0.0,0.0
1097460145,877160,0,1.0078125,-0.02734375,0.017578125,-0.009765625,0.0,0.0,0.0
1097461396,877161,0,1.001953125,-0.02734375,0.015625,-0.01171875,0.0,0.0,0.0
1097462648,877162,0,1.00390625,-0.0234375,0.015625,-0.0078125,0.0,0.0,0.0
1097463899,877163,0,1.005859375,-0.021484375,0.015625,-0.005859375,0.0,0.0,0.0
1097465150,877164,0,1.0078125,-0.0234375,0.017578125,-0.005859375,0.0,0.0,0.0
1097466400,877165,0,1.0078125,-0.017578125,0.01953125,0.001953125,0.0,0.0,0.0
1097467651,877166,0,1.005859375,-0.021484375,0.01171875,-0.009765625,0.0,0.0,0.0
1097468902,877167,0,1.001953125,-0.015625,0.013671875,-0.001953125,0.0,0.0,0.0
1097470152,877168,0,1.009765625,-0.015625,0.013671875,-0.001953125,0.0,0.0,0.0
1097471402,877169,0,1.005859375,-0.015625,0.01171875,-0.00390625,0.0,0.0,0.0
1097472654,877170,0,1.001953125,-0.015625,0.015625,0.0,0.0,0.0,0.0
1097473904,877171,0,1.001953125,-0.01171875,0.021484375,0.009765625,0.0,0.0,0.0
1097475154,877172,0,1.001953125,-0.013671875,0.015625,0.001953125,0.0,0.0,0.0
1097476405,877173,0,1.0,-0.01171875,0.01953125,0.0078125,0.0,0.0,0.0
1097477655,877174,0,1.005859375,-0.01171875,0.015625,0.00390625,0.0,0.0,0.0
1097478906,877175,0,1.001953125,-0.01171875,0.015625,0.00390625,0.0,0.0,0.0
1097480157,877176,0,1.00390625,-0.0078125,0.01171875,0.00390625,0.0,0.0,0.0
1097481408,877177,0,1.001953125,-0.009765625,0.017578125,0.0078125,0.0,0.0,0.0
1097482659,877178,0,1.005859375,-0.009765625,0.021484375,0.01171875,0.0,0.0,0.0
1097483911,877179,0,1.005859375,-0.013671875,0.01953125,0.005859375,0.0,0.0,0.0
1097485162,877180,0,1.001953125,-0.015625,0.013671875,-0.001953125,0.0,0.0,0.0
1097486414,877181,0,0.998046875,-0.015625,0.015625,0.0,0.0,0.0,0.0
1097487664,877182,0,1.005859375,-0.017578125,0.017578125,0.0,0.0,0.0,0.0
1097488916,877183,0,1.00390625,-0.01953125,0.015625,-0.00390625,0.0,0.0,0.0
1097490167,877184,0,1.009765625,-0.021484375,0.013671875,-0.0078125,0.0,0.0,0.0
1097491417,877185,0,1.005859375,-0.01171875,0.015625,0.00390625,0.0,0.0,0.0
1097492668,877186,0,1.005859375,-0.0234375,0.005859375,-0.017578125,0.0,0.0,0.0
1097493919,877187,0,1.005859375,-0.0234375,0.01171875,-0.01171875,0.0,0.0,0.0
1097495170,877188,0,1.001953125,-0.025390625,0.009765625,-0.015625,0.0,0.0,0.0
1097496421,877189,0,1.0078125,-0.025390625,0.01953125,-0.005859375,0.0,0.0,0.0
1097497672,877190,0,1.0,-0.029296875,0.021484375,-0.0078125,0.0,0.0,0.0
1097498922,877191,0,1.013671875,-0.033203125,0.013671875,-0.01953125,0.0,0.0,0.0
1097500173,877192,0,1.005859375,-0.03125,0.013671875,-0.017578125,0.0,0.0,0.0
1097501425,877193,0,1.001953125,-0.037109375,0.01171875,-0.025390625,0.0,0.0,0.0
1097502675,877194,0,1.00390625,-0.037109375,0.009765625,-0.02734375,0.0,0.0,0.0
1097503927,877195,0,0.998046875,-0.033203125,0.013671875,-0.01953125,0.0,0.0,0.0
1097505177,877196,0,1.0,-0.033203125,0.017578125,-0.015625,0.0,0.0,0.0
1097506429,877197,0,1.0,-0.0390625,0.015625,-0.0234375,0.0,0.0,0.0
1097507680,877198,0,1.0078125,-0.037109375,0.009765625,-0.02734375,0.0,0.0,0.0
1097508930,877199,0,1.005859375,-0.03515625,0.009765625,-0.025390625,0.0,0.0,0.0
1097510180,877200,0,1.0078125,-0.0390625,0.01171875,-0.02734375,0.0,0.0,0.0
1097511431,877201,0,1.00390625,-0.037109375,0.01171875,-0.025390625,0.0,0.0,0.0
1097512682,877202,0,1.0078125,-0.0390625,0.0078125,-0.03125,0.0,0.0,0.0
1097513933,877203,0,1.00390625,-0.041015625,0.005859375,-0.03515625,0.0,0.0,0.0
1097515184,877204,0,1.00390625,-0.0390625,0.013671875,-0.025390625,0.0,0.0,0.0
1097516434,877205,0,1.0,-0.037109375,0.013671875,-0.0234375,0.0,0.0,0.0
1097517685,877206,0,1.001953125,-0.037109375,0.013671875,-0.0234375,0.0,0.0,0.0
1097518936,877207,0,1.009765625,-0.044921875,0.021484375,-0.0234375,0.0,0.0,0.0
1097520188,877208,0,1.001953125,-0.02734375,0.021484375,-0.005859375,0.0,0.0,0.0
