t_us,frame_id,sensor_id,accX,accY,accZ,acc_sum_YZ,magX,magY,magZ
1010564131,807693,0,1.0078125,-0.041015625,0.01171875,-0.029296875,0.0,0.0,0.0
1010565382,807694,0,1.001953125,-0.03515625,0.01171875,-0.0234375,0.0,0.0,0.0
1010566632,807695,0,1.0,-0.03515625,0.01171875,-0.0234375,0.0,0.0,0.0
1010567883,807696,0,1.005859375,-0.03125,0.017578125,-0.013671875,0.0,0.0,0.0
1010569134,807697,0,1.005859375,-0.0234375,0.009765625,-0.013671875,0.0,0.0,0.0
1010570384,807698,0,1.0078125,-0.01953125,0.021484375,0.001953125,0.0,0.0,0.0
1010571636,807699,0,1.0,-0.017578125,0.01953125,0.001953125,0.0,0.0,0.0
1010572886,807700,0,1.005859375,-0.013671875,0.015625,0.001953125,0.0,0.0,0.0
1010574137,807701,0,1.001953125,-0.01171875,0.01171875,0.0,0.0,0.0,0.0
1010575388,807702,0,1.001953125,-0.0078125,0.01953125,0.01171875,0.0,0.0,0.0
1010576639,807703,0,1.01171875,-0.0078125,0.01953125,0.01171875,0.0,0.0,0.0
1010577889,807704,0,1.00390625,-0.013671875,0.01953125,0.005859375,0.0,0.0,0.0
1010579140,807705,0,1.001953125,-0.009765625,0.021484375,0.01171875,0.0,0.0,0.0
1010580392,807706,0,1.0,-0.01953125,0.017578125,-0.001953125,0.0,0.0,0.0
1010581642,807707,0,1.001953125,-0.0234375,0.00390625,-0.01953125,0.0,0.0,0.0
1010582894,807708,0,1.0078125,-0.029296875,0.015625,-0.013671875,0.0,0.0,0.0
1010584145,807709,0,1.00390625,-0.03125,0.017578125,-0.013671875,0.0,0.0,0.0
1010585396,807710,0,1.00390625,-0.03125,0.01171875,-0.01953125,0.0,0.0,0.0
1010586648,807711,0,1.0078125,-0.03125,0.01171875,-0.01953125,0.0,0.0,0.0
1010587899,807712,0,1.0078125,-0.025390625,0.01171875,-0.013671875,0.0,0.0,0.0
1010589150,807713,0,0.998046875,-0.025390625,0.009765625,-0.015625,0.0,0.0,0.0
1010590400,807714,0,1.0,-0.01953125,0.01953125,0.0,0.0,0.0,0.0
1010591651,807715,0,1.005859375,-0.017578125,0.015625,-0.001953125,0.0,0.0,0.0
1010592902,807716,0,0.99609375,-0.017578125,0.013671875,-0.00390625,0.0,0.0,0.0
1010594152,807717,0,1.0,-0.01171875,0.017578125,0.005859375,0.0,0.0,0.0
1010595402,807718,0,1.00390625,-0.01171875,0.013671875,0.001953125,0.0,0.0,0.0
1010596654,807719,0,0.998046875,-0.009765625,0.015625,0.005859375,0.0,0.0,0.0
1010597904,807720,0,0.998046875,-0.013671875,0.013671875,0.0,0.0,0.0,0.0
1010599154,807721,0,1.005859375,-0.01953125,0.021484375,0.001953125,0.0,0.0,0.0
1010600405,807722,0,1.001953125,-0.013671875,0.015625,0.001953125,0.0,0.0,0.0
1010601655,807723,0,1.00390625,-0.01953125,0.01171875,-0.0078125,0.0,0.0,0.0
1010602906,807724,0,1.009765625,-0.021484375,0.01953125,-0.001953125,0.0,0.0,0.0
1010604157,807725,0,1.01953125,-0.017578125,0.01171875,-0.005859375,0.0,0.0,0.0
1010605408,807726,0,1.001953125,-0.017578125,0.01171875,-0.005859375,0.0,0.0,0.0
1010606659,807727,0,1.00390625,-0.021484375,0.01171875,-0.009765625,0.0,0.0,0.0
1010607911,807728,0,1.0078125,-0.02734375,0.01171875,-0.015625,0.0,0.0,0.0
1010609162,807729,0,1.0078125,-0.029296875,0.017578125,-0.01171875,0.0,0.0,0.0
1010610414,807730,0,0.998046875,-0.03515625,0.009765625,-0.025390625,0.0,0.0,0.0
1010611664,807731,0,1.00390625,-0.029296875,0.009765625,-0.01953125,0.0,0.0,0.0
1010612916,807732,0,1.00390625,-0.033203125,0.0078125,-0.025390625,0.0,0.0,0.0
1010614167,807733,0,0.99609375,-0.029296875,0.01953125,-0.009765625,0.0,0.0,0.0
1010615417,807734,0,1.0,-0.03515625,0.013671875,-0.021484375,0.0,0.0,0.0
1010616668,807735,0,1.009765625,-0.037109375,0.015625,-0.021484375,0.0,0.0,0.0
1010617919,807736,0,1.0078125,-0.037109375,0.009765625,-0.02734375,0.0,0.0,0.0
1010619170,807737,0,1.009765625,-0.03125,0.013671875,-0.017578125,0.0,0.0,0.0
1010620421,807738,0,1.0078125,-0.029296875,0.01953125,-0.009765625,0.0,0.0,0.0
1010621672,807739,0,1.005859375,-0.03125,0.015625,-0.015625,0.0,0.0,0.0
1010622922,807740,0,1.00390625,-0.029296875,0.01953125,-0.009765625,0.0,0.0,0.0
1010624173,807741,0,1.005859375,-0.03125,0.009765625,-0.021484375,0.0,0.0,0.0
1010625425,807742,0,0.998046875,-0.03515625,0.01953125,-0.015625,0.0,0.0,0.0
1010626675,807743,0,1.00390625,-0.033203125,0.01171875,-0.021484375,0.0,0.0,0.0
1010627927,807744,0,0.998046875,-0.037109375,0.01171875,-0.025390625,0.0,0.0,0.0
1010629177,807745,0,1.0,-0.041015625,0.005859375,-0.03515625,0.0,0.0,0.0
1010630429,807746,0,1.0,-0.041015625,0.00390625,-0.037109375,0.0,0.0,0.0
1010631680,807747,0,1.00390625,-0.033203125,0.013671875,-0.01953125,0.0,0.0,0.0
1010632930,807748,0,1.015625,-0.03515625,0.01171875,-0.0234375,0.0,0.0,0.0
1010634180,807749,0,1.001953125,-0.03515625,0.015625,-0.01953125,0.0,0.0,0.0
1010635431,807750,0,1.00390625,-0.0390625,0.01171875,-0.02734375,0.0,0.0,0.0
1010636682,807751,0,1.001953125,-0.03125,0.013671875,-0.017578125,0.0,0.0,0.0
1010637933,807752,0,0.998046875,-0.029296875,0.01171875,-0.017578125,0.0,0.0,0.0
1010639184,807753,0,1.001953125,-0.029296875,0.013671875,-0.015625,0.0,0.0,0.0
1010640434,807754,0,1.009765625,-0.03125,0.01953125,-0.01171875,0.0,0.0,0.0
1010641685,807755,0,1.001953125,-0.02734375,0.013671875,-0.013671875,0.0,0.0,0.0
1010642936,807756,0,1.00390625,-0.033203125,0.009765625,-0.0234375,0.0,0.0,0.0
1010644188,807757,0,1.009765625,-0.029296875,0.017578125,-0.01171875,0.0,0.0,0.0
1010645439,807758,0,1.001953125,-0.03125,0.015625,-0.015625,0.0,0.0,0.0
1010646690,807759,0,1.0078125,-0.029296875,0.017578125,-0.01171875,0.0,0.0,0.0
1010647941,807760,0,1.00390625,-0.029296875,0.009765625,-0.01953125,0.0,0.0,0.0
1010649192,807761,0,1.005859375,-0.03515625,0.01171875,-0.0234375,0.0,0.0,0.0
1010650443,807762,0,1.005859375,-0.033203125,0.01171875,-0.021484375,0.0,0.0,0.0
1010651695,807763,0,1.001953125,-0.037109375,0.013671875,-0.0234375,0.0,0.0,0.0
1010652945,807764,0,1.001953125,-0.03515625,0.015625,-0.01953125,0.0,0.0,0.0
1010654195,807765,0,1.0,-0.03515625,0.013671875,-0.021484375,0.0,0.0,0.0
1010655447,807766,0,1.0078125,-0.033203125,0.009765625,-0.0234375,0.0,0.0,0.0
1010656697,807767,0,1.0,-0.03125,0.015625,-0.015625,0.0,0.0,0.0
1010657949,807768,0,1.009765625,-0.03125,0.021484375,-0.009765625,0.0,0.0,0.0
1010659200,807769,0,1.0078125,-0.02734375,0.009765625,-0.017578125,0.0,0.0,0.0
1010660452,807770,0,1.013671875,-0.02734375,0.015625,-0.01171875,0.0,0.0,0.0
1010661702,807771,0,1.0,-0.0234375,0.0234375,0.0,0.0,0.0,0.0
1010662954,807772,0,1.00390625,-0.02734375,0.017578125,-0.009765625,0.0,0.0,0.0
1010664205,807773,0,0.998046875,-0.02734375,0.017578125,-0.009765625,0.0,0.0,0.0
1010665456,807774,0,1.0,-0.025390625,0.017578125,-0.0078125,0.0,0.0,0.0
1010666708,807775,0,1.005859375,-0.025390625,0.013671875,-0.01171875,0.0,0.0,0.0
1010667958,807776,0,1.001953125,-0.029296875,0.01171875,-0.017578125,0.0,0.0,0.0
1010669209,807777,0,1.001953125,-0.02734375,0.01953125,-0.0078125,0.0,0.0,0.0
1010670459,807778,0,1.005859375,-0.0234375,0.013671875,-0.009765625,0.0,0.0,0.0
1010671710,807779,0,1.009765625,-0.021484375,0.013671875,-0.0078125,0.0,0.0,0.0
1010672961,807780,0,1.0078125,-0.017578125,0.021484375,0.00390625,0.0,0.0,0.0
1010674212,807781,0,1.0078125,-0.021484375,0.013671875,-0.0078125,0.0,0.0,0.0
1010675462,807782,0,1.00390625,-0.01953125,0.015625,-0.00390625,0.0,0.0,0.0
1010676713,807783,0,1.0,-0.021484375,0.01953125,-0.001953125,0.0,0.0,0.0
1010677965,807784,0,1.005859375,-0.01953125,0.015625,-0.00390625,0.0,0.0,0.0
1010679216,807785,0,1.005859375,-0.021484375,0.01953125,-0.001953125,0.0,0.0,0.0
1010680468,807786,0,0.998046875,-0.025390625,0.015625,-0.009765625,0.0,0.0,1010754519040.0
1010682969,807788,0,0.998046875,-0.025390625,0.015625,-0.009765625,0.0,0.0,0.0
1010684221,807789,0,1.01171875,-0.021484375,0.017578125,-0.00390625,0.0,0.0,0.0
1010685471,807790,0,0.998046875,-0.025390625,0.013671875,-0.01171875,0.0,0.0,0.0
1010686721,807791,0,0.998046875,-0.025390625,0.009765625,-0.015625,0.0,0.0,0.0
1010687972,807792,0,0.99609375,-0.025390625,0.017578125,-0.0078125,0.0,0.0,0.0
1010689224,807793,0,1.00390625,-0.02734375,0.017578125,-0.009765625,0.0,0.0,0.0
1010690474,807794,0,1.00390625,-0.029296875,0.01953125,-0.009765625,0.0,0.0,0.0
1010691724,807795,0,1.009765625,-0.02734375,0.01953125,-0.0078125,0.0,0.0,0.0
1010692976,807796,0,0.99609375,-0.01953125,0.0078125,-0.01171875,0.0,0.0,0.0
1010694226,807797,0,1.001953125,-0.025390625,0.017578125,-0.0078125,0.0,0.0,0.0
1010695476,807798,0,1.005859375,-0.0234375,0.015625,-0.0078125,0.0,0.0,0.0
1010696728,807799,0,1.00390625,-0.021484375,0.013671875,-0.0078125,0.0,0.0,0.0
1010697978,807800,0,1.0078125,-0.01953125,0.015625,-0.00390625,0.0,0.0,0.0
1010699230,807801,0,1.009765625,-0.017578125,0.015625,-0.001953125,0.0,0.0,0.0
1010700481,807802,0,1.015625,-0.01171875,0.013671875,0.001953125,0.0,0.0,0.0
1010701732,807803,0,1.009765625,-0.005859375,0.015625,0.009765625,0.0,0.0,0.0
1010702983,807804,0,1.00390625,-0.01171875,0.015625,0.00390625,0.0,0.0,0.0
1010704235,807805,0,1.001953125,-0.009765625,0.01953125,0.009765625,0.0,0.0,0.0
1010705485,807806,0,1.00390625,-0.0078125,0.01953125,0.01171875,0.0,0.0,0.0
1010706736,807807,0,0.998046875,-0.00390625,0.021484375,0.017578125,0.0,0.0,0.0
1010707987,807808,0,1.005859375,-0.00390625,0.015625,0.01171875,0.0,0.0,0.0
1010709237,807809,0,0.990234375,-0.01171875,0.017578125,0.005859375,0.0,0.0,0.0
1010710488,807810,0,0.998046875,-0.01171875,0.02734375,0.015625,0.0,0.0,0.0
1010711738,807811,0,0.998046875,-0.017578125,0.01953125,0.001953125,0.0,0.0,0.0
1010712989,807812,0,1.01953125,-0.017578125,0.013671875,-0.00390625,0.0,0.0,0.0
1010714239,807813,0,1.009765625,-0.01953125,0.009765625,-0.009765625,0.0,0.0,0.0
1010715490,807814,0,0.998046875,-0.02734375,0.017578125,-0.009765625,0.0,0.0,0.0
1010716741,807815,0,1.009765625,-0.02734375,0.01171875,-0.015625,0.0,0.0,0.0
1010717991,807816,0,1.0078125,-0.021484375,0.01953125,-0.001953125,0.0,0.0,0.0
1010719242,807817,0,1.0078125,-0.02734375,0.013671875,-0.013671875,0.0,0.0,0.0
1010720493,807818,0,1.0078125,-0.0234375,0.009765625,-0.013671875,0.0,0.0,0.0
1010721745,807819,0,1.0,-0.0234375,0.017578125,-0.005859375,0.0,0.0,0.0
1010722995,807820,0,1.0078125,-0.0234375,0.021484375,-0.001953125,0.0,0.0,0.0
1010724247,807821,0,1.0,-0.0234375,0.013671875,-0.009765625,0.0,0.0,0.0
1010725498,807822,0,1.001953125,-0.021484375,0.01953125,-0.001953125,0.0,0.0,0.0
1010726749,807823,0,1.00390625,-0.01953125,0.017578125,-0.001953125,0.0,0.0,0.0
1010728000,807824,0,1.0078125,-0.017578125,0.0078125,-0.009765625,0.0,0.0,0.0
1010729250,807825,0,1.0078125,-0.021484375,0.013671875,-0.0078125,0.0,0.0,0.0
1010730501,807826,0,1.001953125,-0.021484375,0.0234375,0.001953125,0.0,0.0,0.0
1010731752,807827,0,1.005859375,-0.0234375,0.013671875,-0.009765625,0.0,0.0,0.0
1010733003,807828,0,1.0,-0.0234375,0.01953125,-0.00390625,0.0,0.0,0.0
1010734254,807829,0,1.0078125,-0.03125,0.015625,-0.015625,0.0,0.0,0.0
1010735504,807830,0,1.01171875,-0.033203125,0.013671875,-0.01953125,0.0,0.0,0.0
1010736755,807831,0,1.00390625,-0.03515625,0.013671875,-0.021484375,0.0,0.0,0.0
1010738006,807832,0,1.00390625,-0.03515625,0.015625,-0.01953125,0.0,0.0,0.0
1010739257,807833,0,0.994140625,-0.041015625,0.01953125,-0.021484375,0.0,0.0,0.0
1010740508,807834,0,1.015625,-0.046875,0.0078125,-0.0390625,0.0,0.0,0.0
1010741760,807835,0,1.001953125,-0.046875,0.021484375,-0.025390625,0.0,0.0,0.0
1010743010,807836,0,0.99609375,-0.048828125,0.01171875,-0.037109375,0.0,0.0,0.0
1010744261,807837,0,1.00390625,-0.044921875,0.017578125,-0.02734375,0.0,0.0,0.0
1010745513,807838,0,1.0078125,-0.04296875,0.017578125,-0.025390625,0.0,0.0,0.0
1010746763,807839,0,1.005859375,-0.046875,0.009765625,-0.037109375,0.0,0.0,0.0
1010748014,807840,0,1.005859375,-0.041015625,0.013671875,-0.02734375,0.0,0.0,0.0
1010749271,807841,0,1.00390625,-0.04296875,0.009765625,-0.033203125,0.0,0.0,0.0
1010750522,807842,0,1.001953125,-0.03515625,0.009765625,-0.025390625,0.0,0.0,0.0
1010751774,807843,0,1.00390625,-0.037109375,0.01171875,-0.025390625,0.0,0.0,0.0
1010753024,807844,0,1.001953125,-0.033203125,0.013671875,-0.01953125,0.0,0.0,0.0
1010754275,807845,0,0.998046875,-0.029296875,0.01953125,-0.009765625,0.0,0.0,0.0
1010755527,807846,0,1.0,-0.033203125,0.021484375,-0.01171875,0.0,0.0,0.0
1010756778,807847,0,1.00390625,-0.02734375,0.009765625,-0.017578125,0.0,0.0,0.0
1010758028,807848,0,1.00390625,-0.02734375,0.017578125,-0.009765625,0.0,0.0,0.0
1010759278,807849,0,0.994140625,-0.025390625,0.013671875,-0.01171875,0.0,0.0,0.0
1010760528,807850,0,0.994140625,-0.03125,0.017578125,-0.013671875,0.0,0.0,0.0
1010761780,807851,0,1.001953125,-0.025390625,0.013671875,-0.01171875,0.0,0.0,0.0
1010763031,807852,0,1.00390625,-0.033203125,0.015625,-0.017578125,0.0,0.0,0.0
1010764282,807853,0,1.001953125,-0.03515625,0.013671875,-0.021484375,0.0,0.0,0.0
1010765533,807854,0,1.015625,-0.0390625,0.0078125,-0.03125,0.0,0.0,0.0
1010766784,807855,0,1.005859375,-0.037109375,0.015625,-0.021484375,0.0,0.0,0.0
1010768034,807856,0,1.00390625,-0.044921875,0.01171875,-0.033203125,0.0,0.0,0.0
1010769284,807857,0,0.998046875,-0.041015625,0.01171875,-0.029296875,0.0,0.0,0.0
1010770536,807858,0,1.005859375,-0.041015625,0.009765625,-0.03125,0.0,0.0,0.0
1010771787,807859,0,1.001953125,-0.048828125,0.009765625,-0.0390625,0.0,0.0,0.0
1010773038,807860,0,1.009765625,-0.048828125,0.009765625,-0.0390625,0.0,0.0,0.0
1010774288,807861,0,1.00390625,-0.041015625,0.013671875,-0.02734375,0.0,0.0,0.0
1010775539,807862,0,1.00390625,-0.0390625,0.009765625,-0.029296875,0.0,0.0,0.0
1010776790,807863,0,1.005859375,-0.03515625,0.013671875,-0.021484375,0.0,0.0,0.0
1010778040,807864,0,1.0,-0.04296875,0.015625,-0.02734375,0.0,0.0,0.0
1010779290,807865,0,1.00390625,-0.037109375,0.01171875,-0.025390625,0.0,0.0,0.0
1010780542,807866,0,1.00390625,-0.03125,0.015625,-0.015625,0.0,0.0,0.0
1010781793,807867,0,1.005859375,-0.03125,0.009765625,-0.021484375,0.0,0.0,0.0
1010783044,807868,0,1.009765625,-0.03515625,0.013671875,-0.021484375,0.0,0.0,0.0
1010784295,807869,0,1.0078125,-0.037109375,0.015625,-0.021484375,0.0,0.0,0.0
1010785546,807870,0,1.001953125,-0.037109375,0.01171875,-0.025390625,0.0,0.0,0.0
1010786796,807871,0,1.013671875,-0.037109375,0.009765625,-0.02734375,0.0,0.0,0.0
1010788048,807872,0,1.015625,-0.033203125,-0.04296875,-0.076171875,0.0,0.0,0.0
1010789299,807873,0,0.998046875,-0.041015625,0.01171875,-0.029296875,0.0,0.0,0.0
1010790549,807874,0,0.99609375,-0.041015625,0.013671875,-0.02734375,0.0,0.0,0.0
1010791801,807875,0,0.9921875,-0.0390625,0.017578125,-0.021484375,0.0,0.0,0.0
1010793051,807876,0,1.005859375,-0.0390625,0.021484375,-0.017578125,0.0,0.0,0.0
1010794301,807877,0,1.015625,-0.041015625,0.009765625,-0.03125,0.0,0.0,0.0
1010795552,807878,0,1.0,-0.041015625,0.0078125,-0.033203125,0.0,0.0,0.0
1010796803,807879,0,1.0078125,-0.04296875,0.015625,-0.02734375,0.0,0.0,0.0
1010798054,807880,0,1.0078125,-0.041015625,0.0078125,-0.033203125,0.0,0.0,0.0
1010799305,807881,0,1.005859375,-0.03515625,0.01171875,-0.0234375,0.0,0.0,0.0
1010800556,807882,0,1.001953125,-0.029296875,0.013671875,-0.015625,0.0,0.0,0.0
1010801807,807883,0,1.009765625,-0.021484375,0.017578125,-0.00390625,0.0,0.0,0.0
1010803059,807884,0,1.0078125,-0.015625,0.01953125,0.00390625,0.0,0.0,0.0
1010804310,807885,0,1.009765625,-0.005859375,0.021484375,0.015625,0.0,0.0,0.0
1010805560,807886,0,1.00390625,0.0,0.01953125,0.01953125,0.0,0.0,0.0
1010806810,807887,0,1.005859375,0.0,0.01953125,0.01953125,0.0,0.0,0.0
1010808061,807888,0,0.99609375,0.001953125,0.025390625,0.02734375,0.0,0.0,0.0
1010809311,807889,0,1.001953125,0.005859375,0.0234375,0.029296875,0.0,0.0,0.0
1010810563,807890,0,1.00390625,0.00390625,0.017578125,0.021484375,0.0,0.0,0.0
1010811813,807891,0,1.0,-0.001953125,0.015625,0.013671875,0.0,0.0,0.0
1010813065,807892,0,1.00390625,-0.009765625,0.015625,0.005859375,0.0,0.0,0.0
1010814316,807893,0,1.005859375,-0.009765625,0.009765625,0.0,0.0,0.0,0.0
1010815566,807894,0,1.001953125,-0.013671875,0.01953125,0.005859375,0.0,0.0,0.0
1010816817,807895,0,1.009765625,-0.017578125,0.021484375,0.00390625,0.0,0.0,0.0
1010818067,807896,0,1.009765625,-0.0234375,0.01953125,-0.00390625,0.0,0.0,0.0
1010819317,807897,0,1.0078125,-0.015625,0.021484375,0.005859375,0.0,0.0,0.0
1010820567,807898,0,1.013671875,-0.021484375,0.01171875,-0.009765625,0.0,0.0,0.0
1010821818,807899,0,1.00390625,-0.0234375,0.009765625,-0.013671875,0.0,0.0,0.0
1010823070,807900,0,1.0078125,-0.021484375,0.017578125,-0.00390625,0.0,0.0,0.0
1010824321,807901,0,1.001953125,-0.01953125,0.01953125,0.0,0.0,0.0,0.0
1010825571,807902,0,1.00390625,-0.021484375,0.015625,-0.005859375,0.0,0.0,0.0
1010826821,807903,0,1.005859375,-0.017578125,0.017578125,0.0,0.0,0.0,0.0
1010828071,807904,0,1.0,-0.017578125,0.009765625,-0.0078125,0.0,0.0,0.0
1010829322,807905,0,1.00390625,-0.01171875,0.017578125,0.005859375,0.0,0.0,0.0
1010830572,807906,0,1.001953125,-0.01171875,0.015625,0.00390625,0.0,0.0,0.0
1010831823,807907,0,0.998046875,-0.009765625,0.01953125,0.009765625,0.0,0.0,0.0
1010833075,807908,0,1.005859375,-0.01171875,0.017578125,0.005859375,0.0,0.0,0.0
1010834326,807909,0,1.00390625,-0.005859375,0.017578125,0.01171875,0.0,0.0,0.0
1010835577,807910,0,1.0,-0.00390625,0.017578125,0.013671875,0.0,0.0,0.0
1010836829,807911,0,1.0,-0.005859375,0.015625,0.009765625,0.0,0.0,0.0
1010838079,807912,0,1.0,-0.001953125,0.01953125,0.017578125,0.0,0.0,0.0
1010839329,807913,0,0.990234375,-0.01171875,0.021484375,0.009765625,0.0,0.0,0.0
1010840580,807914,0,1.0,-0.01171875,0.0234375,0.01171875,0.0,0.0,0.0
1010841831,807915,0,1.0078125,-0.001953125,0.017578125,0.015625,0.0,0.0,0.0
1010843082,807916,0,1.005859375,-0.013671875,0.015625,0.001953125,0.0,0.0,0.0
1010844333,807917,0,1.0078125,-0.015625,0.02734375,0.01171875,0.0,0.0,0.0
1010845584,807918,0,1.001953125,-0.015625,0.01171875,-0.00390625,0.0,0.0,0.0
1010846835,807919,0,1.0234375,-0.01171875,0.0234375,0.01171875,0.0,0.0,0.0
1010848087,807920,0,1.017578125,-0.01171875,0.033203125,0.021484375,0.0,0.0,0.0
1010849338,807921,0,1.0078125,-0.01171875,0.025390625,0.013671875,0.0,0.0,0.0
1010850590,807922,0,1.0234375,-0.005859375,0.021484375,0.015625,0.0,0.0,0.0
1010851841,807923,0,0.998046875,-0.0078125,0.015625,0.0078125,0.0,0.0,0.0
1010853092,807924,0,1.001953125,-0.0078125,0.01171875,0.00390625,0.0,0.0,0.0
1010854343,807925,0,1.001953125,-0.005859375,0.017578125,0.01171875,0.0,0.0,0.0
1010855595,807926,0,0.99609375,-0.0078125,0.0234375,0.015625,0.0,0.0,0.0
1010856845,807927,0,0.99609375,-0.01171875,0.01953125,0.0078125,0.0,0.0,0.0
1010858097,807928,0,1.00390625,-0.017578125,0.01171875,-0.005859375,0.0,0.0,0.0
1010859348,807929,0,1.001953125,-0.01953125,0.017578125,-0.001953125,0.0,0.0,0.0
1010860600,807930,0,1.005859375,-0.0234375,0.015625,-0.0078125,0.0,0.0,0.0
1010861850,807931,0,1.005859375,-0.03125,0.01953125,-0.01171875,0.0,0.0,0.0
1010863101,807932,0,1.0078125,-0.03125,0.015625,-0.015625,0.0,0.0,0.0
1010864351,807933,0,1.005859375,-0.037109375,0.01171875,-0.025390625,0.0,0.0,0.0
1010865602,807934,0,1.009765625,-0.046875,0.01171875,-0.03515625,0.0,0.0,0.0
1010866853,807935,0,1.00390625,-0.04296875,0.017578125,-0.025390625,0.0,0.0,0.0
1010868104,807936,0,0.994140625,-0.046875,0.015625,-0.03125,0.0,0.0,0.0
1010869355,807937,0,1.0,-0.052734375,0.001953125,-0.05078125,0.0,0.0,0.0
1010870606,807938,0,1.015625,-0.044921875,0.009765625,-0.03515625,0.0,0.0,0.0
1010871857,807939,0,0.99609375,-0.046875,0.021484375,-0.025390625,0.0,0.0,0.0
1010873109,807940,0,1.001953125,-0.048828125,0.017578125,-0.03125,0.0,0.0,0.0
1010874360,807941,0,1.0,-0.05078125,0.009765625,-0.041015625,0.0,0.0,0.0
1010875610,807942,0,1.0078125,-0.044921875,0.015625,-0.029296875,0.0,0.0,0.0
1010876861,807943,0,1.0,-0.041015625,0.01171875,-0.029296875,0.0,0.0,0.0
1010878112,807944,0,1.0,-0.04296875,0.01953125,-0.0234375,0.0,0.0,0.0
1010879362,807945,0,1.005859375,-0.0390625,0.0078125,-0.03125,0.0,0.0,0.0
1010880613,807946,0,1.00390625,-0.03515625,0.021484375,-0.013671875,0.0,0.0,0.0
1010881863,807947,0,1.009765625,-0.03515625,0.015625,-0.01953125,0.0,0.0,0.0
1010883115,807948,0,1.0078125,-0.037109375,0.01953125,-0.017578125,0.0,0.0,0.0
1010884366,807949,0,1.005859375,-0.03515625,0.013671875,-0.021484375,0.0,0.0,0.0
1010885616,807950,0,1.00390625,-0.03125,0.01953125,-0.01171875,0.0,0.0,0.0
1010886867,807951,0,1.001953125,-0.037109375,0.013671875,-0.0234375,0.0,0.0,0.0
1010888117,807952,0,1.005859375,-0.03515625,0.013671875,-0.021484375,0.0,0.0,0.0
1010889367,807953,0,0.998046875,-0.03125,0.013671875,-0.017578125,0.0,0.0,0.0
1010890618,807954,0,0.998046875,-0.033203125,0.01171875,-0.021484375,0.0,0.0,0.0
1010891868,807955,0,1.00390625,-0.03515625,0.013671875,-0.021484375,0.0,0.0,0.0
1010893120,807956,0,1.0,-0.03515625,0.013671875,-0.021484375,0.0,0.0,0.0
1010894371,807957,0,1.00390625,-0.0390625,0.0078125,-0.03125,0.0,0.0,0.0
1010895621,807958,0,1.001953125,-0.03515625,0.015625,-0.01953125,0.0,0.0,0.0
1010896873,807959,0,0.998046875,-0.025390625,0.013671875,-0.01171875,0.0,0.0,0.0
1010898123,807960,0,0.998046875,-0.03515625,0.015625,-0.01953125,0.0,0.0,0.0
1010899373,807961,0,1.005859375,-0.029296875,0.01171875,-0.017578125,0.0,0.0,0.0
1010900623,807962,0,0.99609375,-0.03125,0.005859375,-0.025390625,0.0,0.0,0.0
1010901873,807963,0,1.00390625,-0.025390625,0.0078125,-0.017578125,0.0,0.0,0.0
1010903125,807964,0,1.009765625,-0.025390625,0.015625,-0.009765625,0.0,0.0,0.0
1010904376,807965,0,1.005859375,-0.0234375,0.017578125,-0.005859375,0.0,0.0,0.0
1010905626,807966,0,1.001953125,-0.015625,0.01953125,0.00390625,0.0,0.0,0.0
1010906877,807967,0,1.009765625,-0.017578125,0.017578125,0.0,0.0,0.0,0.0
1010908128,807968,0,0.998046875,-0.013671875,0.0234375,0.009765625,0.0,0.0,0.0
1010909378,807969,0,1.001953125,-0.005859375,0.01953125,0.013671875,0.0,0.0,0.0
1010910629,807970,0,1.00390625,-0.00390625,0.021484375,0.017578125,0.0,0.0,0.0
1010911880,807971,0,1.00390625,0.001953125,0.021484375,0.0234375,0.0,0.0,0.0
1010913131,807972,0,1.00390625,0.0078125,0.017578125,0.025390625,0.0,0.0,0.0
1010914382,807973,0,1.005859375,0.013671875,0.0234375,0.037109375,0.0,0.0,0.0
1010915632,807974,0,1.0,0.013671875,0.0234375,0.037109375,0.0,0.0,0.0
1010916883,807975,0,1.0078125,0.01953125,0.01953125,0.0390625,0.0,0.0,0.0
1010918134,807976,0,1.005859375,0.021484375,0.01953125,0.041015625,0.0,0.0,0.0
1010919384,807977,0,1.0,0.021484375,0.02734375,0.048828125,0.0,0.0,0.0
1010920636,807978,0,1.001953125,0.013671875,0.015625,0.029296875,0.0,0.0,0.0
1010921886,807979,0,1.00390625,0.00390625,0.01953125,0.0234375,0.0,0.0,0.0
1010923137,807980,0,1.015625,-0.00390625,0.01953125,0.015625,0.0,0.0,0.0
1010924388,807981,0,1.00390625,-0.009765625,0.015625,0.005859375,0.0,0.0,0.0
1010925639,807982,0,1.013671875,-0.0078125,0.01953125,0.01171875,0.0,0.0,0.0
1010926889,807983,0,1.01171875,-0.017578125,0.01953125,0.001953125,0.0,0.0,0.0
1010928140,807984,0,1.0078125,-0.0234375,0.009765625,-0.013671875,0.0,0.0,0.0
1010929392,807985,0,1.00390625,-0.033203125,0.015625,-0.017578125,0.0,0.0,0.0
1010930642,807986,0,1.013671875,-0.037109375,0.009765625,-0.02734375,0.0,0.0,0.0
1010931894,807987,0,1.0,-0.0390625,0.01171875,-0.02734375,0.0,0.0,0.0
1010933145,807988,0,1.0078125,-0.037109375,0.009765625,-0.02734375,0.0,0.0,0.0
1010934396,807989,0,1.005859375,-0.037109375,0.009765625,-0.02734375,0.0,0.0,0.0
1010935648,807990,0,1.015625,-0.037109375,0.009765625,-0.02734375,0.0,0.0,0.0
1010936899,807991,0,1.001953125,-0.041015625,0.017578125,-0.0234375,0.0,0.0,0.0
1010938150,807992,0,1.001953125,-0.041015625,0.009765625,-0.03125,0.0,0.0,0.0
1010939400,807993,0,1.00390625,-0.0390625,0.0078125,-0.03125,0.0,0.0,0.0
1010940651,807994,0,1.001953125,-0.041015625,0.01171875,-0.029296875,0.0,0.0,0.0
1010941902,807995,0,1.009765625,-0.03515625,0.017578125,-0.017578125,0.0,0.0,0.0
1010943152,807996,0,0.998046875,-0.03515625,0.0078125,-0.02734375,0.0,0.0,0.0
1010944402,807997,0,1.0,-0.037109375,0.009765625,-0.02734375,0.0,0.0,0.0
1010945654,807998,0,1.005859375,-0.037109375,0.013671875,-0.0234375,0.0,0.0,0.0
1010946904,807999,0,1.001953125,-0.037109375,0.01171875,-0.025390625,0.0,0.0,0.0
1010948154,808000,0,0.998046875,-0.033203125,0.01171875,-0.021484375,0.0,0.0,0.0
1010949405,808001,0,1.0078125,-0.037109375,0.009765625,-0.02734375,0.0,0.0,0.0
1010950655,808002,0,1.001953125,-0.033203125,0.017578125,-0.015625,0.0,0.0,0.0
1010951906,808003,0,1.009765625,-0.037109375,0.017578125,-0.01953125,0.0,0.0,0.0
1010953157,808004,0,1.0,-0.033203125,0.0078125,-0.025390625,0.0,0.0,0.0
1010954408,808005,0,1.00390625,-0.02734375,0.01953125,-0.0078125,0.0,0.0,0.0
1010955659,808006,0,1.0,-0.02734375,0.01953125,-0.0078125,0.0,0.0,0.0
1010956911,808007,0,1.00390625,-0.025390625,0.015625,-0.009765625,0.0,0.0,0.0
1010958162,808008,0,1.005859375,-0.021484375,0.009765625,-0.01171875,0.0,0.0,0.0
1010959414,808009,0,1.0078125,-0.017578125,0.009765625,-0.0078125,0.0,0.0,0.0
1010960664,808010,0,1.00390625,-0.017578125,0.01171875,-0.005859375,0.0,0.0,0.0
1010961916,808011,0,1.0,-0.01953125,0.0078125,-0.01171875,0.0,0.0,0.0
1010963167,808012,0,0.998046875,-0.021484375,0.01171875,-0.009765625,0.0,0.0,0.0
1010964417,808013,0,1.005859375,-0.021484375,0.017578125,-0.00390625,0.0,0.0,0.0
1010965668,808014,0,1.001953125,-0.03125,0.0078125,-0.0234375,0.0,0.0,0.0
1010966919,808015,0,1.00390625,-0.025390625,0.015625,-0.009765625,0.0,0.0,0.0
1010968170,808016,0,0.998046875,-0.03515625,0.015625,-0.01953125,0.0,0.0,0.0
1010969421,808017,0,1.0078125,-0.0390625,0.017578125,-0.021484375,0.0,0.0,0.0
1010970672,808018,0,1.0078125,-0.0390625,0.01171875,-0.02734375,0.0,0.0,0.0
1010971922,808019,0,1.0078125,-0.044921875,0.015625,-0.029296875,0.0,0.0,0.0
1010973173,808020,0,0.994140625,-0.046875,0.009765625,-0.037109375,0.0,0.0,0.0
1010974425,808021,0,1.001953125,-0.052734375,0.01171875,-0.041015625,0.0,0.0,0.0
1010975675,808022,0,1.0,-0.046875,0.013671875,-0.033203125,0.0,0.0,0.0
1010976927,808023,0,1.001953125,-0.044921875,0.015625,-0.029296875,0.0,0.0,0.0
1010978177,808024,0,1.00390625,-0.048828125,0.017578125,-0.03125,0.0,0.0,0.0
1010979429,808025,0,1.00390625,-0.04296875,0.00390625,-0.0390625,0.0,0.0,0.0
1010980680,808026,0,1.01171875,-0.041015625,0.021484375,-0.01953125,0.0,0.0,0.0
1010981930,808027,0,1.009765625,-0.033203125,0.01171875,-0.021484375,0.0,0.0,0.0
1010983180,808028,0,1.009765625,-0.037109375,0.009765625,-0.02734375,0.0,0.0,0.0
1010984431,808029,0,1.00390625,-0.037109375,0.021484375,-0.015625,0.0,0.0,0.0
1010985682,808030,0,1.0078125,-0.037109375,0.021484375,-0.015625,0.0,0.0,0.0
1010986933,808031,0,1.005859375,-0.033203125,0.017578125,-0.015625,0.0,0.0,0.0
1010988184,808032,0,0.99609375,-0.03515625,0.0078125,-0.02734375,0.0,0.0,0.0
1010989434,808033,0,0.994140625,-0.025390625,0.01171875,-0.013671875,0.0,0.0,0.0
1010990685,808034,0,1.001953125,-0.029296875,0.017578125,-0.01171875,0.0,0.0,0.0
1010991936,808035,0,0.998046875,-0.037109375,0.015625,-0.021484375,0.0,0.0,0.0
1010993188,808036,0,1.001953125,-0.033203125,0.017578125,-0.015625,0.0,0.0,0.0
1010994439,808037,0,0.998046875,-0.03515625,0.017578125,-0.017578125,0.0,0.0,0.0
1010995690,808038,0,1.001953125,-0.037109375,0.017578125,-0.01953125,0.0,0.0,0.0
1010996941,808039,0,1.0078125,-0.03515625,0.01171875,-0.0234375,0.0,0.0,0.0
1010998192,808040,0,1.005859375,-0.03125,0.01953125,-0.01171875,0.0,0.0,0.0
1010999443,808041,0,1.013671875,-0.02734375,0.0234375,-0.00390625,0.0,0.0,0.0
1011000695,808042,0,1.015625,-0.029296875,0.021484375,-0.0078125,0.0,0.0,0.0
1011001945,808043,0,1.0078125,-0.02734375,0.0078125,-0.01953125,0.0,0.0,0.0
1011003195,808044,0,1.0078125,-0.029296875,0.01171875,-0.017578125,0.0,0.0,0.0
1011004447,808045,0,1.009765625,-0.02734375,0.01953125,-0.0078125,0.0,0.0,0.0
1011005697,808046,0,0.9921875,-0.021484375,0.01953125,-0.001953125,0.0,0.0,0.0
1011006949,808047,0,1.00390625,-0.01953125,0.01953125,0.0,0.0,0.0,0.0
1011008200,808048,0,1.00390625,-0.01953125,0.015625,-0.00390625,0.0,0.0,0.0
1011009452,808049,0,0.99609375,-0.021484375,0.009765625,-0.01171875,0.0,0.0,0.0
1011010702,808050,0,1.0078125,-0.01953125,0.017578125,-0.001953125,0.0,0.0,0.0
1011011954,808051,0,1.0078125,-0.021484375,0.015625,-0.005859375,0.0,0.0,0.0
1011013205,808052,0,1.005859375,-0.01953125,0.009765625,-0.009765625,0.0,0.0,0.0
1011014456,808053,0,1.00390625,-0.015625,0.01953125,0.00390625,0.0,0.0,0.0
1011015708,808054,0,1.0078125,-0.025390625,0.017578125,-0.0078125,0.0,0.0,0.0
1011016958,808055,0,1.0078125,-0.01953125,0.01953125,0.0,0.0,0.0,0.0
1011018209,808056,0,1.009765625,-0.021484375,0.015625,-0.005859375,0.0,0.0,0.0
1011019459,808057,0,1.0,-0.01953125,0.013671875,-0.005859375,0.0,0.0,0.0
1011020710,808058,0,0.998046875,-0.017578125,0.021484375,0.00390625,0.0,0.0,0.0
1011021961,808059,0,1.001953125,-0.015625,0.017578125,0.001953125,0.0,0.0,0.0
1011023212,808060,0,0.998046875,-0.0078125,0.013671875,0.005859375,0.0,0.0,0.0
1011024463,808061,0,1.0078125,-0.009765625,0.017578125,0.0078125,0.0,0.0,0.0
1011025713,808062,0,1.013671875,-0.005859375,0.017578125,0.01171875,0.0,0.0,0.0
1011026965,808063,0,1.005859375,0.0,0.02734375,0.02734375,0.0,0.0,0.0
1011028216,808064,0,0.994140625,0.005859375,0.017578125,0.0234375,0.0,0.0,0.0
1011029468,808065,0,0.998046875,0.0,0.021484375,0.021484375,0.0,0.0,0.0
1011030719,808066,0,0.998046875,0.0,0.0234375,0.0234375,0.0,0.0,0.0
1011031969,808067,0,0.99609375,0.001953125,0.013671875,0.015625,0.0,0.0,0.0
1011033221,808068,0,1.00390625,-0.009765625,0.013671875,0.00390625,0.0,0.0,0.0
1011034471,808069,0,1.001953125,0.01171875,0.013671875,0.025390625,0.0,0.0,0.0
1011035721,808070,0,1.009765625,0.00390625,0.013671875,0.017578125,0.0,0.0,0.0
1011036972,808071,0,1.0078125,0.0,0.0234375,0.0234375,0.0,0.0,0.0
1011038224,808072,0,1.0078125,-0.005859375,0.021484375,0.015625,0.0,0.0,0.0
1011039474,808073,0,1.001953125,-0.00390625,0.021484375,0.017578125,0.0,0.0,0.0
1011040724,808074,0,1.0,-0.005859375,0.0234375,0.017578125,0.0,0.0,0.0
1011041976,808075,0,1.00390625,-0.01171875,0.013671875,0.001953125,0.0,0.0,0.0
1011043226,808076,0,1.0,-0.017578125,0.01953125,0.001953125,0.0,0.0,0.0
1011044476,808077,0,1.0078125,-0.021484375,0.015625,-0.005859375,0.0,0.0,0.0
1011045728,808078,0,1.0078125,-0.021484375,0.017578125,-0.00390625,0.0,0.0,0.0
1011046978,808079,0,1.0078125,-0.02734375,0.017578125,-0.009765625,0.0,0.0,0.0
1011048230,808080,0,1.005859375,-0.033203125,0.015625,-0.017578125,0.0,0.0,0.0
1011049481,808081,0,1.005859375,-0.03515625,0.009765625,-0.025390625,0.0,0.0,0.0
1011050732,808082,0,1.001953125,-0.037109375,0.01171875,-0.025390625,0.0,0.0,0.0
1011051983,808083,0,0.99609375,-0.0390625,0.01171875,-0.02734375,0.0,0.0,0.0
1011053235,808084,0,1.00390625,-0.05078125,0.015625,-0.03515625,0.0,0.0,0.0
1011054485,808085,0,1.0,-0.0390625,0.015625,-0.0234375,0.0,0.0,0.0
1011055736,808086,0,0.994140625,-0.044921875,0.017578125,-0.02734375,0.0,0.0,0.0
1011056987,808087,0,1.001953125,-0.04296875,0.015625,-0.02734375,0.0,0.0,0.0
1011058237,808088,0,1.00390625,-0.04296875,0.005859375,-0.037109375,0.0,0.0,0.0
1011059488,808089,0,1.001953125,-0.046875,0.0234375,-0.0234375,0.0,0.0,0.0
1011060738,808090,0,1.0,-0.044921875,0.015625,-0.029296875,0.0,0.0,0.0
1011061989,808091,0,0.998046875,-0.0390625,0.0078125,-0.03125,0.0,0.0,0.0
1011063239,808092,0,1.00390625,-0.0390625,0.005859375,-0.033203125,0.0,0.0,0.0
1011064490,808093,0,1.0,-0.04296875,0.01171875,-0.03125,0.0,0.0,0.0
1011065741,808094,0,0.998046875,-0.03515625,0.009765625,-0.025390625,0.0,0.0,0.0
1011066991,808095,0,1.001953125,-0.03515625,0.015625,-0.01953125,0.0,0.0,0.0
1011068242,808096,0,1.00390625,-0.0390625,0.01171875,-0.02734375,0.0,0.0,0.0
1011069493,808097,0,1.001953125,-0.037109375,0.017578125,-0.01953125,0.0,0.0,0.0
1011070745,808098,0,1.001953125,-0.03515625,0.013671875,-0.021484375,0.0,0.0,0.0
1011071995,808099,0,1.00390625,-0.03515625,0.015625,-0.01953125,0.0,0.0,0.0
1011073247,808100,0,1.00390625,-0.03515625,0.009765625,-0.025390625,0.0,0.0,0.0
1011074498,808101,0,1.005859375,-0.03125,0.013671875,-0.017578125,0.0,0.0,0.0
1011075749,808102,0,1.005859375,-0.037109375,0.013671875,-0.0234375,0.0,0.0,0.0
1011077000,808103,0,1.001953125,-0.0390625,0.01953125,-0.01953125,0.0,0.0,0.0
1011078250,808104,0,1.005859375,-0.033203125,0.013671875,-0.01953125,0.0,0.0,0.0
1011079501,808105,0,1.00390625,-0.03125,0.013671875,-0.017578125,0.0,0.0,0.0
1011080752,808106,0,1.005859375,-0.037109375,0.017578125,-0.01953125,0.0,0.0,0.0
1011082003,808107,0,1.0,-0.03125,0.009765625,-0.021484375,0.0,0.0,0.0
1011083254,808108,0,0.998046875,-0.029296875,0.013671875,-0.015625,0.0,0.0,0.0
1011084504,808109,0,0.998046875,-0.025390625,0.017578125,-0.0078125,0.0,0.0,0.0
1011085755,808110,0,1.005859375,-0.029296875,0.0234375,-0.005859375,0.0,0.0,0.0
1011087006,808111,0,1.001953125,-0.0234375,0.009765625,-0.013671875,0.0,0.0,0.0
1011088257,808112,0,1.00390625,-0.029296875,0.017578125,-0.01171875,0.0,0.0,0.0
1011089508,808113,0,1.01171875,-0.033203125,0.009765625,-0.0234375,0.0,0.0,0.0
1011090760,808114,0,1.001953125,-0.033203125,0.009765625,-0.0234375,0.0,0.0,0.0
1011092010,808115,0,1.0,-0.03515625,0.017578125,-0.017578125,0.0,0.0,0.0
1011093261,808116,0,1.005859375,-0.037109375,0.021484375,-0.015625,0.0,0.0,0.0
1011094513,808117,0,1.005859375,-0.0390625,0.01953125,-0.01953125,0.0,0.0,0.0
1011095763,808118,0,1.009765625,-0.0390625,0.01171875,-0.02734375,0.0,0.0,0.0
1011097014,808119,0,1.0078125,-0.0390625,0.013671875,-0.025390625,0.0,0.0,0.0
1011098271,808120,0,1.001953125,-0.04296875,0.009765625,-0.033203125,0.0,0.0,0.0
1011099522,808121,0,1.005859375,-0.048828125,0.01171875,-0.037109375,0.0,0.0,0.0
1011100774,808122,0,1.001953125,-0.046875,0.01171875,-0.03515625,0.0,0.0,0.0
1011102024,808123,0,1.00390625,-0.046875,0.015625,-0.03125,0.0,0.0,0.0
1011103275,808124,0,1.005859375,-0.05078125,0.00390625,-0.046875,0.0,0.0,0.0
1011104527,808125,0,1.00390625,-0.044921875,0.01171875,-0.033203125,0.0,0.0,0.0
1011105778,808126,0,1.001953125,-0.044921875,0.0078125,-0.037109375,0.0,0.0,0.0
1011107028,808127,0,1.005859375,-0.046875,0.009765625,-0.037109375,0.0,0.0,0.0
1011108278,808128,0,0.994140625,-0.046875,0.013671875,-0.033203125,0.0,0.0,0.0
1011109528,808129,0,0.990234375,-0.041015625,0.013671875,-0.02734375,0.0,0.0,0.0
1011110780,808130,0,1.0,-0.041015625,0.017578125,-0.0234375,0.0,0.0,0.0
1011112031,808131,0,0.998046875,-0.04296875,0.0078125,-0.03515625,0.0,0.0,0.0
1011113282,808132,0,1.001953125,-0.041015625,0.009765625,-0.03125,0.0,0.0,0.0
1011114533,808133,0,1.00390625,-0.03515625,0.017578125,-0.017578125,0.0,0.0,0.0
1011115784,808134,0,1.0,-0.037109375,0.009765625,-0.02734375,0.0,0.0,0.0
1011117034,808135,0,1.005859375,-0.037109375,0.01953125,-0.017578125,0.0,0.0,0.0
1011118284,808136,0,1.005859375,-0.03125,0.009765625,-0.021484375,0.0,0.0,0.0
1011119536,808137,0,1.001953125,-0.03125,0.0078125,-0.0234375,0.0,0.0,0.0
1011120787,808138,0,1.0078125,-0.033203125,0.013671875,-0.01953125,0.0,0.0,0.0
1011122038,808139,0,1.00390625,-0.029296875,0.013671875,-0.015625,0.0,0.0,0.0
1011123288,808140,0,1.001953125,-0.029296875,0.013671875,-0.015625,0.0,0.0,0.0
1011124539,808141,0,1.005859375,-0.025390625,0.01953125,-0.005859375,0.0,0.0,0.0
1011125790,808142,0,1.0,-0.021484375,0.021484375,0.0,0.0,0.0,0.0
1011127040,808143,0,1.00390625,-0.017578125,0.01953125,0.001953125,0.0,0.0,0.0
1011128290,808144,0,1.005859375,-0.021484375,0.021484375,0.0,0.0,0.0,0.0
1011129542,808145,0,1.005859375,-0.01953125,0.013671875,-0.005859375,0.0,0.0,0.0
1011130793,808146,0,0.998046875,-0.01171875,0.01953125,0.0078125,0.0,0.0,0.0
1011132044,808147,0,1.00390625,-0.00390625,0.013671875,0.009765625,0.0,0.0,0.0
1011133295,808148,0,1.0078125,-0.00390625,0.021484375,0.017578125,0.0,0.0,0.0
1011134546,808149,0,0.99609375,-0.00390625,0.025390625,0.021484375,0.0,0.0,0.0
1011135796,808150,0,1.001953125,0.0,0.0234375,0.0234375,0.0,0.0,0.0
1011137048,808151,0,1.005859375,-0.001953125,0.013671875,0.01171875,0.0,0.0,0.0
1011138299,808152,0,1.005859375,0.001953125,0.0234375,0.025390625,0.0,0.0,0.0
1011139549,808153,0,0.998046875,-0.001953125,0.0234375,0.021484375,0.0,0.0,0.0
1011140801,808154,0,1.005859375,-0.00390625,0.021484375,0.017578125,0.0,0.0,0.0
1011142051,808155,0,1.001953125,-0.0078125,0.01953125,0.01171875,0.0,0.0,0.0
1011143301,808156,0,1.0,-0.005859375,0.01953125,0.013671875,0.0,0.0,0.0
1011144552,808157,0,1.013671875,-0.009765625,0.017578125,0.0078125,0.0,0.0,0.0
1011145803,808158,0,1.005859375,-0.0078125,0.01953125,0.01171875,0.0,0.0,0.0
1011147054,808159,0,1.009765625,-0.005859375,0.01953125,0.013671875,0.0,0.0,0.0
1011148305,808160,0,1.009765625,-0.005859375,0.017578125,0.01171875,0.0,0.0,0.0
1011149556,808161,0,1.0,-0.009765625,0.021484375,0.01171875,0.0,0.0,0.0
1011150807,808162,0,1.001953125,-0.00390625,0.017578125,0.013671875,0.0,0.0,0.0
1011152059,808163,0,1.005859375,-0.0078125,0.021484375,0.013671875,0.0,0.0,0.0
1011153310,808164,0,1.005859375,-0.0078125,0.015625,0.0078125,0.0,0.0,0.0
1011154560,808165,0,1.00390625,-0.0078125,0.013671875,0.005859375,0.0,0.0,0.0
1011155810,808166,0,1.001953125,-0.01171875,0.017578125,0.005859375,0.0,0.0,0.0
1011157061,808167,0,1.0,-0.013671875,0.021484375,0.0078125,0.0,0.0,0.0
1011158311,808168,0,1.00390625,-0.0234375,0.01171875,-0.01171875,0.0,0.0,0.0
1011159563,808169,0,0.99609375,-0.025390625,0.01953125,-0.005859375,0.0,0.0,0.0
1011160813,808170,0,1.005859375,-0.0234375,0.015625,-0.0078125,0.0,0.0,0.0
1011162065,808171,0,1.01171875,-0.0234375,0.013671875,-0.009765625,0.0,0.0,0.0
1011163316,808172,0,1.0078125,-0.025390625,0.015625,-0.009765625,0.0,0.0,0.0
1011164566,808173,0,1.001953125,-0.025390625,0.013671875,-0.01171875,0.0,0.0,0.0
1011165817,808174,0,1.0,-0.033203125,0.015625,-0.017578125,0.0,0.0,0.0
1011167067,808175,0,1.0078125,-0.037109375,0.017578125,-0.01953125,0.0,0.0,0.0
1011168317,808176,0,1.0078125,-0.041015625,0.013671875,-0.02734375,0.0,0.0,0.0
1011169567,808177,0,1.00390625,-0.033203125,0.015625,-0.017578125,0.0,0.0,0.0
1011170818,808178,0,1.001953125,-0.03515625,0.0078125,-0.02734375,0.0,0.0,0.0
1011172070,808179,0,1.005859375,-0.033203125,0.017578125,-0.015625,0.0,0.0,0.0
1011173321,808180,0,1.001953125,-0.02734375,0.017578125,-0.009765625,0.0,0.0,0.0
1011174571,808181,0,1.001953125,-0.025390625,0.021484375,-0.00390625,0.0,0.0,0.0
1011175821,808182,0,0.998046875,-0.01953125,0.015625,-0.00390625,0.0,0.0,0.0
1011177071,808183,0,1.001953125,-0.015625,0.01171875,-0.00390625,0.0,0.0,0.0
1011178322,808184,0,1.005859375,-0.01171875,0.015625,0.00390625,0.0,0.0,0.0
1011179572,808185,0,1.00390625,-0.005859375,0.01953125,0.013671875,0.0,0.0,0.0
1011180823,808186,0,1.009765625,0.0,0.01171875,0.01171875,0.0,0.0,0.0
1011182075,808187,0,1.001953125,0.00390625,0.01953125,0.0234375,0.0,0.0,0.0
1011183326,808188,0,1.001953125,0.00390625,0.015625,0.01953125,0.0,0.0,0.0
1011184577,808189,0,1.009765625,0.009765625,0.021484375,0.03125,0.0,0.0,0.0
1011185829,808190,0,1.001953125,0.00390625,0.01953125,0.0234375,0.0,0.0,0.0
1011187079,808191,0,1.005859375,0.0078125,0.017578125,0.025390625,0.0,0.0,0.0
1011188329,808192,0,1.0,0.001953125,0.01953125,0.021484375,0.0,0.0,0.0
1011189580,808193,0,1.005859375,-0.001953125,0.021484375,0.01953125,0.0,0.0,0.0
1011190831,808194,0,1.0078125,-0.00390625,0.021484375,0.017578125,0.0,0.0,0.0
1011192082,808195,0,1.005859375,-0.005859375,0.017578125,0.01171875,0.0,0.0,0.0
1011193333,808196,0,0.99609375,-0.015625,0.017578125,0.001953125,0.0,0.0,0.0
1011194584,808197,0,1.0078125,-0.01953125,0.021484375,0.001953125,0.0,0.0,0.0
1011195835,808198,0,1.00390625,-0.021484375,0.015625,-0.005859375,0.0,0.0,0.0
1011197087,808199,0,1.009765625,-0.0234375,0.015625,-0.0078125,0.0,0.0,0.0
1011198338,808200,0,1.00390625,-0.029296875,0.009765625,-0.01953125,0.0,0.0,0.0
1011199590,808201,0,1.001953125,-0.025390625,0.01953125,-0.005859375,0.0,0.0,0.0
1011200841,808202,0,1.005859375,-0.029296875,0.013671875,-0.015625,0.0,0.0,0.0
1011202092,808203,0,1.001953125,-0.0234375,0.017578125,-0.005859375,0.0,0.0,0.0
1011203343,808204,0,1.0078125,-0.01953125,0.013671875,-0.005859375,0.0,0.0,0.0
1011204595,808205,0,1.005859375,-0.017578125,0.015625,-0.001953125,0.0,0.0,0.0
1011205845,808206,0,1.00390625,-0.0234375,0.013671875,-0.009765625,0.0,0.0,0.0
1011207097,808207,0,1.0078125,-0.017578125,0.015625,-0.001953125,0.0,0.0,0.0
1011208348,808208,0,1.005859375,-0.021484375,0.013671875,-0.0078125,0.0,0.0,0.0
1011209600,808209,0,1.0078125,-0.021484375,0.015625,-0.005859375,0.0,0.0,0.0
1011210850,808210,0,1.00390625,-0.017578125,0.013671875,-0.00390625,0.0,0.0,0.0
1011212101,808211,0,1.005859375,-0.021484375,0.01171875,-0.009765625,0.0,0.0,0.0
1011213351,808212,0,1.00390625,-0.021484375,0.01171875,-0.009765625,0.0,0.0,0.0
1011214602,808213,0,0.994140625,-0.0234375,0.015625,-0.0078125,0.0,0.0,0.0
1011215853,808214,0,0.998046875,-0.01953125,0.015625,-0.00390625,0.0,0.0,0.0
1011217104,808215,0,1.001953125,-0.0234375,0.013671875,-0.009765625,0.0,0.0,0.0
1011218355,808216,0,0.99609375,-0.01953125,0.0078125,-0.01171875,0.0,0.0,0.0
1011219606,808217,0,1.001953125,-0.01953125,0.013671875,-0.005859375,0.0,0.0,0.0
1011220857,808218,0,0.994140625,-0.017578125,0.015625,-0.001953125,0.0,0.0,0.0
1011222109,808219,0,1.0078125,-0.013671875,0.017578125,0.00390625,0.0,0.0,0.0
1011223360,808220,0,1.001953125,-0.01953125,0.015625,-0.00390625,0.0,0.0,0.0
1011224610,808221,0,1.0078125,-0.015625,0.017578125,0.001953125,0.0,0.0,0.0
1011225861,808222,0,1.001953125,-0.015625,0.01171875,-0.00390625,0.0,0.0,0.0
1011227112,808223,0,1.0078125,-0.015625,0.017578125,0.001953125,0.0,0.0,0.0
1011228362,808224,0,1.001953125,-0.01171875,0.013671875,0.001953125,0.0,0.0,0.0
1011229613,808225,0,1.001953125,-0.01171875,0.017578125,0.005859375,0.0,0.0,0.0
1011230863,808226,0,0.998046875,-0.01171875,0.017578125,0.005859375,0.0,0.0,0.0
1011232115,808227,0,1.0,-0.01171875,0.013671875,0.001953125,0.0,0.0,0.0
1011233366,808228,0,1.005859375,-0.0078125,0.017578125,0.009765625,0.0,0.0,0.0
1011234616,808229,0,1.0,-0.009765625,0.017578125,0.0078125,0.0,0.0,0.0
1011235867,808230,0,0.99609375,-0.013671875,0.01953125,0.005859375,0.0,0.0,0.0
1011237117,808231,0,0.99609375,-0.017578125,0.01171875,-0.005859375,0.0,0.0,0.0
1011238367,808232,0,0.9921875,-0.013671875,0.015625,0.001953125,0.0,0.0,0.0
1011239618,808233,0,0.998046875,-0.021484375,0.015625,-0.005859375,0.0,0.0,0.0
1011240868,808234,0,1.01171875,-0.01953125,0.021484375,0.001953125,0.0,0.0,0.0
1011242120,808235,0,1.03515625,-0.01953125,0.033203125,0.013671875,0.0,0.0,0.0
1011243371,808236,0,1.037109375,-0.013671875,0.01171875,-0.001953125,0.0,0.0,0.0
1011244621,808237,0,1.025390625,-0.0234375,0.009765625,-0.013671875,0.0,0.0,0.0
1011245873,808238,0,1.005859375,-0.025390625,0.03125,0.005859375,0.0,0.0,0.0
1011247123,808239,0,1.01171875,-0.03515625,0.017578125,-0.017578125,0.0,0.0,0.0
1011248373,808240,0,1.02734375,-0.046875,0.02734375,-0.01953125,0.0,0.0,0.0
1011249623,808241,0,1.03125,-0.0625,0.029296875,-0.033203125,0.0,0.0,0.0
1011250873,808242,0,1.076171875,-0.109375,0.064453125,-0.044921875,0.0,0.0,0.0
1011252125,808243,0,1.09765625,-0.1171875,0.01953125,-0.09765625,0.0,0.0,0.0
1011253376,808244,0,1.046875,-0.146484375,-0.0234375,-0.169921875,0.0,0.0,0.0
1011254626,808245,0,0.998046875,-0.138671875,-0.029296875,-0.16796875,0.0,0.0,0.0
1011255877,808246,0,0.953125,-0.111328125,-0.03125,-0.142578125,0.0,0.0,0.0
1011257128,808247,0,0.91796875,-0.12109375,-0.03125,-0.15234375,0.0,0.0,0.0
1011258378,808248,0,0.923828125,-0.1015625,-0.013671875,-0.115234375,0.0,0.0,0.0
1011259629,808249,0,0.955078125,-0.087890625,-0.00390625,-0.091796875,0.0,0.0,0.0
1011260880,808250,0,0.970703125,-0.080078125,0.001953125,-0.078125,0.0,0.0,0.0
1011262131,808251,0,0.994140625,-0.05078125,0.0078125,-0.04296875,0.0,0.0,0.0
1011263382,808252,0,1.0078125,-0.033203125,0.015625,-0.017578125,0.0,0.0,0.0
1011264632,808253,0,1.017578125,-0.015625,0.015625,0.0,0.0,0.0,0.0
1011265883,808254,0,1.017578125,-0.001953125,0.029296875,0.02734375,0.0,0.0,0.0
1011267134,808255,0,1.037109375,0.009765625,0.0234375,0.033203125,0.0,0.0,0.0
1011268384,808256,0,1.03125,0.00390625,0.03515625,0.0390625,0.0,0.0,0.0
1011269636,808257,0,1.03125,0.00390625,0.025390625,0.029296875,0.0,0.0,0.0
1011270886,808258,0,1.03125,-0.005859375,0.025390625,0.01953125,0.0,0.0,0.0
1011272137,808259,0,1.017578125,-0.01171875,0.0234375,0.01171875,0.0,0.0,0.0
1011273388,808260,0,1.00390625,-0.029296875,0.013671875,-0.015625,0.0,0.0,0.0
1011274639,808261,0,0.994140625,-0.03515625,0.017578125,-0.017578125,0.0,0.0,0.0
1011275889,808262,0,0.994140625,-0.033203125,0.015625,-0.017578125,0.0,0.0,0.0
1011277140,808263,0,0.998046875,-0.037109375,0.0078125,-0.029296875,0.0,0.0,0.0
1011278392,808264,0,1.0,-0.03515625,0.013671875,-0.021484375,0.0,0.0,0.0
1011279642,808265,0,1.00390625,-0.033203125,0.017578125,-0.015625,0.0,0.0,0.0
1011280894,808266,0,1.001953125,-0.025390625,0.01953125,-0.005859375,0.0,0.0,0.0
1011282145,808267,0,0.99609375,-0.01953125,0.017578125,-0.001953125,0.0,0.0,0.0
1011283396,808268,0,0.99609375,-0.021484375,0.01953125,-0.001953125,0.0,0.0,0.0
1011284648,808269,0,1.005859375,-0.0234375,0.017578125,-0.005859375,0.0,0.0,0.0
1011285899,808270,0,1.017578125,-0.021484375,0.021484375,0.0,0.0,0.0,0.0
1011287150,808271,0,1.015625,-0.0234375,0.021484375,-0.001953125,0.0,0.0,0.0
1011288400,808272,0,1.01171875,-0.025390625,0.017578125,-0.0078125,0.0,0.0,0.0
1011289651,808273,0,1.00390625,-0.021484375,0.015625,-0.005859375,0.0,0.0,0.0
1011290902,808274,0,1.001953125,-0.03125,0.021484375,-0.009765625,0.0,0.0,0.0
1011292152,808275,0,0.998046875,-0.0234375,0.013671875,-0.009765625,0.0,0.0,0.0
1011293402,808276,0,0.994140625,-0.02734375,0.01953125,-0.0078125,0.0,0.0,0.0
1011294654,808277,0,1.001953125,-0.0234375,0.01953125,-0.00390625,0.0,0.0,0.0
1011295904,808278,0,1.00390625,-0.029296875,0.015625,-0.013671875,0.0,0.0,0.0
1011297154,808279,0,1.0078125,-0.03125,0.01171875,-0.01953125,0.0,0.0,0.0
1011298405,808280,0,1.017578125,-0.025390625,0.017578125,-0.0078125,0.0,0.0,0.0
1011299655,808281,0,1.0,-0.021484375,0.01953125,-0.001953125,0.0,0.0,0.0
1011300906,808282,0,1.0078125,-0.025390625,0.021484375,-0.00390625,0.0,0.0,0.0
1011302157,808283,0,0.99609375,-0.021484375,0.01953125,-0.001953125,0.0,0.0,0.0
1011303408,808284,0,1.0078125,-0.025390625,0.015625,-0.009765625,0.0,0.0,0.0
1011304659,808285,0,1.0078125,-0.01953125,0.021484375,0.001953125,0.0,0.0,0.0
1011305911,808286,0,1.00390625,-0.01953125,0.015625,-0.00390625,0.0,0.0,0.0
1011307162,808287,0,1.00390625,-0.0234375,0.021484375,-0.001953125,0.0,0.0,0.0
1011308414,808288,0,1.0078125,-0.0234375,0.021484375,-0.001953125,0.0,0.0,0.0
1011309664,808289,0,1.0,-0.03125,0.0234375,-0.0078125,0.0,0.0,0.0
1011310916,808290,0,1.001953125,-0.03125,0.021484375,-0.009765625,0.0,0.0,0.0
1011312167,808291,0,0.994140625,-0.029296875,0.01953125,-0.009765625,0.0,0.0,0.0
1011313417,808292,0,0.994140625,-0.02734375,0.01953125,-0.0078125,0.0,0.0,0.0
1011314668,808293,0,0.998046875,-0.029296875,0.01953125,-0.009765625,0.0,0.0,0.0
1011315919,808294,0,1.001953125,-0.03125,0.01953125,-0.01171875,0.0,0.0,0.0
1011317170,808295,0,1.00390625,-0.029296875,0.015625,-0.013671875,0.0,0.0,0.0
1011318421,808296,0,0.99609375,-0.029296875,0.01171875,-0.017578125,0.0,0.0,0.0
1011319672,808297,0,0.99609375,-0.025390625,0.017578125,-0.0078125,0.0,0.0,0.0
1011320922,808298,0,0.998046875,-0.025390625,0.0078125,-0.017578125,0.0,0.0,0.0
1011322173,808299,0,0.9921875,-0.02734375,0.01953125,-0.0078125,0.0,0.0,0.0
1011323425,808300,0,1.00390625,-0.0234375,0.021484375,-0.001953125,0.0,0.0,0.0
1011324675,808301,0,1.001953125,-0.021484375,0.0234375,0.001953125,0.0,0.0,0.0
1011325927,808302,0,1.005859375,-0.021484375,0.017578125,-0.00390625,0.0,0.0,0.0
1011327177,808303,0,1.001953125,-0.01953125,0.01953125,0.0,0.0,0.0,0.0
1011328429,808304,0,1.0078125,-0.01953125,0.01953125,0.0,0.0,0.0,0.0
1011329680,808305,0,1.001953125,-0.0234375,0.017578125,-0.005859375,0.0,0.0,0.0
1011330930,808306,0,1.0078125,-0.025390625,0.017578125,-0.0078125,0.0,0.0,0.0
1011332180,808307,0,1.005859375,-0.02734375,0.015625,-0.01171875,0.0,0.0,0.0
1011333431,808308,0,1.00390625,-0.02734375,0.017578125,-0.009765625,0.0,0.0,0.0
1011334682,808309,0,1.0,-0.025390625,0.0234375,-0.001953125,0.0,0.0,0.0
1011335933,808310,0,1.001953125,-0.029296875,0.01953125,-0.009765625,0.0,0.0,0.0
1011337184,808311,0,0.998046875,-0.029296875,0.015625,-0.013671875,0.0,0.0,0.0
1011338434,808312,0,0.998046875,-0.033203125,0.01953125,-0.013671875,0.0,0.0,0.0
1011339685,808313,0,0.99609375,-0.03125,0.021484375,-0.009765625,0.0,0.0,0.0
1011340936,808314,0,0.998046875,-0.029296875,0.015625,-0.013671875,0.0,0.0,0.0
1011342188,808315,0,1.005859375,-0.03515625,0.021484375,-0.013671875,0.0,0.0,0.0
1011343439,808316,0,0.998046875,-0.03125,0.0234375,-0.0078125,0.0,0.0,0.0
1011344690,808317,0,1.00390625,-0.0234375,0.021484375,-0.001953125,0.0,0.0,0.0
1011345941,808318,0,1.01171875,-0.025390625,0.025390625,0.0,0.0,0.0,0.0
1011347192,808319,0,1.01953125,-0.0234375,0.029296875,0.005859375,0.0,0.0,0.0
1011348443,808320,0,1.0078125,-0.021484375,0.03125,0.009765625,0.0,0.0,0.0
1011349695,808321,0,1.005859375,-0.0234375,0.02734375,0.00390625,0.0,0.0,0.0
1011350945,808322,0,1.0078125,-0.01953125,0.025390625,0.005859375,0.0,0.0,0.0
1011352195,808323,0,1.0078125,-0.021484375,0.01953125,-0.001953125,0.0,0.0,0.0
1011353447,808324,0,1.00390625,-0.029296875,0.0234375,-0.005859375,0.0,0.0,0.0
1011354697,808325,0,1.00390625,-0.03125,0.021484375,-0.009765625,0.0,0.0,0.0
1011355949,808326,0,1.001953125,-0.02734375,0.015625,-0.01171875,0.0,0.0,0.0
1011357200,808327,0,1.001953125,-0.03125,0.017578125,-0.013671875,0.0,0.0,0.0
1011358452,808328,0,0.99609375,-0.029296875,0.0234375,-0.005859375,0.0,0.0,0.0
1011359702,808329,0,0.998046875,-0.029296875,0.0234375,-0.005859375,0.0,0.0,0.0
1011360954,808330,0,1.0078125,-0.03125,0.01953125,-0.01171875,0.0,0.0,0.0
1011362205,808331,0,1.0,-0.03125,0.017578125,-0.013671875,0.0,0.0,0.0
1011363456,808332,0,0.998046875,-0.03125,0.0234375,-0.0078125,0.0,0.0,0.0
1011364708,808333,0,1.001953125,-0.033203125,0.0234375,-0.009765625,0.0,0.0,0.0
1011365958,808334,0,0.998046875,-0.029296875,0.017578125,-0.01171875,0.0,0.0,0.0
1011367209,808335,0,1.0,-0.033203125,0.017578125,-0.015625,0.0,0.0,0.0
1011368459,808336,0,1.005859375,-0.025390625,0.021484375,-0.00390625,0.0,0.0,0.0
1011369710,808337,0,1.0,-0.025390625,0.01953125,-0.005859375,0.0,0.0,0.0
1011370961,808338,0,1.005859375,-0.029296875,0.021484375,-0.0078125,0.0,0.0,0.0
1011372212,808339,0,0.994140625,-0.033203125,0.021484375,-0.01171875,0.0,0.0,0.0
1011373462,808340,0,0.9921875,-0.025390625,0.0234375,-0.001953125,0.0,0.0,0.0
1011374713,808341,0,1.005859375,-0.03125,0.017578125,-0.013671875,0.0,0.0,0.0
1011375965,808342,0,1.0078125,-0.02734375,0.025390625,-0.001953125,0.0,0.0,0.0
1011377216,808343,0,1.0078125,-0.0234375,0.0234375,0.0,0.0,0.0,0.0
1011378468,808344,0,1.005859375,-0.02734375,0.025390625,-0.001953125,0.0,0.0,0.0
1011379719,808345,0,0.99609375,-0.02734375,0.0234375,-0.00390625,0.0,0.0,0.0
1011380969,808346,0,1.0,-0.029296875,0.021484375,-0.0078125,0.0,0.0,0.0
1011382221,808347,0,1.00390625,-0.025390625,0.015625,-0.009765625,0.0,0.0,0.0
1011383471,808348,0,1.0078125,-0.025390625,0.01953125,-0.005859375,0.0,0.0,0.0
1011384721,808349,0,1.005859375,-0.025390625,0.0234375,-0.001953125,0.0,0.0,0.0
1011385972,808350,0,1.005859375,-0.0234375,0.025390625,0.001953125,0.0,0.0,0.0
1011387224,808351,0,1.009765625,-0.015625,0.0234375,0.0078125,0.0,0.0,0.0
1011388474,808352,0,1.005859375,-0.013671875,0.025390625,0.01171875,0.0,0.0,0.0
1011389724,808353,0,1.009765625,-0.015625,0.025390625,0.009765625,0.0,0.0,0.0
1011390976,808354,0,1.009765625,-0.01953125,0.03125,0.01171875,0.0,0.0,0.0
1011392226,808355,0,1.005859375,-0.017578125,0.029296875,0.01171875,0.0,0.0,0.0
1011393476,808356,0,1.005859375,-0.0234375,0.025390625,0.001953125,0.0,0.0,0.0
1011394728,808357,0,1.005859375,-0.03125,0.021484375,-0.009765625,0.0,0.0,0.0
1011395978,808358,0,0.998046875,-0.029296875,0.025390625,-0.00390625,0.0,0.0,0.0
1011397230,808359,0,0.998046875,-0.02734375,0.017578125,-0.009765625,0.0,0.0,0.0
1011398481,808360,0,1.005859375,-0.033203125,0.015625,-0.017578125,0.0,0.0,0.0
1011399732,808361,0,0.994140625,-0.025390625,0.021484375,-0.00390625,0.0,0.0,0.0
1011400983,808362,0,0.998046875,-0.025390625,0.025390625,0.0,0.0,0.0,0.0
1011402235,808363,0,1.00390625,-0.03125,0.021484375,-0.009765625,0.0,0.0,0.0
1011403485,808364,0,1.00390625,-0.021484375,0.021484375,0.0,0.0,0.0,0.0
1011404736,808365,0,1.00390625,-0.025390625,0.025390625,0.0,0.0,0.0,0.0
1011405987,808366,0,1.0078125,-0.0234375,0.029296875,0.005859375,0.0,0.0,0.0
1011407237,808367,0,1.013671875,-0.021484375,0.021484375,0.0,0.0,0.0,0.0
1011408488,808368,0,1.0,-0.029296875,0.02734375,-0.001953125,0.0,0.0,0.0
1011409738,808369,0,1.00390625,-0.02734375,0.0234375,-0.00390625,0.0,0.0,0.0
1011410989,808370,0,1.0,-0.029296875,0.021484375,-0.0078125,0.0,0.0,0.0
1011412239,808371,0,0.998046875,-0.033203125,0.01171875,-0.021484375,0.0,0.0,0.0
1011413490,808372,0,1.0,-0.029296875,0.0078125,-0.021484375,0.0,0.0,0.0
1011414741,808373,0,0.994140625,-0.03515625,0.017578125,-0.017578125,0.0,0.0,0.0
1011415991,808374,0,1.0,-0.033203125,0.015625,-0.017578125,0.0,0.0,0.0
1011417242,808375,0,0.99609375,-0.033203125,0.013671875,-0.01953125,0.0,0.0,0.0
1011418493,808376,0,1.0,-0.02734375,0.021484375,-0.005859375,0.0,0.0,0.0
1011419745,808377,0,0.99609375,-0.025390625,0.017578125,-0.0078125,0.0,0.0,0.0
1011420995,808378,0,1.001953125,-0.029296875,0.01953125,-0.009765625,0.0,0.0,0.0
1011422247,808379,0,1.001953125,-0.02734375,0.021484375,-0.005859375,0.0,0.0,0.0
1011423498,808380,0,0.998046875,-0.02734375,0.0234375,-0.00390625,0.0,0.0,0.0
1011424749,808381,0,1.001953125,-0.03125,0.02734375,-0.00390625,0.0,0.0,0.0
1011426000,808382,0,1.00390625,-0.0234375,0.021484375,-0.001953125,0.0,0.0,0.0
1011427250,808383,0,1.001953125,-0.025390625,0.021484375,-0.00390625,0.0,0.0,0.0
1011428501,808384,0,1.00390625,-0.02734375,0.021484375,-0.005859375,0.0,0.0,0.0
1011429752,808385,0,1.001953125,-0.03125,0.03125,0.0,0.0,0.0,0.0
1011431003,808386,0,1.001953125,-0.0234375,0.021484375,-0.001953125,0.0,0.0,0.0
1011432254,808387,0,1.009765625,-0.0234375,0.021484375,-0.001953125,0.0,0.0,0.0
1011433504,808388,0,1.0078125,-0.025390625,0.025390625,0.0,0.0,0.0,0.0
1011434755,808389,0,1.0078125,-0.02734375,0.021484375,-0.005859375,0.0,0.0,0.0
1011436006,808390,0,1.0,-0.0234375,0.0234375,0.0,0.0,0.0,0.0
1011437257,808391,0,1.005859375,-0.02734375,0.01953125,-0.0078125,0.0,0.0,0.0
1011438508,808392,0,0.998046875,-0.0234375,0.02734375,0.00390625,0.0,0.0,0.0
1011439760,808393,0,1.0,-0.03125,0.0234375,-0.0078125,0.0,0.0,0.0
1011441010,808394,0,1.001953125,-0.029296875,0.01953125,-0.009765625,0.0,0.0,0.0
1011442261,808395,0,1.0078125,-0.033203125,0.0234375,-0.009765625,0.0,0.0,0.0
1011443513,808396,0,0.99609375,-0.02734375,0.025390625,-0.001953125,0.0,0.0,0.0
1011444763,808397,0,1.009765625,-0.02734375,0.025390625,-0.001953125,0.0,0.0,0.0
1011446014,808398,0,1.00390625,-0.02734375,0.02734375,0.0,0.0,0.0,0.0
1011447271,808399,0,1.0,-0.02734375,0.0234375,-0.00390625,0.0,0.0,0.0
1011448522,808400,0,1.0,-0.0234375,0.02734375,0.00390625,0.0,0.0,0.0
1011449774,808401,0,1.00390625,-0.0234375,0.01953125,-0.00390625,0.0,0.0,0.0
1011451024,808402,0,0.994140625,-0.029296875,0.03125,0.001953125,0.0,0.0,0.0
1011452275,808403,0,0.998046875,-0.021484375,0.0234375,0.001953125,0.0,0.0,0.0
1011453527,808404,0,1.0078125,-0.02734375,0.02734375,0.0,0.0,0.0,0.0
1011454778,808405,0,1.001953125,-0.025390625,0.03125,0.005859375,0.0,0.0,0.0
1011456028,808406,0,1.01171875,-0.02734375,0.03125,0.00390625,0.0,0.0,0.0
1011457278,808407,0,1.005859375,-0.0234375,0.03125,0.0078125,0.0,0.0,0.0
1011458528,808408,0,1.001953125,-0.0234375,0.0234375,0.0,0.0,0.0,0.0
1011459780,808409,0,1.001953125,-0.025390625,0.021484375,-0.00390625,0.0,0.0,0.0
1011461031,808410,0,0.99609375,-0.025390625,0.021484375,-0.00390625,0.0,0.0,0.0
1011462282,808411,0,1.00390625,-0.03125,0.02734375,-0.00390625,0.0,0.0,0.0
1011463533,808412,0,0.99609375,-0.03515625,0.021484375,-0.013671875,0.0,0.0,0.0
1011464784,808413,0,0.99609375,-0.03515625,0.025390625,-0.009765625,0.0,0.0,0.0
1011466034,808414,0,0.998046875,-0.033203125,0.021484375,-0.01171875,0.0,0.0,0.0
1011467284,808415,0,1.001953125,-0.029296875,0.021484375,-0.0078125,0.0,0.0,0.0
1011468536,808416,0,1.0,-0.033203125,0.029296875,-0.00390625,0.0,0.0,0.0
1011469787,808417,0,1.005859375,-0.03515625,0.02734375,-0.0078125,0.0,0.0,0.0
1011471038,808418,0,1.001953125,-0.029296875,0.025390625,-0.00390625,0.0,0.0,0.0
1011472288,808419,0,1.00390625,-0.02734375,0.029296875,0.001953125,0.0,0.0,0.0
1011473539,808420,0,1.00390625,-0.02734375,0.029296875,0.001953125,0.0,0.0,0.0
1011474790,808421,0,1.015625,-0.025390625,0.03125,0.005859375,0.0,0.0,0.0
1011476040,808422,0,1.00390625,-0.025390625,0.033203125,0.0078125,0.0,0.0,0.0
1011477290,808423,0,1.001953125,-0.03125,0.0234375,-0.0078125,0.0,0.0,0.0
1011478542,808424,0,1.005859375,-0.029296875,0.025390625,-0.00390625,0.0,0.0,0.0
1011479793,808425,0,1.017578125,-0.025390625,0.03125,0.005859375,0.0,0.0,0.0
1011481044,808426,0,1.001953125,-0.02734375,0.029296875,0.001953125,0.0,0.0,0.0
1011482295,808427,0,0.99609375,-0.02734375,0.02734375,0.0,0.0,0.0,0.0
1011483546,808428,0,1.001953125,-0.02734375,0.01171875,-0.015625,0.0,0.0,0.0
1011484796,808429,0,1.0,-0.029296875,0.0234375,-0.005859375,0.0,0.0,0.0
1011486048,808430,0,0.998046875,-0.02734375,0.01953125,-0.0078125,0.0,0.0,0.0
1011487299,808431,0,0.998046875,-0.02734375,0.02734375,0.0,0.0,0.0,0.0
1011488549,808432,0,1.001953125,-0.029296875,0.021484375,-0.0078125,0.0,0.0,0.0
1011489801,808433,0,1.0,-0.033203125,0.021484375,-0.01171875,0.0,0.0,0.0
1011491051,808434,0,1.001953125,-0.03125,0.021484375,-0.009765625,0.0,0.0,0.0
1011492301,808435,0,1.001953125,-0.02734375,0.021484375,-0.005859375,0.0,0.0,0.0
1011493552,808436,0,0.99609375,-0.03125,0.02734375,-0.00390625,0.0,0.0,0.0
1011494803,808437,0,1.005859375,-0.033203125,0.01953125,-0.013671875,0.0,0.0,0.0
1011496054,808438,0,0.998046875,-0.033203125,0.0234375,-0.009765625,0.0,0.0,0.0
1011497305,808439,0,0.998046875,-0.03125,0.025390625,-0.005859375,0.0,0.0,0.0
1011498556,808440,0,1.0,-0.029296875,0.029296875,0.0,0.0,0.0,0.0
1011499807,808441,0,1.009765625,-0.029296875,0.029296875,0.0,0.0,0.0,0.0
1011501059,808442,0,1.0078125,-0.03125,0.0234375,-0.0078125,0.0,0.0,0.0
1011502310,808443,0,1.0078125,-0.03125,0.0234375,-0.0078125,0.0,0.0,0.0
1011503560,808444,0,1.00390625,-0.03515625,0.017578125,-0.017578125,0.0,0.0,0.0
1011504810,808445,0,0.9921875,-0.017578125,0.029296875,0.01171875,0.0,0.0,0.0
1011506061,808446,0,1.001953125,-0.03125,0.0234375,-0.0078125,0.0,0.0,0.0
1011507311,808447,0,1.005859375,-0.033203125,0.025390625,-0.0078125,0.0,0.0,0.0
1011508563,808448,0,1.015625,-0.0390625,0.015625,-0.0234375,0.0,0.0,0.0
1011509813,808449,0,1.009765625,-0.03125,0.01953125,-0.01171875,0.0,0.0,0.0
1011511065,808450,0,1.0078125,-0.029296875,0.021484375,-0.0078125,0.0,0.0,0.0
1011512316,808451,0,0.9921875,-0.021484375,0.025390625,0.00390625,0.0,0.0,0.0
1011513566,808452,0,0.98828125,-0.02734375,0.03515625,0.0078125,0.0,0.0,0.0
1011514817,808453,0,1.0,-0.029296875,0.029296875,0.0,0.0,0.0,0.0
1011516067,808454,0,1.0234375,-0.03125,0.021484375,-0.009765625,0.0,0.0,0.0
1011517317,808455,0,1.025390625,-0.02734375,0.025390625,-0.001953125,0.0,0.0,0.0
1011518567,808456,0,1.021484375,-0.029296875,0.029296875,0.0,0.0,0.0,0.0
1011519818,808457,0,0.994140625,-0.017578125,0.033203125,0.015625,0.0,0.0,0.0
1011521070,808458,0,0.9921875,-0.025390625,0.03125,0.005859375,0.0,0.0,0.0
1011522321,808459,0,0.994140625,-0.02734375,0.03125,0.00390625,0.0,0.0,0.0
1011523571,808460,0,1.00390625,-0.03125,0.025390625,-0.005859375,0.0,0.0,0.0
1011524821,808461,0,1.0078125,-0.02734375,0.025390625,-0.001953125,0.0,0.0,0.0
1011526071,808462,0,1.013671875,-0.03515625,0.02734375,-0.0078125,0.0,0.0,0.0
1011527322,808463,0,1.001953125,-0.03125,0.025390625,-0.005859375,0.0,0.0,0.0
1011528572,808464,0,0.998046875,-0.033203125,0.029296875,-0.00390625,0.0,0.0,0.0
1011529823,808465,0,1.0,-0.021484375,0.017578125,-0.00390625,0.0,0.0,0.0
1011531075,808466,0,1.00390625,-0.03125,0.029296875,-0.001953125,0.0,0.0,0.0
1011532326,808467,0,1.017578125,-0.0234375,0.017578125,-0.005859375,0.0,0.0,0.0
1011533577,808468,0,1.0078125,-0.021484375,0.033203125,0.01171875,0.0,0.0,0.0
1011534829,808469,0,1.017578125,-0.03515625,0.02734375,-0.0078125,0.0,0.0,0.0
1011536079,808470,0,1.00390625,-0.021484375,0.03125,0.009765625,0.0,0.0,0.0
1011537329,808471,0,1.001953125,-0.03125,0.0234375,-0.0078125,0.0,0.0,0.0
1011538580,808472,0,0.998046875,-0.03125,0.01953125,-0.01171875,0.0,0.0,0.0
1011539831,808473,0,1.013671875,-0.02734375,0.021484375,-0.005859375,0.0,0.0,0.0
1011541082,808474,0,1.0078125,-0.033203125,0.03125,-0.001953125,0.0,0.0,0.0
1011542333,808475,0,1.009765625,-0.025390625,0.0234375,-0.001953125,0.0,0.0,0.0
1011543584,808476,0,0.99609375,-0.01953125,0.033203125,0.013671875,0.0,0.0,0.0
1011544835,808477,0,1.005859375,-0.0234375,0.033203125,0.009765625,0.0,0.0,0.0
1011546087,808478,0,1.005859375,-0.015625,0.03515625,0.01953125,0.0,0.0,0.0
1011547338,808479,0,1.009765625,-0.021484375,0.029296875,0.0078125,0.0,0.0,0.0
1011548590,808480,0,1.015625,-0.013671875,0.03125,0.017578125,0.0,0.0,0.0
1011549841,808481,0,1.005859375,-0.025390625,0.03515625,0.009765625,0.0,0.0,0.0
1011551092,808482,0,1.005859375,-0.025390625,0.02734375,0.001953125,0.0,0.0,0.0
1011552343,808483,0,0.9921875,-0.033203125,0.0234375,-0.009765625,0.0,0.0,0.0
1011553595,808484,0,0.998046875,-0.03515625,0.025390625,-0.009765625,0.0,0.0,0.0
1011554845,808485,0,1.005859375,-0.03125,0.025390625,-0.005859375,0.0,0.0,0.0
1011556097,808486,0,1.0078125,-0.03515625,0.01171875,-0.0234375,0.0,0.0,0.0
1011557348,808487,0,1.0078125,-0.03515625,0.017578125,-0.017578125,0.0,0.0,0.0
1011558600,808488,0,1.00390625,-0.046875,0.01953125,-0.02734375,0.0,0.0,0.0
1011559850,808489,0,0.9921875,-0.03125,0.0234375,-0.0078125,0.0,0.0,0.0
1011561101,808490,0,0.9921875,-0.029296875,0.025390625,-0.00390625,0.0,0.0,0.0
1011562351,808491,0,0.990234375,-0.02734375,0.013671875,-0.013671875,0.0,0.0,0.0
1011563602,808492,0,0.99609375,-0.03515625,0.0234375,-0.01171875,0.0,0.0,0.0
1011564853,808493,0,1.0234375,-0.029296875,0.029296875,0.0,0.0,0.0,0.0
1011566104,808494,0,1.0234375,-0.029296875,0.0234375,-0.005859375,0.0,0.0,0.0
1011567355,808495,0,1.0078125,-0.03515625,0.025390625,-0.009765625,0.0,0.0,0.0
1011568606,808496,0,0.986328125,-0.025390625,0.02734375,0.001953125,0.0,0.0,0.0
1011569857,808497,0,0.986328125,-0.03125,0.02734375,-0.00390625,0.0,0.0,0.0
1011571109,808498,0,0.998046875,-0.029296875,0.021484375,-0.0078125,0.0,0.0,0.0
1011572360,808499,0,1.009765625,-0.03515625,0.017578125,-0.017578125,0.0,0.0,0.0
1011573610,808500,0,1.01953125,-0.029296875,0.025390625,-0.00390625,0.0,0.0,0.0
1011574861,808501,0,1.001953125,-0.03125,0.029296875,-0.001953125,0.0,0.0,0.0
1011576112,808502,0,0.990234375,-0.029296875,0.03125,0.001953125,0.0,0.0,0.0
1011577362,808503,0,0.994140625,-0.025390625,0.03515625,0.009765625,0.0,0.0,0.0
1011578613,808504,0,1.009765625,-0.029296875,0.03125,0.001953125,0.0,0.0,0.0
1011579863,808505,0,1.017578125,-0.02734375,0.025390625,-0.001953125,0.0,0.0,0.0
1011581115,808506,0,1.0078125,-0.029296875,0.02734375,-0.001953125,0.0,0.0,0.0
1011582366,808507,0,0.986328125,-0.029296875,0.029296875,0.0,0.0,0.0,0.0
1011583616,808508,0,0.99609375,-0.03125,0.0234375,-0.0078125,0.0,0.0,0.0
1011584867,808509,0,1.005859375,-0.033203125,0.025390625,-0.0078125,0.0,0.0,0.0
1011586117,808510,0,1.01171875,-0.033203125,0.021484375,-0.01171875,0.0,0.0,0.0
1011587367,808511,0,0.998046875,-0.033203125,0.02734375,-0.005859375,0.0,0.0,0.0
1011588618,808512,0,0.986328125,-0.029296875,0.02734375,-0.001953125,0.0,0.0,0.0
1011589868,808513,0,0.990234375,-0.029296875,0.029296875,0.0,0.0,0.0,0.0
1011591120,808514,0,1.001953125,-0.033203125,0.0234375,-0.009765625,0.0,0.0,0.0
1011592371,808515,0,1.017578125,-0.025390625,0.021484375,-0.00390625,0.0,0.0,0.0
1011593621,808516,0,0.99609375,-0.0234375,0.03125,0.0078125,0.0,0.0,0.0
1011594873,808517,0,0.994140625,-0.0234375,0.033203125,0.009765625,0.0,0.0,0.0
1011596123,808518,0,1.0,-0.025390625,0.029296875,0.00390625,0.0,0.0,0.0
1011597373,808519,0,1.017578125,-0.029296875,0.021484375,-0.0078125,0.0,0.0,0.0
1011598623,808520,0,1.0234375,-0.033203125,0.015625,-0.017578125,0.0,0.0,0.0
1011599873,808521,0,1.0,-0.029296875,0.0234375,-0.005859375,0.0,0.0,0.0
1011601125,808522,0,0.98828125,-0.025390625,0.025390625,0.0,0.0,0.0,0.0
1011602376,808523,0,0.9921875,-0.029296875,0.0234375,-0.005859375,0.0,0.0,0.0
1011603626,808524,0,1.001953125,-0.03125,0.025390625,-0.005859375,0.0,0.0,0.0
1011604877,808525,0,1.017578125,-0.029296875,0.02734375,-0.001953125,0.0,0.0,0.0
1011606128,808526,0,1.01171875,-0.02734375,0.0234375,-0.00390625,0.0,0.0,0.0
1011607378,808527,0,1.001953125,-0.033203125,0.03125,-0.001953125,0.0,0.0,0.0
1011608629,808528,0,0.99609375,-0.02734375,0.021484375,-0.005859375,0.0,0.0,0.0
1011609880,808529,0,0.998046875,-0.03515625,0.025390625,-0.009765625,0.0,0.0,0.0
1011611131,808530,0,1.0078125,-0.03515625,0.0234375,-0.01171875,0.0,0.0,0.0
1011612382,808531,0,1.0078125,-0.03515625,0.021484375,-0.013671875,0.0,0.0,0.0
1011613632,808532,0,0.994140625,-0.03515625,0.021484375,-0.013671875,0.0,0.0,0.0
1011614883,808533,0,0.99609375,-0.025390625,0.0234375,-0.001953125,0.0,0.0,0.0
1011616134,808534,0,0.994140625,-0.033203125,0.0234375,-0.009765625,0.0,0.0,0.0
1011617384,808535,0,1.0078125,-0.025390625,0.0234375,-0.001953125,0.0,0.0,0.0
1011618636,808536,0,1.0078125,-0.033203125,0.0234375,-0.009765625,0.0,0.0,0.0
1011619886,808537,0,1.0,-0.03515625,0.03125,-0.00390625,0.0,0.0,0.0
1011621137,808538,0,1.00390625,-0.02734375,0.0234375,-0.00390625,0.0,0.0,0.0
1011622388,808539,0,0.99609375,-0.025390625,0.021484375,-0.00390625,0.0,0.0,0.0
1011623639,808540,0,1.009765625,-0.025390625,0.025390625,0.0,0.0,0.0,0.0
1011624889,808541,0,1.013671875,-0.02734375,0.025390625,-0.001953125,0.0,0.0,0.0
1011626140,808542,0,1.005859375,-0.02734375,0.02734375,0.0,0.0,0.0,0.0
1011627392,808543,0,1.00390625,-0.025390625,0.033203125,0.0078125,0.0,0.0,0.0
1011628642,808544,0,0.998046875,-0.029296875,0.03125,0.001953125,0.0,0.0,0.0
1011629894,808545,0,1.0,-0.0234375,0.029296875,0.005859375,0.0,0.0,0.0
1011631145,808546,0,1.0078125,-0.025390625,0.025390625,0.0,0.0,0.0,0.0
1011632396,808547,0,1.005859375,-0.033203125,0.025390625,-0.0078125,0.0,0.0,0.0
1011633648,808548,0,1.009765625,-0.029296875,0.021484375,-0.0078125,0.0,0.0,0.0
1011634899,808549,0,1.0,-0.029296875,0.03515625,0.005859375,0.0,0.0,0.0
1011636150,808550,0,1.0078125,-0.033203125,0.03125,-0.001953125,0.0,0.0,0.0
1011637400,808551,0,1.013671875,-0.029296875,0.0234375,-0.005859375,0.0,0.0,0.0
1011638651,808552,0,1.01953125,-0.02734375,0.025390625,-0.001953125,0.0,0.0,0.0
1011639902,808553,0,1.009765625,-0.02734375,0.03515625,0.0078125,0.0,0.0,0.0
1011641152,808554,0,1.001953125,-0.025390625,0.029296875,0.00390625,0.0,0.0,0.0
1011642402,808555,0,1.009765625,-0.033203125,0.02734375,-0.005859375,0.0,0.0,0.0
1011643654,808556,0,1.001953125,-0.029296875,0.015625,-0.013671875,0.0,0.0,0.0
1011644904,808557,0,1.0078125,-0.025390625,0.025390625,0.0,0.0,0.0,0.0
1011646154,808558,0,1.00390625,-0.021484375,0.03125,0.009765625,0.0,0.0,0.0
1011647405,808559,0,1.0,-0.01953125,0.03125,0.01171875,0.0,0.0,0.0
1011648655,808560,0,1.009765625,-0.015625,0.037109375,0.021484375,0.0,0.0,0.0
1011649906,808561,0,1.013671875,-0.015625,0.03515625,0.01953125,0.0,0.0,0.0
1011651157,808562,0,1.015625,-0.01953125,0.03125,0.01171875,0.0,0.0,0.0
1011652408,808563,0,1.0078125,-0.01953125,0.03125,0.01171875,0.0,0.0,0.0
1011653659,808564,0,1.001953125,-0.03125,0.0234375,-0.0078125,0.0,0.0,0.0
1011654911,808565,0,1.001953125,-0.033203125,0.0234375,-0.009765625,0.0,0.0,0.0
1011656162,808566,0,1.001953125,-0.037109375,0.01953125,-0.017578125,0.0,0.0,0.0
1011657414,808567,0,1.005859375,-0.03125,0.0234375,-0.0078125,0.0,0.0,0.0
1011658664,808568,0,1.00390625,-0.03125,0.0234375,-0.0078125,0.0,0.0,0.0
1011659916,808569,0,1.00390625,-0.029296875,0.029296875,0.0,0.0,0.0,0.0
1011661167,808570,0,1.001953125,-0.03125,0.0234375,-0.0078125,0.0,0.0,0.0
1011662417,808571,0,1.015625,-0.025390625,0.025390625,0.0,0.0,0.0,0.0
1011663668,808572,0,1.009765625,-0.0234375,0.025390625,0.001953125,0.0,0.0,0.0
1011664919,808573,0,1.005859375,-0.033203125,0.03125,-0.001953125,0.0,0.0,0.0
1011666170,808574,0,0.990234375,-0.01953125,0.03515625,0.015625,0.0,0.0,0.0
1011667421,808575,0,1.001953125,-0.0234375,0.025390625,0.001953125,0.0,0.0,0.0
1011668672,808576,0,1.001953125,-0.025390625,0.02734375,0.001953125,0.0,0.0,0.0
1011669922,808577,0,1.005859375,-0.0234375,0.0234375,0.0,0.0,0.0,0.0
1011671173,808578,0,1.017578125,-0.02734375,0.03125,0.00390625,0.0,0.0,0.0
1011672425,808579,0,1.0078125,-0.0234375,0.02734375,0.00390625,0.0,0.0,0.0
1011673675,808580,0,1.0,-0.0234375,0.02734375,0.00390625,0.0,0.0,0.0
1011674927,808581,0,1.0078125,-0.029296875,0.03125,0.001953125,0.0,0.0,0.0
1011676177,808582,0,1.01171875,-0.02734375,0.02734375,0.0,0.0,0.0,0.0
1011677429,808583,0,1.009765625,-0.029296875,0.03125,0.001953125,0.0,0.0,0.0
1011678680,808584,0,0.998046875,-0.029296875,0.021484375,-0.0078125,0.0,0.0,0.0
1011679930,808585,0,0.998046875,-0.029296875,0.021484375,-0.0078125,0.0,0.0,0.0
1011681180,808586,0,1.0,-0.029296875,0.025390625,-0.00390625,0.0,0.0,0.0
1011682431,808587,0,1.0078125,-0.03125,0.025390625,-0.005859375,0.0,0.0,0.0
1011683682,808588,0,1.0078125,-0.03125,0.021484375,-0.009765625,0.0,0.0,0.0
1011684933,808589,0,1.001953125,-0.02734375,0.021484375,-0.005859375,0.0,0.0,0.0
1011686184,808590,0,1.00390625,-0.025390625,0.02734375,0.001953125,0.0,0.0,0.0
1011687434,808591,0,1.001953125,-0.033203125,0.0234375,-0.009765625,0.0,0.0,0.0
1011688685,808592,0,1.00390625,-0.02734375,0.03515625,0.0078125,0.0,0.0,0.0
1011689936,808593,0,1.00390625,-0.02734375,0.037109375,0.009765625,0.0,0.0,0.0
1011691188,808594,0,1.013671875,-0.03515625,0.021484375,-0.013671875,0.0,0.0,0.0
1011692439,808595,0,0.9921875,-0.025390625,0.029296875,0.00390625,0.0,0.0,81547822628864.0
1011694941,808597,0,1.001953125,-0.033203125,0.03125,-0.001953125,0.0,0.0,0.0
1011696192,808598,0,1.0078125,-0.02734375,0.0234375,-0.00390625,0.0,0.0,0.0
1011697443,808599,0,1.0078125,-0.029296875,0.029296875,0.0,0.0,0.0,0.0
1011698695,808600,0,0.998046875,-0.03125,0.02734375,-0.00390625,0.0,0.0,0.0
1011699945,808601,0,1.001953125,-0.03125,0.02734375,-0.00390625,0.0,0.0,0.0
1011701195,808602,0,1.005859375,-0.03125,0.021484375,-0.009765625,0.0,0.0,0.0
1011702447,808603,0,1.0078125,-0.029296875,0.021484375,-0.0078125,0.0,0.0,0.0
1011703697,808604,0,1.0,-0.025390625,0.029296875,0.00390625,0.0,0.0,0.0
1011704949,808605,0,1.0,-0.03125,0.025390625,-0.005859375,0.0,0.0,0.0
1011706200,808606,0,1.0078125,-0.033203125,0.029296875,-0.00390625,0.0,0.0,0.0
1011707452,808607,0,0.998046875,-0.029296875,0.029296875,0.0,0.0,0.0,0.0
1011708702,808608,0,1.001953125,-0.029296875,0.03125,0.001953125,0.0,0.0,0.0
1011709954,808609,0,1.00390625,-0.0234375,0.033203125,0.009765625,0.0,0.0,0.0
1011711205,808610,0,1.001953125,-0.025390625,0.033203125,0.0078125,0.0,0.0,0.0
1011712456,808611,0,1.001953125,-0.0234375,0.037109375,0.013671875,0.0,0.0,0.0
1011713708,808612,0,1.005859375,-0.0234375,0.033203125,0.009765625,0.0,0.0,0.0
1011714958,808613,0,1.015625,-0.025390625,0.03515625,0.009765625,0.0,0.0,0.0
1011716209,808614,0,1.009765625,-0.0234375,0.02734375,0.00390625,0.0,0.0,0.0
1011717459,808615,0,0.994140625,-0.03125,0.029296875,-0.001953125,0.0,0.0,0.0
1011718710,808616,0,0.99609375,-0.0234375,0.03125,0.0078125,0.0,0.0,0.0
1011719961,808617,0,1.0078125,-0.0234375,0.029296875,0.005859375,0.0,0.0,0.0
1011721212,808618,0,1.005859375,-0.02734375,0.029296875,0.001953125,0.0,0.0,0.0
1011722462,808619,0,1.00390625,-0.02734375,0.029296875,0.001953125,0.0,0.0,0.0
1011723713,808620,0,1.001953125,-0.025390625,0.0234375,-0.001953125,0.0,0.0,0.0
1011724965,808621,0,1.0078125,-0.025390625,0.033203125,0.0078125,0.0,0.0,0.0
1011726216,808622,0,1.005859375,-0.02734375,0.033203125,0.005859375,0.0,0.0,0.0
1011727468,808623,0,1.001953125,-0.02734375,0.037109375,0.009765625,0.0,0.0,0.0
1011728719,808624,0,1.001953125,-0.0234375,0.033203125,0.009765625,0.0,0.0,0.0
1011729969,808625,0,1.005859375,-0.02734375,0.025390625,-0.001953125,0.0,0.0,0.0
1011731221,808626,0,1.001953125,-0.02734375,0.025390625,-0.001953125,0.0,0.0,0.0
1011732471,808627,0,1.001953125,-0.029296875,0.03515625,0.005859375,0.0,0.0,0.0
1011733721,808628,0,1.001953125,-0.03125,0.02734375,-0.00390625,0.0,0.0,0.0
1011734972,808629,0,1.001953125,-0.029296875,0.029296875,0.0,0.0,0.0,0.0
1011736224,808630,0,1.001953125,-0.029296875,0.029296875,0.0,0.0,0.0,0.0
1011737474,808631,0,0.998046875,-0.02734375,0.029296875,0.001953125,0.0,0.0,0.0
1011738724,808632,0,0.998046875,-0.025390625,0.029296875,0.00390625,0.0,0.0,0.0
1011739976,808633,0,1.0,-0.03125,0.03125,0.0,0.0,0.0,0.0
1011741226,808634,0,1.001953125,-0.029296875,0.033203125,0.00390625,0.0,0.0,0.0
1011742476,808635,0,0.994140625,-0.03125,0.025390625,-0.005859375,0.0,0.0,0.0
1011743728,808636,0,1.001953125,-0.037109375,0.013671875,-0.0234375,0.0,0.0,0.0
1011744978,808637,0,0.990234375,-0.03125,0.017578125,-0.013671875,0.0,0.0,0.0
1011746230,808638,0,0.998046875,-0.041015625,0.025390625,-0.015625,0.0,0.0,0.0
1011747481,808639,0,1.013671875,-0.037109375,0.01953125,-0.017578125,0.0,0.0,0.0
1011748732,808640,0,0.994140625,-0.033203125,0.025390625,-0.0078125,0.0,0.0,0.0
1011749983,808641,0,0.994140625,-0.03515625,0.021484375,-0.013671875,0.0,0.0,0.0
1011751235,808642,0,1.0,-0.03125,0.02734375,-0.00390625,0.0,0.0,0.0
1011752485,808643,0,1.0078125,-0.029296875,0.02734375,-0.001953125,0.0,0.0,0.0
1011753736,808644,0,1.005859375,-0.03125,0.03125,0.0,0.0,0.0,0.0
1011754987,808645,0,1.005859375,-0.02734375,0.02734375,0.0,0.0,0.0,0.0
1011756237,808646,0,0.998046875,-0.029296875,0.03125,0.001953125,0.0,0.0,0.0
1011757488,808647,0,1.001953125,-0.03125,0.03125,0.0,0.0,0.0,0.0
1011758738,808648,0,0.99609375,-0.029296875,0.03125,0.001953125,0.0,0.0,0.0
1011759989,808649,0,1.0,-0.033203125,0.0234375,-0.009765625,0.0,0.0,0.0
1011761239,808650,0,1.00390625,-0.0390625,0.01953125,-0.01953125,0.0,0.0,0.0
1011762490,808651,0,0.99609375,-0.041015625,0.025390625,-0.015625,0.0,0.0,0.0
1011763741,808652,0,1.0,-0.04296875,0.017578125,-0.025390625,0.0,0.0,0.0
1011764991,808653,0,0.99609375,-0.048828125,0.009765625,-0.0390625,0.0,0.0,0.0
1011766242,808654,0,0.9921875,-0.056640625,0.013671875,-0.04296875,0.0,0.0,0.0
1011767493,808655,0,0.9921875,-0.0625,0.005859375,-0.056640625,0.0,0.0,0.0
1011768745,808656,0,0.990234375,-0.068359375,0.005859375,-0.0625,0.0,0.0,0.0
1011769995,808657,0,0.98828125,-0.068359375,0.00390625,-0.064453125,0.0,0.0,0.0
1011771247,808658,0,0.994140625,-0.05859375,0.001953125,-0.056640625,0.0,0.0,0.0
1011772498,808659,0,0.986328125,-0.06640625,0.00390625,-0.0625,0.0,0.0,0.0
1011773749,808660,0,0.994140625,-0.076171875,0.005859375,-0.0703125,0.0,0.0,0.0
1011775000,808661,0,0.98046875,-0.08984375,-0.01171875,-0.1015625,0.0,0.0,0.0
1011776250,808662,0,1.001953125,-0.369140625,-0.05078125,-0.419921875,0.0,0.0,0.0
1011777501,808663,0,0.80859375,-0.345703125,-0.48046875,-0.826171875,0.0,0.0,0.0
1011778752,808664,0,0.822265625,-0.251953125,-0.1171875,-0.369140625,0.0,0.0,0.0
1011780003,808665,0,0.779296875,0.107421875,0.162109375,0.26953125,0.0,0.0,0.0
1011781254,808666,0,0.912109375,0.1015625,0.18359375,0.28515625,0.0,0.0,0.0
1011782504,808667,0,1.2265625,0.185546875,0.17578125,0.361328125,0.0,0.0,0.0
1011783755,808668,0,1.2578125,0.080078125,0.123046875,0.203125,0.0,0.0,0.0
1011785006,808669,0,1.130859375,0.005859375,-0.00390625,0.001953125,0.0,0.0,0.0
1011786257,808670,0,1.052734375,0.0,0.060546875,0.060546875,0.0,0.0,0.0
1011787508,808671,0,0.939453125,-0.052734375,0.037109375,-0.015625,0.0,0.0,0.0
1011788760,808672,0,0.86328125,-0.115234375,-0.01171875,-0.126953125,0.0,0.0,0.0
1011790010,808673,0,0.876953125,-0.11328125,-0.017578125,-0.130859375,0.0,0.0,0.0
1011791261,808674,0,0.904296875,-0.1171875,-0.013671875,-0.130859375,0.0,0.0,0.0
1011792513,808675,0,0.958984375,-0.10546875,-0.04296875,-0.1484375,0.0,0.0,0.0
1011793763,808676,0,1.025390625,-0.107421875,-0.02734375,-0.134765625,0.0,0.0,0.0
1011795014,808677,0,1.025390625,-0.06640625,-0.005859375,-0.072265625,0.0,0.0,0.0
1011796271,808678,0,0.98046875,-0.056640625,0.009765625,-0.046875,0.0,0.0,0.0
1011797522,808679,0,0.9609375,-0.052734375,0.04296875,-0.009765625,0.0,0.0,0.0
1011798774,808680,0,0.951171875,-0.052734375,0.00390625,-0.048828125,0.0,0.0,0.0
1011800024,808681,0,0.97265625,-0.095703125,0.00390625,-0.091796875,0.0,0.0,0.0
1011801275,808682,0,0.98828125,-0.08984375,0.01171875,-0.078125,0.0,0.0,0.0
1011802527,808683,0,0.990234375,-0.12109375,0.0234375,-0.09765625,0.0,0.0,0.0
1011803778,808684,0,0.998046875,-0.123046875,0.02734375,-0.095703125,0.0,0.0,0.0
1011805028,808685,0,1.04296875,-0.154296875,0.009765625,-0.14453125,0.0,0.0,0.0
1011806278,808686,0,1.095703125,-0.244140625,0.119140625,-0.125,0.0,0.0,0.0
1011807528,808687,0,1.28125,-0.43359375,0.166015625,-0.267578125,0.0,0.0,0.0
1011808780,808688,0,1.361328125,-0.51171875,0.0703125,-0.44140625,0.0,0.0,0.0
1011810031,808689,0,1.318359375,-0.59765625,-0.041015625,-0.638671875,0.0,0.0,0.0
1011811282,808690,0,1.197265625,-0.673828125,-0.048828125,-0.72265625,0.0,0.0,0.0
1011812533,808691,0,1.0546875,-0.734375,-0.06640625,-0.80078125,0.0,0.0,0.0
1011813784,808692,0,0.923828125,-0.8671875,-0.123046875,-0.990234375,0.0,0.0,0.0
1011815034,808693,0,0.828125,-1.13671875,-0.185546875,-1.322265625,0.0,0.0,0.0
1011816284,808694,0,0.814453125,-1.716796875,-0.236328125,-1.953125,0.0,0.0,0.0
1011817536,808695,0,0.9921875,-4.0,-0.404296875,-4.404296875,0.0,0.0,0.0
1011818787,808696,0,1.330078125,-4.0,-0.49609375,-4.49609375,0.0,0.0,0.0
1011820038,808697,0,0.81640625,-2.55078125,-1.119140625,-3.669921875,0.0,0.0,0.0
1011821288,808698,0,1.400390625,-4.0,-0.716796875,-4.716796875,0.0,0.0,0.0
1011822539,808699,0,1.1953125,-3.73828125,-0.564453125,-4.302734375,0.0,0.0,0.0
1011823790,808700,0,0.955078125,-3.3359375,-0.93359375,-4.26953125,0.0,0.0,0.0
1011825040,808701,0,0.759765625,-2.71484375,-1.115234375,-3.830078125,0.0,0.0,0.0
1011826290,808702,0,0.673828125,-2.568359375,-0.97265625,-3.541015625,0.0,0.0,0.0
1011827542,808703,0,0.44140625,-1.892578125,-0.9375,-2.830078125,0.0,0.0,0.0
1011828793,808704,0,0.36328125,-1.51953125,-0.9609375,-2.48046875,0.0,0.0,0.0
1011830044,808705,0,0.345703125,-1.064453125,-0.9921875,-2.056640625,0.0,0.0,0.0
1011831295,808706,0,0.53125,-1.00390625,-0.890625,-1.89453125,0.0,0.0,0.0
1011832546,808707,0,0.990234375,-0.7890625,-3.09375,-3.8828125,0.0,0.0,0.0
1011833796,808708,0,0.609375,0.265625,-1.857421875,-1.591796875,0.0,0.0,0.0
1011835048,808709,0,1.576171875,0.30859375,-2.205078125,-1.896484375,0.0,0.0,0.0
1011836299,808710,0,0.716796875,1.087890625,-0.244140625,0.84375,0.0,0.0,0.0
1011837549,808711,0,2.001953125,1.994140625,-0.2890625,1.705078125,0.0,0.0,0.0
1011838801,808712,0,0.205078125,1.849609375,-0.447265625,1.40234375,0.0,0.0,0.0
1011840051,808713,0,1.0078125,1.576171875,-1.376953125,0.19921875,0.0,0.0,0.0
1011841301,808714,0,1.587890625,2.958984375,-0.53515625,2.423828125,0.0,0.0,0.0
1011842552,808715,0,1.07421875,2.162109375,-0.111328125,2.05078125,0.0,0.0,0.0
1011843803,808716,0,1.02734375,2.611328125,0.134765625,2.74609375,0.0,0.0,0.0
1011845054,808717,0,1.203125,2.978515625,-0.14453125,2.833984375,0.0,0.0,0.0
1011846305,808718,0,0.80078125,2.9296875,0.068359375,2.998046875,0.0,0.0,0.0
1011847556,808719,0,0.888671875,3.259765625,0.2890625,3.548828125,0.0,0.0,0.0
1011848807,808720,0,0.90625,3.27734375,0.453125,3.73046875,0.0,0.0,0.0
1011850059,808721,0,0.970703125,3.3671875,0.431640625,3.798828125,0.0,0.0,0.0
1011851310,808722,0,1.115234375,3.337890625,0.486328125,3.82421875,0.0,0.0,0.0
1011852560,808723,0,1.11328125,3.37109375,0.6328125,4.00390625,0.0,0.0,0.0
1011853810,808724,0,1.1796875,3.318359375,0.73828125,4.056640625,0.0,0.0,0.0
1011855061,808725,0,1.158203125,3.298828125,0.626953125,3.92578125,0.0,0.0,0.0
1011856311,808726,0,1.1796875,3.037109375,0.626953125,3.6640625,0.0,0.0,0.0
1011857563,808727,0,1.13671875,2.912109375,0.62890625,3.541015625,0.0,0.0,0.0
1011858813,808728,0,1.064453125,2.720703125,0.564453125,3.28515625,0.0,0.0,0.0
1011860065,808729,0,1.00390625,2.521484375,0.4453125,2.966796875,0.0,0.0,0.0
1011861316,808730,0,1.01171875,2.322265625,0.275390625,2.59765625,0.0,0.0,0.0
1011862566,808731,0,0.970703125,2.1015625,0.220703125,2.322265625,0.0,0.0,0.0
1011863817,808732,0,1.013671875,1.814453125,0.19140625,2.005859375,0.0,0.0,0.0
1011865067,808733,0,1.03125,1.572265625,0.091796875,1.6640625,0.0,0.0,0.0
1011866317,808734,0,1.037109375,1.287109375,-0.041015625,1.24609375,0.0,0.0,0.0
1011867567,808735,0,1.072265625,0.998046875,-0.123046875,0.875,0.0,0.0,0.0
1011868818,808736,0,1.06640625,0.740234375,-0.2265625,0.513671875,0.0,0.0,0.0
1011870070,808737,0,1.041015625,0.431640625,-0.283203125,0.1484375,0.0,0.0,0.0
1011871321,808738,0,0.9921875,0.134765625,-0.341796875,-0.20703125,0.0,0.0,0.0
1011872571,808739,0,0.98828125,-0.130859375,-0.416015625,-0.546875,0.0,0.0,0.0
1011873821,808740,0,0.98046875,-0.404296875,-0.484375,-0.888671875,0.0,0.0,0.0
1011875071,808741,0,0.953125,-0.658203125,-0.5,-1.158203125,0.0,0.0,0.0
1011876322,808742,0,0.9453125,-0.912109375,-0.57421875,-1.486328125,0.0,0.0,0.0
1011877572,808743,0,0.955078125,-1.142578125,-0.609375,-1.751953125,0.0,0.0,0.0
1011878823,808744,0,0.892578125,-1.3828125,-0.6171875,-2.0,0.0,0.0,0.0
1011880075,808745,0,1.166015625,-1.396484375,-0.4453125,-1.841796875,0.0,0.0,0.0
1011881326,808746,0,1.22265625,-1.435546875,-0.400390625,-1.8359375,0.0,0.0,0.0
1011882577,808747,0,0.89453125,-1.921875,-0.271484375,-2.193359375,0.0,0.0,0.0
1011883829,808748,0,0.947265625,-1.966796875,-0.267578125,-2.234375,0.0,0.0,0.0
1011885079,808749,0,1.115234375,-1.9453125,-0.3984375,-2.34375,0.0,0.0,0.0
1011886329,808750,0,0.91015625,-2.11328125,-0.333984375,-2.447265625,0.0,0.0,0.0
1011887580,808751,0,0.84375,-2.177734375,-0.2734375,-2.451171875,0.0,0.0,0.0
1011888831,808752,0,0.90625,-2.115234375,-0.322265625,-2.4375,0.0,0.0,0.0
1011890082,808753,0,0.904296875,-2.1171875,-0.31640625,-2.43359375,0.0,0.0,0.0
1011891333,808754,0,0.861328125,-2.125,-0.28125,-2.40625,0.0,0.0,0.0
1011892584,808755,0,0.8828125,-2.091796875,-0.267578125,-2.359375,0.0,0.0,0.0
1011893835,808756,0,0.94921875,-1.998046875,-0.2890625,-2.287109375,0.0,0.0,0.0
1011895087,808757,0,0.994140625,-1.90234375,-0.30078125,-2.203125,0.0,0.0,0.0
1011896338,808758,0,0.990234375,-1.798828125,-0.28125,-2.080078125,0.0,0.0,0.0
1011897590,808759,0,1.013671875,-1.66796875,-0.28125,-1.94921875,0.0,0.0,0.0
1011898841,808760,0,1.009765625,-1.49609375,-0.294921875,-1.791015625,0.0,0.0,0.0
1011900092,808761,0,0.98828125,-1.35546875,-0.291015625,-1.646484375,0.0,0.0,0.0
1011901343,808762,0,0.99609375,-1.185546875,-0.298828125,-1.484375,0.0,0.0,0.0
1011902595,808763,0,0.97265625,-1.01171875,-0.27734375,-1.2890625,0.0,0.0,0.0
1011903845,808764,0,0.9765625,-0.814453125,-0.244140625,-1.05859375,0.0,0.0,0.0
1011905097,808765,0,1.005859375,-0.556640625,-0.1328125,-0.689453125,0.0,0.0,0.0
1011906348,808766,0,0.978515625,-0.3984375,-0.171875,-0.5703125,0.0,0.0,0.0
1011907600,808767,0,0.9765625,-0.296875,-0.1171875,-0.4140625,0.0,0.0,0.0
1011908850,808768,0,1.060546875,0.1171875,-0.001953125,0.115234375,0.0,0.0,0.0
1011910101,808769,0,1.0234375,0.22265625,-0.29296875,-0.0703125,0.0,0.0,0.0
1011911351,808770,0,1.046875,0.44921875,-0.314453125,0.134765625,0.0,0.0,0.0
1011912602,808771,0,0.939453125,0.5234375,-0.166015625,0.357421875,0.0,0.0,0.0
1011913853,808772,0,1.005859375,0.67578125,-0.07421875,0.6015625,0.0,0.0,0.0
1011915104,808773,0,1.005859375,0.87109375,0.03125,0.90234375,0.0,0.0,0.0
1011916355,808774,0,1.046875,1.009765625,0.091796875,1.1015625,0.0,0.0,0.0
1011917606,808775,0,1.033203125,1.10546875,0.150390625,1.255859375,0.0,0.0,0.0
1011918857,808776,0,1.01171875,1.162109375,0.181640625,1.34375,0.0,0.0,0.0
1011920109,808777,0,1.033203125,1.26171875,0.19140625,1.453125,0.0,0.0,0.0
1011921360,808778,0,1.02734375,1.314453125,0.21875,1.533203125,0.0,0.0,0.0
1011922610,808779,0,1.029296875,1.357421875,0.251953125,1.609375,0.0,0.0,0.0
1011923861,808780,0,1.0390625,1.37109375,0.265625,1.63671875,0.0,0.0,0.0
1011925112,808781,0,1.048828125,1.3828125,0.2734375,1.65625,0.0,0.0,0.0
1011926362,808782,0,1.044921875,1.37890625,0.27734375,1.65625,0.0,0.0,0.0
1011927613,808783,0,1.056640625,1.34765625,0.26953125,1.6171875,0.0,0.0,0.0
1011928863,808784,0,1.048828125,1.3203125,0.2734375,1.59375,0.0,0.0,0.0
1011930115,808785,0,1.048828125,1.265625,0.265625,1.53125,0.0,0.0,0.0
1011931366,808786,0,1.04296875,1.203125,0.25390625,1.45703125,0.0,0.0,0.0
1011932616,808787,0,1.02734375,1.126953125,0.236328125,1.36328125,0.0,0.0,0.0
1011933867,808788,0,1.01953125,1.0390625,0.2109375,1.25,0.0,0.0,0.0
1011935117,808789,0,1.015625,0.955078125,0.1796875,1.134765625,0.0,0.0,0.0
1011936367,808790,0,1.0234375,0.833984375,0.15234375,0.986328125,0.0,0.0,0.0
1011937618,808791,0,1.017578125,0.720703125,0.119140625,0.83984375,0.0,0.0,0.0
1011938868,808792,0,1.017578125,0.61328125,0.0859375,0.69921875,0.0,0.0,0.0
1011940120,808793,0,1.0078125,0.486328125,0.056640625,0.54296875,0.0,0.0,0.0
1011941371,808794,0,1.01953125,0.36328125,0.02734375,0.390625,0.0,0.0,0.0
1011942621,808795,0,1.009765625,0.2421875,0.0,0.2421875,0.0,0.0,0.0
1011943873,808796,0,1.0078125,0.115234375,-0.02734375,0.087890625,0.0,0.0,0.0
1011945123,808797,0,1.0078125,-0.00390625,-0.05078125,-0.0546875,0.0,0.0,0.0
1011946373,808798,0,1.005859375,-0.103515625,-0.068359375,-0.171875,0.0,0.0,0.0
1011947623,808799,0,1.0078125,-0.205078125,-0.048828125,-0.25390625,0.0,0.0,0.0
1011948873,808800,0,1.005859375,-0.31640625,-0.0546875,-0.37109375,0.0,0.0,0.0
1011950125,808801,0,0.9921875,-0.42578125,-0.078125,-0.50390625,0.0,0.0,0.0
1011951376,808802,0,0.984375,-0.529296875,-0.1171875,-0.646484375,0.0,0.0,0.0
1011952626,808803,0,0.98828125,-0.609375,-0.13671875,-0.74609375,0.0,0.0,0.0
1011953877,808804,0,0.998046875,-0.68359375,-0.140625,-0.82421875,0.0,0.0,0.0
1011955128,808805,0,1.001953125,-0.744140625,-0.14453125,-0.888671875,0.0,0.0,0.0
1011956378,808806,0,1.013671875,-0.806640625,-0.138671875,-0.9453125,0.0,0.0,0.0
1011957629,808807,0,1.01171875,-0.845703125,-0.15234375,-0.998046875,0.0,0.0,0.0
1011958880,808808,0,0.998046875,-0.888671875,-0.16015625,-1.048828125,0.0,0.0,0.0
1011960131,808809,0,0.990234375,-0.919921875,-0.14453125,-1.064453125,0.0,0.0,0.0
1011961382,808810,0,0.974609375,-0.923828125,-0.134765625,-1.05859375,0.0,0.0,0.0
1011962632,808811,0,0.9765625,-0.916015625,-0.13671875,-1.052734375,0.0,0.0,0.0
1011963883,808812,0,0.962890625,-0.892578125,-0.130859375,-1.0234375,0.0,0.0,0.0
1011965134,808813,0,0.9609375,-0.859375,-0.125,-0.984375,0.0,0.0,0.0
1011966384,808814,0,0.97265625,-0.828125,-0.125,-0.953125,0.0,0.0,0.0
1011967636,808815,0,0.9765625,-0.775390625,-0.123046875,-0.8984375,0.0,0.0,0.0
1011968886,808816,0,0.984375,-0.7265625,-0.125,-0.8515625,0.0,0.0,0.0
1011970137,808817,0,0.98828125,-0.6640625,-0.119140625,-0.783203125,0.0,0.0,0.0
1011971388,808818,0,0.99609375,-0.59375,-0.111328125,-0.705078125,0.0,0.0,0.0
1011972639,808819,0,1.0,-0.5234375,-0.099609375,-0.623046875,0.0,0.0,0.0
1011973889,808820,0,1.04296875,-0.39453125,-0.056640625,-0.451171875,0.0,0.0,0.0
1011975140,808821,0,0.97265625,-0.40625,-0.103515625,-0.509765625,0.0,0.0,0.0
1011976392,808822,0,1.037109375,-0.26953125,-0.09765625,-0.3671875,0.0,0.0,0.0
1011977642,808823,0,1.017578125,-0.203125,-0.044921875,-0.248046875,0.0,0.0,0.0
1011978894,808824,0,1.013671875,-0.1328125,-0.01953125,-0.15234375,0.0,0.0,0.0
1011980145,808825,0,1.005859375,-0.05859375,-0.01953125,-0.078125,0.0,0.0,0.0
1011981396,808826,0,0.994140625,0.029296875,-0.017578125,0.01171875,0.0,0.0,0.0
1011982648,808827,0,0.990234375,0.1015625,0.0,0.1015625,0.0,0.0,0.0
1011983899,808828,0,0.998046875,0.171875,0.017578125,0.189453125,0.0,0.0,0.0
1011985150,808829,0,1.0,0.244140625,0.025390625,0.26953125,0.0,0.0,0.0
1011986400,808830,0,1.005859375,0.298828125,0.052734375,0.3515625,0.0,0.0,0.0
1011987651,808831,0,1.009765625,0.357421875,0.05859375,0.416015625,0.0,0.0,0.0
1011988902,808832,0,1.033203125,0.40625,0.0625,0.46875,0.0,0.0,0.0
1011990152,808833,0,1.02734375,0.44921875,0.078125,0.52734375,0.0,0.0,0.0
1011991402,808834,0,1.03125,0.48828125,0.08984375,0.578125,0.0,0.0,0.0
1011992654,808835,0,1.0234375,0.515625,0.099609375,0.615234375,0.0,0.0,0.0
1011993904,808836,0,1.01953125,0.541015625,0.107421875,0.6484375,0.0,0.0,0.0
1011995154,808837,0,1.017578125,0.5546875,0.1171875,0.671875,0.0,0.0,0.0
1011996405,808838,0,1.013671875,0.5625,0.126953125,0.689453125,0.0,0.0,0.0
1011997655,808839,0,1.013671875,0.572265625,0.12109375,0.693359375,0.0,0.0,0.0
1011998906,808840,0,1.009765625,0.564453125,0.12109375,0.685546875,0.0,0.0,0.0
1012000157,808841,0,1.015625,0.5546875,0.13671875,0.69140625,0.0,0.0,0.0
1012001408,808842,0,1.021484375,0.537109375,0.12890625,0.666015625,0.0,0.0,0.0
1012002659,808843,0,1.0234375,0.50390625,0.126953125,0.630859375,0.0,0.0,0.0
1012003911,808844,0,1.01953125,0.4765625,0.126953125,0.603515625,0.0,0.0,0.0
1012005162,808845,0,1.015625,0.4453125,0.103515625,0.548828125,0.0,0.0,0.0
1012006414,808846,0,1.01953125,0.408203125,0.09765625,0.505859375,0.0,0.0,0.0
1012007664,808847,0,1.0234375,0.361328125,0.095703125,0.45703125,0.0,0.0,0.0
1012008916,808848,0,1.01171875,0.318359375,0.087890625,0.40625,0.0,0.0,0.0
1012010167,808849,0,1.015625,0.267578125,0.0703125,0.337890625,0.0,0.0,0.0
1012011417,808850,0,1.00390625,0.21484375,0.0625,0.27734375,0.0,0.0,0.0
1012012668,808851,0,0.994140625,0.162109375,0.04296875,0.205078125,0.0,0.0,0.0
1012013919,808852,0,1.005859375,0.111328125,0.029296875,0.140625,0.0,0.0,0.0
1012015170,808853,0,1.001953125,0.005859375,0.0234375,0.029296875,0.0,0.0,0.0
1012016421,808854,0,1.0078125,-0.0390625,0.015625,-0.0234375,0.0,0.0,0.0
1012017672,808855,0,1.001953125,-0.091796875,0.0,-0.091796875,0.0,0.0,0.0
1012018922,808856,0,0.998046875,-0.12890625,-0.0078125,-0.13671875,0.0,0.0,0.0
1012020173,808857,0,1.00390625,-0.171875,-0.009765625,-0.181640625,0.0,0.0,0.0
1012021425,808858,0,1.00390625,-0.21484375,-0.025390625,-0.240234375,0.0,0.0,0.0
1012022675,808859,0,0.998046875,-0.2578125,-0.03125,-0.2890625,0.0,0.0,0.0
1012023927,808860,0,0.99609375,-0.287109375,-0.037109375,-0.32421875,0.0,0.0,0.0
1012025177,808861,0,0.998046875,-0.318359375,-0.041015625,-0.359375,0.0,0.0,0.0
1012026429,808862,0,0.998046875,-0.337890625,-0.046875,-0.384765625,0.0,0.0,0.0
1012027680,808863,0,1.0,-0.3671875,-0.048828125,-0.416015625,0.0,0.0,0.0
1012028930,808864,0,0.998046875,-0.37890625,-0.0546875,-0.43359375,0.0,0.0,0.0
1012030180,808865,0,0.99609375,-0.384765625,-0.0546875,-0.439453125,0.0,0.0,0.0
1012031431,808866,0,0.994140625,-0.390625,-0.060546875,-0.451171875,0.0,0.0,0.0
1012032682,808867,0,0.994140625,-0.400390625,-0.05859375,-0.458984375,0.0,0.0,0.0
1012033933,808868,0,1.009765625,-0.38671875,-0.052734375,-0.439453125,0.0,0.0,0.0
1012035184,808869,0,1.00390625,-0.384765625,-0.060546875,-0.4453125,0.0,0.0,0.0
1012036434,808870,0,1.0,-0.373046875,-0.05078125,-0.423828125,0.0,0.0,0.0
1012037685,808871,0,0.990234375,-0.361328125,-0.05078125,-0.412109375,0.0,0.0,0.0
1012038936,808872,0,1.001953125,-0.34375,-0.0546875,-0.3984375,0.0,0.0,0.0
1012040188,808873,0,0.99609375,-0.318359375,-0.04296875,-0.361328125,0.0,0.0,0.0
1012041439,808874,0,1.0,-0.29296875,-0.048828125,-0.341796875,0.0,0.0,0.0
1012042690,808875,0,0.998046875,-0.263671875,-0.037109375,-0.30078125,0.0,0.0,0.0
1012043941,808876,0,1.001953125,-0.234375,-0.037109375,-0.271484375,0.0,0.0,0.0
1012045192,808877,0,1.001953125,-0.203125,-0.03515625,-0.23828125,0.0,0.0,0.0
1012046443,808878,0,1.005859375,-0.171875,-0.025390625,-0.197265625,0.0,0.0,0.0
1012047695,808879,0,1.001953125,-0.146484375,-0.025390625,-0.171875,0.0,0.0,0.0
1012048945,808880,0,1.00390625,-0.115234375,-0.009765625,-0.125,0.0,0.0,0.0
1012050195,808881,0,1.00390625,-0.076171875,-0.005859375,-0.08203125,0.0,0.0,0.0
1012051447,808882,0,1.005859375,-0.04296875,-0.001953125,-0.044921875,0.0,0.0,0.0
1012052697,808883,0,1.00390625,-0.017578125,0.005859375,-0.01171875,0.0,0.0,0.0
1012053949,808884,0,1.005859375,0.0078125,0.0078125,0.015625,0.0,0.0,0.0
1012055200,808885,0,1.0078125,0.04296875,0.01953125,0.0625,0.0,0.0,0.0
1012056452,808886,0,1.001953125,0.076171875,0.01953125,0.095703125,0.0,0.0,0.0
1012057702,808887,0,1.0078125,0.09765625,0.029296875,0.126953125,0.0,0.0,0.0
1012058954,808888,0,1.0078125,0.123046875,0.041015625,0.1640625,0.0,0.0,0.0
1012060205,808889,0,1.0078125,0.1484375,0.0390625,0.1875,0.0,0.0,0.0
1012061456,808890,0,1.00390625,0.166015625,0.05078125,0.216796875,0.0,0.0,0.0
1012062708,808891,0,1.015625,0.181640625,0.056640625,0.23828125,0.0,0.0,0.0
1012063958,808892,0,1.009765625,0.1953125,0.060546875,0.255859375,0.0,0.0,0.0
1012065209,808893,0,1.01171875,0.19921875,0.0625,0.26171875,0.0,0.0,0.0
1012066459,808894,0,1.01171875,0.212890625,0.048828125,0.26171875,0.0,0.0,0.0
1012067710,808895,0,1.00390625,0.216796875,0.06640625,0.283203125,0.0,0.0,0.0
1012068961,808896,0,1.00390625,0.216796875,0.068359375,0.28515625,0.0,0.0,0.0
1012070212,808897,0,1.013671875,0.216796875,0.068359375,0.28515625,0.0,0.0,0.0
1012071462,808898,0,1.013671875,0.212890625,0.06640625,0.279296875,0.0,0.0,0.0
1012072713,808899,0,1.00390625,0.201171875,0.060546875,0.26171875,0.0,0.0,0.0
1012073965,808900,0,1.009765625,0.1875,0.064453125,0.251953125,0.0,0.0,0.0
1012075216,808901,0,1.009765625,0.173828125,0.06640625,0.240234375,0.0,0.0,0.0
1012076468,808902,0,1.001953125,0.158203125,0.060546875,0.21875,0.0,0.0,0.0
1012077719,808903,0,1.009765625,0.138671875,0.056640625,0.1953125,0.0,0.0,0.0
1012078969,808904,0,1.005859375,0.1171875,0.041015625,0.158203125,0.0,0.0,0.0
1012080221,808905,0,1.001953125,0.103515625,0.04296875,0.146484375,0.0,0.0,0.0
1012081471,808906,0,1.001953125,0.080078125,0.04296875,0.123046875,0.0,0.0,0.0
1012082721,808907,0,1.0078125,0.05859375,0.037109375,0.095703125,0.0,0.0,0.0
1012083972,808908,0,1.0,0.037109375,0.025390625,0.0625,0.0,0.0,0.0
1012085224,808909,0,1.00390625,0.015625,0.033203125,0.048828125,0.0,0.0,0.0
1012086474,808910,0,1.00390625,-0.009765625,0.0234375,0.013671875,0.0,0.0,0.0
1012087724,808911,0,1.00390625,-0.02734375,0.015625,-0.01171875,0.0,0.0,0.0
1012088976,808912,0,1.015625,-0.041015625,0.015625,-0.025390625,0.0,0.0,0.0
1012090226,808913,0,1.0,-0.064453125,0.001953125,-0.0625,0.0,0.0,0.0
1012091476,808914,0,1.005859375,-0.08203125,0.009765625,-0.072265625,0.0,0.0,0.0
1012092728,808915,0,1.005859375,-0.09765625,0.00390625,-0.09375,0.0,0.0,0.0
1012093978,808916,0,0.998046875,-0.107421875,0.001953125,-0.10546875,0.0,0.0,0.0
1012095230,808917,0,0.994140625,-0.126953125,0.0,-0.126953125,0.0,0.0,0.0
1012096481,808918,0,0.99609375,-0.138671875,-0.001953125,-0.140625,0.0,0.0,0.0
1012097732,808919,0,0.998046875,-0.1484375,-0.01171875,-0.16015625,0.0,0.0,0.0
1012098983,808920,0,0.99609375,-0.15234375,-0.009765625,-0.162109375,0.0,0.0,0.0
1012100235,808921,0,1.00390625,-0.166015625,-0.017578125,-0.18359375,0.0,0.0,0.0
1012101485,808922,0,0.998046875,-0.166015625,-0.01171875,-0.177734375,0.0,0.0,0.0
1012102736,808923,0,0.998046875,-0.16796875,-0.01953125,-0.1875,0.0,0.0,0.0
1012103987,808924,0,1.0,-0.169921875,-0.02734375,-0.197265625,0.0,0.0,0.0
1012105237,808925,0,1.001953125,-0.171875,-0.021484375,-0.193359375,0.0,0.0,0.0
1012106488,808926,0,1.0,-0.173828125,-0.017578125,-0.19140625,0.0,0.0,0.0
1012107738,808927,0,1.001953125,-0.171875,-0.021484375,-0.193359375,0.0,0.0,0.0
1012108989,808928,0,1.005859375,-0.16015625,-0.021484375,-0.181640625,0.0,0.0,0.0
1012110239,808929,0,1.001953125,-0.158203125,-0.0234375,-0.181640625,0.0,0.0,0.0
1012111490,808930,0,1.001953125,-0.146484375,-0.0234375,-0.169921875,0.0,0.0,0.0
1012112741,808931,0,1.005859375,-0.13671875,-0.015625,-0.15234375,0.0,0.0,0.0
1012113991,808932,0,1.005859375,-0.126953125,-0.01171875,-0.138671875,0.0,0.0,0.0
1012115242,808933,0,1.001953125,-0.115234375,-0.02734375,-0.142578125,0.0,0.0,0.0
1012116493,808934,0,0.994140625,-0.103515625,-0.0078125,-0.111328125,0.0,0.0,0.0
1012117745,808935,0,1.005859375,-0.091796875,-0.0078125,-0.099609375,0.0,0.0,0.0
1012118995,808936,0,1.01171875,-0.0859375,0.001953125,-0.083984375,0.0,0.0,0.0
1012120247,808937,0,1.00390625,-0.05859375,0.00390625,-0.0546875,0.0,0.0,0.0
1012121498,808938,0,0.9921875,-0.046875,0.00390625,-0.04296875,0.0,0.0,0.0
1012122749,808939,0,1.005859375,-0.03125,0.0078125,-0.0234375,0.0,0.0,0.0
1012124000,808940,0,1.001953125,-0.01953125,0.01171875,-0.0078125,0.0,0.0,0.0
1012125250,808941,0,1.0,-0.005859375,0.015625,0.009765625,0.0,0.0,0.0
1012126501,808942,0,1.009765625,0.001953125,0.017578125,0.01953125,0.0,0.0,0.0
1012127752,808943,0,1.00390625,0.015625,0.02734375,0.04296875,0.0,0.0,0.0
1012129003,808944,0,1.009765625,0.025390625,0.021484375,0.046875,0.0,0.0,0.0
1012130254,808945,0,1.005859375,0.03125,0.029296875,0.060546875,0.0,0.0,0.0
1012131504,808946,0,1.001953125,0.044921875,0.02734375,0.072265625,0.0,0.0,0.0
1012132755,808947,0,1.005859375,0.056640625,0.033203125,0.08984375,0.0,0.0,0.0
1012134006,808948,0,1.005859375,0.05859375,0.03515625,0.09375,0.0,0.0,0.0
1012135257,808949,0,1.005859375,0.068359375,0.03515625,0.103515625,0.0,0.0,0.0
1012136508,808950,0,1.009765625,0.07421875,0.037109375,0.111328125,0.0,0.0,0.0
1012137760,808951,0,1.0078125,0.072265625,0.0390625,0.111328125,0.0,0.0,0.0
1012139010,808952,0,1.005859375,0.076171875,0.044921875,0.12109375,0.0,0.0,0.0
1012140261,808953,0,1.00390625,0.07421875,0.037109375,0.111328125,0.0,0.0,0.0
1012141513,808954,0,1.00390625,0.07421875,0.033203125,0.107421875,0.0,0.0,0.0
1012142763,808955,0,1.001953125,0.0703125,0.041015625,0.111328125,0.0,0.0,0.0
1012144014,808956,0,1.0,0.0703125,0.033203125,0.103515625,0.0,0.0,0.0
1012145271,808957,0,1.001953125,0.0703125,0.0390625,0.109375,0.0,0.0,0.0
1012146522,808958,0,1.015625,0.0703125,0.033203125,0.103515625,0.0,0.0,0.0
1012147774,808959,0,1.001953125,0.0625,0.03515625,0.09765625,0.0,0.0,0.0
1012149024,808960,0,1.009765625,0.048828125,0.04296875,0.091796875,0.0,0.0,0.0
1012150275,808961,0,1.005859375,0.048828125,0.037109375,0.0859375,0.0,0.0,0.0
1012151527,808962,0,1.005859375,0.0390625,0.03125,0.0703125,0.0,0.0,0.0
1012152778,808963,0,1.001953125,0.03125,0.037109375,0.068359375,0.0,0.0,0.0
1012154028,808964,0,1.005859375,0.0234375,0.033203125,0.056640625,0.0,0.0,0.0
1012155278,808965,0,1.0078125,0.013671875,0.03515625,0.048828125,0.0,0.0,0.0
1012156528,808966,0,1.001953125,0.0078125,0.029296875,0.037109375,0.0,0.0,0.0
1012157780,808967,0,1.001953125,0.0,0.025390625,0.025390625,0.0,0.0,0.0
1012159031,808968,0,1.00390625,-0.009765625,0.021484375,0.01171875,0.0,0.0,0.0
1012160282,808969,0,1.0078125,-0.017578125,0.01953125,0.001953125,0.0,0.0,0.0
1012161533,808970,0,1.00390625,-0.0234375,0.021484375,-0.001953125,0.0,0.0,0.0
1012162784,808971,0,1.005859375,-0.03125,0.021484375,-0.009765625,0.0,0.0,0.0
1012164034,808972,0,1.001953125,-0.0390625,0.017578125,-0.021484375,0.0,0.0,0.0
1012165284,808973,0,1.001953125,-0.037109375,0.017578125,-0.01953125,0.0,0.0,0.0
1012166536,808974,0,1.001953125,-0.0546875,0.015625,-0.0390625,0.0,0.0,0.0
1012167787,808975,0,0.998046875,-0.0625,0.01171875,-0.05078125,0.0,0.0,0.0
1012169038,808976,0,1.01171875,-0.064453125,0.015625,-0.048828125,0.0,0.0,0.0
1012170288,808977,0,1.0078125,-0.072265625,0.017578125,-0.0546875,0.0,0.0,0.0
1012171539,808978,0,1.009765625,-0.0703125,0.00390625,-0.06640625,0.0,0.0,0.0
1012172790,808979,0,1.001953125,-0.08203125,-0.005859375,-0.087890625,0.0,0.0,0.0
1012174040,808980,0,0.994140625,-0.083984375,-0.00390625,-0.087890625,0.0,0.0,0.0
1012175290,808981,0,1.001953125,-0.091796875,-0.00390625,-0.095703125,0.0,0.0,0.0
1012176542,808982,0,1.00390625,-0.091796875,-0.001953125,-0.09375,0.0,0.0,0.0
1012177793,808983,0,1.0078125,-0.087890625,0.001953125,-0.0859375,0.0,0.0,0.0
1012179044,808984,0,1.001953125,-0.08984375,0.001953125,-0.087890625,0.0,0.0,0.0
1012180295,808985,0,0.994140625,-0.08984375,-0.00390625,-0.09375,0.0,0.0,0.0
1012181546,808986,0,0.998046875,-0.08984375,0.001953125,-0.087890625,0.0,0.0,0.0
1012182796,808987,0,1.005859375,-0.08203125,-0.001953125,-0.083984375,0.0,0.0,0.0
1012184048,808988,0,1.005859375,-0.083984375,-0.001953125,-0.0859375,0.0,0.0,0.0
1012185299,808989,0,1.001953125,-0.0859375,-0.001953125,-0.087890625,0.0,0.0,0.0
1012186549,808990,0,1.00390625,-0.076171875,-0.001953125,-0.078125,0.0,0.0,0.0
1012187801,808991,0,1.00390625,-0.072265625,0.001953125,-0.0703125,0.0,0.0,0.0
1012189051,808992,0,1.00390625,-0.068359375,0.00390625,-0.064453125,0.0,0.0,0.0
1012190301,808993,0,1.0078125,-0.068359375,0.001953125,-0.06640625,0.0,0.0,0.0
1012191552,808994,0,1.005859375,-0.048828125,0.01171875,-0.037109375,0.0,0.0,0.0
1012192803,808995,0,1.00390625,-0.05078125,0.01171875,-0.0390625,0.0,0.0,0.0
1012194054,808996,0,1.00390625,-0.046875,0.013671875,-0.033203125,0.0,0.0,0.0
1012195305,808997,0,0.994140625,-0.041015625,0.01171875,-0.029296875,0.0,0.0,0.0
1012196556,808998,0,1.00390625,-0.041015625,0.013671875,-0.02734375,0.0,0.0,0.0
1012197807,808999,0,1.0,-0.033203125,0.013671875,-0.01953125,0.0,0.0,0.0
1012199059,809000,0,0.998046875,-0.017578125,0.01953125,0.001953125,0.0,0.0,0.0
1012200310,809001,0,1.0078125,-0.01953125,0.01953125,0.0,0.0,0.0,0.0
1012201560,809002,0,1.0,-0.021484375,0.015625,-0.005859375,0.0,0.0,0.0
1012202810,809003,0,1.00390625,-0.0078125,0.015625,0.0078125,0.0,0.0,0.0
1012204061,809004,0,1.001953125,-0.009765625,0.01953125,0.009765625,0.0,0.0,0.0
1012205311,809005,0,1.00390625,-0.001953125,0.021484375,0.01953125,0.0,0.0,0.0
1012206563,809006,0,1.00390625,0.00390625,0.021484375,0.025390625,0.0,0.0,0.0
1012207813,809007,0,1.005859375,0.0078125,0.02734375,0.03515625,0.0,0.0,0.0
1012209065,809008,0,1.001953125,0.01171875,0.021484375,0.033203125,0.0,0.0,0.0
1012210316,809009,0,1.005859375,0.017578125,0.033203125,0.05078125,0.0,0.0,0.0
1012211566,809010,0,1.0078125,0.013671875,0.029296875,0.04296875,0.0,0.0,0.0
1012212817,809011,0,1.001953125,0.017578125,0.025390625,0.04296875,0.0,0.0,0.0
1012214067,809012,0,1.0078125,0.0234375,0.021484375,0.044921875,0.0,0.0,0.0
1012215317,809013,0,1.00390625,0.0234375,0.02734375,0.05078125,0.0,0.0,0.0
1012216567,809014,0,0.99609375,0.0234375,0.029296875,0.052734375,0.0,0.0,0.0
1012217818,809015,0,1.0078125,0.02734375,0.029296875,0.056640625,0.0,0.0,0.0
1012219070,809016,0,0.998046875,0.025390625,0.029296875,0.0546875,0.0,0.0,0.0
1012220321,809017,0,1.0078125,0.017578125,0.03515625,0.052734375,0.0,0.0,0.0
1012221571,809018,0,1.001953125,0.01953125,0.01953125,0.0390625,0.0,0.0,0.0
1012222821,809019,0,1.00390625,0.015625,0.0390625,0.0546875,0.0,0.0,0.0
1012224071,809020,0,1.001953125,0.015625,0.0234375,0.0390625,0.0,0.0,0.0
1012225322,809021,0,0.998046875,0.015625,0.017578125,0.033203125,0.0,0.0,0.0
1012226572,809022,0,1.001953125,0.0078125,0.021484375,0.029296875,0.0,0.0,0.0
1012227823,809023,0,1.013671875,0.001953125,0.025390625,0.02734375,0.0,0.0,0.0
1012229075,809024,0,1.00390625,0.0,0.017578125,0.017578125,0.0,0.0,0.0
1012230326,809025,0,1.009765625,-0.00390625,0.01953125,0.015625,0.0,0.0,0.0
1012231577,809026,0,1.005859375,-0.005859375,0.017578125,0.01171875,0.0,0.0,0.0
1012232829,809027,0,1.0078125,-0.005859375,0.01953125,0.013671875,0.0,0.0,0.0
1012234079,809028,0,1.00390625,-0.013671875,0.017578125,0.00390625,0.0,0.0,0.0
1012235329,809029,0,1.005859375,-0.01953125,0.0234375,0.00390625,0.0,0.0,0.0
1012236580,809030,0,1.009765625,-0.0234375,0.013671875,-0.009765625,0.0,0.0,0.0
1012237831,809031,0,1.0,-0.033203125,0.013671875,-0.01953125,0.0,0.0,0.0
1012239082,809032,0,1.001953125,-0.03125,0.013671875,-0.017578125,0.0,0.0,0.0
1012240333,809033,0,1.0,-0.037109375,0.009765625,-0.02734375,0.0,0.0,0.0
1012241584,809034,0,1.0078125,-0.041015625,0.015625,-0.025390625,0.0,0.0,0.0
1012242835,809035,0,1.001953125,-0.04296875,0.009765625,-0.033203125,0.0,0.0,0.0
1012244087,809036,0,1.001953125,-0.048828125,0.0078125,-0.041015625,0.0,0.0,0.0
1012245338,809037,0,1.0,-0.052734375,0.009765625,-0.04296875,0.0,0.0,0.0
1012246590,809038,0,1.00390625,-0.052734375,0.00390625,-0.048828125,0.0,0.0,0.0
1012247841,809039,0,0.994140625,-0.052734375,0.001953125,-0.05078125,0.0,0.0,0.0
1012249092,809040,0,0.9921875,-0.064453125,0.00390625,-0.060546875,0.0,0.0,0.0
1012250343,809041,0,1.0078125,-0.0625,0.013671875,-0.048828125,0.0,0.0,0.0
1012251595,809042,0,0.998046875,-0.0625,0.005859375,-0.056640625,0.0,0.0,0.0
1012252845,809043,0,0.9921875,-0.0703125,0.00390625,-0.06640625,0.0,0.0,0.0
1012254097,809044,0,1.00390625,-0.064453125,0.005859375,-0.05859375,0.0,0.0,0.0
1012255348,809045,0,1.001953125,-0.072265625,0.0,-0.072265625,0.0,0.0,0.0
1012256600,809046,0,1.01171875,-0.076171875,0.01171875,-0.064453125,0.0,0.0,0.0
1012257850,809047,0,1.001953125,-0.072265625,0.0078125,-0.064453125,0.0,0.0,0.0
1012259101,809048,0,1.005859375,-0.068359375,0.00390625,-0.064453125,0.0,0.0,0.0
1012260351,809049,0,1.00390625,-0.06640625,0.009765625,-0.056640625,0.0,0.0,0.0
1012261602,809050,0,1.00390625,-0.06640625,0.0078125,-0.05859375,0.0,0.0,0.0
1012262853,809051,0,1.00390625,-0.06640625,0.013671875,-0.052734375,0.0,0.0,0.0
1012264104,809052,0,1.0,-0.056640625,0.01171875,-0.044921875,0.0,0.0,0.0
1012265355,809053,0,1.00390625,-0.052734375,0.0078125,-0.044921875,0.0,0.0,0.0
1012266606,809054,0,1.005859375,-0.052734375,0.009765625,-0.04296875,0.0,0.0,0.0
1012267857,809055,0,1.005859375,-0.046875,0.015625,-0.03125,0.0,0.0,0.0
1012269109,809056,0,1.0,-0.044921875,0.0078125,-0.037109375,0.0,0.0,0.0
1012270360,809057,0,1.001953125,-0.041015625,0.015625,-0.025390625,0.0,0.0,0.0
1012271610,809058,0,1.0,-0.0390625,0.0078125,-0.03125,0.0,0.0,0.0
1012272861,809059,0,0.99609375,-0.0390625,0.009765625,-0.029296875,0.0,0.0,0.0
1012274112,809060,0,0.998046875,-0.0234375,0.017578125,-0.005859375,0.0,0.0,0.0
1012275362,809061,0,1.009765625,-0.017578125,0.015625,-0.001953125,0.0,0.0,0.0
1012276613,809062,0,1.00390625,-0.01171875,0.021484375,0.009765625,0.0,0.0,0.0
1012277863,809063,0,1.0078125,-0.015625,0.015625,0.0,0.0,0.0,0.0
1012279115,809064,0,1.0,-0.009765625,0.01953125,0.009765625,0.0,0.0,0.0
1012280366,809065,0,1.0,-0.001953125,0.021484375,0.01953125,0.0,0.0,0.0
1012281616,809066,0,1.005859375,-0.00390625,0.017578125,0.013671875,0.0,0.0,0.0
1012282867,809067,0,1.00390625,0.001953125,0.021484375,0.0234375,0.0,0.0,0.0
1012284117,809068,0,1.0078125,0.005859375,0.01953125,0.025390625,0.0,0.0,0.0
1012285367,809069,0,1.005859375,0.005859375,0.025390625,0.03125,0.0,0.0,0.0
1012286618,809070,0,1.009765625,0.01171875,0.0234375,0.03515625,0.0,0.0,0.0
1012287868,809071,0,1.005859375,0.01171875,0.0234375,0.03515625,0.0,0.0,0.0
1012289120,809072,0,1.005859375,0.01171875,0.021484375,0.033203125,0.0,0.0,0.0
1012290371,809073,0,1.009765625,0.015625,0.025390625,0.041015625,0.0,0.0,0.0
1012291621,809074,0,1.00390625,0.015625,0.0234375,0.0390625,0.0,0.0,0.0
1012292873,809075,0,1.0078125,0.017578125,0.017578125,0.03515625,0.0,0.0,0.0
1012294123,809076,0,1.01171875,0.015625,0.021484375,0.037109375,0.0,0.0,0.0
1012295373,809077,0,1.0078125,0.015625,0.021484375,0.037109375,0.0,0.0,0.0
1012296623,809078,0,1.009765625,0.015625,0.029296875,0.044921875,0.0,0.0,0.0
1012297873,809079,0,1.009765625,0.001953125,0.0234375,0.025390625,0.0,0.0,0.0
1012299125,809080,0,0.998046875,0.009765625,0.01953125,0.029296875,0.0,0.0,0.0
1012300376,809081,0,1.001953125,0.009765625,0.017578125,0.02734375,0.0,0.0,0.0
1012301626,809082,0,1.00390625,0.00390625,0.021484375,0.025390625,0.0,0.0,0.0
1012302877,809083,0,1.0078125,0.00390625,0.01953125,0.0234375,0.0,0.0,0.0
1012304128,809084,0,1.001953125,-0.001953125,0.017578125,0.015625,0.0,0.0,0.0
1012305378,809085,0,1.015625,-0.00390625,0.015625,0.01171875,0.0,0.0,0.0
1012306629,809086,0,1.0078125,-0.005859375,0.017578125,0.01171875,0.0,0.0,0.0
1012307880,809087,0,1.015625,-0.013671875,0.015625,0.001953125,0.0,0.0,0.0
1012309131,809088,0,1.005859375,-0.017578125,0.013671875,-0.00390625,0.0,0.0,0.0
1012310382,809089,0,1.009765625,-0.021484375,0.015625,-0.005859375,0.0,0.0,0.0
1012311632,809090,0,1.00390625,-0.025390625,0.01953125,-0.005859375,0.0,0.0,0.0
1012312883,809091,0,1.0078125,-0.033203125,0.009765625,-0.0234375,0.0,0.0,0.0
1012314134,809092,0,0.998046875,-0.03125,0.0078125,-0.0234375,0.0,0.0,0.0
1012315384,809093,0,1.0,-0.037109375,0.013671875,-0.0234375,0.0,0.0,0.0
1012316636,809094,0,1.00390625,-0.044921875,0.005859375,-0.0390625,0.0,0.0,0.0
1012317886,809095,0,1.001953125,-0.048828125,0.005859375,-0.04296875,0.0,0.0,0.0
1012319137,809096,0,1.001953125,-0.048828125,0.0078125,-0.041015625,0.0,0.0,0.0
1012320388,809097,0,1.005859375,-0.048828125,0.017578125,-0.03125,0.0,0.0,0.0
1012321639,809098,0,1.0078125,-0.0546875,0.005859375,-0.048828125,0.0,0.0,0.0
1012322889,809099,0,1.005859375,-0.0625,0.015625,-0.046875,0.0,0.0,0.0
1012324140,809100,0,0.994140625,-0.060546875,0.00390625,-0.056640625,0.0,0.0,0.0
1012325392,809101,0,1.0,-0.064453125,0.00390625,-0.060546875,0.0,0.0,0.0
1012326642,809102,0,1.00390625,-0.064453125,0.0078125,-0.056640625,0.0,0.0,0.0
1012327894,809103,0,1.0078125,-0.064453125,0.009765625,-0.0546875,0.0,0.0,0.0
1012329145,809104,0,0.998046875,-0.064453125,0.0,-0.064453125,0.0,0.0,0.0
1012330396,809105,0,1.0,-0.06640625,0.005859375,-0.060546875,0.0,0.0,0.0
1012331648,809106,0,1.0,-0.060546875,0.009765625,-0.05078125,0.0,0.0,0.0
1012332899,809107,0,1.005859375,-0.064453125,0.01171875,-0.052734375,0.0,0.0,0.0
1012334150,809108,0,1.001953125,-0.056640625,0.0078125,-0.048828125,0.0,0.0,0.0
1012335400,809109,0,1.005859375,-0.060546875,0.01171875,-0.048828125,0.0,0.0,0.0
1012336651,809110,0,1.005859375,-0.056640625,0.01171875,-0.044921875,0.0,0.0,0.0
1012337902,809111,0,1.00390625,-0.0546875,0.005859375,-0.048828125,0.0,0.0,0.0
1012339152,809112,0,1.00390625,-0.046875,0.01171875,-0.03515625,0.0,0.0,0.0
1012340402,809113,0,1.00390625,-0.05078125,0.013671875,-0.037109375,0.0,0.0,0.0
1012341654,809114,0,1.001953125,-0.041015625,0.009765625,-0.03125,0.0,0.0,0.0
1012342904,809115,0,1.0,-0.03515625,0.017578125,-0.017578125,0.0,0.0,0.0
1012344154,809116,0,1.001953125,-0.03125,0.01953125,-0.01171875,0.0,0.0,0.0
1012345405,809117,0,1.00390625,-0.025390625,0.009765625,-0.015625,0.0,0.0,0.0
1012346655,809118,0,1.001953125,-0.021484375,0.01953125,-0.001953125,0.0,0.0,0.0
1012347906,809119,0,1.01171875,-0.01953125,0.021484375,0.001953125,0.0,0.0,0.0
1012349157,809120,0,1.0078125,-0.013671875,0.01953125,0.005859375,0.0,0.0,0.0
1012350408,809121,0,1.0,-0.005859375,0.01171875,0.005859375,0.0,0.0,0.0
1012351659,809122,0,1.015625,-0.001953125,0.021484375,0.01953125,0.0,0.0,0.0
1012352911,809123,0,1.001953125,-0.001953125,0.025390625,0.0234375,0.0,0.0,0.0
1012354162,809124,0,1.005859375,0.005859375,0.013671875,0.01953125,0.0,0.0,0.0
1012355414,809125,0,1.005859375,0.005859375,0.017578125,0.0234375,0.0,0.0,0.0
1012356664,809126,0,1.0,0.001953125,0.017578125,0.01953125,0.0,0.0,0.0
1012357916,809127,0,1.001953125,0.009765625,0.013671875,0.0234375,0.0,0.0,0.0
1012359167,809128,0,1.009765625,0.005859375,0.025390625,0.03125,0.0,0.0,0.0
1012360417,809129,0,1.009765625,0.009765625,0.01953125,0.029296875,0.0,0.0,0.0
1012361668,809130,0,1.005859375,0.017578125,0.0234375,0.041015625,0.0,0.0,0.0
1012362919,809131,0,1.0078125,0.015625,0.021484375,0.037109375,0.0,0.0,0.0
1012364170,809132,0,1.0078125,0.013671875,0.029296875,0.04296875,0.0,0.0,0.0
1012365421,809133,0,1.009765625,0.017578125,0.02734375,0.044921875,0.0,0.0,0.0
1012366672,809134,0,1.005859375,0.017578125,0.02734375,0.044921875,0.0,0.0,0.0
1012367922,809135,0,1.005859375,0.015625,0.0234375,0.0390625,0.0,0.0,0.0
1012369173,809136,0,1.00390625,0.013671875,0.021484375,0.03515625,0.0,0.0,0.0
1012370425,809137,0,1.01171875,0.005859375,0.021484375,0.02734375,0.0,0.0,0.0
1012371675,809138,0,1.00390625,0.009765625,0.01953125,0.029296875,0.0,0.0,0.0
1012372927,809139,0,1.00390625,0.00390625,0.01953125,0.0234375,0.0,0.0,0.0
1012374177,809140,0,1.009765625,0.001953125,0.017578125,0.01953125,0.0,0.0,0.0
1012375429,809141,0,1.0078125,0.0,0.017578125,0.017578125,0.0,0.0,0.0
1012376680,809142,0,1.00390625,-0.001953125,0.015625,0.013671875,0.0,0.0,0.0
1012377930,809143,0,1.00390625,-0.0078125,0.017578125,0.009765625,0.0,0.0,0.0
1012379180,809144,0,1.01171875,-0.015625,0.015625,0.0,0.0,0.0,0.0
1012380431,809145,0,1.00390625,-0.01953125,0.013671875,-0.005859375,0.0,0.0,0.0
1012381682,809146,0,1.001953125,-0.02734375,0.017578125,-0.009765625,0.0,0.0,0.0
1012382933,809147,0,0.99609375,-0.02734375,0.009765625,-0.017578125,0.0,0.0,0.0
1012384184,809148,0,0.998046875,-0.03515625,0.009765625,-0.025390625,0.0,0.0,0.0
1012385434,809149,0,1.001953125,-0.0390625,0.015625,-0.0234375,0.0,0.0,0.0
1012386685,809150,0,1.009765625,-0.044921875,0.015625,-0.029296875,0.0,0.0,0.0
1012387936,809151,0,1.0,-0.0546875,0.013671875,-0.041015625,0.0,0.0,0.0
1012389188,809152,0,1.001953125,-0.056640625,0.01171875,-0.044921875,0.0,0.0,0.0
1012390439,809153,0,1.001953125,-0.0546875,0.01171875,-0.04296875,0.0,0.0,0.0
1012391690,809154,0,1.001953125,-0.056640625,0.01171875,-0.044921875,0.0,0.0,0.0
1012392941,809155,0,1.0,-0.0625,0.009765625,-0.052734375,0.0,0.0,0.0
1012394192,809156,0,1.005859375,-0.064453125,0.009765625,-0.0546875,0.0,0.0,0.0
1012395443,809157,0,1.005859375,-0.060546875,0.01171875,-0.048828125,0.0,0.0,0.0
1012396695,809158,0,1.001953125,-0.06640625,0.0078125,-0.05859375,0.0,0.0,0.0
1012397945,809159,0,1.0,-0.06640625,0.00390625,-0.0625,0.0,0.0,0.0
1012399195,809160,0,1.00390625,-0.06640625,0.005859375,-0.060546875,0.0,0.0,0.0
1012400447,809161,0,1.005859375,-0.060546875,0.0078125,-0.052734375,0.0,0.0,0.0
1012401697,809162,0,1.005859375,-0.060546875,0.009765625,-0.05078125,0.0,0.0,0.0
1012402949,809163,0,1.005859375,-0.060546875,0.01171875,-0.048828125,0.0,0.0,0.0
1012404200,809164,0,1.005859375,-0.0625,0.017578125,-0.044921875,0.0,0.0,0.0
1012405452,809165,0,1.005859375,-0.056640625,0.015625,-0.041015625,0.0,0.0,0.0
1012406702,809166,0,1.005859375,-0.048828125,0.0078125,-0.041015625,0.0,0.0,0.0
1012407954,809167,0,1.00390625,-0.048828125,0.017578125,-0.03125,0.0,0.0,0.0
1012409205,809168,0,1.005859375,-0.05078125,0.017578125,-0.033203125,0.0,0.0,0.0
1012410456,809169,0,0.99609375,-0.048828125,0.01171875,-0.037109375,0.0,0.0,0.0
1012411708,809170,0,1.0078125,-0.033203125,0.01953125,-0.013671875,0.0,0.0,0.0
1012412958,809171,0,1.0,-0.03515625,0.021484375,-0.013671875,0.0,0.0,0.0
1012414209,809172,0,1.015625,-0.03125,0.017578125,-0.013671875,0.0,0.0,0.0
1012415459,809173,0,1.005859375,-0.021484375,0.015625,-0.005859375,0.0,0.0,0.0
1012416710,809174,0,1.005859375,-0.021484375,0.017578125,-0.00390625,0.0,0.0,0.0
1012417961,809175,0,1.00390625,-0.021484375,0.01953125,-0.001953125,0.0,0.0,0.0
1012419212,809176,0,1.009765625,-0.01171875,0.021484375,0.009765625,0.0,0.0,0.0
1012420462,809177,0,1.00390625,-0.013671875,0.021484375,0.0078125,0.0,0.0,0.0
1012421713,809178,0,1.00390625,-0.001953125,0.017578125,0.015625,0.0,0.0,0.0
1012422965,809179,0,1.001953125,-0.00390625,0.025390625,0.021484375,0.0,0.0,0.0
1012424216,809180,0,1.0078125,0.0,0.01953125,0.01953125,0.0,0.0,0.0
1012425468,809181,0,1.0078125,0.00390625,0.02734375,0.03125,0.0,0.0,0.0
1012426719,809182,0,1.001953125,0.005859375,0.025390625,0.03125,0.0,0.0,0.0
1012427969,809183,0,1.01171875,0.0078125,0.025390625,0.033203125,0.0,0.0,0.0
1012429221,809184,0,1.005859375,0.009765625,0.025390625,0.03515625,0.0,0.0,0.0
1012430471,809185,0,1.009765625,0.009765625,0.0234375,0.033203125,0.0,0.0,0.0
1012431721,809186,0,1.005859375,0.01171875,0.0234375,0.03515625,0.0,0.0,0.0
1012432972,809187,0,1.015625,0.01171875,0.021484375,0.033203125,0.0,0.0,0.0
1012434224,809188,0,1.00390625,0.01171875,0.021484375,0.033203125,0.0,0.0,0.0
1012435474,809189,0,1.009765625,0.009765625,0.0234375,0.033203125,0.0,0.0,0.0
1012436724,809190,0,1.0078125,0.01171875,0.021484375,0.033203125,0.0,0.0,0.0
1012437976,809191,0,1.0,0.005859375,0.015625,0.021484375,0.0,0.0,0.0
1012439226,809192,0,1.00390625,0.00390625,0.0234375,0.02734375,0.0,0.0,0.0
1012440476,809193,0,1.005859375,0.0,0.021484375,0.021484375,0.0,0.0,0.0
1012441728,809194,0,1.0078125,-0.00390625,0.0234375,0.01953125,0.0,0.0,0.0
1012442978,809195,0,1.0078125,-0.00390625,0.021484375,0.017578125,0.0,0.0,0.0
1012444230,809196,0,1.005859375,-0.01171875,0.017578125,0.005859375,0.0,0.0,0.0
1012445481,809197,0,1.001953125,-0.013671875,0.01953125,0.005859375,0.0,0.0,0.0
1012446732,809198,0,1.0,-0.017578125,0.015625,-0.001953125,0.0,0.0,0.0
1012447983,809199,0,1.00390625,-0.021484375,0.01171875,-0.009765625,0.0,0.0,0.0
1012449235,809200,0,1.005859375,-0.021484375,0.015625,-0.005859375,0.0,0.0,0.0
1012450485,809201,0,1.005859375,-0.03125,0.01953125,-0.01171875,0.0,0.0,0.0
1012451736,809202,0,1.005859375,-0.03125,0.01953125,-0.01171875,0.0,0.0,0.0
1012452987,809203,0,1.001953125,-0.03515625,0.009765625,-0.025390625,0.0,0.0,0.0
1012454237,809204,0,1.0078125,-0.041015625,0.013671875,-0.02734375,0.0,0.0,0.0
1012455488,809205,0,1.0,-0.037109375,0.015625,-0.021484375,0.0,0.0,0.0
1012456738,809206,0,1.00390625,-0.046875,0.013671875,-0.033203125,0.0,0.0,0.0
1012457989,809207,0,1.005859375,-0.052734375,0.01171875,-0.041015625,0.0,0.0,0.0
1012459239,809208,0,0.99609375,-0.052734375,0.013671875,-0.0390625,0.0,0.0,0.0
1012460490,809209,0,1.0078125,-0.0546875,0.013671875,-0.041015625,0.0,0.0,0.0
1012461741,809210,0,1.001953125,-0.060546875,0.009765625,-0.05078125,0.0,0.0,0.0
1012462991,809211,0,0.998046875,-0.056640625,0.009765625,-0.046875,0.0,0.0,0.0
1012464242,809212,0,1.009765625,-0.0625,0.009765625,-0.052734375,0.0,0.0,0.0
1012465493,809213,0,1.001953125,-0.056640625,0.00390625,-0.052734375,0.0,0.0,0.0
1012466745,809214,0,0.998046875,-0.0625,0.013671875,-0.048828125,0.0,0.0,0.0
1012467995,809215,0,1.00390625,-0.0546875,0.00390625,-0.05078125,0.0,0.0,0.0
1012469247,809216,0,1.00390625,-0.060546875,0.009765625,-0.05078125,0.0,0.0,0.0
1012470498,809217,0,1.0078125,-0.056640625,0.005859375,-0.05078125,0.0,0.0,0.0
1012471749,809218,0,1.00390625,-0.0546875,0.001953125,-0.052734375,0.0,0.0,0.0
1012473000,809219,0,1.001953125,-0.0546875,0.0078125,-0.046875,0.0,0.0,0.0
1012474250,809220,0,1.001953125,-0.05078125,0.009765625,-0.041015625,0.0,0.0,0.0
1012475501,809221,0,1.005859375,-0.044921875,0.009765625,-0.03515625,0.0,0.0,0.0
1012476752,809222,0,1.00390625,-0.044921875,0.01171875,-0.033203125,0.0,0.0,0.0
1012478003,809223,0,1.005859375,-0.044921875,0.015625,-0.029296875,0.0,0.0,0.0
1012479254,809224,0,1.0078125,-0.04296875,0.01171875,-0.03125,0.0,0.0,0.0
1012480504,809225,0,0.998046875,-0.037109375,0.005859375,-0.03125,0.0,0.0,0.0
1012481755,809226,0,1.001953125,-0.02734375,0.015625,-0.01171875,0.0,0.0,0.0
1012483006,809227,0,1.0078125,-0.025390625,0.017578125,-0.0078125,0.0,0.0,0.0
1012484257,809228,0,1.0078125,-0.025390625,0.01171875,-0.013671875,0.0,0.0,0.0
1012485508,809229,0,1.00390625,-0.029296875,0.00390625,-0.025390625,0.0,0.0,0.0
1012486760,809230,0,1.009765625,-0.0234375,0.015625,-0.0078125,0.0,0.0,0.0
1012488010,809231,0,1.015625,-0.009765625,0.025390625,0.015625,0.0,0.0,0.0
1012489261,809232,0,1.013671875,-0.013671875,0.017578125,0.00390625,0.0,0.0,0.0
1012490513,809233,0,1.001953125,-0.01171875,0.01953125,0.0078125,0.0,0.0,0.0
1012491763,809234,0,1.0078125,0.00390625,0.0234375,0.02734375,0.0,0.0,0.0
1012493014,809235,0,1.001953125,0.001953125,0.021484375,0.0234375,0.0,0.0,0.0
1012494271,809236,0,1.005859375,0.001953125,0.01953125,0.021484375,0.0,0.0,0.0
1012495522,809237,0,1.0078125,0.005859375,0.021484375,0.02734375,0.0,0.0,0.0
1012496774,809238,0,1.0078125,0.009765625,0.025390625,0.03515625,0.0,0.0,0.0
1012498024,809239,0,1.005859375,0.005859375,0.021484375,0.02734375,0.0,0.0,0.0
1012499275,809240,0,1.00390625,0.009765625,0.0234375,0.033203125,0.0,0.0,0.0
1012500527,809241,0,1.005859375,0.00390625,0.01953125,0.0234375,0.0,0.0,0.0
1012501778,809242,0,1.001953125,0.005859375,0.0234375,0.029296875,0.0,0.0,0.0
1012503028,809243,0,1.0,0.00390625,0.021484375,0.025390625,0.0,0.0,0.0
1012504278,809244,0,1.00390625,0.00390625,0.01953125,0.0234375,0.0,0.0,0.0
1012505528,809245,0,1.001953125,0.005859375,0.01953125,0.025390625,0.0,0.0,0.0
1012506780,809246,0,0.998046875,0.00390625,0.021484375,0.025390625,0.0,0.0,0.0
1012508031,809247,0,1.0078125,0.0,0.0234375,0.0234375,0.0,0.0,0.0
1012509282,809248,0,1.001953125,-0.0078125,0.02734375,0.01953125,0.0,0.0,0.0
1012510533,809249,0,1.005859375,-0.0078125,0.013671875,0.005859375,0.0,0.0,0.0
1012511784,809250,0,1.0,-0.0078125,0.021484375,0.013671875,0.0,0.0,0.0
1012513034,809251,0,0.998046875,-0.013671875,0.01953125,0.005859375,0.0,0.0,0.0
1012514284,809252,0,1.0078125,-0.015625,0.01953125,0.00390625,0.0,0.0,0.0
1012515536,809253,0,0.9921875,-0.015625,0.017578125,0.001953125,0.0,0.0,0.0
1012516787,809254,0,1.00390625,-0.021484375,0.021484375,0.0,0.0,0.0,0.0
1012518038,809255,0,1.0078125,-0.025390625,0.013671875,-0.01171875,0.0,0.0,0.0
1012519288,809256,0,1.01171875,-0.03125,0.013671875,-0.017578125,0.0,0.0,0.0
1012520539,809257,0,0.998046875,-0.033203125,0.015625,-0.017578125,0.0,0.0,0.0
1012521790,809258,0,1.001953125,-0.037109375,0.015625,-0.021484375,0.0,0.0,0.0
1012523040,809259,0,0.998046875,-0.0390625,0.009765625,-0.029296875,0.0,0.0,0.0
1012524290,809260,0,1.00390625,-0.0390625,0.0078125,-0.03125,0.0,0.0,0.0
1012525542,809261,0,1.001953125,-0.048828125,0.009765625,-0.0390625,0.0,0.0,0.0
1012526793,809262,0,1.00390625,-0.05078125,0.0078125,-0.04296875,0.0,0.0,0.0
1012528044,809263,0,1.001953125,-0.048828125,0.0078125,-0.041015625,0.0,0.0,0.0
1012529295,809264,0,1.00390625,-0.05078125,0.005859375,-0.044921875,0.0,0.0,0.0
1012530546,809265,0,1.0,-0.0546875,0.01171875,-0.04296875,0.0,0.0,0.0
1012531796,809266,0,1.001953125,-0.056640625,0.009765625,-0.046875,0.0,0.0,0.0
1012533048,809267,0,1.009765625,-0.0546875,0.009765625,-0.044921875,0.0,0.0,0.0
1012534299,809268,0,1.00390625,-0.052734375,0.0078125,-0.044921875,0.0,0.0,0.0
1012535549,809269,0,0.998046875,-0.060546875,0.009765625,-0.05078125,0.0,0.0,0.0
1012536801,809270,0,1.0,-0.056640625,0.009765625,-0.046875,0.0,0.0,0.0
1012538051,809271,0,1.0078125,-0.056640625,0.005859375,-0.05078125,0.0,0.0,0.0
1012539301,809272,0,1.0,-0.05078125,0.00390625,-0.046875,0.0,0.0,0.0
1012540552,809273,0,1.001953125,-0.05859375,0.005859375,-0.052734375,0.0,0.0,0.0
1012541803,809274,0,1.00390625,-0.05078125,0.0078125,-0.04296875,0.0,0.0,0.0
1012543054,809275,0,1.013671875,-0.044921875,0.013671875,-0.03125,0.0,0.0,0.0
1012544305,809276,0,1.001953125,-0.044921875,0.005859375,-0.0390625,0.0,0.0,0.0
1012545556,809277,0,1.015625,-0.04296875,0.009765625,-0.033203125,0.0,0.0,0.0
1012546807,809278,0,1.005859375,-0.033203125,0.01953125,-0.013671875,0.0,0.0,0.0
1012548059,809279,0,1.00390625,-0.03515625,0.015625,-0.01953125,0.0,0.0,0.0
1012549310,809280,0,1.001953125,-0.03125,0.021484375,-0.009765625,0.0,0.0,0.0
1012550560,809281,0,1.00390625,-0.029296875,0.017578125,-0.01171875,0.0,0.0,0.0
1012551810,809282,0,1.00390625,-0.025390625,0.017578125,-0.0078125,0.0,0.0,0.0
1012553061,809283,0,0.998046875,-0.01953125,0.017578125,-0.001953125,0.0,0.0,0.0
1012554311,809284,0,1.005859375,-0.017578125,0.017578125,0.0,0.0,0.0,0.0
1012555563,809285,0,1.00390625,-0.01171875,0.017578125,0.005859375,0.0,0.0,0.0
1012556813,809286,0,1.005859375,-0.0078125,0.01953125,0.01171875,0.0,0.0,0.0
1012558065,809287,0,1.00390625,-0.005859375,0.021484375,0.015625,0.0,0.0,0.0
1012559316,809288,0,1.00390625,-0.005859375,0.0234375,0.017578125,0.0,0.0,0.0
1012560566,809289,0,1.005859375,-0.001953125,0.021484375,0.01953125,0.0,0.0,0.0
1012561817,809290,0,1.009765625,0.0,0.01953125,0.01953125,0.0,0.0,0.0
1012563067,809291,0,1.013671875,-0.00390625,0.015625,0.01171875,0.0,0.0,0.0
1012564317,809292,0,1.0078125,0.00390625,0.025390625,0.029296875,0.0,0.0,0.0
1012565567,809293,0,1.015625,0.001953125,0.015625,0.017578125,0.0,0.0,0.0
1012566818,809294,0,1.001953125,0.005859375,0.01953125,0.025390625,0.0,0.0,0.0
1012568070,809295,0,1.005859375,0.00390625,0.017578125,0.021484375,0.0,0.0,0.0
1012569321,809296,0,1.005859375,0.009765625,0.021484375,0.03125,0.0,0.0,0.0
1012570571,809297,0,1.005859375,0.00390625,0.025390625,0.029296875,0.0,0.0,0.0
1012571821,809298,0,1.0078125,0.0,0.021484375,0.021484375,0.0,0.0,0.0
1012573071,809299,0,1.001953125,0.0,0.029296875,0.029296875,0.0,0.0,0.0
1012574322,809300,0,1.00390625,0.001953125,0.015625,0.017578125,0.0,0.0,0.0
1012575572,809301,0,0.998046875,0.0,0.01953125,0.01953125,0.0,0.0,0.0
1012576823,809302,0,1.00390625,-0.00390625,0.021484375,0.017578125,0.0,0.0,0.0
1012578075,809303,0,1.0078125,-0.009765625,0.015625,0.005859375,0.0,0.0,0.0
1012579326,809304,0,1.001953125,-0.0078125,0.013671875,0.005859375,0.0,0.0,0.0
1012580577,809305,0,1.00390625,-0.009765625,0.017578125,0.0078125,0.0,0.0,0.0
1012581829,809306,0,1.00390625,-0.015625,0.01953125,0.00390625,0.0,0.0,0.0
1012583079,809307,0,1.005859375,-0.017578125,0.013671875,-0.00390625,0.0,0.0,0.0
1012584329,809308,0,1.001953125,-0.01953125,0.015625,-0.00390625,0.0,0.0,0.0
1012585580,809309,0,1.00390625,-0.01953125,0.017578125,-0.001953125,0.0,0.0,0.0
1012586831,809310,0,1.0078125,-0.03125,0.015625,-0.015625,0.0,0.0,0.0
1012588082,809311,0,1.00390625,-0.025390625,0.015625,-0.009765625,0.0,0.0,0.0
1012589333,809312,0,1.005859375,-0.03515625,0.0078125,-0.02734375,0.0,0.0,0.0
1012590584,809313,0,1.00390625,-0.03515625,0.013671875,-0.021484375,0.0,0.0,0.0
1012591835,809314,0,1.013671875,-0.03515625,0.009765625,-0.025390625,0.0,0.0,0.0
1012593087,809315,0,0.994140625,-0.041015625,0.0078125,-0.033203125,0.0,0.0,0.0
1012594338,809316,0,1.0078125,-0.044921875,0.01171875,-0.033203125,0.0,0.0,0.0
1012595590,809317,0,1.0078125,-0.044921875,0.005859375,-0.0390625,0.0,0.0,0.0
1012596841,809318,0,1.001953125,-0.052734375,0.00390625,-0.048828125,0.0,0.0,0.0
1012598092,809319,0,1.0078125,-0.048828125,0.01171875,-0.037109375,0.0,0.0,0.0
1012599343,809320,0,1.0,-0.052734375,0.005859375,-0.046875,0.0,0.0,0.0
1012600595,809321,0,1.00390625,-0.05078125,0.015625,-0.03515625,0.0,0.0,0.0
1012601845,809322,0,1.001953125,-0.05078125,0.01171875,-0.0390625,0.0,0.0,0.0
1012603097,809323,0,1.0078125,-0.05078125,0.0078125,-0.04296875,0.0,0.0,0.0
1012604348,809324,0,1.005859375,-0.052734375,0.005859375,-0.046875,0.0,0.0,0.0
1012605600,809325,0,1.00390625,-0.048828125,0.005859375,-0.04296875,0.0,0.0,0.0
1012606850,809326,0,1.001953125,-0.048828125,0.015625,-0.033203125,0.0,0.0,0.0
1012608101,809327,0,1.00390625,-0.048828125,0.013671875,-0.03515625,0.0,0.0,0.0
1012609351,809328,0,1.005859375,-0.046875,0.015625,-0.03125,0.0,0.0,0.0
1012610602,809329,0,1.005859375,-0.048828125,0.015625,-0.033203125,0.0,0.0,0.0
1012611853,809330,0,1.001953125,-0.04296875,0.017578125,-0.025390625,0.0,0.0,0.0
1012613104,809331,0,1.013671875,-0.041015625,0.00390625,-0.037109375,0.0,0.0,0.0
1012614355,809332,0,1.005859375,-0.041015625,0.01171875,-0.029296875,0.0,0.0,0.0
1012615606,809333,0,1.0,-0.033203125,0.01953125,-0.013671875,0.0,0.0,0.0
1012616857,809334,0,1.005859375,-0.03515625,0.01953125,-0.015625,0.0,0.0,0.0
1012618109,809335,0,1.001953125,-0.029296875,0.021484375,-0.0078125,0.0,0.0,0.0
1012619360,809336,0,1.001953125,-0.01953125,0.015625,-0.00390625,0.0,0.0,0.0
1012620610,809337,0,0.998046875,-0.0234375,0.021484375,-0.001953125,0.0,0.0,0.0
1012621861,809338,0,1.005859375,-0.025390625,0.01953125,-0.005859375,0.0,0.0,0.0
1012623112,809339,0,1.00390625,-0.017578125,0.013671875,-0.00390625,0.0,0.0,0.0
1012624362,809340,0,1.0,-0.017578125,0.021484375,0.00390625,0.0,0.0,0.0
1012625613,809341,0,1.00390625,-0.005859375,0.021484375,0.015625,0.0,0.0,0.0
1012626863,809342,0,1.005859375,-0.0078125,0.01953125,0.01171875,0.0,0.0,0.0
1012628115,809343,0,1.001953125,-0.005859375,0.01953125,0.013671875,0.0,0.0,0.0
1012629366,809344,0,1.005859375,-0.001953125,0.01953125,0.017578125,0.0,0.0,0.0
1012630616,809345,0,1.0078125,-0.001953125,0.025390625,0.0234375,0.0,0.0,0.0
1012631867,809346,0,1.0,-0.001953125,0.0234375,0.021484375,0.0,0.0,0.0
1012633117,809347,0,1.0078125,0.0,0.02734375,0.02734375,0.0,0.0,0.0
1012634367,809348,0,1.005859375,0.00390625,0.021484375,0.025390625,0.0,0.0,0.0
1012635618,809349,0,1.0078125,0.0,0.01953125,0.01953125,0.0,0.0,0.0
1012636868,809350,0,1.0078125,0.001953125,0.021484375,0.0234375,0.0,0.0,0.0
1012638120,809351,0,1.0,0.001953125,0.015625,0.017578125,0.0,0.0,0.0
1012639371,809352,0,1.009765625,-0.001953125,0.021484375,0.01953125,0.0,0.0,0.0
1012640621,809353,0,0.998046875,0.001953125,0.021484375,0.0234375,0.0,0.0,0.0
1012641873,809354,0,1.001953125,-0.00390625,0.021484375,0.017578125,0.0,0.0,0.0
1012643123,809355,0,1.001953125,-0.005859375,0.01953125,0.013671875,0.0,0.0,0.0
1012644373,809356,0,1.01171875,-0.001953125,0.017578125,0.015625,0.0,0.0,0.0
1012645623,809357,0,1.005859375,-0.009765625,0.009765625,0.0,0.0,0.0,0.0
1012646873,809358,0,1.001953125,-0.01171875,0.01953125,0.0078125,0.0,0.0,0.0
1012648125,809359,0,1.009765625,-0.01171875,0.005859375,-0.005859375,0.0,0.0,0.0
1012649376,809360,0,1.00390625,-0.009765625,0.017578125,0.0078125,0.0,0.0,0.0
1012650626,809361,0,1.0078125,-0.013671875,0.015625,0.001953125,0.0,0.0,0.0
1012651877,809362,0,1.0,-0.021484375,0.015625,-0.005859375,0.0,0.0,0.0
1012653128,809363,0,1.0078125,-0.021484375,0.017578125,-0.00390625,0.0,0.0,0.0
1012654378,809364,0,1.0,-0.029296875,0.021484375,-0.0078125,0.0,0.0,0.0
1012655629,809365,0,1.00390625,-0.029296875,0.013671875,-0.015625,0.0,0.0,0.0
1012656880,809366,0,1.005859375,-0.03125,0.017578125,-0.013671875,0.0,0.0,0.0
1012658131,809367,0,1.0078125,-0.037109375,0.0078125,-0.029296875,0.0,0.0,0.0
1012659382,809368,0,1.00390625,-0.041015625,0.015625,-0.025390625,0.0,0.0,0.0
1012660632,809369,0,1.00390625,-0.041015625,0.013671875,-0.02734375,0.0,0.0,0.0
1012661883,809370,0,1.00390625,-0.046875,0.005859375,-0.041015625,0.0,0.0,0.0
1012663134,809371,0,1.009765625,-0.046875,0.0,-0.046875,0.0,0.0,0.0
1012664384,809372,0,1.005859375,-0.048828125,0.005859375,-0.04296875,0.0,0.0,0.0
1012665636,809373,0,1.00390625,-0.044921875,0.009765625,-0.03515625,0.0,0.0,0.0
1012666886,809374,0,1.005859375,-0.052734375,0.00390625,-0.048828125,0.0,0.0,0.0
1012668137,809375,0,1.009765625,-0.046875,0.01171875,-0.03515625,0.0,0.0,0.0
1012669388,809376,0,0.998046875,-0.05078125,0.01171875,-0.0390625,0.0,0.0,0.0
1012670639,809377,0,1.005859375,-0.052734375,0.0,-0.052734375,0.0,0.0,0.0
1012671889,809378,0,1.001953125,-0.052734375,0.013671875,-0.0390625,0.0,0.0,0.0
1012673140,809379,0,1.0,-0.052734375,0.01171875,-0.041015625,0.0,0.0,0.0
1012674392,809380,0,1.0078125,-0.048828125,0.005859375,-0.04296875,0.0,0.0,0.0
1012675642,809381,0,1.017578125,-0.05078125,0.015625,-0.03515625,0.0,0.0,0.0
1012676894,809382,0,0.998046875,-0.046875,0.0234375,-0.0234375,0.0,0.0,0.0
1012678145,809383,0,1.0,-0.037109375,0.021484375,-0.015625,0.0,0.0,0.0
1012679396,809384,0,1.00390625,-0.044921875,0.017578125,-0.02734375,0.0,0.0,0.0
1012680648,809385,0,1.009765625,-0.044921875,0.01953125,-0.025390625,0.0,0.0,0.0
1012681899,809386,0,1.0,-0.0390625,0.01953125,-0.01953125,0.0,0.0,0.0
1012683150,809387,0,1.00390625,-0.037109375,0.013671875,-0.0234375,0.0,0.0,0.0
1012684400,809388,0,1.00390625,-0.03125,0.015625,-0.015625,0.0,0.0,0.0
1012685651,809389,0,1.00390625,-0.029296875,0.0234375,-0.005859375,0.0,0.0,0.0
1012686902,809390,0,1.001953125,-0.029296875,0.01953125,-0.009765625,0.0,0.0,0.0
1012688152,809391,0,1.001953125,-0.025390625,0.0234375,-0.001953125,0.0,0.0,0.0
1012689402,809392,0,1.0078125,-0.021484375,0.0234375,0.001953125,0.0,0.0,0.0
1012690654,809393,0,1.00390625,-0.021484375,0.017578125,-0.00390625,0.0,0.0,0.0
1012691904,809394,0,1.0,-0.01953125,0.021484375,0.001953125,0.0,0.0,0.0
1012693154,809395,0,1.001953125,-0.013671875,0.02734375,0.013671875,0.0,0.0,0.0
1012694405,809396,0,1.00390625,-0.013671875,0.0234375,0.009765625,0.0,0.0,0.0
1012695655,809397,0,1.0078125,-0.009765625,0.01953125,0.009765625,0.0,0.0,0.0
1012696906,809398,0,1.00390625,-0.009765625,0.01953125,0.009765625,0.0,0.0,0.0
1012698157,809399,0,1.0078125,-0.01171875,0.025390625,0.013671875,0.0,0.0,0.0
1012699408,809400,0,1.025390625,-0.001953125,0.021484375,0.01953125,0.0,0.0,0.0
1012700659,809401,0,1.005859375,-0.001953125,0.0234375,0.021484375,0.0,0.0,0.0
1012701911,809402,0,1.0078125,-0.001953125,0.009765625,0.0078125,0.0,0.0,0.0
1012703162,809403,0,1.001953125,-0.001953125,0.015625,0.013671875,0.0,0.0,0.0
1012704414,809404,0,1.001953125,-0.001953125,0.021484375,0.01953125,0.0,0.0,6661619903889408.0
1012706916,809406,0,1.005859375,-0.00390625,0.015625,0.01171875,0.0,0.0,0.0
1012708167,809407,0,1.00390625,-0.00390625,0.01953125,0.015625,0.0,0.0,0.0
1012709417,809408,0,1.005859375,-0.00390625,0.0234375,0.01953125,0.0,0.0,0.0
1012710668,809409,0,1.0078125,-0.0078125,0.01953125,0.01171875,0.0,0.0,0.0
1012711919,809410,0,0.998046875,-0.00390625,0.013671875,0.009765625,0.0,0.0,0.0
1012713170,809411,0,1.001953125,-0.0078125,0.01953125,0.01171875,0.0,0.0,0.0
1012714421,809412,0,1.001953125,-0.013671875,0.01171875,-0.001953125,0.0,0.0,0.0
1012715672,809413,0,1.0,-0.01171875,0.017578125,0.005859375,0.0,0.0,0.0
1012716922,809414,0,1.001953125,-0.015625,0.013671875,-0.001953125,0.0,0.0,0.0
1012718173,809415,0,1.005859375,-0.017578125,0.013671875,-0.00390625,0.0,0.0,0.0
1012719425,809416,0,1.013671875,-0.01953125,0.01953125,0.0,0.0,0.0,0.0
1012720675,809417,0,1.00390625,-0.0234375,0.015625,-0.0078125,0.0,0.0,0.0
1012721927,809418,0,1.0078125,-0.02734375,0.013671875,-0.013671875,0.0,0.0,0.0
1012723177,809419,0,1.005859375,-0.03515625,0.00390625,-0.03125,0.0,0.0,0.0
1012724429,809420,0,1.009765625,-0.029296875,0.0078125,-0.021484375,0.0,0.0,0.0
1012725680,809421,0,1.0,-0.03125,0.013671875,-0.017578125,0.0,0.0,0.0
1012726930,809422,0,1.0078125,-0.037109375,0.0078125,-0.029296875,0.0,0.0,0.0
1012728180,809423,0,1.0078125,-0.03515625,0.01171875,-0.0234375,0.0,0.0,0.0
1012729431,809424,0,0.99609375,-0.033203125,0.01953125,-0.013671875,0.0,0.0,0.0
1012730682,809425,0,0.994140625,-0.0390625,0.009765625,-0.029296875,0.0,0.0,0.0
1012731933,809426,0,1.0,-0.041015625,0.015625,-0.025390625,0.0,0.0,0.0
1012733184,809427,0,1.001953125,-0.044921875,0.013671875,-0.03125,0.0,0.0,0.0
1012734434,809428,0,1.0078125,-0.044921875,0.005859375,-0.0390625,0.0,0.0,0.0
1012735685,809429,0,1.001953125,-0.05078125,0.013671875,-0.037109375,0.0,0.0,0.0
1012736936,809430,0,1.005859375,-0.052734375,0.005859375,-0.046875,0.0,0.0,0.0
1012738188,809431,0,1.009765625,-0.048828125,0.01171875,-0.037109375,0.0,0.0,0.0
1012739439,809432,0,1.0078125,-0.044921875,0.0078125,-0.037109375,0.0,0.0,0.0
1012740690,809433,0,1.0078125,-0.044921875,0.009765625,-0.03515625,0.0,0.0,0.0
1012741941,809434,0,1.00390625,-0.044921875,0.005859375,-0.0390625,0.0,0.0,0.0
1012743192,809435,0,1.005859375,-0.046875,0.009765625,-0.037109375,0.0,0.0,0.0
1012744443,809436,0,1.001953125,-0.046875,0.017578125,-0.029296875,0.0,0.0,0.0
1012745695,809437,0,1.013671875,-0.044921875,0.015625,-0.029296875,0.0,0.0,0.0
1012746945,809438,0,1.009765625,-0.046875,0.015625,-0.03125,0.0,0.0,0.0
1012748195,809439,0,1.00390625,-0.03515625,0.017578125,-0.017578125,0.0,0.0,0.0
1012749447,809440,0,1.001953125,-0.037109375,0.01171875,-0.025390625,0.0,0.0,0.0
1012750697,809441,0,0.994140625,-0.03515625,0.017578125,-0.017578125,0.0,0.0,0.0
1012751949,809442,0,0.9921875,-0.0390625,0.015625,-0.0234375,0.0,0.0,0.0
1012753200,809443,0,0.99609375,-0.033203125,0.00390625,-0.029296875,0.0,0.0,0.0
1012754452,809444,0,0.998046875,-0.03125,0.015625,-0.015625,0.0,0.0,0.0
1012755702,809445,0,1.00390625,-0.025390625,0.01171875,-0.013671875,0.0,0.0,0.0
1012756954,809446,0,1.0078125,-0.0234375,0.01171875,-0.01171875,0.0,0.0,0.0
1012758205,809447,0,1.00390625,-0.01953125,0.017578125,-0.001953125,0.0,0.0,0.0
1012759456,809448,0,1.0078125,-0.01953125,0.021484375,0.001953125,0.0,0.0,0.0
1012760708,809449,0,1.00390625,-0.017578125,0.0234375,0.005859375,0.0,0.0,0.0
1012761958,809450,0,1.0,-0.009765625,0.015625,0.005859375,0.0,0.0,0.0
1012763209,809451,0,1.00390625,-0.01171875,0.021484375,0.009765625,0.0,0.0,0.0
1012764459,809452,0,1.009765625,-0.0078125,0.017578125,0.009765625,0.0,0.0,0.0
1012765710,809453,0,1.005859375,-0.009765625,0.01953125,0.009765625,0.0,0.0,0.0
1012766961,809454,0,1.005859375,-0.009765625,0.017578125,0.0078125,0.0,0.0,0.0
1012768212,809455,0,1.005859375,-0.005859375,0.01953125,0.013671875,0.0,0.0,0.0
1012769462,809456,0,1.0078125,-0.00390625,0.01953125,0.015625,0.0,0.0,0.0
1012770713,809457,0,1.00390625,-0.005859375,0.02734375,0.021484375,0.0,0.0,0.0
1012771965,809458,0,1.00390625,-0.0078125,0.0234375,0.015625,0.0,0.0,0.0
1012773216,809459,0,1.009765625,-0.005859375,0.025390625,0.01953125,0.0,0.0,0.0
1012774468,809460,0,1.0078125,-0.005859375,0.01953125,0.013671875,0.0,0.0,0.0
1012775719,809461,0,1.00390625,-0.009765625,0.015625,0.005859375,0.0,0.0,0.0
1012776969,809462,0,1.001953125,-0.0078125,0.01953125,0.01171875,0.0,0.0,0.0
1012778221,809463,0,1.017578125,-0.00390625,0.01953125,0.015625,0.0,0.0,0.0
1012779471,809464,0,1.015625,-0.00390625,0.017578125,0.013671875,0.0,0.0,0.0
1012780721,809465,0,0.998046875,-0.015625,0.01953125,0.00390625,0.0,0.0,0.0
1012781972,809466,0,1.001953125,-0.01171875,0.0234375,0.01171875,0.0,0.0,0.0
1012783224,809467,0,1.015625,-0.013671875,0.021484375,0.0078125,0.0,0.0,0.0
1012784474,809468,0,1.001953125,-0.01953125,0.01171875,-0.0078125,0.0,0.0,0.0
1012785724,809469,0,1.00390625,-0.0234375,0.021484375,-0.001953125,0.0,0.0,0.0
1012786976,809470,0,0.998046875,-0.01953125,0.009765625,-0.009765625,0.0,0.0,0.0
1012788226,809471,0,1.001953125,-0.0234375,0.015625,-0.0078125,0.0,0.0,0.0
1012789476,809472,0,1.009765625,-0.025390625,0.01171875,-0.013671875,0.0,0.0,0.0
1012790728,809473,0,1.00390625,-0.02734375,0.017578125,-0.009765625,0.0,0.0,0.0
1012791978,809474,0,1.00390625,-0.03125,0.013671875,-0.017578125,0.0,0.0,0.0
1012793230,809475,0,1.00390625,-0.03125,0.01171875,-0.01953125,0.0,0.0,0.0
1012794481,809476,0,1.005859375,-0.033203125,0.015625,-0.017578125,0.0,0.0,0.0
1012795732,809477,0,1.001953125,-0.037109375,0.01171875,-0.025390625,0.0,0.0,0.0
1012796983,809478,0,1.009765625,-0.03515625,0.009765625,-0.025390625,0.0,0.0,0.0
1012798235,809479,0,1.01171875,-0.037109375,0.01953125,-0.017578125,0.0,0.0,0.0
1012799485,809480,0,1.005859375,-0.03515625,0.013671875,-0.021484375,0.0,0.0,0.0
1012800736,809481,0,1.005859375,-0.04296875,0.01171875,-0.03125,0.0,0.0,0.0
1012801987,809482,0,0.998046875,-0.0390625,0.01171875,-0.02734375,0.0,0.0,0.0
1012803237,809483,0,1.021484375,-0.044921875,0.005859375,-0.0390625,0.0,0.0,0.0
1012804488,809484,0,1.01171875,-0.041015625,0.015625,-0.025390625,0.0,0.0,0.0
1012805738,809485,0,1.005859375,-0.044921875,0.009765625,-0.03515625,0.0,0.0,0.0
1012806989,809486,0,1.009765625,-0.04296875,0.017578125,-0.025390625,0.0,0.0,0.0
1012808239,809487,0,1.00390625,-0.04296875,0.0078125,-0.03515625,0.0,0.0,0.0
1012809490,809488,0,0.998046875,-0.0390625,0.013671875,-0.025390625,0.0,0.0,0.0
1012810741,809489,0,1.0,-0.04296875,0.015625,-0.02734375,0.0,0.0,0.0
1012811991,809490,0,1.001953125,-0.04296875,0.01171875,-0.03125,0.0,0.0,0.0
1012813242,809491,0,1.005859375,-0.0390625,0.017578125,-0.021484375,0.0,0.0,0.0
1012814493,809492,0,1.0,-0.037109375,0.013671875,-0.0234375,0.0,0.0,0.0
1012815745,809493,0,1.001953125,-0.037109375,0.01953125,-0.017578125,0.0,0.0,0.0
1012816995,809494,0,1.00390625,-0.037109375,0.015625,-0.021484375,0.0,0.0,0.0
