t_us,frame_id,sensor_id,accX,accY,accZ,acc_sum_YZ,magX,magY,magZ
13868407,10908,0,1.001953125,-0.03125,0.01171875,-0.01953125,0.0,0.0,0.0
13869657,10909,0,1.00390625,-0.03515625,0.021484375,-0.013671875,0.0,0.0,0.0
13870909,10910,0,1.001953125,-0.033203125,0.013671875,-0.01953125,0.0,0.0,0.0
13872159,10911,0,0.998046875,-0.03125,0.0234375,-0.0078125,0.0,0.0,0.0
13873409,10912,0,1.001953125,-0.021484375,0.025390625,0.00390625,0.0,0.0,0.0
13874661,10913,0,1.0,-0.021484375,0.021484375,0.0,0.0,0.0,0.0
13875911,10914,0,1.0078125,-0.0234375,0.025390625,0.001953125,0.0,0.0,0.0
13877161,10915,0,1.005859375,-0.02734375,0.0234375,-0.00390625,0.0,0.0,0.0
13878411,10916,0,1.0,-0.02734375,0.017578125,-0.009765625,0.0,0.0,0.0
13879663,10917,0,1.001953125,-0.029296875,0.01953125,-0.009765625,0.0,0.0,0.0
13880913,10918,0,0.998046875,-0.033203125,0.01171875,-0.021484375,0.0,0.0,0.0
13882164,10919,0,1.005859375,-0.033203125,0.015625,-0.017578125,0.0,0.0,0.0
13883415,10920,0,1.00390625,-0.03125,0.017578125,-0.013671875,0.0,0.0,0.0
13884666,10921,0,1.001953125,-0.03125,0.017578125,-0.013671875,0.0,0.0,0.0
13885916,10922,0,1.00390625,-0.033203125,0.013671875,-0.01953125,0.0,0.0,0.0
13887167,10923,0,1.00390625,-0.033203125,0.02734375,-0.005859375,0.0,0.0,0.0
13888417,10924,0,1.0078125,-0.033203125,0.015625,-0.017578125,0.0,0.0,0.0
13889668,10925,0,1.005859375,-0.033203125,0.02734375,-0.005859375,0.0,0.0,0.0
13890920,10926,0,1.0078125,-0.029296875,0.02734375,-0.001953125,0.0,0.0,0.0
13892171,10927,0,1.00390625,-0.033203125,0.021484375,-0.01171875,0.0,0.0,0.0
13893421,10928,0,0.994140625,-0.03125,0.01953125,-0.01171875,0.0,0.0,0.0
13894672,10929,0,1.00390625,-0.037109375,0.013671875,-0.0234375,0.0,0.0,0.0
13895924,10930,0,1.00390625,-0.03125,0.01953125,-0.01171875,0.0,0.0,0.0
13897174,10931,0,1.001953125,-0.03125,0.02734375,-0.00390625,0.0,0.0,0.0
13898425,10932,0,1.009765625,-0.03125,0.0234375,-0.0078125,0.0,0.0,0.0
13899677,10933,0,1.005859375,-0.029296875,0.017578125,-0.01171875,0.0,0.0,0.0
13900927,10934,0,1.00390625,-0.025390625,0.017578125,-0.0078125,0.0,0.0,0.0
13902177,10935,0,1.0,-0.0234375,0.021484375,-0.001953125,0.0,0.0,0.0
13903429,10936,0,1.001953125,-0.0234375,0.025390625,0.001953125,0.0,0.0,0.0
13904679,10937,0,1.00390625,-0.0234375,0.02734375,0.00390625,0.0,0.0,0.0
13905931,10938,0,1.00390625,-0.02734375,0.01953125,-0.0078125,0.0,0.0,0.0
13907181,10939,0,1.00390625,-0.02734375,0.021484375,-0.005859375,0.0,0.0,0.0
13908431,10940,0,1.005859375,-0.025390625,0.01953125,-0.005859375,0.0,0.0,0.0
13909683,10941,0,1.005859375,-0.025390625,0.017578125,-0.0078125,0.0,0.0,0.0
13910933,10942,0,1.00390625,-0.03125,0.01953125,-0.01171875,0.0,0.0,0.0
13912183,10943,0,1.00390625,-0.025390625,0.017578125,-0.0078125,0.0,0.0,0.0
13913434,10944,0,0.99609375,-0.0234375,0.017578125,-0.005859375,0.0,0.0,0.0
13914685,10945,0,1.009765625,-0.0234375,0.017578125,-0.005859375,0.0,0.0,0.0
13915936,10946,0,1.0078125,-0.02734375,0.013671875,-0.013671875,0.0,0.0,0.0
13917186,10947,0,1.0,-0.0234375,0.013671875,-0.009765625,0.0,0.0,0.0
13918437,10948,0,1.001953125,-0.02734375,0.021484375,-0.005859375,0.0,0.0,0.0
13919687,10949,0,1.009765625,-0.03125,0.015625,-0.015625,0.0,0.0,0.0
13920937,10950,0,0.998046875,-0.029296875,0.015625,-0.013671875,0.0,0.0,0.0
13922188,10951,0,1.001953125,-0.025390625,0.01171875,-0.013671875,0.0,0.0,0.0
13923440,10952,0,1.0078125,-0.02734375,0.021484375,-0.005859375,0.0,0.0,0.0
13924690,10953,0,1.005859375,-0.02734375,0.021484375,-0.005859375,0.0,0.0,0.0
13925942,10954,0,1.001953125,-0.029296875,0.01953125,-0.009765625,0.0,0.0,0.0
13927193,10955,0,0.99609375,-0.029296875,0.017578125,-0.01171875,0.0,0.0,0.0
13928445,10956,0,1.0078125,-0.033203125,0.01953125,-0.013671875,0.0,0.0,0.0
13929695,10957,0,1.005859375,-0.02734375,0.015625,-0.01171875,0.0,0.0,0.0
13930947,10958,0,1.00390625,-0.025390625,0.017578125,-0.0078125,0.0,0.0,0.0
13932198,10959,0,1.009765625,-0.03125,0.021484375,-0.009765625,0.0,0.0,0.0
13933450,10960,0,1.0,-0.0234375,0.0234375,0.0,0.0,0.0,0.0
13934700,10961,0,1.001953125,-0.029296875,0.01953125,-0.009765625,0.0,0.0,0.0
13935952,10962,0,1.005859375,-0.025390625,0.017578125,-0.0078125,0.0,0.0,0.0
13937203,10963,0,1.005859375,-0.02734375,0.021484375,-0.005859375,0.0,0.0,0.0
13938454,10964,0,1.005859375,-0.03515625,0.025390625,-0.009765625,0.0,0.0,0.0
13939705,10965,0,1.005859375,-0.029296875,0.021484375,-0.0078125,0.0,0.0,0.0
13940957,10966,0,1.001953125,-0.033203125,0.017578125,-0.015625,0.0,0.0,0.0
13942207,10967,0,1.013671875,-0.025390625,0.015625,-0.009765625,0.0,0.0,0.0
13943459,10968,0,0.99609375,-0.02734375,0.017578125,-0.009765625,0.0,0.0,0.0
13944709,10969,0,1.0,-0.02734375,0.025390625,-0.001953125,0.0,0.0,0.0
13945959,10970,0,1.0078125,-0.029296875,0.017578125,-0.01171875,0.0,0.0,0.0
13947209,10971,0,1.00390625,-0.029296875,0.01953125,-0.009765625,0.0,0.0,0.0
13948459,10972,0,1.0,-0.029296875,0.01953125,-0.009765625,0.0,0.0,0.0
13949711,10973,0,1.0,-0.02734375,0.01953125,-0.0078125,0.0,0.0,0.0
13950961,10974,0,1.00390625,-0.02734375,0.021484375,-0.005859375,0.0,0.0,0.0
13952213,10975,0,1.00390625,-0.029296875,0.021484375,-0.0078125,0.0,0.0,0.0
13953464,10976,0,1.00390625,-0.029296875,0.01953125,-0.009765625,0.0,0.0,0.0
13954715,10977,0,1.005859375,-0.029296875,0.01953125,-0.009765625,0.0,0.0,0.0
13955966,10978,0,1.00390625,-0.029296875,0.017578125,-0.01171875,0.0,0.0,0.0
13957216,10979,0,1.005859375,-0.03515625,0.013671875,-0.021484375,0.0,0.0,0.0
13958467,10980,0,1.005859375,-0.03125,0.01953125,-0.01171875,0.0,0.0,0.0
13959718,10981,0,1.0,-0.03515625,0.015625,-0.01953125,0.0,0.0,0.0
13960968,10982,0,1.0078125,-0.029296875,0.01953125,-0.009765625,0.0,0.0,0.0
13962219,10983,0,1.00390625,-0.03125,0.015625,-0.015625,0.0,0.0,0.0
13963470,10984,0,1.0,-0.029296875,0.017578125,-0.01171875,0.0,0.0,0.0
13964721,10985,0,0.998046875,-0.021484375,0.015625,-0.005859375,0.0,0.0,0.0
13965971,10986,0,1.00390625,-0.01953125,0.025390625,0.005859375,0.0,0.0,0.0
13967223,10987,0,1.001953125,-0.03125,0.01953125,-0.01171875,0.0,0.0,0.0
13968473,10988,0,1.00390625,-0.029296875,0.0234375,-0.005859375,0.0,0.0,0.0
13969723,10989,0,1.001953125,-0.029296875,0.01953125,-0.009765625,0.0,0.0,0.0
13970975,10990,0,0.998046875,-0.029296875,0.0234375,-0.005859375,0.0,0.0,0.0
13972226,10991,0,1.0,-0.025390625,0.01171875,-0.013671875,0.0,0.0,0.0
13973476,10992,0,1.0078125,-0.03125,0.0234375,-0.0078125,0.0,0.0,0.0
13974728,10993,0,0.998046875,-0.033203125,0.01953125,-0.013671875,0.0,0.0,0.0
13975979,10994,0,1.00390625,-0.02734375,0.017578125,-0.009765625,0.0,0.0,0.0
13977229,10995,0,1.0,-0.0234375,0.01953125,-0.00390625,0.0,0.0,0.0
13978481,10996,0,1.0,-0.025390625,0.015625,-0.009765625,0.0,0.0,0.0
13979731,10997,0,1.0,-0.02734375,0.01953125,-0.0078125,0.0,0.0,0.0
13980981,10998,0,1.0,-0.025390625,0.01171875,-0.013671875,0.0,0.0,0.0
13982232,10999,0,1.001953125,-0.03125,0.01953125,-0.01171875,0.0,0.0,0.0
13983483,11000,0,1.005859375,-0.02734375,0.017578125,-0.009765625,0.0,0.0,0.0
13984734,11001,0,1.005859375,-0.02734375,0.01953125,-0.0078125,0.0,0.0,0.0
13985986,11002,0,1.001953125,-0.029296875,0.017578125,-0.01171875,0.0,0.0,0.0
13987236,11003,0,0.998046875,-0.029296875,0.013671875,-0.015625,0.0,0.0,0.0
13988486,11004,0,1.0,-0.033203125,0.01953125,-0.013671875,0.0,0.0,0.0
13989737,11005,0,1.00390625,-0.03515625,0.017578125,-0.017578125,0.0,0.0,0.0
13990987,11006,0,0.998046875,-0.03515625,0.013671875,-0.021484375,0.0,0.0,0.0
13992238,11007,0,1.005859375,-0.03515625,0.017578125,-0.017578125,0.0,0.0,0.0
13993489,11008,0,1.00390625,-0.033203125,0.0078125,-0.025390625,0.0,0.0,0.0
13994740,11009,0,1.0,-0.029296875,0.01953125,-0.009765625,0.0,0.0,0.0
13995991,11010,0,1.00390625,-0.033203125,0.0234375,-0.009765625,0.0,0.0,0.0
13997241,11011,0,0.998046875,-0.03125,0.015625,-0.015625,0.0,0.0,0.0
13998492,11012,0,1.001953125,-0.02734375,0.015625,-0.01171875,0.0,0.0,0.0
13999744,11013,0,1.009765625,-0.029296875,0.015625,-0.013671875,0.0,0.0,0.0
14000994,11014,0,1.001953125,-0.029296875,0.017578125,-0.01171875,0.0,0.0,0.0
14002245,11015,0,1.0,-0.02734375,0.009765625,-0.017578125,0.0,0.0,0.0
14003496,11016,0,1.00390625,-0.03125,0.0234375,-0.0078125,0.0,0.0,0.0
14004747,11017,0,1.0078125,-0.029296875,0.01953125,-0.009765625,0.0,0.0,0.0
14005998,11018,0,1.0,-0.0234375,0.013671875,-0.009765625,0.0,0.0,0.0
14007249,11019,0,1.001953125,-0.02734375,0.021484375,-0.005859375,0.0,0.0,0.0
14008499,11020,0,1.005859375,-0.03125,0.015625,-0.015625,0.0,0.0,0.0
14009751,11021,0,1.001953125,-0.02734375,0.015625,-0.01171875,0.0,0.0,0.0
14011002,11022,0,1.00390625,-0.029296875,0.015625,-0.013671875,0.0,0.0,0.0
14012253,11023,0,1.00390625,-0.033203125,0.015625,-0.017578125,0.0,0.0,0.0
14013503,11024,0,1.00390625,-0.033203125,0.01953125,-0.013671875,0.0,0.0,0.0
14014755,11025,0,1.005859375,-0.03515625,0.015625,-0.01953125,0.0,0.0,0.0
14016005,11026,0,1.0078125,-0.03125,0.01171875,-0.01953125,0.0,0.0,0.0
14017256,11027,0,1.0,-0.03125,0.017578125,-0.013671875,0.0,0.0,0.0
14018506,11028,0,1.001953125,-0.033203125,0.01953125,-0.013671875,0.0,0.0,0.0
14019757,11029,0,1.001953125,-0.03125,0.013671875,-0.017578125,0.0,0.0,0.0
14021008,11030,0,1.005859375,-0.029296875,0.021484375,-0.0078125,0.0,0.0,0.0
14022258,11031,0,1.00390625,-0.033203125,0.021484375,-0.01171875,0.0,0.0,0.0
14023508,11032,0,1.0,-0.03125,0.01953125,-0.01171875,0.0,0.0,0.0
14024759,11033,0,1.005859375,-0.033203125,0.017578125,-0.015625,0.0,0.0,0.0
14026009,11034,0,1.0,-0.03125,0.017578125,-0.013671875,0.0,0.0,0.0
14027259,11035,0,1.005859375,-0.033203125,0.015625,-0.017578125,0.0,0.0,0.0
14028510,11036,0,1.005859375,-0.029296875,0.01953125,-0.009765625,0.0,0.0,0.0
14029762,11037,0,1.009765625,-0.033203125,0.0234375,-0.009765625,0.0,0.0,0.0
14031012,11038,0,1.017578125,-0.03125,0.01953125,-0.01171875,0.0,0.0,0.0
14032271,11039,0,1.001953125,-0.029296875,0.01953125,-0.009765625,0.0,0.0,0.0
14033521,11040,0,1.001953125,-0.029296875,0.015625,-0.013671875,0.0,0.0,0.0
14034773,11041,0,0.99609375,-0.025390625,0.015625,-0.009765625,0.0,0.0,0.0
14036023,11042,0,1.00390625,-0.029296875,0.017578125,-0.01171875,0.0,0.0,0.0
14037274,11043,0,1.00390625,-0.033203125,0.01953125,-0.013671875,0.0,0.0,0.0
14038525,11044,0,0.998046875,-0.03125,0.01953125,-0.01171875,0.0,0.0,0.0
14039776,11045,0,1.0,-0.029296875,0.021484375,-0.0078125,0.0,0.0,0.0
14041026,11046,0,1.0078125,-0.03125,0.017578125,-0.013671875,0.0,0.0,0.0
14042276,11047,0,0.99609375,-0.03125,0.013671875,-0.017578125,0.0,0.0,0.0
14043527,11048,0,1.001953125,-0.03125,0.017578125,-0.013671875,0.0,0.0,0.0
14044778,11049,0,1.00390625,-0.03125,0.01953125,-0.01171875,0.0,0.0,0.0
14046029,11050,0,0.998046875,-0.033203125,0.017578125,-0.015625,0.0,0.0,0.0
14047280,11051,0,1.0,-0.03125,0.0078125,-0.0234375,0.0,0.0,0.0
14048531,11052,0,1.001953125,-0.03125,0.013671875,-0.017578125,0.0,0.0,0.0
14049783,11053,0,1.0078125,-0.03515625,0.01171875,-0.0234375,0.0,0.0,0.0
14051034,11054,0,1.005859375,-0.02734375,0.0234375,-0.00390625,0.0,0.0,0.0
14052286,11055,0,1.005859375,-0.021484375,0.02734375,0.005859375,0.0,0.0,0.0
14053537,11056,0,1.015625,-0.029296875,0.017578125,-0.01171875,0.0,0.0,0.0
14054789,11057,0,0.99609375,-0.025390625,0.01953125,-0.005859375,0.0,0.0,0.0
14056039,11058,0,1.00390625,-0.029296875,0.015625,-0.013671875,0.0,0.0,0.0
14057289,11059,0,1.0078125,-0.025390625,0.015625,-0.009765625,0.0,0.0,0.0
14058541,11060,0,1.00390625,-0.02734375,0.017578125,-0.009765625,0.0,0.0,0.0
14059792,11061,0,1.00390625,-0.02734375,0.017578125,-0.009765625,0.0,0.0,0.0
14061044,11062,0,1.005859375,-0.02734375,0.021484375,-0.005859375,0.0,0.0,0.0
14062294,11063,0,1.0078125,-0.02734375,0.017578125,-0.009765625,0.0,0.0,0.0
14063544,11064,0,0.99609375,-0.029296875,0.01953125,-0.009765625,0.0,0.0,0.0
14064795,11065,0,1.00390625,-0.0234375,0.01953125,-0.00390625,0.0,0.0,0.0
14066045,11066,0,1.005859375,-0.02734375,0.0234375,-0.00390625,0.0,0.0,0.0
14067295,11067,0,1.001953125,-0.029296875,0.01953125,-0.009765625,0.0,0.0,0.0
14068546,11068,0,0.998046875,-0.033203125,0.01953125,-0.013671875,0.0,0.0,0.0
14069797,11069,0,1.0078125,-0.033203125,0.017578125,-0.015625,0.0,0.0,0.0
14071048,11070,0,1.0078125,-0.02734375,0.015625,-0.01171875,0.0,0.0,0.0
14072299,11071,0,1.005859375,-0.03125,0.01953125,-0.01171875,0.0,0.0,0.0
14073550,11072,0,1.0,-0.029296875,0.01953125,-0.009765625,0.0,0.0,0.0
14074800,11073,0,0.998046875,-0.02734375,0.01953125,-0.0078125,0.0,0.0,0.0
14076052,11074,0,1.00390625,-0.03125,0.017578125,-0.013671875,0.0,0.0,0.0
14077303,11075,0,1.0,-0.021484375,0.017578125,-0.00390625,0.0,0.0,0.0
14078554,11076,0,0.998046875,-0.02734375,0.017578125,-0.009765625,0.0,0.0,0.0
14079805,11077,0,1.0078125,-0.029296875,0.017578125,-0.01171875,0.0,0.0,0.0
14081057,11078,0,0.998046875,-0.021484375,0.025390625,0.00390625,0.0,0.0,0.0
14082308,11079,0,1.00390625,-0.02734375,0.021484375,-0.005859375,0.0,0.0,0.0
14083560,11080,0,1.001953125,-0.025390625,0.021484375,-0.00390625,0.0,0.0,0.0
14084811,11081,0,1.0,-0.03125,0.015625,-0.015625,0.0,0.0,0.0
14086063,11082,0,1.0078125,-0.033203125,0.01953125,-0.013671875,0.0,0.0,0.0
14087314,11083,0,0.998046875,-0.03125,0.013671875,-0.017578125,0.0,0.0,0.0
14088565,11084,0,1.001953125,-0.029296875,0.01953125,-0.009765625,0.0,0.0,0.0
14089816,11085,0,0.998046875,-0.029296875,0.015625,-0.013671875,0.0,0.0,0.0
14091066,11086,0,1.001953125,-0.029296875,0.015625,-0.013671875,0.0,0.0,0.0
14092318,11087,0,1.005859375,-0.03125,0.013671875,-0.017578125,0.0,0.0,0.0
14093569,11088,0,1.001953125,-0.02734375,0.01953125,-0.0078125,0.0,0.0,0.0
14094819,11089,0,1.0,-0.033203125,0.021484375,-0.01171875,0.0,0.0,0.0
14096070,11090,0,1.001953125,-0.029296875,0.01953125,-0.009765625,0.0,0.0,0.0
14097321,11091,0,1.00390625,-0.03125,0.013671875,-0.017578125,0.0,0.0,0.0
14098572,11092,0,1.005859375,-0.03515625,0.021484375,-0.013671875,0.0,0.0,0.0
14099823,11093,0,1.00390625,-0.02734375,0.015625,-0.01171875,0.0,0.0,0.0
14101074,11094,0,1.001953125,-0.03125,0.01953125,-0.01171875,0.0,0.0,0.0
14102325,11095,0,1.0,-0.03125,0.01171875,-0.01953125,0.0,0.0,0.0
14103575,11096,0,1.0,-0.029296875,0.01171875,-0.017578125,0.0,0.0,0.0
14104825,11097,0,1.00390625,-0.033203125,0.01953125,-0.013671875,0.0,0.0,0.0
14106076,11098,0,0.9921875,-0.029296875,0.015625,-0.013671875,0.0,0.0,0.0
14107326,11099,0,0.998046875,-0.03125,0.021484375,-0.009765625,0.0,0.0,0.0
14108577,11100,0,1.001953125,-0.033203125,0.01953125,-0.013671875,0.0,0.0,0.0
14109828,11101,0,1.0078125,-0.029296875,0.021484375,-0.0078125,0.0,0.0,0.0
14111078,11102,0,0.998046875,-0.03515625,0.015625,-0.01953125,0.0,0.0,0.0
14112329,11103,0,1.005859375,-0.03125,0.017578125,-0.013671875,0.0,0.0,0.0
14113581,11104,0,1.005859375,-0.025390625,0.01953125,-0.005859375,0.0,0.0,0.0
14114833,11105,0,1.001953125,-0.0234375,0.017578125,-0.005859375,0.0,0.0,0.0
14116083,11106,0,1.0,-0.03125,0.017578125,-0.013671875,0.0,0.0,0.0
14117333,11107,0,1.009765625,-0.03125,0.017578125,-0.013671875,0.0,0.0,0.0
14118584,11108,0,1.001953125,-0.025390625,0.017578125,-0.0078125,0.0,0.0,0.0
14119835,11109,0,1.001953125,-0.03125,0.01953125,-0.01171875,0.0,0.0,0.0
14121085,11110,0,1.009765625,-0.029296875,0.017578125,-0.01171875,0.0,0.0,0.0
14122336,11111,0,1.0078125,-0.0234375,0.021484375,-0.001953125,0.0,0.0,0.0
14123587,11112,0,1.00390625,-0.03125,0.021484375,-0.009765625,0.0,0.0,0.0
14124838,11113,0,1.00390625,-0.03125,0.01953125,-0.01171875,0.0,0.0,0.0
14126090,11114,0,0.998046875,-0.02734375,-0.03125,-0.05859375,0.0,0.0,0.0
14127341,11115,0,1.0078125,-0.02734375,0.0234375,-0.00390625,0.0,0.0,0.0
14128592,11116,0,0.998046875,-0.02734375,0.021484375,-0.005859375,0.0,0.0,0.0
14129844,11117,0,1.001953125,-0.029296875,0.01953125,-0.009765625,0.0,0.0,0.0
14131095,11118,0,1.001953125,-0.029296875,0.015625,-0.013671875,0.0,0.0,0.0
14132346,11119,0,1.009765625,-0.037109375,0.013671875,-0.0234375,0.0,0.0,0.0
14133597,11120,0,0.99609375,-0.03125,0.013671875,-0.017578125,0.0,0.0,0.0
14134849,11121,0,1.00390625,-0.03125,0.017578125,-0.013671875,0.0,0.0,0.0
14136099,11122,0,1.00390625,-0.02734375,0.009765625,-0.017578125,0.0,0.0,0.0
14137351,11123,0,0.9921875,-0.029296875,0.015625,-0.013671875,0.0,0.0,0.0
14138602,11124,0,1.00390625,-0.029296875,0.01953125,-0.009765625,0.0,0.0,0.0
14139854,11125,0,1.00390625,-0.029296875,0.01953125,-0.009765625,0.0,0.0,0.0
14141104,11126,0,1.005859375,-0.029296875,0.01953125,-0.009765625,0.0,0.0,0.0
14142354,11127,0,1.0078125,-0.02734375,0.015625,-0.01171875,0.0,0.0,0.0
14143605,11128,0,1.009765625,-0.029296875,0.013671875,-0.015625,0.0,0.0,0.0
14144855,11129,0,1.001953125,-0.03125,0.017578125,-0.013671875,0.0,0.0,0.0
14146107,11130,0,1.00390625,-0.03125,0.021484375,-0.009765625,0.0,0.0,0.0
14147358,11131,0,1.0078125,-0.033203125,0.0234375,-0.009765625,0.0,0.0,0.0
14148609,11132,0,1.005859375,-0.03125,0.01953125,-0.01171875,0.0,0.0,0.0
14149859,11133,0,1.001953125,-0.02734375,0.01953125,-0.0078125,0.0,0.0,0.0
14151111,11134,0,1.0078125,-0.03125,0.015625,-0.015625,0.0,0.0,0.0
14152362,11135,0,1.00390625,-0.029296875,0.021484375,-0.0078125,0.0,0.0,0.0
14153613,11136,0,1.001953125,-0.029296875,0.021484375,-0.0078125,0.0,0.0,0.0
14154865,11137,0,1.00390625,-0.033203125,0.017578125,-0.015625,0.0,0.0,0.0
14156115,11138,0,1.009765625,-0.025390625,0.021484375,-0.00390625,0.0,0.0,0.0
14157365,11139,0,0.98828125,-0.02734375,0.025390625,-0.001953125,0.0,0.0,0.0
14158617,11140,0,1.01171875,-0.029296875,0.01953125,-0.009765625,0.0,0.0,0.0
14159867,11141,0,1.0078125,-0.03125,0.017578125,-0.013671875,0.0,0.0,0.0
14161118,11142,0,1.00390625,-0.029296875,0.021484375,-0.0078125,0.0,0.0,0.0
14162369,11143,0,1.009765625,-0.029296875,0.021484375,-0.0078125,0.0,0.0,0.0
14163620,11144,0,1.00390625,-0.02734375,0.015625,-0.01171875,0.0,0.0,0.0
14164871,11145,0,1.005859375,-0.029296875,0.0234375,-0.005859375,0.0,0.0,0.0
14166123,11146,0,1.001953125,-0.03125,0.01953125,-0.01171875,0.0,0.0,0.0
14167374,11147,0,1.001953125,-0.02734375,0.015625,-0.01171875,0.0,0.0,0.0
14168624,11148,0,1.0,-0.025390625,0.0234375,-0.001953125,0.0,0.0,0.0
14169875,11149,0,1.001953125,-0.0234375,0.0234375,0.0,0.0,0.0,0.0
14171125,11150,0,1.001953125,-0.021484375,0.015625,-0.005859375,0.0,0.0,0.0
14172375,11151,0,1.00390625,-0.02734375,0.017578125,-0.009765625,0.0,0.0,0.0
14173626,11152,0,1.005859375,-0.025390625,0.013671875,-0.01171875,0.0,0.0,0.0
14174877,11153,0,1.00390625,-0.029296875,0.021484375,-0.0078125,0.0,0.0,0.0
14176129,11154,0,1.0078125,-0.02734375,0.01953125,-0.0078125,0.0,0.0,0.0
14177380,11155,0,1.005859375,-0.03125,0.021484375,-0.009765625,0.0,0.0,0.0
14178630,11156,0,1.001953125,-0.029296875,0.021484375,-0.0078125,0.0,0.0,0.0
14179881,11157,0,1.0078125,-0.029296875,0.009765625,-0.01953125,0.0,0.0,0.0
14181133,11158,0,1.01171875,-0.02734375,0.017578125,-0.009765625,0.0,0.0,0.0
14182384,11159,0,1.005859375,-0.029296875,0.01953125,-0.009765625,0.0,0.0,0.0
14183634,11160,0,0.99609375,-0.02734375,0.025390625,-0.001953125,0.0,0.0,0.0
14184886,11161,0,1.01171875,-0.03515625,0.015625,-0.01953125,0.0,0.0,0.0
14186136,11162,0,1.00390625,-0.021484375,0.021484375,0.0,0.0,0.0,0.0
14187386,11163,0,0.998046875,-0.025390625,0.017578125,-0.0078125,0.0,0.0,0.0
14188638,11164,0,0.998046875,-0.029296875,0.0234375,-0.005859375,0.0,0.0,0.0
14189888,11165,0,1.0078125,-0.02734375,0.015625,-0.01171875,0.0,0.0,0.0
14191139,11166,0,1.001953125,-0.029296875,0.01953125,-0.009765625,0.0,0.0,0.0
14192391,11167,0,1.005859375,-0.02734375,0.01953125,-0.0078125,0.0,0.0,0.0
14193641,11168,0,1.005859375,-0.02734375,0.01953125,-0.0078125,0.0,0.0,0.0
14194892,11169,0,1.005859375,-0.029296875,0.021484375,-0.0078125,0.0,0.0,0.0
14196142,11170,0,1.0,-0.02734375,0.017578125,-0.009765625,0.0,0.0,0.0
14197393,11171,0,1.0078125,-0.029296875,0.017578125,-0.01171875,0.0,0.0,0.0
14198645,11172,0,1.005859375,-0.03125,0.01953125,-0.01171875,0.0,0.0,0.0
14199895,11173,0,0.998046875,-0.03125,0.021484375,-0.009765625,0.0,0.0,0.0
14201147,11174,0,1.00390625,-0.029296875,0.01953125,-0.009765625,0.0,0.0,0.0
14202397,11175,0,1.0,-0.029296875,0.0234375,-0.005859375,0.0,0.0,0.0
14203649,11176,0,1.009765625,-0.02734375,0.017578125,-0.009765625,0.0,0.0,0.0
14204899,11177,0,0.998046875,-0.03515625,0.021484375,-0.013671875,0.0,0.0,0.0
14206149,11178,0,1.001953125,-0.03125,0.01171875,-0.01953125,0.0,0.0,0.0
14207399,11179,0,1.0078125,-0.02734375,0.015625,-0.01171875,0.0,0.0,0.0
14208650,11180,0,1.015625,-0.037109375,0.01171875,-0.025390625,0.0,0.0,0.0
14209902,11181,0,1.009765625,-0.03125,0.01953125,-0.01171875,0.0,0.0,0.0
14211153,11182,0,1.009765625,-0.02734375,0.021484375,-0.005859375,0.0,0.0,0.0
14212404,11183,0,1.001953125,-0.029296875,0.015625,-0.013671875,0.0,0.0,0.0
14213654,11184,0,1.0078125,-0.0234375,0.021484375,-0.001953125,0.0,0.0,0.0
14214904,11185,0,0.99609375,-0.025390625,0.017578125,-0.0078125,0.0,0.0,0.0
14216155,11186,0,1.001953125,-0.025390625,0.021484375,-0.00390625,0.0,0.0,0.0
14217407,11187,0,1.0,-0.029296875,0.015625,-0.013671875,0.0,0.0,0.0
14218657,11188,0,1.0,-0.033203125,0.017578125,-0.015625,0.0,0.0,0.0
14219909,11189,0,1.001953125,-0.03125,0.015625,-0.015625,0.0,0.0,0.0
14221159,11190,0,1.0078125,-0.03125,0.015625,-0.015625,0.0,0.0,0.0
14222409,11191,0,0.99609375,-0.03125,0.021484375,-0.009765625,0.0,0.0,0.0
14223661,11192,0,1.005859375,-0.029296875,0.015625,-0.013671875,0.0,0.0,0.0
14224911,11193,0,1.005859375,-0.03125,0.017578125,-0.013671875,0.0,0.0,0.0
14226161,11194,0,1.001953125,-0.02734375,0.01171875,-0.015625,0.0,0.0,0.0
14227411,11195,0,1.00390625,-0.02734375,0.021484375,-0.005859375,0.0,0.0,0.0
14228663,11196,0,1.005859375,-0.03125,0.017578125,-0.013671875,0.0,0.0,0.0
14229913,11197,0,1.001953125,-0.02734375,0.013671875,-0.013671875,0.0,0.0,0.0
14231164,11198,0,1.001953125,-0.03515625,0.01953125,-0.015625,0.0,0.0,0.0
14232415,11199,0,1.0078125,-0.029296875,0.021484375,-0.0078125,0.0,0.0,0.0
14233666,11200,0,1.0,-0.03125,0.015625,-0.015625,0.0,0.0,0.0
14234916,11201,0,1.005859375,-0.0234375,0.015625,-0.0078125,0.0,0.0,0.0
14236167,11202,0,1.015625,-0.029296875,0.0078125,-0.021484375,0.0,0.0,0.0
14237417,11203,0,1.009765625,-0.03125,0.0234375,-0.0078125,0.0,0.0,0.0
14238668,11204,0,1.00390625,-0.03125,0.015625,-0.015625,0.0,0.0,0.0
14239920,11205,0,1.001953125,-0.03125,0.013671875,-0.017578125,0.0,0.0,0.0
14241171,11206,0,1.0078125,-0.02734375,0.017578125,-0.009765625,0.0,0.0,0.0
14242421,11207,0,0.99609375,-0.025390625,0.0078125,-0.017578125,0.0,0.0,0.0
14243672,11208,0,1.001953125,-0.029296875,0.015625,-0.013671875,0.0,0.0,0.0
14244924,11209,0,1.0,-0.02734375,0.013671875,-0.013671875,0.0,0.0,0.0
14246174,11210,0,1.001953125,-0.03515625,0.01953125,-0.015625,0.0,0.0,0.0
14247425,11211,0,1.005859375,-0.03125,0.015625,-0.015625,0.0,0.0,0.0
14248677,11212,0,1.001953125,-0.025390625,0.017578125,-0.0078125,0.0,0.0,0.0
14249927,11213,0,1.0078125,-0.03125,0.01953125,-0.01171875,0.0,0.0,0.0
14251177,11214,0,1.00390625,-0.025390625,0.021484375,-0.00390625,0.0,0.0,0.0
14252429,11215,0,1.0,-0.03515625,0.013671875,-0.021484375,0.0,0.0,0.0
14253679,11216,0,1.001953125,-0.029296875,0.021484375,-0.0078125,0.0,0.0,0.0
14254931,11217,0,1.0078125,-0.025390625,0.021484375,-0.00390625,0.0,0.0,0.0
14256181,11218,0,1.01171875,-0.03125,0.017578125,-0.013671875,0.0,0.0,0.0
14257431,11219,0,1.0078125,-0.03125,0.013671875,-0.017578125,0.0,0.0,0.0
14258683,11220,0,1.00390625,-0.02734375,0.017578125,-0.009765625,0.0,0.0,0.0
14259933,11221,0,1.001953125,-0.033203125,0.013671875,-0.01953125,0.0,0.0,0.0
14261183,11222,0,1.0078125,-0.03125,0.01953125,-0.01171875,0.0,0.0,0.0
14262434,11223,0,1.001953125,-0.03515625,0.017578125,-0.017578125,0.0,0.0,0.0
14263685,11224,0,1.005859375,-0.029296875,0.01171875,-0.017578125,0.0,0.0,0.0
14264936,11225,0,1.0078125,-0.03125,0.017578125,-0.013671875,0.0,0.0,0.0
14266186,11226,0,1.01171875,-0.03125,0.01171875,-0.01953125,0.0,0.0,0.0
14267437,11227,0,1.001953125,-0.03125,0.013671875,-0.017578125,0.0,0.0,0.0
14268687,11228,0,1.00390625,-0.029296875,0.021484375,-0.0078125,0.0,0.0,0.0
14269937,11229,0,1.0078125,-0.025390625,0.01953125,-0.005859375,0.0,0.0,0.0
14271188,11230,0,1.001953125,-0.02734375,0.021484375,-0.005859375,0.0,0.0,0.0
14272440,11231,0,1.0,-0.02734375,0.01953125,-0.0078125,0.0,0.0,0.0
14273690,11232,0,1.00390625,-0.02734375,0.021484375,-0.005859375,0.0,0.0,0.0
14274942,11233,0,1.0,-0.025390625,0.01953125,-0.005859375,0.0,0.0,0.0
14276193,11234,0,1.0078125,-0.02734375,0.01953125,-0.0078125,0.0,0.0,0.0
14277445,11235,0,0.998046875,-0.02734375,0.015625,-0.01171875,0.0,0.0,0.0
14278695,11236,0,1.00390625,-0.03125,0.013671875,-0.017578125,0.0,0.0,0.0
14279947,11237,0,1.001953125,-0.03125,0.017578125,-0.013671875,0.0,0.0,0.0
14281198,11238,0,1.005859375,-0.029296875,0.015625,-0.013671875,0.0,0.0,0.0
14282450,11239,0,1.001953125,-0.029296875,0.013671875,-0.015625,0.0,0.0,0.0
14283700,11240,0,1.00390625,-0.025390625,0.01171875,-0.013671875,0.0,0.0,0.0
14284952,11241,0,1.005859375,-0.03125,0.0234375,-0.0078125,0.0,0.0,0.0
14286203,11242,0,1.005859375,-0.02734375,0.01953125,-0.0078125,0.0,0.0,0.0
14287454,11243,0,1.001953125,-0.029296875,0.021484375,-0.0078125,0.0,0.0,0.0
14288705,11244,0,1.001953125,-0.025390625,0.021484375,-0.00390625,0.0,0.0,0.0
14289957,11245,0,1.001953125,-0.029296875,0.01953125,-0.009765625,0.0,0.0,0.0
14291207,11246,0,1.0078125,-0.02734375,0.01953125,-0.0078125,0.0,0.0,0.0
14292459,11247,0,1.005859375,-0.03125,0.0234375,-0.0078125,0.0,0.0,0.0
14293709,11248,0,1.00390625,-0.02734375,0.01953125,-0.0078125,0.0,0.0,0.0
14294959,11249,0,0.99609375,-0.02734375,0.01953125,-0.0078125,0.0,0.0,0.0
14296209,11250,0,1.005859375,-0.03125,0.015625,-0.015625,0.0,0.0,0.0
14297459,11251,0,1.00390625,-0.03125,0.017578125,-0.013671875,0.0,0.0,0.0
14298711,11252,0,1.009765625,-0.029296875,0.013671875,-0.015625,0.0,0.0,0.0
14299961,11253,0,0.99609375,-0.02734375,0.01953125,-0.0078125,0.0,0.0,0.0
14301213,11254,0,1.00390625,-0.03125,0.01953125,-0.01171875,0.0,0.0,0.0
14302464,11255,0,1.001953125,-0.033203125,0.021484375,-0.01171875,0.0,0.0,0.0
14303715,11256,0,1.00390625,-0.025390625,0.013671875,-0.01171875,0.0,0.0,0.0
14304966,11257,0,1.00390625,-0.02734375,0.01953125,-0.0078125,0.0,0.0,0.0
14306216,11258,0,1.001953125,-0.02734375,0.025390625,-0.001953125,0.0,0.0,0.0
14307467,11259,0,1.005859375,-0.029296875,0.0234375,-0.005859375,0.0,0.0,0.0
14308718,11260,0,1.0,-0.029296875,0.013671875,-0.015625,0.0,0.0,0.0
14309968,11261,0,1.001953125,-0.029296875,0.017578125,-0.01171875,0.0,0.0,0.0
14311219,11262,0,1.00390625,-0.02734375,0.0234375,-0.00390625,0.0,0.0,0.0
14312470,11263,0,1.001953125,-0.029296875,0.017578125,-0.01171875,0.0,0.0,0.0
14313721,11264,0,1.001953125,-0.025390625,0.013671875,-0.01171875,0.0,0.0,0.0
14314971,11265,0,1.005859375,-0.029296875,0.013671875,-0.015625,0.0,0.0,0.0
14316223,11266,0,1.001953125,-0.03125,0.015625,-0.015625,0.0,0.0,0.0
14317473,11267,0,1.009765625,-0.0234375,0.013671875,-0.009765625,0.0,0.0,0.0
14318723,11268,0,0.99609375,-0.02734375,0.017578125,-0.009765625,0.0,0.0,0.0
14319975,11269,0,1.0,-0.025390625,0.01171875,-0.013671875,0.0,0.0,0.0
14321226,11270,0,1.017578125,-0.02734375,0.017578125,-0.009765625,0.0,0.0,0.0
14322476,11271,0,1.0,-0.03125,0.021484375,-0.009765625,0.0,0.0,0.0
14323728,11272,0,1.00390625,-0.03125,0.01953125,-0.01171875,0.0,0.0,0.0
14324979,11273,0,1.00390625,-0.033203125,0.017578125,-0.015625,0.0,0.0,0.0
14326229,11274,0,1.00390625,-0.033203125,0.015625,-0.017578125,0.0,0.0,0.0
14327481,11275,0,1.0,-0.03125,0.01953125,-0.01171875,0.0,0.0,0.0
14328731,11276,0,1.00390625,-0.029296875,0.015625,-0.013671875,0.0,0.0,0.0
14329981,11277,0,1.001953125,-0.029296875,0.015625,-0.013671875,0.0,0.0,0.0
14331232,11278,0,1.0,-0.03125,0.015625,-0.015625,0.0,0.0,0.0
14332483,11279,0,1.005859375,-0.029296875,0.013671875,-0.015625,0.0,0.0,0.0
14333734,11280,0,1.001953125,-0.02734375,0.017578125,-0.009765625,0.0,0.0,0.0
14334986,11281,0,0.998046875,-0.025390625,0.015625,-0.009765625,0.0,0.0,0.0
14336236,11282,0,1.0,-0.029296875,0.017578125,-0.01171875,0.0,0.0,0.0
14337486,11283,0,0.99609375,-0.02734375,0.015625,-0.01171875,0.0,0.0,0.0
14338737,11284,0,1.00390625,-0.02734375,0.017578125,-0.009765625,0.0,0.0,0.0
14339987,11285,0,1.00390625,-0.03125,0.013671875,-0.017578125,0.0,0.0,0.0
14341238,11286,0,1.001953125,-0.02734375,0.009765625,-0.017578125,0.0,0.0,0.0
14342489,11287,0,1.0,-0.029296875,0.013671875,-0.015625,0.0,0.0,0.0
14343740,11288,0,1.009765625,-0.033203125,0.01171875,-0.021484375,0.0,0.0,0.0
14344991,11289,0,0.994140625,-0.029296875,0.01953125,-0.009765625,0.0,0.0,0.0
14346241,11290,0,1.00390625,-0.03125,0.015625,-0.015625,0.0,0.0,0.0
14347492,11291,0,1.001953125,-0.03125,0.021484375,-0.009765625,0.0,0.0,0.0
14348744,11292,0,0.99609375,-0.03515625,0.021484375,-0.013671875,0.0,0.0,0.0
14349994,11293,0,1.0,-0.02734375,0.017578125,-0.009765625,0.0,0.0,0.0
14351245,11294,0,0.998046875,-0.025390625,0.021484375,-0.00390625,0.0,0.0,0.0
14352496,11295,0,1.005859375,-0.03125,0.01953125,-0.01171875,0.0,0.0,0.0
14353747,11296,0,1.005859375,-0.02734375,0.017578125,-0.009765625,0.0,0.0,0.0
14354998,11297,0,1.00390625,-0.03125,0.021484375,-0.009765625,0.0,0.0,0.0
14356249,11298,0,1.0078125,-0.029296875,0.01953125,-0.009765625,0.0,0.0,0.0
14357499,11299,0,1.00390625,-0.02734375,0.021484375,-0.005859375,0.0,0.0,0.0
14358751,11300,0,1.00390625,-0.02734375,0.021484375,-0.005859375,0.0,0.0,0.0
14360002,11301,0,1.005859375,-0.02734375,0.015625,-0.01171875,0.0,0.0,0.0
14361253,11302,0,1.001953125,-0.03125,0.021484375,-0.009765625,0.0,0.0,0.0
14362503,11303,0,1.00390625,-0.033203125,0.015625,-0.017578125,0.0,0.0,0.0
14363755,11304,0,1.0078125,-0.02734375,0.015625,-0.01171875,0.0,0.0,0.0
14365005,11305,0,1.001953125,-0.03515625,0.017578125,-0.017578125,0.0,0.0,0.0
14366256,11306,0,0.998046875,-0.0234375,0.0234375,0.0,0.0,0.0,0.0
14367506,11307,0,0.998046875,-0.025390625,0.015625,-0.009765625,0.0,0.0,0.0
14368757,11308,0,1.0,-0.0234375,0.021484375,-0.001953125,0.0,0.0,0.0
14370008,11309,0,1.00390625,-0.033203125,0.01171875,-0.021484375,0.0,0.0,0.0
14371258,11310,0,1.0078125,-0.02734375,0.01953125,-0.0078125,0.0,0.0,0.0
14372508,11311,0,0.998046875,-0.02734375,0.017578125,-0.009765625,0.0,0.0,0.0
14373759,11312,0,1.005859375,-0.025390625,0.01953125,-0.005859375,0.0,0.0,0.0
14375009,11313,0,1.0,-0.03125,0.021484375,-0.009765625,0.0,0.0,0.0
14376259,11314,0,1.01171875,-0.029296875,0.021484375,-0.0078125,0.0,0.0,0.0
14377510,11315,0,1.005859375,-0.029296875,0.017578125,-0.01171875,0.0,0.0,0.0
14378762,11316,0,1.001953125,-0.03125,0.021484375,-0.009765625,0.0,0.0,0.0
14380012,11317,0,1.005859375,-0.029296875,0.01953125,-0.009765625,0.0,0.0,0.0
14381271,11318,0,1.0078125,-0.029296875,0.015625,-0.013671875,0.0,0.0,0.0
14382521,11319,0,1.001953125,-0.03125,0.01953125,-0.01171875,0.0,0.0,0.0
14383773,11320,0,0.99609375,-0.0234375,0.015625,-0.0078125,0.0,0.0,0.0
14385023,11321,0,1.001953125,-0.029296875,0.029296875,0.0,0.0,0.0,0.0
14386274,11322,0,1.00390625,-0.02734375,0.01953125,-0.0078125,0.0,0.0,0.0
14387525,11323,0,1.0,-0.03125,0.017578125,-0.013671875,0.0,0.0,0.0
14388776,11324,0,1.00390625,-0.025390625,0.021484375,-0.00390625,0.0,0.0,0.0
14390026,11325,0,1.0,-0.0234375,0.021484375,-0.001953125,0.0,0.0,0.0
14391276,11326,0,1.00390625,-0.02734375,0.025390625,-0.001953125,0.0,0.0,0.0
14392527,11327,0,1.001953125,-0.033203125,0.01953125,-0.013671875,0.0,0.0,0.0
14393778,11328,0,1.005859375,-0.029296875,0.015625,-0.013671875,0.0,0.0,0.0
14395029,11329,0,1.00390625,-0.02734375,0.015625,-0.01171875,0.0,0.0,0.0
14396280,11330,0,0.99609375,-0.025390625,0.01953125,-0.005859375,0.0,0.0,0.0
14397531,11331,0,0.99609375,-0.029296875,0.0234375,-0.005859375,0.0,0.0,0.0
14398783,11332,0,1.00390625,-0.03515625,0.0078125,-0.02734375,0.0,0.0,0.0
14400034,11333,0,1.005859375,-0.02734375,-0.0078125,-0.03515625,0.0,0.0,0.0
14401286,11334,0,1.0078125,-0.037109375,0.013671875,-0.0234375,0.0,0.0,0.0
14402537,11335,0,0.99609375,-0.033203125,0.013671875,-0.01953125,0.0,0.0,0.0
14403789,11336,0,1.005859375,-0.03515625,0.021484375,-0.013671875,0.0,0.0,0.0
14405039,11337,0,1.0,-0.033203125,0.01953125,-0.013671875,0.0,0.0,0.0
14406289,11338,0,1.005859375,-0.02734375,0.013671875,-0.013671875,0.0,0.0,0.0
14407541,11339,0,1.005859375,-0.03125,0.01171875,-0.01953125,0.0,0.0,0.0
14408792,11340,0,1.001953125,-0.025390625,0.01953125,-0.005859375,0.0,0.0,0.0
14410044,11341,0,1.0,-0.03125,0.017578125,-0.013671875,0.0,0.0,0.0
14411294,11342,0,1.001953125,-0.029296875,0.013671875,-0.015625,0.0,0.0,0.0
14412544,11343,0,1.00390625,-0.03125,0.009765625,-0.021484375,0.0,0.0,0.0
14413795,11344,0,1.00390625,-0.03125,0.013671875,-0.017578125,0.0,0.0,0.0
14415045,11345,0,1.001953125,-0.025390625,0.013671875,-0.01171875,0.0,0.0,0.0
14416295,11346,0,1.0078125,-0.03125,0.015625,-0.015625,0.0,0.0,0.0
14417546,11347,0,1.00390625,-0.025390625,0.017578125,-0.0078125,0.0,0.0,0.0
14418797,11348,0,1.0,-0.03125,0.015625,-0.015625,0.0,0.0,0.0
14420048,11349,0,1.001953125,-0.02734375,0.01953125,-0.0078125,0.0,0.0,0.0
14421299,11350,0,1.0,-0.03125,0.0078125,-0.0234375,0.0,0.0,0.0
14422550,11351,0,1.005859375,-0.03125,0.01171875,-0.01953125,0.0,0.0,0.0
14423800,11352,0,1.01171875,-0.033203125,0.021484375,-0.01171875,0.0,0.0,0.0
14425052,11353,0,0.998046875,-0.029296875,0.021484375,-0.0078125,0.0,0.0,0.0
14426303,11354,0,1.005859375,-0.033203125,0.01953125,-0.013671875,0.0,0.0,0.0
14427554,11355,0,1.013671875,-0.029296875,0.021484375,-0.0078125,0.0,0.0,0.0
14428805,11356,0,1.0078125,-0.029296875,0.015625,-0.013671875,0.0,0.0,0.0
14430057,11357,0,1.0,-0.02734375,0.01953125,-0.0078125,0.0,0.0,0.0
14431308,11358,0,1.0,-0.03125,0.021484375,-0.009765625,0.0,0.0,0.0
14432560,11359,0,1.001953125,-0.03125,0.01953125,-0.01171875,0.0,0.0,0.0
14433811,11360,0,1.001953125,-0.033203125,0.021484375,-0.01171875,0.0,0.0,0.0
14435063,11361,0,1.0,-0.029296875,0.021484375,-0.0078125,0.0,0.0,0.0
14436314,11362,0,1.00390625,-0.025390625,0.013671875,-0.01171875,0.0,0.0,0.0
14437565,11363,0,1.001953125,-0.02734375,0.01953125,-0.0078125,0.0,0.0,0.0
14438816,11364,0,1.001953125,-0.029296875,0.015625,-0.013671875,0.0,0.0,0.0
14440066,11365,0,0.998046875,-0.02734375,0.01953125,-0.0078125,0.0,0.0,0.0
14441318,11366,0,1.005859375,-0.025390625,0.01953125,-0.005859375,0.0,0.0,0.0
14442569,11367,0,1.00390625,-0.02734375,0.0234375,-0.00390625,0.0,0.0,0.0
14443819,11368,0,1.0078125,-0.025390625,0.021484375,-0.00390625,0.0,0.0,0.0
14445070,11369,0,1.001953125,-0.02734375,0.01953125,-0.0078125,0.0,0.0,0.0
14446321,11370,0,1.005859375,-0.0234375,0.021484375,-0.001953125,0.0,0.0,0.0
14447572,11371,0,1.0,-0.025390625,0.01953125,-0.005859375,0.0,0.0,0.0
14448823,11372,0,1.00390625,-0.029296875,0.013671875,-0.015625,0.0,0.0,0.0
14450074,11373,0,1.005859375,-0.02734375,0.017578125,-0.009765625,0.0,0.0,0.0
14451325,11374,0,1.001953125,-0.02734375,0.013671875,-0.013671875,0.0,0.0,0.0
14452575,11375,0,1.009765625,-0.029296875,0.025390625,-0.00390625,0.0,0.0,0.0
14453825,11376,0,1.001953125,-0.03125,0.009765625,-0.021484375,0.0,0.0,0.0
14455076,11377,0,1.005859375,-0.033203125,0.015625,-0.017578125,0.0,0.0,0.0
14456326,11378,0,1.00390625,-0.025390625,0.013671875,-0.01171875,0.0,0.0,0.0
14457577,11379,0,0.99609375,-0.03125,0.01171875,-0.01953125,0.0,0.0,0.0
14458828,11380,0,1.0078125,-0.02734375,0.017578125,-0.009765625,0.0,0.0,0.0
14460078,11381,0,1.0078125,-0.02734375,0.015625,-0.01171875,0.0,0.0,0.0
14461329,11382,0,1.001953125,-0.02734375,0.017578125,-0.009765625,0.0,0.0,0.0
14462581,11383,0,0.998046875,-0.029296875,0.01953125,-0.009765625,0.0,0.0,0.0
14463833,11384,0,1.00390625,-0.03515625,0.017578125,-0.017578125,0.0,0.0,0.0
14465083,11385,0,0.998046875,-0.02734375,0.02734375,0.0,0.0,0.0,0.0
14466333,11386,0,0.99609375,-0.03125,0.025390625,-0.005859375,0.0,0.0,0.0
14467584,11387,0,1.001953125,-0.02734375,0.013671875,-0.013671875,0.0,0.0,0.0
14468835,11388,0,1.005859375,-0.02734375,0.015625,-0.01171875,0.0,0.0,0.0
14470085,11389,0,1.00390625,-0.029296875,0.021484375,-0.0078125,0.0,0.0,0.0
14471336,11390,0,1.001953125,-0.025390625,0.017578125,-0.0078125,0.0,0.0,0.0
14472587,11391,0,1.005859375,-0.033203125,0.015625,-0.017578125,0.0,0.0,0.0
14473838,11392,0,1.001953125,-0.03125,0.015625,-0.015625,0.0,0.0,0.0
14475090,11393,0,1.005859375,-0.03125,0.017578125,-0.013671875,0.0,0.0,0.0
14476341,11394,0,1.0,-0.037109375,0.025390625,-0.01171875,0.0,0.0,0.0
14477592,11395,0,0.994140625,-0.02734375,0.021484375,-0.005859375,0.0,0.0,0.0
14478844,11396,0,1.009765625,-0.029296875,0.013671875,-0.015625,0.0,0.0,0.0
14480095,11397,0,1.001953125,-0.029296875,0.0234375,-0.005859375,0.0,0.0,0.0
14481346,11398,0,1.009765625,-0.03125,0.013671875,-0.017578125,0.0,0.0,0.0
14482597,11399,0,1.009765625,-0.033203125,0.01171875,-0.021484375,0.0,0.0,0.0
14483849,11400,0,0.998046875,-0.03125,0.01171875,-0.01953125,0.0,0.0,0.0
14485099,11401,0,1.005859375,-0.02734375,0.01953125,-0.0078125,0.0,0.0,0.0
14486351,11402,0,1.001953125,-0.02734375,0.021484375,-0.005859375,0.0,0.0,0.0
14487602,11403,0,1.00390625,-0.029296875,0.017578125,-0.01171875,0.0,0.0,0.0
14488854,11404,0,1.001953125,-0.029296875,0.017578125,-0.01171875,0.0,0.0,0.0
14490104,11405,0,1.005859375,-0.02734375,0.0234375,-0.00390625,0.0,0.0,0.0
14491354,11406,0,1.00390625,-0.029296875,0.01953125,-0.009765625,0.0,0.0,0.0
14492605,11407,0,1.00390625,-0.029296875,0.021484375,-0.0078125,0.0,0.0,0.0
14493855,11408,0,1.001953125,-0.033203125,0.01171875,-0.021484375,0.0,0.0,0.0
14495107,11409,0,1.00390625,-0.029296875,0.01953125,-0.009765625,0.0,0.0,0.0
14496358,11410,0,0.998046875,-0.029296875,0.01953125,-0.009765625,0.0,0.0,0.0
14497609,11411,0,1.001953125,-0.03125,0.013671875,-0.017578125,0.0,0.0,0.0
14498859,11412,0,1.00390625,-0.02734375,0.015625,-0.01171875,0.0,0.0,0.0
14500111,11413,0,1.00390625,-0.03125,0.01953125,-0.01171875,0.0,0.0,0.0
14501362,11414,0,1.009765625,-0.029296875,0.02734375,-0.001953125,0.0,0.0,0.0
14502613,11415,0,1.001953125,-0.02734375,0.017578125,-0.009765625,0.0,0.0,0.0
14503865,11416,0,0.99609375,-0.033203125,0.017578125,-0.015625,0.0,0.0,0.0
14505115,11417,0,1.001953125,-0.02734375,0.015625,-0.01171875,0.0,0.0,0.0
14506365,11418,0,1.0078125,-0.033203125,0.013671875,-0.01953125,0.0,0.0,0.0
14507617,11419,0,1.005859375,-0.03515625,0.01953125,-0.015625,0.0,0.0,0.0
14508867,11420,0,1.009765625,-0.03515625,0.021484375,-0.013671875,0.0,0.0,0.0
14510118,11421,0,1.001953125,-0.025390625,0.021484375,-0.00390625,0.0,0.0,0.0
14511369,11422,0,1.005859375,-0.033203125,0.021484375,-0.01171875,0.0,0.0,0.0
14512620,11423,0,0.998046875,-0.02734375,0.01953125,-0.0078125,0.0,0.0,0.0
14513871,11424,0,1.0,-0.029296875,0.01953125,-0.009765625,0.0,0.0,0.0
14515123,11425,0,1.001953125,-0.029296875,0.021484375,-0.0078125,0.0,0.0,0.0
14516374,11426,0,1.00390625,-0.029296875,0.017578125,-0.01171875,0.0,0.0,0.0
14517624,11427,0,1.00390625,-0.029296875,0.017578125,-0.01171875,0.0,0.0,0.0
14518875,11428,0,1.0,-0.02734375,0.013671875,-0.013671875,0.0,0.0,0.0
14520125,11429,0,1.001953125,-0.029296875,0.017578125,-0.01171875,0.0,0.0,0.0
14521375,11430,0,1.005859375,-0.03125,0.009765625,-0.021484375,0.0,0.0,0.0
14522626,11431,0,1.0,-0.033203125,0.02734375,-0.005859375,0.0,0.0,0.0
14523877,11432,0,1.001953125,-0.02734375,0.01171875,-0.015625,0.0,0.0,0.0
14525129,11433,0,1.0078125,-0.02734375,0.013671875,-0.013671875,0.0,0.0,0.0
14526380,11434,0,1.0078125,-0.029296875,0.017578125,-0.01171875,0.0,0.0,0.0
14527630,11435,0,1.009765625,-0.033203125,0.02734375,-0.005859375,0.0,0.0,0.0
14528881,11436,0,1.0078125,-0.029296875,0.0234375,-0.005859375,0.0,0.0,0.0
14530133,11437,0,1.0078125,-0.029296875,0.017578125,-0.01171875,0.0,0.0,0.0
14531384,11438,0,1.0078125,-0.03125,0.0234375,-0.0078125,0.0,0.0,0.0
14532634,11439,0,1.005859375,-0.02734375,0.0234375,-0.00390625,0.0,0.0,0.0
14533886,11440,0,0.99609375,-0.029296875,0.02734375,-0.001953125,0.0,0.0,0.0
14535136,11441,0,1.0,-0.033203125,0.017578125,-0.015625,0.0,0.0,0.0
14536386,11442,0,1.001953125,-0.02734375,0.015625,-0.01171875,0.0,0.0,0.0
14537638,11443,0,1.0,-0.025390625,0.01953125,-0.005859375,0.0,0.0,0.0
14538888,11444,0,1.0078125,-0.033203125,0.01171875,-0.021484375,0.0,0.0,0.0
14540139,11445,0,1.00390625,-0.02734375,0.015625,-0.01171875,0.0,0.0,0.0
14541391,11446,0,1.001953125,-0.02734375,0.025390625,-0.001953125,0.0,0.0,0.0
14542641,11447,0,1.005859375,-0.025390625,0.01953125,-0.005859375,0.0,0.0,0.0
14543892,11448,0,1.005859375,-0.02734375,0.017578125,-0.009765625,0.0,0.0,0.0
14545142,11449,0,1.001953125,-0.029296875,0.01953125,-0.009765625,0.0,0.0,0.0
14546393,11450,0,1.001953125,-0.029296875,0.01171875,-0.017578125,0.0,0.0,0.0
14547645,11451,0,1.001953125,-0.025390625,0.0234375,-0.001953125,0.0,0.0,0.0
14548895,11452,0,1.0,-0.029296875,0.015625,-0.013671875,0.0,0.0,0.0
14550147,11453,0,1.0,-0.029296875,0.01171875,-0.017578125,0.0,0.0,0.0
14551397,11454,0,1.001953125,-0.029296875,0.013671875,-0.015625,0.0,0.0,0.0
14552649,11455,0,1.00390625,-0.029296875,0.0234375,-0.005859375,0.0,0.0,0.0
14553899,11456,0,1.001953125,-0.025390625,0.01953125,-0.005859375,0.0,0.0,0.0
14555149,11457,0,1.005859375,-0.03125,0.021484375,-0.009765625,0.0,0.0,0.0
14556399,11458,0,1.009765625,-0.02734375,0.025390625,-0.001953125,0.0,0.0,0.0
14557650,11459,0,1.009765625,-0.029296875,0.009765625,-0.01953125,0.0,0.0,0.0
14558902,11460,0,1.0,-0.02734375,0.01953125,-0.0078125,0.0,0.0,0.0
14560153,11461,0,0.99609375,-0.029296875,0.01953125,-0.009765625,0.0,0.0,0.0
14561404,11462,0,1.00390625,-0.03515625,0.005859375,-0.029296875,0.0,0.0,0.0
14562654,11463,0,1.001953125,-0.0234375,0.017578125,-0.005859375,0.0,0.0,0.0
14563904,11464,0,1.001953125,-0.033203125,0.021484375,-0.01171875,0.0,0.0,0.0
14565155,11465,0,0.998046875,-0.029296875,0.017578125,-0.01171875,0.0,0.0,0.0
14566407,11466,0,1.001953125,-0.03515625,0.0234375,-0.01171875,0.0,0.0,0.0
14567657,11467,0,1.0078125,-0.02734375,0.021484375,-0.005859375,0.0,0.0,0.0
14568909,11468,0,1.001953125,-0.029296875,0.021484375,-0.0078125,0.0,0.0,0.0
14570159,11469,0,1.00390625,-0.029296875,0.017578125,-0.01171875,0.0,0.0,0.0
14571409,11470,0,1.0,-0.029296875,0.0234375,-0.005859375,0.0,0.0,0.0
14572661,11471,0,1.005859375,-0.02734375,0.01953125,-0.0078125,0.0,0.0,0.0
14573911,11472,0,1.001953125,-0.025390625,0.015625,-0.009765625,0.0,0.0,0.0
14575161,11473,0,0.998046875,-0.02734375,0.015625,-0.01171875,0.0,0.0,0.0
14576411,11474,0,1.00390625,-0.025390625,0.017578125,-0.0078125,0.0,0.0,0.0
14577663,11475,0,0.998046875,-0.02734375,0.021484375,-0.005859375,0.0,0.0,0.0
14578913,11476,0,1.0,-0.03125,0.01953125,-0.01171875,0.0,0.0,0.0
14580164,11477,0,1.0,-0.02734375,0.01953125,-0.0078125,0.0,0.0,0.0
14581415,11478,0,1.0078125,-0.03125,0.017578125,-0.013671875,0.0,0.0,0.0
14582666,11479,0,1.015625,-0.02734375,0.021484375,-0.005859375,0.0,0.0,0.0
14583916,11480,0,1.009765625,-0.029296875,0.01953125,-0.009765625,0.0,0.0,0.0
14585167,11481,0,1.005859375,-0.029296875,0.017578125,-0.01171875,0.0,0.0,0.0
14586417,11482,0,1.001953125,-0.02734375,0.02734375,0.0,0.0,0.0,0.0
14587668,11483,0,0.998046875,-0.02734375,0.015625,-0.01171875,0.0,0.0,0.0
14588920,11484,0,1.0,-0.02734375,0.017578125,-0.009765625,0.0,0.0,0.0
14590171,11485,0,1.0,-0.029296875,0.01953125,-0.009765625,0.0,0.0,0.0
14591421,11486,0,0.99609375,-0.029296875,0.01953125,-0.009765625,0.0,0.0,0.0
14592672,11487,0,1.001953125,-0.03125,0.021484375,-0.009765625,0.0,0.0,0.0
14593924,11488,0,1.005859375,-0.02734375,0.01953125,-0.0078125,0.0,0.0,0.0
14595174,11489,0,1.005859375,-0.029296875,0.021484375,-0.0078125,0.0,0.0,0.0
14596425,11490,0,1.00390625,-0.033203125,0.017578125,-0.015625,0.0,0.0,0.0
14597677,11491,0,1.001953125,-0.029296875,0.021484375,-0.0078125,0.0,0.0,0.0
14598927,11492,0,1.001953125,-0.025390625,0.005859375,-0.01953125,0.0,0.0,0.0
14600177,11493,0,1.0078125,-0.03125,0.0078125,-0.0234375,0.0,0.0,0.0
14601429,11494,0,1.005859375,-0.02734375,0.015625,-0.01171875,0.0,0.0,0.0
14602679,11495,0,1.001953125,-0.025390625,0.021484375,-0.00390625,0.0,0.0,0.0
14603931,11496,0,1.0,-0.03125,0.01953125,-0.01171875,0.0,0.0,0.0
14605181,11497,0,1.00390625,-0.03125,0.01953125,-0.01171875,0.0,0.0,0.0
14606431,11498,0,1.0078125,-0.033203125,0.015625,-0.017578125,0.0,0.0,0.0
14607683,11499,0,1.00390625,-0.02734375,0.01953125,-0.0078125,0.0,0.0,0.0
14608933,11500,0,1.0078125,-0.029296875,0.0234375,-0.005859375,0.0,0.0,0.0
14610183,11501,0,1.001953125,-0.02734375,0.01953125,-0.0078125,0.0,0.0,0.0
14611434,11502,0,1.00390625,-0.02734375,0.01953125,-0.0078125,0.0,0.0,0.0
14612685,11503,0,1.0,-0.029296875,0.01953125,-0.009765625,0.0,0.0,0.0
14613936,11504,0,1.0,-0.03125,0.0234375,-0.0078125,0.0,0.0,0.0
14615186,11505,0,1.015625,-0.02734375,0.015625,-0.01171875,0.0,0.0,0.0
14616437,11506,0,0.998046875,-0.02734375,0.0234375,-0.00390625,0.0,0.0,0.0
14617687,11507,0,0.998046875,-0.029296875,0.015625,-0.013671875,0.0,0.0,0.0
14618937,11508,0,1.0078125,-0.03125,0.015625,-0.015625,0.0,0.0,0.0
14620188,11509,0,1.0,-0.03125,0.01953125,-0.01171875,0.0,0.0,0.0
14621440,11510,0,1.00390625,-0.02734375,0.015625,-0.01171875,0.0,0.0,0.0
14622690,11511,0,1.001953125,-0.03125,0.021484375,-0.009765625,0.0,0.0,0.0
14623942,11512,0,0.99609375,-0.033203125,0.017578125,-0.015625,0.0,0.0,0.0
14625193,11513,0,1.0078125,-0.029296875,0.017578125,-0.01171875,0.0,0.0,0.0
14626445,11514,0,0.998046875,-0.03125,0.013671875,-0.017578125,0.0,0.0,0.0
14627695,11515,0,0.998046875,-0.03125,0.01953125,-0.01171875,0.0,0.0,0.0
14628947,11516,0,0.998046875,-0.02734375,0.017578125,-0.009765625,0.0,0.0,0.0
14630198,11517,0,1.00390625,-0.02734375,0.0234375,-0.00390625,0.0,0.0,0.0
14631450,11518,0,1.005859375,-0.033203125,0.0234375,-0.009765625,0.0,0.0,0.0
14632700,11519,0,1.0078125,-0.025390625,0.01953125,-0.005859375,0.0,0.0,0.0
14633952,11520,0,0.99609375,-0.025390625,0.01953125,-0.005859375,0.0,0.0,0.0
14635203,11521,0,1.0,-0.029296875,0.01953125,-0.009765625,0.0,0.0,0.0
14636454,11522,0,0.99609375,-0.03125,0.015625,-0.015625,0.0,0.0,0.0
14637705,11523,0,1.00390625,-0.03125,0.017578125,-0.013671875,0.0,0.0,0.0
14638957,11524,0,1.013671875,-0.02734375,0.013671875,-0.013671875,0.0,0.0,0.0
14640207,11525,0,1.00390625,-0.029296875,0.025390625,-0.00390625,0.0,0.0,0.0
14641459,11526,0,1.0078125,-0.02734375,0.017578125,-0.009765625,0.0,0.0,0.0
14642709,11527,0,1.001953125,-0.029296875,0.005859375,-0.0234375,0.0,0.0,0.0
14643959,11528,0,1.00390625,-0.03125,0.01953125,-0.01171875,0.0,0.0,0.0
14645209,11529,0,0.99609375,-0.029296875,0.013671875,-0.015625,0.0,0.0,0.0
14646459,11530,0,1.0078125,-0.033203125,0.01953125,-0.013671875,0.0,0.0,0.0
14647711,11531,0,1.0,-0.02734375,0.01953125,-0.0078125,0.0,0.0,0.0
14648961,11532,0,1.00390625,-0.033203125,0.021484375,-0.01171875,0.0,0.0,0.0
14650213,11533,0,1.005859375,-0.029296875,0.017578125,-0.01171875,0.0,0.0,0.0
14651464,11534,0,1.005859375,-0.029296875,0.021484375,-0.0078125,0.0,0.0,0.0
14652715,11535,0,1.0,-0.029296875,0.01953125,-0.009765625,0.0,0.0,0.0
14653966,11536,0,1.0078125,-0.02734375,0.021484375,-0.005859375,0.0,0.0,0.0
14655216,11537,0,1.0,-0.033203125,0.015625,-0.017578125,0.0,0.0,0.0
14656467,11538,0,0.998046875,-0.02734375,0.01953125,-0.0078125,0.0,0.0,0.0
14657718,11539,0,1.00390625,-0.029296875,0.015625,-0.013671875,0.0,0.0,0.0
14658968,11540,0,1.0078125,-0.025390625,0.0234375,-0.001953125,0.0,0.0,0.0
14660219,11541,0,1.001953125,-0.0234375,0.017578125,-0.005859375,0.0,0.0,0.0
14661470,11542,0,1.0078125,-0.03125,0.021484375,-0.009765625,0.0,0.0,0.0
14662721,11543,0,1.001953125,-0.025390625,0.013671875,-0.01171875,0.0,0.0,0.0
14663971,11544,0,0.998046875,-0.03515625,0.0234375,-0.01171875,0.0,0.0,0.0
14665223,11545,0,0.994140625,-0.03125,0.01953125,-0.01171875,0.0,0.0,0.0
14666473,11546,0,0.99609375,-0.029296875,0.015625,-0.013671875,0.0,0.0,0.0
14667723,11547,0,1.0,-0.03125,0.029296875,-0.001953125,0.0,0.0,0.0
14668975,11548,0,1.001953125,-0.033203125,0.021484375,-0.01171875,0.0,0.0,0.0
14670226,11549,0,1.005859375,-0.029296875,0.021484375,-0.0078125,0.0,0.0,0.0
14671476,11550,0,1.00390625,-0.033203125,0.02734375,-0.005859375,0.0,0.0,0.0
14672728,11551,0,0.998046875,-0.029296875,0.015625,-0.013671875,0.0,0.0,0.0
14673979,11552,0,1.0,-0.033203125,0.01953125,-0.013671875,0.0,0.0,0.0
14675229,11553,0,1.0078125,-0.029296875,0.01953125,-0.009765625,0.0,0.0,0.0
14676481,11554,0,1.001953125,-0.03125,0.021484375,-0.009765625,0.0,0.0,0.0
14677731,11555,0,1.0078125,-0.029296875,0.01953125,-0.009765625,0.0,0.0,0.0
14678981,11556,0,1.005859375,-0.02734375,0.021484375,-0.005859375,0.0,0.0,0.0
14680232,11557,0,1.009765625,-0.029296875,0.015625,-0.013671875,0.0,0.0,0.0
14681483,11558,0,1.009765625,-0.029296875,0.015625,-0.013671875,0.0,0.0,0.0
14682734,11559,0,1.005859375,-0.03125,0.0078125,-0.0234375,0.0,0.0,0.0
14683986,11560,0,1.00390625,-0.029296875,0.01953125,-0.009765625,0.0,0.0,0.0
14685236,11561,0,1.001953125,-0.03125,0.021484375,-0.009765625,0.0,0.0,0.0
14686486,11562,0,1.0078125,-0.025390625,0.015625,-0.009765625,0.0,0.0,0.0
14687737,11563,0,1.00390625,-0.029296875,0.015625,-0.013671875,0.0,0.0,0.0
14688987,11564,0,1.009765625,-0.033203125,0.017578125,-0.015625,0.0,0.0,0.0
14690238,11565,0,0.99609375,-0.029296875,0.017578125,-0.01171875,0.0,0.0,0.0
14691489,11566,0,1.005859375,-0.03125,0.01953125,-0.01171875,0.0,0.0,0.0
14692740,11567,0,1.001953125,-0.03125,0.01953125,-0.01171875,0.0,0.0,0.0
14693991,11568,0,1.005859375,-0.03515625,0.013671875,-0.021484375,0.0,0.0,0.0
14695241,11569,0,1.00390625,-0.033203125,0.015625,-0.017578125,0.0,0.0,0.0
14696492,11570,0,1.0,-0.03515625,0.01953125,-0.015625,0.0,0.0,0.0
14697744,11571,0,1.0,-0.033203125,0.017578125,-0.015625,0.0,0.0,0.0
14698994,11572,0,1.0078125,-0.029296875,0.015625,-0.013671875,0.0,0.0,0.0
14700245,11573,0,0.998046875,-0.02734375,0.01171875,-0.015625,0.0,0.0,0.0
14701496,11574,0,1.005859375,-0.02734375,0.013671875,-0.013671875,0.0,0.0,0.0
14702747,11575,0,1.005859375,-0.029296875,0.017578125,-0.01171875,0.0,0.0,0.0
14703998,11576,0,1.005859375,-0.03125,0.015625,-0.015625,0.0,0.0,0.0
14705249,11577,0,1.00390625,-0.02734375,0.01953125,-0.0078125,0.0,0.0,0.0
14706499,11578,0,1.005859375,-0.029296875,0.015625,-0.013671875,0.0,0.0,0.0
14707751,11579,0,1.001953125,-0.025390625,0.01953125,-0.005859375,0.0,0.0,0.0
14709002,11580,0,1.0,-0.0234375,0.017578125,-0.005859375,0.0,0.0,0.0
14710253,11581,0,1.009765625,-0.01953125,0.025390625,0.005859375,0.0,0.0,0.0
14711503,11582,0,1.005859375,-0.0234375,0.02734375,0.00390625,0.0,0.0,0.0
14712755,11583,0,1.009765625,-0.029296875,0.017578125,-0.01171875,0.0,0.0,0.0
14714005,11584,0,1.005859375,-0.025390625,0.013671875,-0.01171875,0.0,0.0,0.0
14715256,11585,0,1.0078125,-0.02734375,0.017578125,-0.009765625,0.0,0.0,0.0
14716506,11586,0,1.005859375,-0.03125,0.021484375,-0.009765625,0.0,0.0,0.0
14717757,11587,0,1.001953125,-0.03515625,0.013671875,-0.021484375,0.0,0.0,0.0
14719008,11588,0,1.001953125,-0.03125,0.015625,-0.015625,0.0,0.0,0.0
14720258,11589,0,0.99609375,-0.02734375,0.021484375,-0.005859375,0.0,0.0,0.0
14721508,11590,0,1.009765625,-0.021484375,0.01171875,-0.009765625,0.0,0.0,0.0
14722759,11591,0,1.001953125,-0.029296875,0.021484375,-0.0078125,0.0,0.0,0.0
14724009,11592,0,1.001953125,-0.03125,0.013671875,-0.017578125,0.0,0.0,0.0
14725259,11593,0,1.001953125,-0.029296875,0.01171875,-0.017578125,0.0,0.0,0.0
14726510,11594,0,0.99609375,-0.02734375,0.021484375,-0.005859375,0.0,0.0,0.0
14727762,11595,0,0.998046875,-0.0234375,0.02734375,0.00390625,0.0,0.0,0.0
14729012,11596,0,0.998046875,-0.029296875,0.017578125,-0.01171875,0.0,0.0,0.0
14730271,11597,0,1.001953125,-0.03125,0.017578125,-0.013671875,0.0,0.0,0.0
14731521,11598,0,1.0078125,-0.029296875,0.01953125,-0.009765625,0.0,0.0,0.0
14732773,11599,0,1.0,-0.033203125,0.01953125,-0.013671875,0.0,0.0,0.0
14734023,11600,0,1.001953125,-0.03515625,0.021484375,-0.013671875,0.0,0.0,0.0
14735274,11601,0,0.99609375,-0.03515625,0.013671875,-0.021484375,0.0,0.0,0.0
14736525,11602,0,1.001953125,-0.03125,0.013671875,-0.017578125,0.0,0.0,0.0
14737776,11603,0,1.0078125,-0.03125,0.017578125,-0.013671875,0.0,0.0,0.0
14739026,11604,0,0.998046875,-0.033203125,0.017578125,-0.015625,0.0,0.0,0.0
14740276,11605,0,1.0,-0.03515625,0.01171875,-0.0234375,0.0,0.0,0.0
14741527,11606,0,1.00390625,-0.03515625,0.01171875,-0.0234375,0.0,0.0,0.0
14742778,11607,0,1.001953125,-0.033203125,0.017578125,-0.015625,0.0,0.0,0.0
14744029,11608,0,1.001953125,-0.03125,0.009765625,-0.021484375,0.0,0.0,0.0
14745280,11609,0,1.0,-0.02734375,0.009765625,-0.017578125,0.0,0.0,0.0
14746531,11610,0,1.015625,-0.037109375,0.015625,-0.021484375,0.0,0.0,0.0
14747783,11611,0,1.005859375,-0.03515625,0.013671875,-0.021484375,0.0,0.0,0.0
14749034,11612,0,1.001953125,-0.02734375,0.0234375,-0.00390625,0.0,0.0,0.0
14750286,11613,0,1.01171875,-0.03125,0.013671875,-0.017578125,0.0,0.0,0.0
14751537,11614,0,1.0,-0.029296875,0.017578125,-0.01171875,0.0,0.0,0.0
14752789,11615,0,1.0,-0.03515625,0.015625,-0.01953125,0.0,0.0,0.0
14754039,11616,0,1.001953125,-0.037109375,0.01953125,-0.017578125,0.0,0.0,0.0
14755289,11617,0,1.00390625,-0.03515625,0.013671875,-0.021484375,0.0,0.0,0.0
14756541,11618,0,0.99609375,-0.0390625,0.015625,-0.0234375,0.0,0.0,0.0
14757792,11619,0,0.994140625,-0.041015625,0.015625,-0.025390625,0.0,0.0,0.0
14759044,11620,0,0.998046875,-0.056640625,0.0078125,-0.048828125,0.0,0.0,0.0
14760294,11621,0,0.98828125,-0.19921875,-0.060546875,-0.259765625,0.0,0.0,0.0
14761544,11622,0,1.201171875,-1.248046875,-1.205078125,-2.453125,0.0,0.0,0.0
14762795,11623,0,0.798828125,-0.337890625,0.21484375,-0.123046875,0.0,0.0,0.0
14764045,11624,0,1.296875,0.79296875,0.484375,1.27734375,0.0,0.0,0.0
14765295,11625,0,0.83984375,0.884765625,0.59375,1.478515625,0.0,0.0,0.0
14766546,11626,0,1.23046875,-0.076171875,-0.080078125,-0.15625,0.0,0.0,0.0
14767797,11627,0,0.8359375,-0.38671875,-0.08984375,-0.4765625,0.0,0.0,0.0
14769048,11628,0,1.02734375,-0.2734375,-0.177734375,-0.451171875,0.0,0.0,0.0
14770299,11629,0,0.982421875,-0.03515625,0.01171875,-0.0234375,0.0,0.0,0.0
14771550,11630,0,0.94921875,0.015625,0.064453125,0.080078125,0.0,0.0,0.0
14772800,11631,0,1.0625,-0.07421875,-0.001953125,-0.076171875,0.0,0.0,0.0
14774052,11632,0,0.9609375,-0.1015625,-0.00390625,-0.10546875,0.0,0.0,0.0
14775303,11633,0,1.03515625,-0.052734375,-0.01953125,-0.072265625,0.0,0.0,0.0
14776554,11634,0,0.97265625,0.03125,0.068359375,0.099609375,0.0,0.0,0.0
14777805,11635,0,1.0703125,-0.01171875,-0.00390625,-0.015625,0.0,0.0,0.0
14779057,11636,0,0.962890625,-0.013671875,0.029296875,0.015625,0.0,0.0,0.0
14780308,11637,0,1.01171875,0.00390625,0.02734375,0.03125,0.0,0.0,0.0
14781560,11638,0,1.00390625,-0.04296875,0.02734375,-0.015625,0.0,0.0,0.0
14782811,11639,0,0.99609375,-0.1328125,-0.02734375,-0.16015625,0.0,0.0,0.0
14784063,11640,0,0.947265625,-0.27734375,-0.1015625,-0.37890625,0.0,0.0,0.0
14785314,11641,0,0.99609375,-0.6484375,-0.162109375,-0.810546875,0.0,0.0,0.0
14786565,11642,0,0.8359375,-1.359375,-0.544921875,-1.904296875,0.0,0.0,0.0
14787816,11643,0,0.853515625,-2.537109375,-0.96484375,-3.501953125,0.0,0.0,0.0
14789066,11644,0,1.58203125,-4.0,-1.458984375,-5.458984375,0.0,0.0,0.0
14790318,11645,0,0.748046875,-3.640625,-1.599609375,-5.240234375,0.0,0.0,0.0
14791569,11646,0,0.736328125,-4.0,-1.5234375,-5.5234375,0.0,0.0,0.0
14792819,11647,0,-1.31640625,-4.0,-4.0,-8.0,0.0,0.0,0.0
14794070,11648,0,3.998046875,-4.0,-4.0,-8.0,0.0,0.0,0.0
14795321,11649,0,-1.375,-2.96875,-4.0,-6.96875,0.0,0.0,0.0
14796572,11650,0,2.525390625,3.998046875,-2.728515625,1.26953125,0.0,0.0,0.0
14797823,11651,0,0.041015625,3.998046875,0.2890625,4.287109375,0.0,0.0,0.0
14799074,11652,0,3.26953125,3.998046875,2.97265625,6.970703125,0.0,0.0,0.0
14800325,11653,0,0.66015625,3.998046875,3.998046875,7.99609375,0.0,0.0,0.0
14801575,11654,0,0.724609375,3.998046875,3.998046875,7.99609375,0.0,0.0,0.0
14802825,11655,0,1.98828125,3.998046875,3.005859375,7.00390625,0.0,0.0,0.0
14804076,11656,0,0.54296875,3.998046875,0.69921875,4.697265625,0.0,0.0,0.0
14805326,11657,0,0.806640625,-1.642578125,-1.28125,-2.923828125,0.0,0.0,0.0
14806577,11658,0,1.455078125,-4.0,-2.466796875,-6.466796875,0.0,0.0,0.0
14807828,11659,0,0.1796875,-4.0,-2.6328125,-6.6328125,0.0,0.0,0.0
14809078,11660,0,1.0390625,-4.0,-3.107421875,-7.107421875,0.0,0.0,0.0
14810329,11661,0,0.771484375,-4.0,-2.77734375,-6.77734375,0.0,0.0,0.0
14811581,11662,0,-0.0546875,-4.0,-1.873046875,-5.873046875,0.0,0.0,0.0
14812833,11663,0,1.158203125,-2.673828125,-1.412109375,-4.0859375,0.0,0.0,0.0
14814083,11664,0,1.5703125,0.05078125,-0.6328125,-0.58203125,0.0,0.0,0.0
14815333,11665,0,1.017578125,2.3984375,0.57421875,2.97265625,0.0,0.0,0.0
14816584,11666,0,1.19921875,3.998046875,1.220703125,5.21875,0.0,0.0,0.0
14817835,11667,0,1.6015625,3.998046875,1.548828125,5.546875,0.0,0.0,0.0
14819085,11668,0,0.716796875,3.998046875,1.900390625,5.8984375,0.0,0.0,0.0
14820336,11669,0,0.568359375,3.59765625,1.7109375,5.30859375,0.0,0.0,0.0
14821587,11670,0,1.359375,2.15625,0.765625,2.921875,0.0,0.0,0.0
14822838,11671,0,1.060546875,0.564453125,0.203125,0.767578125,0.0,0.0,0.0
14824090,11672,0,0.85546875,-0.916015625,-0.271484375,-1.1875,0.0,0.0,1.7432128657235424e-11
14826592,11674,0,1.05078125,-2.63671875,-1.03515625,-3.671875,0.0,0.0,0.0
14827844,11675,0,0.544921875,-2.70703125,-0.814453125,-3.521484375,0.0,0.0,0.0
14829095,11676,0,0.818359375,-2.298828125,-0.802734375,-3.1015625,0.0,0.0,0.0
14830346,11677,0,1.02734375,-1.509765625,-0.650390625,-2.16015625,0.0,0.0,0.0
14831597,11678,0,0.73046875,-0.544921875,-0.15234375,-0.697265625,0.0,0.0,0.0
14832849,11679,0,1.107421875,0.34765625,0.025390625,0.373046875,0.0,0.0,0.0
14834099,11680,0,1.462890625,1.072265625,0.162109375,1.234375,0.0,0.0,0.0
14835351,11681,0,1.013671875,1.501953125,0.5859375,2.087890625,0.0,0.0,0.0
14836602,11682,0,0.94140625,1.607421875,0.671875,2.279296875,0.0,0.0,0.0
14837854,11683,0,1.126953125,1.388671875,0.54296875,1.931640625,0.0,0.0,0.0
14839104,11684,0,0.814453125,0.982421875,0.5234375,1.505859375,0.0,0.0,0.0
14840354,11685,0,0.767578125,0.419921875,0.330078125,0.75,0.0,0.0,0.0
14841605,11686,0,1.173828125,-0.146484375,-0.078125,-0.224609375,0.0,0.0,0.0
14842855,11687,0,1.171875,-0.595703125,-0.2734375,-0.869140625,0.0,0.0,0.0
14844107,11688,0,0.947265625,-0.87890625,-0.275390625,-1.154296875,0.0,0.0,0.0
14845358,11689,0,1.13671875,-0.962890625,-0.38671875,-1.349609375,0.0,0.0,0.0
14846609,11690,0,1.017578125,-0.85546875,-0.30078125,-1.15625,0.0,0.0,0.0
14847859,11691,0,0.67578125,-0.591796875,-0.0625,-0.654296875,0.0,0.0,0.0
14849111,11692,0,0.896484375,-0.25390625,-0.041015625,-0.294921875,0.0,0.0,0.0
14850362,11693,0,1.087890625,0.068359375,-0.01953125,0.048828125,0.0,0.0,0.0
14851613,11694,0,1.021484375,0.361328125,0.142578125,0.50390625,0.0,0.0,0.0
14852865,11695,0,1.1171875,0.525390625,0.177734375,0.703125,0.0,0.0,0.0
14854115,11696,0,1.24609375,0.580078125,0.154296875,0.734375,0.0,0.0,0.0
14855365,11697,0,0.962890625,0.52734375,0.26953125,0.796875,0.0,0.0,0.0
14856617,11698,0,0.81640625,0.3828125,0.111328125,0.494140625,0.0,0.0,0.0
14857867,11699,0,0.994140625,0.177734375,0.05078125,0.228515625,0.0,0.0,0.0
14859118,11700,0,0.927734375,-0.18359375,-0.01953125,-0.203125,0.0,0.0,0.0
14860369,11701,0,1.171875,-0.302734375,-0.154296875,-0.45703125,0.0,0.0,0.0
14861620,11702,0,1.12890625,-0.34375,-0.162109375,-0.505859375,0.0,0.0,0.0
14862871,11703,0,0.947265625,-0.314453125,-0.072265625,-0.38671875,0.0,0.0,0.0
14864123,11704,0,0.94921875,-0.220703125,-0.03515625,-0.255859375,0.0,0.0,0.0
14865374,11705,0,0.9609375,-0.1015625,0.001953125,-0.099609375,0.0,0.0,0.0
14866624,11706,0,0.8671875,0.01953125,0.099609375,0.119140625,0.0,0.0,0.0
14867875,11707,0,1.00390625,0.123046875,0.087890625,0.2109375,0.0,0.0,0.0
14869125,11708,0,1.14453125,0.189453125,0.029296875,0.21875,0.0,0.0,0.0
14870375,11709,0,1.068359375,0.205078125,0.0703125,0.275390625,0.0,0.0,0.0
14871626,11710,0,1.0390625,0.173828125,0.0859375,0.259765625,0.0,0.0,0.0
14872877,11711,0,1.044921875,0.103515625,0.056640625,0.16015625,0.0,0.0,0.0
14874129,11712,0,0.9296875,0.029296875,0.078125,0.107421875,0.0,0.0,0.0
14875380,11713,0,0.880859375,-0.04296875,0.072265625,0.029296875,0.0,0.0,0.0
14876630,11714,0,1.0078125,-0.091796875,-0.013671875,-0.10546875,0.0,0.0,0.0
14877881,11715,0,1.04296875,-0.12890625,-0.05078125,-0.1796875,0.0,0.0,0.0
14879133,11716,0,1.029296875,-0.138671875,-0.048828125,-0.1875,0.0,0.0,0.0
14880384,11717,0,1.083984375,-0.134765625,-0.068359375,-0.203125,0.0,0.0,0.0
14881634,11718,0,1.05078125,-0.10546875,-0.048828125,-0.154296875,0.0,0.0,0.0
14882886,11719,0,0.94140625,-0.072265625,0.029296875,-0.04296875,0.0,0.0,0.0
14884136,11720,0,0.935546875,-0.03125,0.04296875,0.01171875,0.0,0.0,0.0
14885386,11721,0,0.982421875,-0.001953125,0.021484375,0.01953125,0.0,0.0,0.0
14886638,11722,0,0.978515625,0.025390625,0.03515625,0.060546875,0.0,0.0,0.0
14887888,11723,0,1.03125,0.03515625,0.017578125,0.052734375,0.0,0.0,0.0
14889139,11724,0,1.095703125,0.0234375,-0.005859375,0.017578125,0.0,0.0,0.0
14890391,11725,0,1.041015625,-0.001953125,0.009765625,0.0078125,0.0,0.0,0.0
14891641,11726,0,0.978515625,-0.021484375,0.033203125,0.01171875,0.0,0.0,0.0
14892892,11727,0,0.974609375,-0.046875,0.013671875,-0.033203125,0.0,0.0,0.0
14894142,11728,0,0.947265625,-0.068359375,0.015625,-0.052734375,0.0,0.0,0.0
14895393,11729,0,0.951171875,-0.080078125,0.009765625,-0.0703125,0.0,0.0,0.0
14896645,11730,0,1.03125,-0.08203125,-0.03125,-0.11328125,0.0,0.0,0.0
14897895,11731,0,1.076171875,-0.068359375,-0.04296875,-0.111328125,0.0,0.0,0.0
14899147,11732,0,1.033203125,-0.048828125,-0.015625,-0.064453125,0.0,0.0,0.0
14900397,11733,0,1.021484375,-0.037109375,0.005859375,-0.03125,0.0,0.0,0.0
14901649,11734,0,0.998046875,-0.025390625,0.009765625,-0.015625,0.0,0.0,0.0
14902899,11735,0,0.943359375,-0.015625,0.046875,0.03125,0.0,0.0,0.0
14904149,11736,0,0.966796875,-0.005859375,0.041015625,0.03515625,0.0,0.0,0.0
14905399,11737,0,1.02734375,-0.00390625,0.01171875,0.0078125,0.0,0.0,0.0
14906650,11738,0,1.044921875,-0.001953125,0.0078125,0.005859375,0.0,0.0,0.0
14907902,11739,0,1.041015625,-0.009765625,0.01171875,0.001953125,0.0,0.0,0.0
14909153,11740,0,1.03125,-0.013671875,0.00390625,-0.009765625,0.0,0.0,0.0
14910404,11741,0,1.001953125,-0.013671875,0.0390625,0.025390625,0.0,0.0,0.0
14911654,11742,0,0.955078125,-0.03125,0.021484375,-0.009765625,0.0,0.0,0.0
14912904,11743,0,0.986328125,-0.029296875,0.017578125,-0.01171875,0.0,0.0,0.0
14914155,11744,0,1.01171875,-0.0234375,0.00390625,-0.01953125,0.0,0.0,0.0
14915407,11745,0,1.041015625,-0.01953125,0.0,-0.01953125,0.0,0.0,0.0
14916657,11746,0,1.03515625,-0.01171875,0.009765625,-0.001953125,0.0,0.0,0.0
14917909,11747,0,0.990234375,-0.0078125,0.025390625,0.017578125,0.0,0.0,0.0
14919159,11748,0,0.9765625,0.0,0.0390625,0.0390625,0.0,0.0,0.0
14920409,11749,0,0.986328125,0.00390625,0.0390625,0.04296875,0.0,0.0,0.0
14921661,11750,0,0.9921875,0.001953125,0.037109375,0.0390625,0.0,0.0,0.0
14922911,11751,0,1.009765625,-0.00390625,0.029296875,0.025390625,0.0,0.0,0.0
14924161,11752,0,1.041015625,-0.005859375,0.015625,0.009765625,0.0,0.0,0.0
14925411,11753,0,1.029296875,-0.01171875,0.015625,0.00390625,0.0,0.0,0.0
14926663,11754,0,1.0,-0.013671875,0.025390625,0.01171875,0.0,0.0,0.0
14927913,11755,0,0.986328125,-0.015625,0.03125,0.015625,0.0,0.0,0.0
14929164,11756,0,0.98828125,-0.013671875,0.037109375,0.0234375,0.0,0.0,0.0
14930415,11757,0,0.98046875,-0.01953125,0.0390625,0.01953125,0.0,0.0,0.0
14931666,11758,0,1.0078125,-0.01953125,0.021484375,0.001953125,0.0,0.0,0.0
14932916,11759,0,1.01953125,-0.017578125,0.00390625,-0.013671875,0.0,0.0,0.0
14934167,11760,0,1.025390625,-0.021484375,0.001953125,-0.01953125,0.0,0.0,0.0
14935417,11761,0,1.017578125,-0.01953125,0.021484375,0.001953125,0.0,0.0,0.0
14936668,11762,0,1.009765625,-0.021484375,0.021484375,0.0,0.0,0.0,0.0
14937920,11763,0,0.978515625,-0.025390625,0.029296875,0.00390625,0.0,0.0,0.0
14939171,11764,0,0.9765625,-0.0234375,0.033203125,0.009765625,0.0,0.0,0.0
14940421,11765,0,1.00390625,-0.025390625,0.017578125,-0.0078125,0.0,0.0,0.0
14941672,11766,0,1.025390625,-0.025390625,0.013671875,-0.01171875,0.0,0.0,0.0
14942924,11767,0,1.025390625,-0.029296875,0.0078125,-0.021484375,0.0,0.0,0.0
14944174,11768,0,1.029296875,-0.03125,0.001953125,-0.029296875,0.0,0.0,0.0
14945425,11769,0,1.009765625,-0.04296875,0.0078125,-0.03515625,0.0,0.0,0.0
14946677,11770,0,0.98046875,-0.04296875,0.017578125,-0.025390625,0.0,0.0,0.0
14947927,11771,0,0.98046875,-0.037109375,0.017578125,-0.01953125,0.0,0.0,0.0
14949177,11772,0,0.9921875,-0.04296875,0.013671875,-0.029296875,0.0,0.0,0.0
14950429,11773,0,1.005859375,-0.041015625,0.013671875,-0.02734375,0.0,0.0,0.0
14951679,11774,0,1.021484375,-0.0390625,0.00390625,-0.03515625,0.0,0.0,0.0
14952931,11775,0,1.033203125,-0.041015625,-0.001953125,-0.04296875,0.0,0.0,0.0
14954181,11776,0,1.009765625,-0.0390625,0.00390625,-0.03515625,0.0,0.0,0.0
14955431,11777,0,0.994140625,-0.04296875,0.013671875,-0.029296875,0.0,0.0,0.0
14956683,11778,0,0.98828125,-0.0390625,0.015625,-0.0234375,0.0,0.0,0.0
14957933,11779,0,0.98828125,-0.044921875,0.017578125,-0.02734375,0.0,0.0,0.0
14959183,11780,0,1.0,-0.04296875,0.0078125,-0.03515625,0.0,0.0,0.0
14960434,11781,0,1.01953125,-0.0390625,0.013671875,-0.025390625,0.0,0.0,0.0
14961685,11782,0,1.029296875,-0.046875,-0.009765625,-0.056640625,0.0,0.0,0.0
14962936,11783,0,1.01171875,-0.037109375,-0.001953125,-0.0390625,0.0,0.0,0.0
14964186,11784,0,0.998046875,-0.0390625,0.009765625,-0.029296875,0.0,0.0,0.0
14965437,11785,0,0.990234375,-0.033203125,0.009765625,-0.0234375,0.0,0.0,0.0
14966687,11786,0,0.982421875,-0.033203125,0.0078125,-0.025390625,0.0,0.0,0.0
14967937,11787,0,1.009765625,-0.03125,0.005859375,-0.025390625,0.0,0.0,0.0
14969188,11788,0,1.025390625,-0.03125,0.0078125,-0.0234375,0.0,0.0,0.0
14970440,11789,0,1.015625,-0.02734375,0.00390625,-0.0234375,0.0,0.0,0.0
14971690,11790,0,1.009765625,-0.025390625,0.00390625,-0.021484375,0.0,0.0,0.0
14972942,11791,0,0.998046875,-0.021484375,0.01171875,-0.009765625,0.0,0.0,0.0
14974193,11792,0,0.9921875,-0.0234375,0.017578125,-0.005859375,0.0,0.0,0.0
14975445,11793,0,0.994140625,-0.021484375,0.013671875,-0.0078125,0.0,0.0,0.0
14976695,11794,0,1.00390625,-0.021484375,0.015625,-0.005859375,0.0,0.0,0.0
14977947,11795,0,1.009765625,-0.017578125,0.015625,-0.001953125,0.0,0.0,0.0
14979198,11796,0,1.01953125,-0.01171875,0.009765625,-0.001953125,0.0,0.0,0.0
14980450,11797,0,1.009765625,-0.009765625,0.01171875,0.001953125,0.0,0.0,0.0
14981700,11798,0,1.001953125,-0.0078125,0.021484375,0.013671875,0.0,0.0,0.0
14982952,11799,0,0.998046875,-0.0078125,0.021484375,0.013671875,0.0,0.0,0.0
14984203,11800,0,1.0,-0.0078125,0.029296875,0.021484375,0.0,0.0,0.0
14985454,11801,0,0.99609375,-0.0078125,0.01953125,0.01171875,0.0,0.0,0.0
14986705,11802,0,1.0,-0.013671875,0.021484375,0.0078125,0.0,0.0,0.0
14987957,11803,0,1.01171875,-0.0078125,0.013671875,0.005859375,0.0,0.0,0.0
14989207,11804,0,1.005859375,-0.013671875,0.01171875,-0.001953125,0.0,0.0,0.0
14990459,11805,0,1.0078125,-0.015625,0.015625,0.0,0.0,0.0,0.0
14991709,11806,0,1.005859375,-0.0078125,0.025390625,0.017578125,0.0,0.0,0.0
14992959,11807,0,0.994140625,-0.017578125,0.029296875,0.01171875,0.0,0.0,0.0
14994209,11808,0,0.9921875,-0.013671875,0.02734375,0.013671875,0.0,0.0,0.0
14995459,11809,0,1.0078125,-0.015625,0.025390625,0.009765625,0.0,0.0,0.0
14996711,11810,0,1.01171875,-0.013671875,0.01953125,0.005859375,0.0,0.0,0.0
14997961,11811,0,1.013671875,-0.015625,0.01953125,0.00390625,0.0,0.0,0.0
14999213,11812,0,1.009765625,-0.013671875,0.0234375,0.009765625,0.0,0.0,0.0
15000464,11813,0,1.00390625,-0.013671875,0.021484375,0.0078125,0.0,0.0,0.0
15001715,11814,0,0.994140625,-0.015625,0.029296875,0.013671875,0.0,0.0,0.0
15002966,11815,0,0.994140625,-0.021484375,0.02734375,0.005859375,0.0,0.0,0.0
15004216,11816,0,1.001953125,-0.025390625,0.025390625,0.0,0.0,0.0,0.0
15005467,11817,0,1.005859375,-0.025390625,0.0234375,-0.001953125,0.0,0.0,0.0
15006718,11818,0,1.013671875,-0.0234375,0.017578125,-0.005859375,0.0,0.0,0.0
15007968,11819,0,1.01171875,-0.02734375,0.015625,-0.01171875,0.0,0.0,0.0
15009219,11820,0,1.00390625,-0.02734375,0.021484375,-0.005859375,0.0,0.0,0.0
15010470,11821,0,0.998046875,-0.029296875,0.03125,0.001953125,0.0,0.0,0.0
15011721,11822,0,1.0,-0.025390625,0.025390625,0.0,0.0,0.0,0.0
15012971,11823,0,1.00390625,-0.02734375,0.021484375,-0.005859375,0.0,0.0,0.0
15014223,11824,0,1.00390625,-0.029296875,0.005859375,-0.0234375,0.0,0.0,0.0
15015473,11825,0,1.005859375,-0.03515625,0.021484375,-0.013671875,0.0,0.0,0.0
15016723,11826,0,1.013671875,-0.03125,0.01171875,-0.01953125,0.0,0.0,0.0
15017975,11827,0,1.0078125,-0.037109375,0.01953125,-0.017578125,0.0,0.0,0.0
15019226,11828,0,1.00390625,-0.037109375,0.0234375,-0.013671875,0.0,0.0,0.0
15020476,11829,0,0.99609375,-0.037109375,0.015625,-0.021484375,0.0,0.0,0.0
15021728,11830,0,1.0,-0.037109375,0.01171875,-0.025390625,0.0,0.0,0.0
15022979,11831,0,1.005859375,-0.037109375,0.013671875,-0.0234375,0.0,0.0,0.0
15024229,11832,0,1.009765625,-0.0390625,0.0078125,-0.03125,0.0,0.0,0.0
15025481,11833,0,1.009765625,-0.037109375,0.009765625,-0.02734375,0.0,0.0,0.0
15026731,11834,0,1.009765625,-0.0390625,0.013671875,-0.025390625,0.0,0.0,0.0
15027981,11835,0,1.00390625,-0.03515625,0.015625,-0.01953125,0.0,0.0,0.0
15029232,11836,0,0.994140625,-0.03515625,0.01953125,-0.015625,0.0,0.0,0.0
15030483,11837,0,1.005859375,-0.03515625,0.015625,-0.01953125,0.0,0.0,0.0
15031734,11838,0,1.005859375,-0.037109375,0.015625,-0.021484375,0.0,0.0,0.0
15032986,11839,0,1.009765625,-0.03125,0.013671875,-0.017578125,0.0,0.0,0.0
15034236,11840,0,1.005859375,-0.03515625,0.01171875,-0.0234375,0.0,0.0,0.0
15035486,11841,0,1.005859375,-0.033203125,0.013671875,-0.01953125,0.0,0.0,0.0
15036737,11842,0,1.0078125,-0.033203125,0.017578125,-0.015625,0.0,0.0,0.0
15037987,11843,0,0.99609375,-0.02734375,0.017578125,-0.009765625,0.0,0.0,0.0
15039238,11844,0,1.001953125,-0.029296875,0.013671875,-0.015625,0.0,0.0,0.0
15040489,11845,0,1.005859375,-0.0234375,0.013671875,-0.009765625,0.0,0.0,0.0
15041740,11846,0,1.01171875,-0.03515625,0.001953125,-0.033203125,0.0,0.0,0.0
15042991,11847,0,1.013671875,-0.02734375,0.001953125,-0.025390625,0.0,0.0,0.0
15044241,11848,0,1.005859375,-0.025390625,0.009765625,-0.015625,0.0,0.0,0.0
15045492,11849,0,1.005859375,-0.0234375,0.009765625,-0.013671875,0.0,0.0,0.0
15046744,11850,0,1.001953125,-0.01953125,0.013671875,-0.005859375,0.0,0.0,0.0
15047994,11851,0,1.0,-0.021484375,0.015625,-0.005859375,0.0,0.0,0.0
15049245,11852,0,0.998046875,-0.021484375,0.015625,-0.005859375,0.0,0.0,0.0
15050496,11853,0,1.0,-0.01953125,0.017578125,-0.001953125,0.0,0.0,0.0
15051747,11854,0,1.01171875,-0.01953125,0.01171875,-0.0078125,0.0,0.0,0.0
15052998,11855,0,1.0078125,-0.01953125,0.013671875,-0.005859375,0.0,0.0,0.0
15054249,11856,0,1.009765625,-0.013671875,0.01171875,-0.001953125,0.0,0.0,0.0
15055499,11857,0,1.005859375,-0.015625,0.017578125,0.001953125,0.0,0.0,0.0
15056751,11858,0,1.001953125,-0.013671875,0.015625,0.001953125,0.0,0.0,0.0
15058002,11859,0,1.001953125,-0.013671875,0.017578125,0.00390625,0.0,0.0,0.0
15059253,11860,0,1.001953125,-0.015625,0.015625,0.0,0.0,0.0,0.0
15060503,11861,0,1.0078125,-0.015625,0.021484375,0.005859375,0.0,0.0,0.0
15061755,11862,0,1.001953125,-0.013671875,0.017578125,0.00390625,0.0,0.0,0.0
15063005,11863,0,1.009765625,-0.013671875,0.013671875,0.0,0.0,0.0,0.0
15064256,11864,0,1.0,-0.01171875,0.017578125,0.005859375,0.0,0.0,0.0
15065506,11865,0,1.001953125,-0.013671875,0.013671875,0.0,0.0,0.0,0.0
15066757,11866,0,0.998046875,-0.021484375,0.017578125,-0.00390625,0.0,0.0,0.0
15068008,11867,0,1.00390625,-0.015625,0.01953125,0.00390625,0.0,0.0,0.0
15069258,11868,0,1.005859375,-0.017578125,0.021484375,0.00390625,0.0,0.0,0.0
15070508,11869,0,1.009765625,-0.017578125,0.01171875,-0.005859375,0.0,0.0,0.0
15071759,11870,0,1.0078125,-0.021484375,0.005859375,-0.015625,0.0,0.0,0.0
15073009,11871,0,1.00390625,-0.021484375,0.017578125,-0.00390625,0.0,0.0,0.0
15074259,11872,0,1.0,-0.021484375,0.015625,-0.005859375,0.0,0.0,0.0
15075510,11873,0,1.0,-0.025390625,0.013671875,-0.01171875,0.0,0.0,0.0
15076762,11874,0,1.001953125,-0.025390625,0.01171875,-0.013671875,0.0,0.0,0.0
15078012,11875,0,1.00390625,-0.0234375,0.01953125,-0.00390625,0.0,0.0,0.0
15079271,11876,0,1.0,-0.025390625,0.009765625,-0.015625,0.0,0.0,0.0
15080521,11877,0,1.00390625,-0.029296875,0.0078125,-0.021484375,0.0,0.0,0.0
15081773,11878,0,1.00390625,-0.029296875,0.005859375,-0.0234375,0.0,0.0,0.0
15083023,11879,0,1.00390625,-0.029296875,0.01953125,-0.009765625,0.0,0.0,0.0
15084274,11880,0,1.0078125,-0.02734375,0.009765625,-0.017578125,0.0,0.0,0.0
15085525,11881,0,0.998046875,-0.03125,0.017578125,-0.013671875,0.0,0.0,0.0
15086776,11882,0,1.00390625,-0.029296875,0.009765625,-0.01953125,0.0,0.0,0.0
15088026,11883,0,1.0078125,-0.03515625,0.015625,-0.01953125,0.0,0.0,0.0
15089276,11884,0,1.005859375,-0.03515625,0.013671875,-0.021484375,0.0,0.0,0.0
15090527,11885,0,1.005859375,-0.037109375,0.015625,-0.021484375,0.0,0.0,0.0
15091778,11886,0,1.009765625,-0.037109375,0.017578125,-0.01953125,0.0,0.0,0.0
15093029,11887,0,1.001953125,-0.03125,0.0078125,-0.0234375,0.0,0.0,0.0
15094280,11888,0,0.9921875,-0.033203125,0.017578125,-0.015625,0.0,0.0,0.0
15095531,11889,0,1.00390625,-0.03125,0.017578125,-0.013671875,0.0,0.0,0.0
15096783,11890,0,1.005859375,-0.037109375,0.009765625,-0.02734375,0.0,0.0,0.0
15098034,11891,0,1.005859375,-0.029296875,0.013671875,-0.015625,0.0,0.0,0.0
15099286,11892,0,1.0,-0.037109375,0.01953125,-0.017578125,0.0,0.0,0.0
15100537,11893,0,1.00390625,-0.037109375,0.0078125,-0.029296875,0.0,0.0,0.0
15101789,11894,0,1.001953125,-0.033203125,0.017578125,-0.015625,0.0,0.0,0.0
15103039,11895,0,1.0,-0.03125,0.01171875,-0.01953125,0.0,0.0,0.0
15104289,11896,0,1.0,-0.029296875,0.013671875,-0.015625,0.0,0.0,0.0
15105541,11897,0,1.005859375,-0.029296875,0.01953125,-0.009765625,0.0,0.0,0.0
15106792,11898,0,1.00390625,-0.03125,0.013671875,-0.017578125,0.0,0.0,0.0
15108044,11899,0,1.00390625,-0.03125,0.021484375,-0.009765625,0.0,0.0,0.0
15109294,11900,0,1.005859375,-0.02734375,0.015625,-0.01171875,0.0,0.0,0.0
15110544,11901,0,1.0078125,-0.025390625,0.01953125,-0.005859375,0.0,0.0,0.0
15111795,11902,0,1.0078125,-0.02734375,0.017578125,-0.009765625,0.0,0.0,0.0
15113045,11903,0,1.0,-0.025390625,0.017578125,-0.0078125,0.0,0.0,0.0
15114295,11904,0,1.00390625,-0.0234375,0.0234375,0.0,0.0,0.0,0.0
15115546,11905,0,1.001953125,-0.0234375,0.021484375,-0.001953125,0.0,0.0,0.0
15116797,11906,0,1.00390625,-0.025390625,0.015625,-0.009765625,0.0,0.0,0.0
15118048,11907,0,1.005859375,-0.017578125,0.017578125,0.0,0.0,0.0,0.0
15119299,11908,0,1.001953125,-0.017578125,0.01953125,0.001953125,0.0,0.0,0.0
15120550,11909,0,1.0,-0.0234375,0.021484375,-0.001953125,0.0,0.0,0.0
15121800,11910,0,0.998046875,-0.01953125,0.015625,-0.00390625,0.0,0.0,0.0
15123052,11911,0,0.99609375,-0.017578125,0.021484375,0.00390625,0.0,0.0,0.0
15124303,11912,0,1.001953125,-0.01953125,0.017578125,-0.001953125,0.0,0.0,0.0
15125554,11913,0,1.0078125,-0.01953125,0.0234375,0.00390625,0.0,0.0,0.0
15126805,11914,0,1.001953125,-0.015625,0.021484375,0.005859375,0.0,0.0,0.0
15128057,11915,0,1.00390625,-0.013671875,0.017578125,0.00390625,0.0,0.0,0.0
15129308,11916,0,1.001953125,-0.01953125,0.021484375,0.001953125,0.0,0.0,0.0
15130560,11917,0,1.00390625,-0.017578125,0.017578125,0.0,0.0,0.0,0.0
15131811,11918,0,1.001953125,-0.015625,0.015625,0.0,0.0,0.0,0.0
15133063,11919,0,0.998046875,-0.017578125,0.017578125,0.0,0.0,0.0,0.0
15134314,11920,0,1.001953125,-0.015625,0.021484375,0.005859375,0.0,0.0,0.0
15135565,11921,0,1.001953125,-0.017578125,0.015625,-0.001953125,0.0,0.0,0.0
15136816,11922,0,1.00390625,-0.01953125,0.013671875,-0.005859375,0.0,0.0,0.0
15138066,11923,0,1.001953125,-0.017578125,0.013671875,-0.00390625,0.0,0.0,0.0
15139318,11924,0,1.0078125,-0.01953125,0.017578125,-0.001953125,0.0,0.0,0.0
15140569,11925,0,1.0078125,-0.025390625,0.015625,-0.009765625,0.0,0.0,0.0
15141819,11926,0,1.001953125,-0.025390625,0.021484375,-0.00390625,0.0,0.0,0.0
15143070,11927,0,1.009765625,-0.0234375,0.01171875,-0.01171875,0.0,0.0,0.0
15144321,11928,0,0.998046875,-0.021484375,0.01171875,-0.009765625,0.0,0.0,0.0
15145572,11929,0,1.001953125,-0.021484375,0.021484375,0.0,0.0,0.0,0.0
15146823,11930,0,0.998046875,-0.0234375,0.01953125,-0.00390625,0.0,0.0,0.0
15148074,11931,0,1.0,-0.01953125,0.015625,-0.00390625,0.0,0.0,0.0
15149325,11932,0,0.998046875,-0.0234375,0.015625,-0.0078125,0.0,0.0,0.0
15150575,11933,0,0.998046875,-0.025390625,0.0078125,-0.017578125,0.0,0.0,0.0
15151825,11934,0,1.005859375,-0.02734375,0.013671875,-0.013671875,0.0,0.0,0.0
15153076,11935,0,1.005859375,-0.02734375,0.01171875,-0.015625,0.0,0.0,0.0
15154326,11936,0,1.0078125,-0.03125,0.01953125,-0.01171875,0.0,0.0,0.0
15155577,11937,0,1.0078125,-0.03515625,0.01171875,-0.0234375,0.0,0.0,0.0
15156828,11938,0,0.99609375,-0.03125,0.013671875,-0.017578125,0.0,0.0,0.0
15158078,11939,0,1.0,-0.033203125,0.009765625,-0.0234375,0.0,0.0,0.0
15159329,11940,0,1.00390625,-0.03125,0.013671875,-0.017578125,0.0,0.0,0.0
15160581,11941,0,0.998046875,-0.033203125,0.013671875,-0.01953125,0.0,0.0,0.0
15161833,11942,0,1.0078125,-0.03125,0.013671875,-0.017578125,0.0,0.0,0.0
15163083,11943,0,1.0,-0.029296875,0.01953125,-0.009765625,0.0,0.0,0.0
15164333,11944,0,1.00390625,-0.025390625,0.013671875,-0.01171875,0.0,0.0,0.0
15165584,11945,0,1.005859375,-0.03125,0.013671875,-0.017578125,0.0,0.0,0.0
15166835,11946,0,1.001953125,-0.02734375,0.017578125,-0.009765625,0.0,0.0,0.0
15168085,11947,0,1.00390625,-0.02734375,0.017578125,-0.009765625,0.0,0.0,0.0
15169336,11948,0,1.001953125,-0.03515625,0.017578125,-0.017578125,0.0,0.0,0.0
15170587,11949,0,1.0078125,-0.033203125,0.017578125,-0.015625,0.0,0.0,0.0
15171838,11950,0,1.005859375,-0.029296875,0.021484375,-0.0078125,0.0,0.0,0.0
15173090,11951,0,1.0078125,-0.033203125,0.013671875,-0.01953125,0.0,0.0,0.0
15174341,11952,0,0.994140625,-0.037109375,0.013671875,-0.0234375,0.0,0.0,0.0
15175592,11953,0,1.0078125,-0.03125,0.01171875,-0.01953125,0.0,0.0,0.0
15176844,11954,0,1.00390625,-0.029296875,0.01953125,-0.009765625,0.0,0.0,0.0
15178095,11955,0,1.017578125,-0.025390625,0.013671875,-0.01171875,0.0,0.0,0.0
15179346,11956,0,0.998046875,-0.03125,0.009765625,-0.021484375,0.0,0.0,0.0
15180597,11957,0,0.998046875,-0.0234375,0.015625,-0.0078125,0.0,0.0,0.0
15181849,11958,0,1.00390625,-0.0234375,0.0234375,0.0,0.0,0.0,0.0
15183099,11959,0,1.00390625,-0.0234375,0.015625,-0.0078125,0.0,0.0,0.0
15184351,11960,0,1.00390625,-0.02734375,0.021484375,-0.005859375,0.0,0.0,0.0
15185602,11961,0,1.0078125,-0.0234375,0.013671875,-0.009765625,0.0,0.0,0.0
15186854,11962,0,1.005859375,-0.025390625,0.01953125,-0.005859375,0.0,0.0,0.0
15188104,11963,0,0.998046875,-0.021484375,0.013671875,-0.0078125,0.0,0.0,0.0
15189354,11964,0,1.001953125,-0.021484375,0.01953125,-0.001953125,0.0,0.0,0.0
15190605,11965,0,1.00390625,-0.01953125,0.013671875,-0.005859375,0.0,0.0,0.0
15191855,11966,0,1.001953125,-0.025390625,0.01953125,-0.005859375,0.0,0.0,0.0
15193107,11967,0,1.001953125,-0.0234375,0.015625,-0.0078125,0.0,0.0,0.0
15194358,11968,0,0.998046875,-0.01953125,0.015625,-0.00390625,0.0,0.0,0.0
15195609,11969,0,1.0,-0.01953125,0.0234375,0.00390625,0.0,0.0,0.0
15196859,11970,0,1.001953125,-0.013671875,0.01953125,0.005859375,0.0,0.0,0.0
15198111,11971,0,1.001953125,-0.015625,0.0234375,0.0078125,0.0,0.0,0.0
15199362,11972,0,1.0,-0.01953125,0.01953125,0.0,0.0,0.0,0.0
15200613,11973,0,1.001953125,-0.021484375,0.025390625,0.00390625,0.0,0.0,0.0
15201865,11974,0,0.998046875,-0.01953125,0.015625,-0.00390625,0.0,0.0,0.0
15203115,11975,0,1.01953125,-0.021484375,0.013671875,-0.0078125,0.0,0.0,0.0
15204365,11976,0,1.017578125,-0.01953125,0.009765625,-0.009765625,0.0,0.0,0.0
15205617,11977,0,0.998046875,-0.021484375,0.015625,-0.005859375,0.0,0.0,0.0
15206867,11978,0,1.0078125,-0.021484375,0.017578125,-0.00390625,0.0,0.0,0.0
15208118,11979,0,1.001953125,-0.021484375,0.009765625,-0.01171875,0.0,0.0,0.0
15209369,11980,0,1.001953125,-0.021484375,0.01171875,-0.009765625,0.0,0.0,0.0
15210620,11981,0,1.0,-0.021484375,0.01953125,-0.001953125,0.0,0.0,0.0
15211871,11982,0,1.005859375,-0.02734375,0.015625,-0.01171875,0.0,0.0,0.0
15213123,11983,0,1.0,-0.0234375,0.015625,-0.0078125,0.0,0.0,0.0
15214374,11984,0,1.005859375,-0.0234375,0.009765625,-0.013671875,0.0,0.0,0.0
15215624,11985,0,1.005859375,-0.021484375,0.015625,-0.005859375,0.0,0.0,0.0
15216875,11986,0,1.00390625,-0.029296875,0.01953125,-0.009765625,0.0,0.0,0.0
15218125,11987,0,1.00390625,-0.02734375,0.01171875,-0.015625,0.0,0.0,0.0
15219375,11988,0,0.99609375,-0.02734375,0.013671875,-0.013671875,0.0,0.0,0.0
15220626,11989,0,1.005859375,-0.03125,0.015625,-0.015625,0.0,0.0,0.0
15221877,11990,0,1.0078125,-0.029296875,0.01171875,-0.017578125,0.0,0.0,0.0
15223129,11991,0,1.00390625,-0.029296875,0.017578125,-0.01171875,0.0,0.0,0.0
15224380,11992,0,1.0078125,-0.029296875,0.013671875,-0.015625,0.0,0.0,0.0
15225630,11993,0,1.001953125,-0.029296875,0.013671875,-0.015625,0.0,0.0,0.0
15226881,11994,0,0.998046875,-0.03125,0.015625,-0.015625,0.0,0.0,0.0
15228133,11995,0,1.001953125,-0.03125,0.025390625,-0.005859375,0.0,0.0,0.0
15229384,11996,0,0.998046875,-0.033203125,0.009765625,-0.0234375,0.0,0.0,0.0
15230634,11997,0,0.99609375,-0.033203125,0.013671875,-0.01953125,0.0,0.0,0.0
15231886,11998,0,1.00390625,-0.03125,0.001953125,-0.029296875,0.0,0.0,0.0
15233136,11999,0,1.0,-0.03125,0.005859375,-0.025390625,0.0,0.0,0.0
15234386,12000,0,1.0,-0.02734375,0.013671875,-0.013671875,0.0,0.0,0.0
15235638,12001,0,1.0078125,-0.0234375,0.013671875,-0.009765625,0.0,0.0,0.0
15236888,12002,0,1.001953125,-0.03125,0.017578125,-0.013671875,0.0,0.0,0.0
15238139,12003,0,1.005859375,-0.02734375,0.009765625,-0.017578125,0.0,0.0,0.0
15239391,12004,0,1.001953125,-0.03125,0.017578125,-0.013671875,0.0,0.0,0.0
15240641,12005,0,1.001953125,-0.025390625,0.01171875,-0.013671875,0.0,0.0,0.0
15241892,12006,0,1.00390625,-0.029296875,0.01953125,-0.009765625,0.0,0.0,0.0
15243142,12007,0,1.005859375,-0.02734375,0.01171875,-0.015625,0.0,0.0,0.0
15244393,12008,0,1.001953125,-0.0234375,0.01171875,-0.01171875,0.0,0.0,0.0
15245645,12009,0,1.00390625,-0.02734375,0.01953125,-0.0078125,0.0,0.0,0.0
15246895,12010,0,1.0,-0.0234375,0.017578125,-0.005859375,0.0,0.0,0.0
15248147,12011,0,1.0078125,-0.025390625,0.017578125,-0.0078125,0.0,0.0,0.0
15249397,12012,0,1.0,-0.0234375,0.021484375,-0.001953125,0.0,0.0,0.0
15250649,12013,0,1.005859375,-0.0234375,0.015625,-0.0078125,0.0,0.0,0.0
15251899,12014,0,0.998046875,-0.025390625,0.01953125,-0.005859375,0.0,0.0,0.0
15253149,12015,0,1.005859375,-0.021484375,0.017578125,-0.00390625,0.0,0.0,0.0
15254399,12016,0,1.009765625,-0.025390625,0.017578125,-0.0078125,0.0,0.0,0.0
15255650,12017,0,1.001953125,-0.0234375,0.01953125,-0.00390625,0.0,0.0,0.0
15256902,12018,0,1.0078125,-0.021484375,0.01953125,-0.001953125,0.0,0.0,0.0
15258153,12019,0,1.00390625,-0.021484375,0.015625,-0.005859375,0.0,0.0,0.0
15259404,12020,0,0.994140625,-0.01953125,0.021484375,0.001953125,0.0,0.0,0.0
15260654,12021,0,1.00390625,-0.01953125,0.021484375,0.001953125,0.0,0.0,0.0
15261904,12022,0,1.0,-0.01953125,0.013671875,-0.005859375,0.0,0.0,0.0
15263155,12023,0,1.005859375,-0.021484375,0.01953125,-0.001953125,0.0,0.0,0.0
15264407,12024,0,1.005859375,-0.01953125,0.017578125,-0.001953125,0.0,0.0,0.0
15265657,12025,0,1.00390625,-0.021484375,0.01171875,-0.009765625,0.0,0.0,0.0
15266909,12026,0,1.001953125,-0.0234375,0.013671875,-0.009765625,0.0,0.0,0.0
15268159,12027,0,1.00390625,-0.021484375,0.01171875,-0.009765625,0.0,0.0,0.0
15269409,12028,0,1.0,-0.0234375,0.021484375,-0.001953125,0.0,0.0,0.0
15270661,12029,0,1.001953125,-0.021484375,0.017578125,-0.00390625,0.0,0.0,0.0
15271911,12030,0,1.005859375,-0.025390625,0.013671875,-0.01171875,0.0,0.0,0.0
15273161,12031,0,1.001953125,-0.0234375,0.01171875,-0.01171875,0.0,0.0,0.0
15274411,12032,0,1.001953125,-0.025390625,0.01171875,-0.013671875,0.0,0.0,0.0
15275663,12033,0,0.998046875,-0.025390625,0.013671875,-0.01171875,0.0,0.0,0.0
15276913,12034,0,0.99609375,-0.025390625,0.013671875,-0.01171875,0.0,0.0,0.0
15278164,12035,0,1.005859375,-0.029296875,0.013671875,-0.015625,0.0,0.0,0.0
15279415,12036,0,1.0078125,-0.025390625,0.01953125,-0.005859375,0.0,0.0,0.0
15280666,12037,0,1.00390625,-0.025390625,0.01171875,-0.013671875,0.0,0.0,0.0
15281916,12038,0,1.001953125,-0.03125,0.015625,-0.015625,0.0,0.0,0.0
15283167,12039,0,1.005859375,-0.02734375,0.017578125,-0.009765625,0.0,0.0,0.0
15284417,12040,0,1.009765625,-0.025390625,0.01953125,-0.005859375,0.0,0.0,0.0
15285668,12041,0,1.0,-0.03125,0.01171875,-0.01953125,0.0,0.0,0.0
15286920,12042,0,1.005859375,-0.03125,0.013671875,-0.017578125,0.0,0.0,0.0
15288171,12043,0,1.001953125,-0.033203125,0.01953125,-0.013671875,0.0,0.0,0.0
15289421,12044,0,1.009765625,-0.033203125,0.01171875,-0.021484375,0.0,0.0,0.0
15290672,12045,0,1.00390625,-0.03125,0.017578125,-0.013671875,0.0,0.0,0.0
15291924,12046,0,1.005859375,-0.033203125,0.01171875,-0.021484375,0.0,0.0,0.0
15293174,12047,0,1.00390625,-0.03125,0.013671875,-0.017578125,0.0,0.0,0.0
15294425,12048,0,1.005859375,-0.03125,0.013671875,-0.017578125,0.0,0.0,0.0
15295677,12049,0,1.005859375,-0.033203125,0.013671875,-0.01953125,0.0,0.0,0.0
15296927,12050,0,1.00390625,-0.03515625,0.017578125,-0.017578125,0.0,0.0,0.0
15298177,12051,0,1.00390625,-0.033203125,0.0078125,-0.025390625,0.0,0.0,0.0
15299429,12052,0,1.0078125,-0.03125,0.01171875,-0.01953125,0.0,0.0,0.0
15300679,12053,0,1.005859375,-0.033203125,0.01171875,-0.021484375,0.0,0.0,0.0
15301931,12054,0,1.005859375,-0.03125,0.013671875,-0.017578125,0.0,0.0,0.0
15303181,12055,0,1.015625,-0.02734375,0.015625,-0.01171875,0.0,0.0,0.0
15304431,12056,0,1.00390625,-0.025390625,0.01171875,-0.013671875,0.0,0.0,0.0
15305683,12057,0,1.0078125,-0.033203125,0.0078125,-0.025390625,0.0,0.0,0.0
15306933,12058,0,1.001953125,-0.033203125,0.021484375,-0.01171875,0.0,0.0,0.0
15308183,12059,0,1.001953125,-0.0234375,0.013671875,-0.009765625,0.0,0.0,0.0
15309434,12060,0,1.001953125,-0.021484375,0.009765625,-0.01171875,0.0,0.0,0.0
15310685,12061,0,1.0078125,-0.025390625,0.017578125,-0.0078125,0.0,0.0,0.0
15311936,12062,0,0.9921875,-0.0234375,0.013671875,-0.009765625,0.0,0.0,0.0
15313186,12063,0,0.99609375,-0.025390625,0.021484375,-0.00390625,0.0,0.0,0.0
15314437,12064,0,0.998046875,-0.021484375,0.013671875,-0.0078125,0.0,0.0,0.0
15315687,12065,0,1.009765625,-0.021484375,0.013671875,-0.0078125,0.0,0.0,0.0
15316937,12066,0,1.00390625,-0.021484375,0.015625,-0.005859375,0.0,0.0,0.0
15318188,12067,0,1.0078125,-0.01953125,0.015625,-0.00390625,0.0,0.0,0.0
15319440,12068,0,1.00390625,-0.0234375,0.021484375,-0.001953125,0.0,0.0,0.0
15320690,12069,0,0.998046875,-0.021484375,0.021484375,0.0,0.0,0.0,0.0
15321942,12070,0,1.0078125,-0.0234375,0.015625,-0.0078125,0.0,0.0,0.0
15323193,12071,0,1.001953125,-0.021484375,0.015625,-0.005859375,0.0,0.0,0.0
15324445,12072,0,0.998046875,-0.01953125,0.015625,-0.00390625,0.0,0.0,0.0
15325695,12073,0,1.001953125,-0.01953125,0.017578125,-0.001953125,0.0,0.0,0.0
15326947,12074,0,1.00390625,-0.017578125,0.017578125,0.0,0.0,0.0,0.0
15328198,12075,0,1.00390625,-0.01171875,0.0234375,0.01171875,0.0,0.0,0.0
15329450,12076,0,1.00390625,-0.013671875,0.01953125,0.005859375,0.0,0.0,0.0
15330700,12077,0,1.0078125,-0.013671875,0.0234375,0.009765625,0.0,0.0,0.0
15331952,12078,0,1.0078125,-0.0234375,0.021484375,-0.001953125,0.0,0.0,0.0
15333203,12079,0,1.0078125,-0.021484375,0.017578125,-0.00390625,0.0,0.0,0.0
15334454,12080,0,1.00390625,-0.0234375,0.013671875,-0.009765625,0.0,0.0,0.0
15335705,12081,0,1.0078125,-0.01953125,0.01953125,0.0,0.0,0.0,0.0
15336957,12082,0,1.001953125,-0.015625,0.015625,0.0,0.0,0.0,0.0
15338207,12083,0,1.01171875,-0.025390625,0.015625,-0.009765625,0.0,0.0,0.0
15339459,12084,0,0.998046875,-0.02734375,0.013671875,-0.013671875,0.0,0.0,0.0
15340709,12085,0,1.001953125,-0.0234375,0.005859375,-0.017578125,0.0,0.0,0.0
15341959,12086,0,1.001953125,-0.025390625,0.015625,-0.009765625,0.0,0.0,0.0
15343209,12087,0,1.009765625,-0.025390625,0.0234375,-0.001953125,0.0,0.0,0.0
15344459,12088,0,1.0078125,-0.025390625,0.0234375,-0.001953125,0.0,0.0,0.0
15345711,12089,0,1.0,-0.02734375,0.01171875,-0.015625,0.0,0.0,0.0
15346961,12090,0,1.005859375,-0.025390625,0.01953125,-0.005859375,0.0,0.0,0.0
15348213,12091,0,1.0,-0.0234375,0.017578125,-0.005859375,0.0,0.0,0.0
15349464,12092,0,1.005859375,-0.025390625,0.021484375,-0.00390625,0.0,0.0,0.0
15350715,12093,0,1.005859375,-0.02734375,0.013671875,-0.013671875,0.0,0.0,0.0
15351966,12094,0,1.0,-0.02734375,0.017578125,-0.009765625,0.0,0.0,0.0
15353216,12095,0,1.005859375,-0.02734375,0.013671875,-0.013671875,0.0,0.0,0.0
15354467,12096,0,1.0078125,-0.033203125,0.013671875,-0.01953125,0.0,0.0,0.0
15355718,12097,0,0.99609375,-0.03125,0.013671875,-0.017578125,0.0,0.0,0.0
15356968,12098,0,1.013671875,-0.033203125,0.01953125,-0.013671875,0.0,0.0,0.0
15358219,12099,0,1.005859375,-0.03125,0.009765625,-0.021484375,0.0,0.0,0.0
15359470,12100,0,0.998046875,-0.033203125,0.015625,-0.017578125,0.0,0.0,0.0
15360721,12101,0,1.00390625,-0.02734375,0.009765625,-0.017578125,0.0,0.0,0.0
15361971,12102,0,1.0078125,-0.02734375,0.017578125,-0.009765625,0.0,0.0,0.0
15363223,12103,0,1.005859375,-0.029296875,0.017578125,-0.01171875,0.0,0.0,0.0
15364473,12104,0,0.998046875,-0.02734375,0.0078125,-0.01953125,0.0,0.0,0.0
15365723,12105,0,1.001953125,-0.03125,0.01171875,-0.01953125,0.0,0.0,0.0
15366975,12106,0,0.99609375,-0.033203125,0.017578125,-0.015625,0.0,0.0,0.0
15368226,12107,0,1.001953125,-0.029296875,0.01953125,-0.009765625,0.0,0.0,0.0
15369476,12108,0,1.00390625,-0.02734375,0.013671875,-0.013671875,0.0,0.0,0.0
15370728,12109,0,1.001953125,-0.029296875,0.009765625,-0.01953125,0.0,0.0,0.0
15371979,12110,0,1.001953125,-0.037109375,0.005859375,-0.03125,0.0,0.0,0.0
15373229,12111,0,0.99609375,-0.029296875,0.015625,-0.013671875,0.0,0.0,0.0
15374481,12112,0,1.00390625,-0.0234375,0.015625,-0.0078125,0.0,0.0,0.0
15375731,12113,0,1.00390625,-0.0234375,0.015625,-0.0078125,0.0,0.0,0.0
15376981,12114,0,0.998046875,-0.021484375,0.017578125,-0.00390625,0.0,0.0,0.0
15378232,12115,0,1.00390625,-0.017578125,0.021484375,0.00390625,0.0,0.0,0.0
15379483,12116,0,1.005859375,-0.017578125,0.021484375,0.00390625,0.0,0.0,0.0
15380734,12117,0,1.005859375,-0.01953125,0.015625,-0.00390625,0.0,0.0,0.0
15381986,12118,0,1.00390625,-0.0234375,0.01953125,-0.00390625,0.0,0.0,0.0
15383236,12119,0,1.0,-0.02734375,0.013671875,-0.013671875,0.0,0.0,0.0
15384486,12120,0,1.005859375,-0.025390625,0.01171875,-0.013671875,0.0,0.0,0.0
15385737,12121,0,1.0,-0.021484375,0.017578125,-0.00390625,0.0,0.0,0.0
15386987,12122,0,1.009765625,-0.03125,0.021484375,-0.009765625,0.0,0.0,0.0
15388238,12123,0,1.0,-0.0234375,0.017578125,-0.005859375,0.0,0.0,0.0
15389489,12124,0,1.005859375,-0.021484375,0.021484375,0.0,0.0,0.0,0.0
15390740,12125,0,1.009765625,-0.0234375,0.015625,-0.0078125,0.0,0.0,0.0
15391991,12126,0,1.0,-0.0234375,0.01171875,-0.01171875,0.0,0.0,0.0
15393241,12127,0,0.998046875,-0.015625,0.015625,0.0,0.0,0.0,0.0
15394492,12128,0,1.00390625,-0.025390625,0.01953125,-0.005859375,0.0,0.0,0.0
15395744,12129,0,1.00390625,-0.01953125,0.017578125,-0.001953125,0.0,0.0,0.0
15396994,12130,0,1.005859375,-0.021484375,0.015625,-0.005859375,0.0,0.0,0.0
15398245,12131,0,1.00390625,-0.021484375,0.015625,-0.005859375,0.0,0.0,0.0
15399496,12132,0,1.001953125,-0.029296875,0.01953125,-0.009765625,0.0,0.0,0.0
15400747,12133,0,1.00390625,-0.025390625,0.01953125,-0.005859375,0.0,0.0,0.0
15401998,12134,0,1.0078125,-0.0234375,0.021484375,-0.001953125,0.0,0.0,0.0
15403249,12135,0,0.998046875,-0.0234375,0.013671875,-0.009765625,0.0,0.0,0.0
15404499,12136,0,1.00390625,-0.02734375,0.01953125,-0.0078125,0.0,0.0,0.0
15405751,12137,0,1.0078125,-0.025390625,0.013671875,-0.01171875,0.0,0.0,0.0
15407002,12138,0,1.0078125,-0.025390625,0.01953125,-0.005859375,0.0,0.0,0.0
15408253,12139,0,1.001953125,-0.0234375,0.017578125,-0.005859375,0.0,0.0,0.0
15409503,12140,0,1.00390625,-0.0234375,0.017578125,-0.005859375,0.0,0.0,0.0
15410755,12141,0,1.0078125,-0.02734375,0.021484375,-0.005859375,0.0,0.0,0.0
15412005,12142,0,1.009765625,-0.0234375,0.017578125,-0.005859375,0.0,0.0,0.0
15413256,12143,0,1.01171875,-0.025390625,0.02734375,0.001953125,0.0,0.0,0.0
15414506,12144,0,1.0078125,-0.025390625,0.009765625,-0.015625,0.0,0.0,0.0
15415757,12145,0,1.009765625,-0.025390625,0.01171875,-0.013671875,0.0,0.0,0.0
15417008,12146,0,0.998046875,-0.03125,0.009765625,-0.021484375,0.0,0.0,0.0
15418258,12147,0,1.001953125,-0.03125,0.0078125,-0.0234375,0.0,0.0,0.0
15419508,12148,0,0.998046875,-0.033203125,0.017578125,-0.015625,0.0,0.0,0.0
15420759,12149,0,1.00390625,-0.02734375,0.021484375,-0.005859375,0.0,0.0,0.0
15422009,12150,0,1.0078125,-0.025390625,0.01953125,-0.005859375,0.0,0.0,0.0
15423259,12151,0,0.998046875,-0.02734375,0.015625,-0.01171875,0.0,0.0,0.0
15424510,12152,0,1.00390625,-0.029296875,0.021484375,-0.0078125,0.0,0.0,0.0
15425762,12153,0,0.998046875,-0.02734375,0.017578125,-0.009765625,0.0,0.0,0.0
15427012,12154,0,1.001953125,-0.033203125,0.013671875,-0.01953125,0.0,0.0,0.0
15428271,12155,0,1.005859375,-0.029296875,0.015625,-0.013671875,0.0,0.0,0.0
15429521,12156,0,1.001953125,-0.033203125,0.009765625,-0.0234375,0.0,0.0,0.0
15430773,12157,0,1.001953125,-0.02734375,0.015625,-0.01171875,0.0,0.0,0.0
15432023,12158,0,1.00390625,-0.02734375,0.0078125,-0.01953125,0.0,0.0,0.0
15433274,12159,0,1.005859375,-0.029296875,0.017578125,-0.01171875,0.0,0.0,0.0
15434525,12160,0,1.005859375,-0.02734375,0.017578125,-0.009765625,0.0,0.0,0.0
15435776,12161,0,1.009765625,-0.033203125,0.0078125,-0.025390625,0.0,0.0,0.0
15437026,12162,0,1.005859375,-0.02734375,0.015625,-0.01171875,0.0,0.0,0.0
15438276,12163,0,1.009765625,-0.021484375,0.009765625,-0.01171875,0.0,0.0,0.0
15439527,12164,0,1.00390625,-0.02734375,0.01171875,-0.015625,0.0,0.0,0.0
15440778,12165,0,1.0,-0.029296875,0.01171875,-0.017578125,0.0,0.0,0.0
15442029,12166,0,0.998046875,-0.025390625,0.01953125,-0.005859375,0.0,0.0,0.0
15443280,12167,0,1.005859375,-0.02734375,0.02734375,0.0,0.0,0.0,0.0
15444531,12168,0,1.015625,-0.025390625,0.01953125,-0.005859375,0.0,0.0,0.0
15445783,12169,0,1.0,-0.025390625,0.015625,-0.009765625,0.0,0.0,0.0
15447034,12170,0,1.015625,-0.01953125,0.0078125,-0.01171875,0.0,0.0,0.0
15448286,12171,0,1.005859375,-0.01953125,0.017578125,-0.001953125,0.0,0.0,0.0
15449537,12172,0,1.001953125,-0.029296875,0.015625,-0.013671875,0.0,0.0,0.0
15450789,12173,0,1.005859375,-0.0234375,0.017578125,-0.005859375,0.0,0.0,0.0
15452039,12174,0,1.0078125,-0.025390625,0.01171875,-0.013671875,0.0,0.0,0.0
15453289,12175,0,1.0078125,-0.021484375,0.017578125,-0.00390625,0.0,0.0,0.0
15454541,12176,0,1.00390625,-0.021484375,0.01953125,-0.001953125,0.0,0.0,0.0
15455792,12177,0,1.001953125,-0.021484375,0.015625,-0.005859375,0.0,0.0,0.0
15457044,12178,0,1.0,-0.01953125,0.017578125,-0.001953125,0.0,0.0,0.0
15458294,12179,0,0.998046875,-0.021484375,0.021484375,0.0,0.0,0.0,0.0
15459544,12180,0,1.001953125,-0.021484375,0.021484375,0.0,0.0,0.0,0.0
15460795,12181,0,1.00390625,-0.021484375,0.015625,-0.005859375,0.0,0.0,0.0
15462045,12182,0,1.00390625,-0.01953125,0.015625,-0.00390625,0.0,0.0,0.0
15463295,12183,0,1.001953125,-0.01953125,0.015625,-0.00390625,0.0,0.0,0.0
15464546,12184,0,1.005859375,-0.021484375,0.01953125,-0.001953125,0.0,0.0,0.0
15465797,12185,0,1.005859375,-0.017578125,0.021484375,0.00390625,0.0,0.0,0.0
15467048,12186,0,1.00390625,-0.021484375,0.015625,-0.005859375,0.0,0.0,0.0
15468299,12187,0,1.00390625,-0.02734375,0.01171875,-0.015625,0.0,0.0,0.0
15469550,12188,0,1.00390625,-0.0234375,0.01171875,-0.01171875,0.0,0.0,0.0
15470800,12189,0,1.01171875,-0.021484375,0.015625,-0.005859375,0.0,0.0,0.0
15472052,12190,0,1.0078125,-0.02734375,0.01171875,-0.015625,0.0,0.0,0.0
15473303,12191,0,1.001953125,-0.025390625,0.013671875,-0.01171875,0.0,0.0,0.0
15474554,12192,0,1.0078125,-0.025390625,0.01171875,-0.013671875,0.0,0.0,0.0
15475805,12193,0,1.00390625,-0.02734375,0.015625,-0.01171875,0.0,0.0,0.0
15477057,12194,0,1.0,-0.025390625,0.015625,-0.009765625,0.0,0.0,0.0
15478308,12195,0,1.0,-0.025390625,0.015625,-0.009765625,0.0,0.0,0.0
15479560,12196,0,1.0,-0.025390625,0.01953125,-0.005859375,0.0,0.0,0.0
15480811,12197,0,1.00390625,-0.02734375,0.01171875,-0.015625,0.0,0.0,0.0
15482063,12198,0,1.0078125,-0.021484375,0.01171875,-0.009765625,0.0,0.0,0.0
15483314,12199,0,1.005859375,-0.025390625,0.017578125,-0.0078125,0.0,0.0,0.0
15484565,12200,0,1.005859375,-0.025390625,0.0234375,-0.001953125,0.0,0.0,0.0
15485816,12201,0,1.001953125,-0.029296875,0.013671875,-0.015625,0.0,0.0,0.0
15487066,12202,0,1.001953125,-0.029296875,0.013671875,-0.015625,0.0,0.0,0.0
15488318,12203,0,0.998046875,-0.029296875,0.021484375,-0.0078125,0.0,0.0,0.0
15489569,12204,0,1.00390625,-0.025390625,0.01953125,-0.005859375,0.0,0.0,0.0
15490819,12205,0,1.00390625,-0.029296875,0.015625,-0.013671875,0.0,0.0,0.0
15492070,12206,0,1.00390625,-0.03125,0.015625,-0.015625,0.0,0.0,0.0
15493321,12207,0,1.0,-0.03125,0.0078125,-0.0234375,0.0,0.0,0.0
15494572,12208,0,1.009765625,-0.029296875,0.005859375,-0.0234375,0.0,0.0,0.0
15495823,12209,0,1.0078125,-0.029296875,0.013671875,-0.015625,0.0,0.0,0.0
15497074,12210,0,1.0078125,-0.029296875,0.013671875,-0.015625,0.0,0.0,0.0
15498325,12211,0,1.005859375,-0.029296875,0.013671875,-0.015625,0.0,0.0,0.0
15499575,12212,0,1.00390625,-0.029296875,0.015625,-0.013671875,0.0,0.0,0.0
15500825,12213,0,0.99609375,-0.025390625,0.01953125,-0.005859375,0.0,0.0,0.0
15502076,12214,0,1.009765625,-0.0234375,0.015625,-0.0078125,0.0,0.0,0.0
15503326,12215,0,0.99609375,-0.025390625,0.013671875,-0.01171875,0.0,0.0,0.0
15504577,12216,0,1.0078125,-0.025390625,0.017578125,-0.0078125,0.0,0.0,0.0
15505828,12217,0,1.0,-0.0234375,0.015625,-0.0078125,0.0,0.0,0.0
15507078,12218,0,1.00390625,-0.0234375,0.01171875,-0.01171875,0.0,0.0,0.0
15508329,12219,0,1.0,-0.03125,0.009765625,-0.021484375,0.0,0.0,0.0
15509581,12220,0,1.001953125,-0.02734375,0.021484375,-0.005859375,0.0,0.0,0.0
15510833,12221,0,1.00390625,-0.02734375,0.01953125,-0.0078125,0.0,0.0,0.0
15512083,12222,0,1.0,-0.025390625,0.013671875,-0.01171875,0.0,0.0,0.0
15513333,12223,0,1.009765625,-0.02734375,0.01171875,-0.015625,0.0,0.0,0.0
15514584,12224,0,1.005859375,-0.01953125,0.013671875,-0.005859375,0.0,0.0,0.0
15515835,12225,0,1.0,-0.0234375,0.01171875,-0.01171875,0.0,0.0,0.0
15517085,12226,0,0.998046875,-0.0234375,0.015625,-0.0078125,0.0,0.0,0.0
15518336,12227,0,1.005859375,-0.0234375,0.01953125,-0.00390625,0.0,0.0,0.0
15519587,12228,0,1.00390625,-0.025390625,0.015625,-0.009765625,0.0,0.0,0.0
15520838,12229,0,1.0078125,-0.0234375,0.017578125,-0.005859375,0.0,0.0,0.0
15522090,12230,0,1.005859375,-0.025390625,0.005859375,-0.01953125,0.0,0.0,0.0
15523341,12231,0,1.00390625,-0.0234375,0.021484375,-0.001953125,0.0,0.0,0.0
15524592,12232,0,1.013671875,-0.0234375,0.017578125,-0.005859375,0.0,0.0,0.0
15525844,12233,0,0.99609375,-0.021484375,0.01953125,-0.001953125,0.0,0.0,0.0
15527095,12234,0,1.0,-0.025390625,0.017578125,-0.0078125,0.0,0.0,0.0
15528346,12235,0,1.0,-0.021484375,0.009765625,-0.01171875,0.0,0.0,0.0
15529597,12236,0,1.0078125,-0.0234375,0.009765625,-0.013671875,0.0,0.0,0.0
15530849,12237,0,1.00390625,-0.0234375,0.021484375,-0.001953125,0.0,0.0,0.0
15532099,12238,0,1.0078125,-0.01953125,0.015625,-0.00390625,0.0,0.0,0.0
15533351,12239,0,1.0078125,-0.025390625,0.013671875,-0.01171875,0.0,0.0,0.0
15534602,12240,0,1.001953125,-0.01953125,0.017578125,-0.001953125,0.0,0.0,0.0
15535854,12241,0,1.00390625,-0.025390625,0.013671875,-0.01171875,0.0,0.0,0.0
15537104,12242,0,0.998046875,-0.025390625,0.01953125,-0.005859375,0.0,0.0,0.0
15538354,12243,0,1.001953125,-0.0234375,0.021484375,-0.001953125,0.0,0.0,0.0
15539605,12244,0,1.01171875,-0.021484375,0.015625,-0.005859375,0.0,0.0,0.0
15540855,12245,0,1.005859375,-0.025390625,0.01953125,-0.005859375,0.0,0.0,0.0
15542107,12246,0,1.00390625,-0.0234375,0.013671875,-0.009765625,0.0,0.0,0.0
15543358,12247,0,1.001953125,-0.02734375,0.021484375,-0.005859375,0.0,0.0,0.0
15544609,12248,0,0.99609375,-0.021484375,0.015625,-0.005859375,0.0,0.0,0.0
15545859,12249,0,1.009765625,-0.01953125,0.015625,-0.00390625,0.0,0.0,0.0
15547111,12250,0,1.001953125,-0.025390625,0.017578125,-0.0078125,0.0,0.0,0.0
15548362,12251,0,1.0,-0.02734375,0.015625,-0.01171875,0.0,0.0,0.0
15549613,12252,0,1.001953125,-0.029296875,0.021484375,-0.0078125,0.0,0.0,0.0
15550865,12253,0,1.015625,-0.0234375,0.021484375,-0.001953125,0.0,0.0,0.0
15552115,12254,0,1.009765625,-0.02734375,0.015625,-0.01171875,0.0,0.0,0.0
15553365,12255,0,1.01171875,-0.02734375,0.017578125,-0.009765625,0.0,0.0,0.0
15554617,12256,0,1.001953125,-0.0234375,0.01171875,-0.01171875,0.0,0.0,0.0
15555867,12257,0,1.009765625,-0.02734375,0.013671875,-0.013671875,0.0,0.0,0.0
15557118,12258,0,1.00390625,-0.029296875,0.017578125,-0.01171875,0.0,0.0,0.0
15558369,12259,0,1.001953125,-0.02734375,0.013671875,-0.013671875,0.0,0.0,0.0
15559620,12260,0,1.0078125,-0.02734375,0.009765625,-0.017578125,0.0,0.0,0.0
15560871,12261,0,1.009765625,-0.02734375,0.009765625,-0.017578125,0.0,0.0,0.0
15562123,12262,0,1.001953125,-0.025390625,0.013671875,-0.01171875,0.0,0.0,0.0
15563374,12263,0,1.005859375,-0.025390625,0.015625,-0.009765625,0.0,0.0,0.0
15564624,12264,0,1.00390625,-0.025390625,0.0078125,-0.017578125,0.0,0.0,0.0
15565875,12265,0,1.0,-0.029296875,0.015625,-0.013671875,0.0,0.0,0.0
15567125,12266,0,1.005859375,-0.025390625,0.021484375,-0.00390625,0.0,0.0,0.0
15568375,12267,0,1.0,-0.02734375,0.013671875,-0.013671875,0.0,0.0,0.0
15569626,12268,0,1.005859375,-0.025390625,0.01171875,-0.013671875,0.0,0.0,0.0
15570877,12269,0,1.001953125,-0.029296875,0.017578125,-0.01171875,0.0,0.0,0.0
15572129,12270,0,1.001953125,-0.02734375,0.013671875,-0.013671875,0.0,0.0,0.0
15573380,12271,0,1.00390625,-0.025390625,0.0078125,-0.017578125,0.0,0.0,0.0
15574630,12272,0,0.998046875,-0.0234375,0.01171875,-0.01171875,0.0,0.0,0.0
15575881,12273,0,1.001953125,-0.025390625,0.009765625,-0.015625,0.0,0.0,0.0
15577133,12274,0,1.00390625,-0.025390625,0.015625,-0.009765625,0.0,0.0,0.0
15578384,12275,0,1.005859375,-0.025390625,0.01171875,-0.013671875,0.0,0.0,0.0
15579634,12276,0,1.0078125,-0.025390625,0.01953125,-0.005859375,0.0,0.0,0.0
15580886,12277,0,0.990234375,-0.01953125,0.01953125,0.0,0.0,0.0,0.0
15582136,12278,0,1.0078125,-0.02734375,0.01953125,-0.0078125,0.0,0.0,0.0
15583386,12279,0,0.9921875,-0.029296875,0.015625,-0.013671875,0.0,0.0,0.0
15584638,12280,0,1.001953125,-0.025390625,0.009765625,-0.015625,0.0,0.0,0.0
15585888,12281,0,1.00390625,-0.0234375,0.013671875,-0.009765625,0.0,0.0,0.0
15587139,12282,0,1.001953125,-0.021484375,0.013671875,-0.0078125,0.0,0.0,0.0
15588391,12283,0,1.001953125,-0.021484375,0.0234375,0.001953125,0.0,0.0,0.0
15589641,12284,0,0.998046875,-0.021484375,0.021484375,0.0,0.0,0.0,0.0
15590892,12285,0,0.998046875,-0.021484375,0.01953125,-0.001953125,0.0,0.0,0.0
15592142,12286,0,1.005859375,-0.0234375,0.01171875,-0.01171875,0.0,0.0,0.0
15593393,12287,0,1.0078125,-0.02734375,0.015625,-0.01171875,0.0,0.0,0.0
15594645,12288,0,0.998046875,-0.021484375,0.015625,-0.005859375,0.0,0.0,0.0
15595895,12289,0,1.005859375,-0.021484375,0.01953125,-0.001953125,0.0,0.0,0.0
15597147,12290,0,1.00390625,-0.0234375,0.015625,-0.0078125,0.0,0.0,0.0
15598397,12291,0,1.00390625,-0.021484375,0.013671875,-0.0078125,0.0,0.0,0.0
15599649,12292,0,1.00390625,-0.0234375,0.017578125,-0.005859375,0.0,0.0,0.0
15600899,12293,0,1.0078125,-0.01953125,0.017578125,-0.001953125,0.0,0.0,0.0
15602149,12294,0,1.001953125,-0.0234375,0.017578125,-0.005859375,0.0,0.0,0.0
15603399,12295,0,0.998046875,-0.01953125,0.017578125,-0.001953125,0.0,0.0,0.0
15604650,12296,0,1.00390625,-0.021484375,0.015625,-0.005859375,0.0,0.0,0.0
15605902,12297,0,1.00390625,-0.02734375,0.015625,-0.01171875,0.0,0.0,0.0
15607153,12298,0,1.001953125,-0.01953125,0.01953125,0.0,0.0,0.0,0.0
15608404,12299,0,1.001953125,-0.025390625,0.009765625,-0.015625,0.0,0.0,0.0
15609654,12300,0,1.001953125,-0.0234375,0.01953125,-0.00390625,0.0,0.0,0.0
15610904,12301,0,1.001953125,-0.01953125,0.021484375,0.001953125,0.0,0.0,0.0
15612155,12302,0,1.0078125,-0.0234375,0.015625,-0.0078125,0.0,0.0,0.0
15613407,12303,0,1.005859375,-0.0234375,0.013671875,-0.009765625,0.0,0.0,0.0
15614657,12304,0,0.998046875,-0.0234375,0.015625,-0.0078125,0.0,0.0,0.0
15615909,12305,0,1.00390625,-0.025390625,0.013671875,-0.01171875,0.0,0.0,0.0
15617159,12306,0,1.00390625,-0.02734375,0.015625,-0.01171875,0.0,0.0,0.0
15618409,12307,0,1.0078125,-0.029296875,0.01953125,-0.009765625,0.0,0.0,0.0
15619661,12308,0,1.001953125,-0.029296875,0.01171875,-0.017578125,0.0,0.0,0.0
15620911,12309,0,1.005859375,-0.029296875,0.015625,-0.013671875,0.0,0.0,0.0
15622161,12310,0,1.00390625,-0.025390625,0.013671875,-0.01171875,0.0,0.0,0.0
15623411,12311,0,1.005859375,-0.029296875,0.009765625,-0.01953125,0.0,0.0,0.0
15624663,12312,0,1.00390625,-0.029296875,0.015625,-0.013671875,0.0,0.0,0.0
15625913,12313,0,1.001953125,-0.029296875,0.013671875,-0.015625,0.0,0.0,0.0
15627164,12314,0,0.998046875,-0.02734375,0.015625,-0.01171875,0.0,0.0,0.0
15628415,12315,0,1.0078125,-0.025390625,0.015625,-0.009765625,0.0,0.0,0.0
15629666,12316,0,1.001953125,-0.033203125,0.015625,-0.017578125,0.0,0.0,0.0
15630916,12317,0,1.001953125,-0.033203125,0.005859375,-0.02734375,0.0,0.0,0.0
15632167,12318,0,1.005859375,-0.02734375,0.0234375,-0.00390625,0.0,0.0,0.0
15633417,12319,0,1.001953125,-0.025390625,0.013671875,-0.01171875,0.0,0.0,0.0
15634668,12320,0,0.998046875,-0.029296875,0.021484375,-0.0078125,0.0,0.0,0.0
15635920,12321,0,1.0,-0.0234375,0.017578125,-0.005859375,0.0,0.0,0.0
15637171,12322,0,1.0078125,-0.02734375,0.013671875,-0.013671875,0.0,0.0,0.0
15638421,12323,0,0.998046875,-0.021484375,0.013671875,-0.0078125,0.0,0.0,0.0
15639672,12324,0,1.005859375,-0.02734375,0.009765625,-0.017578125,0.0,0.0,0.0
15640924,12325,0,1.0078125,-0.0234375,0.01953125,-0.00390625,0.0,0.0,0.0
15642174,12326,0,1.00390625,-0.02734375,0.021484375,-0.005859375,0.0,0.0,0.0
15643425,12327,0,1.001953125,-0.02734375,0.013671875,-0.013671875,0.0,0.0,0.0
15644677,12328,0,0.998046875,-0.02734375,0.017578125,-0.009765625,0.0,0.0,0.0
15645927,12329,0,1.00390625,-0.025390625,0.021484375,-0.00390625,0.0,0.0,0.0
15647177,12330,0,1.0078125,-0.025390625,0.017578125,-0.0078125,0.0,0.0,0.0
15648429,12331,0,1.005859375,-0.025390625,0.01171875,-0.013671875,0.0,0.0,0.0
15649679,12332,0,0.998046875,-0.0234375,0.013671875,-0.009765625,0.0,0.0,0.0
15650931,12333,0,1.005859375,-0.021484375,0.013671875,-0.0078125,0.0,0.0,0.0
15652181,12334,0,1.0078125,-0.0234375,0.01953125,-0.00390625,0.0,0.0,0.0
15653431,12335,0,1.001953125,-0.0234375,0.015625,-0.0078125,0.0,0.0,0.0
15654683,12336,0,1.00390625,-0.0234375,0.017578125,-0.005859375,0.0,0.0,0.0
15655933,12337,0,1.0078125,-0.029296875,0.009765625,-0.01953125,0.0,0.0,0.0
15657183,12338,0,1.00390625,-0.025390625,0.01953125,-0.005859375,0.0,0.0,0.0
15658434,12339,0,0.998046875,-0.021484375,0.021484375,0.0,0.0,0.0,0.0
15659685,12340,0,1.0,-0.0234375,0.013671875,-0.009765625,0.0,0.0,0.0
15660936,12341,0,0.998046875,-0.025390625,0.017578125,-0.0078125,0.0,0.0,0.0
15662186,12342,0,1.0078125,-0.02734375,0.013671875,-0.013671875,0.0,0.0,0.0
15663437,12343,0,1.0,-0.0234375,0.01953125,-0.00390625,0.0,0.0,0.0
15664687,12344,0,1.0078125,-0.0234375,0.01953125,-0.00390625,0.0,0.0,0.0
15665937,12345,0,1.0,-0.021484375,0.0078125,-0.013671875,0.0,0.0,0.0
15667188,12346,0,1.005859375,-0.025390625,0.01171875,-0.013671875,0.0,0.0,0.0
15668440,12347,0,1.001953125,-0.0234375,0.01953125,-0.00390625,0.0,0.0,0.0
15669690,12348,0,1.00390625,-0.01953125,0.01953125,0.0,0.0,0.0,0.0
15670942,12349,0,1.005859375,-0.021484375,0.01953125,-0.001953125,0.0,0.0,0.0
15672193,12350,0,1.005859375,-0.0234375,0.017578125,-0.005859375,0.0,0.0,0.0
15673445,12351,0,1.005859375,-0.025390625,0.017578125,-0.0078125,0.0,0.0,0.0
15674695,12352,0,1.005859375,-0.0234375,0.009765625,-0.013671875,0.0,0.0,0.0
15675947,12353,0,1.001953125,-0.0234375,0.015625,-0.0078125,0.0,0.0,0.0
15677198,12354,0,1.001953125,-0.021484375,0.021484375,0.0,0.0,0.0,0.0
15678450,12355,0,1.0078125,-0.025390625,0.015625,-0.009765625,0.0,0.0,0.0
15679700,12356,0,1.0078125,-0.025390625,0.01953125,-0.005859375,0.0,0.0,0.0
15680952,12357,0,1.001953125,-0.02734375,0.0234375,-0.00390625,0.0,0.0,0.0
15682203,12358,0,0.99609375,-0.021484375,0.009765625,-0.01171875,0.0,0.0,0.0
15683454,12359,0,1.001953125,-0.025390625,0.015625,-0.009765625,0.0,0.0,0.0
15684705,12360,0,0.998046875,-0.029296875,0.0078125,-0.021484375,0.0,0.0,0.0
15685957,12361,0,1.00390625,-0.02734375,0.013671875,-0.013671875,0.0,0.0,0.0
15687207,12362,0,1.0078125,-0.03125,0.013671875,-0.017578125,0.0,0.0,0.0
15688459,12363,0,1.001953125,-0.025390625,0.01171875,-0.013671875,0.0,0.0,0.0
15689709,12364,0,1.001953125,-0.029296875,0.01953125,-0.009765625,0.0,0.0,0.0
15690959,12365,0,1.00390625,-0.02734375,0.015625,-0.01171875,0.0,0.0,0.0
15692209,12366,0,1.0078125,-0.02734375,0.01171875,-0.015625,0.0,0.0,0.0
15693459,12367,0,1.00390625,-0.029296875,0.005859375,-0.0234375,0.0,0.0,0.0
15694711,12368,0,1.0,-0.029296875,0.01953125,-0.009765625,0.0,0.0,0.0
15695961,12369,0,1.0,-0.025390625,0.009765625,-0.015625,0.0,0.0,0.0
15697213,12370,0,1.005859375,-0.029296875,0.017578125,-0.01171875,0.0,0.0,0.0
15698464,12371,0,1.0078125,-0.03125,0.015625,-0.015625,0.0,0.0,0.0
15699715,12372,0,1.0078125,-0.02734375,0.01171875,-0.015625,0.0,0.0,0.0
15700966,12373,0,1.00390625,-0.02734375,0.015625,-0.01171875,0.0,0.0,0.0
15702216,12374,0,1.00390625,-0.02734375,0.015625,-0.01171875,0.0,0.0,0.0
15703467,12375,0,1.005859375,-0.03125,0.017578125,-0.013671875,0.0,0.0,0.0
15704718,12376,0,1.00390625,-0.025390625,0.017578125,-0.0078125,0.0,0.0,0.0
15705968,12377,0,1.005859375,-0.025390625,0.017578125,-0.0078125,0.0,0.0,0.0
15707219,12378,0,1.005859375,-0.025390625,0.005859375,-0.01953125,0.0,0.0,0.0
15708470,12379,0,1.0078125,-0.02734375,0.015625,-0.01171875,0.0,0.0,0.0
15709721,12380,0,1.009765625,-0.021484375,0.01171875,-0.009765625,0.0,0.0,0.0
15710971,12381,0,1.001953125,-0.025390625,0.013671875,-0.01171875,0.0,0.0,0.0
15712223,12382,0,1.005859375,-0.0234375,0.01171875,-0.01171875,0.0,0.0,0.0
15713473,12383,0,1.00390625,-0.02734375,0.025390625,-0.001953125,0.0,0.0,0.0
15714723,12384,0,1.0,-0.021484375,0.01953125,-0.001953125,0.0,0.0,0.0
15715975,12385,0,1.001953125,-0.025390625,0.015625,-0.009765625,0.0,0.0,0.0
15717226,12386,0,1.0,-0.021484375,0.01953125,-0.001953125,0.0,0.0,0.0
15718476,12387,0,1.00390625,-0.029296875,0.015625,-0.013671875,0.0,0.0,0.0
15719728,12388,0,1.001953125,-0.0234375,0.017578125,-0.005859375,0.0,0.0,0.0
15720979,12389,0,1.005859375,-0.025390625,0.017578125,-0.0078125,0.0,0.0,0.0
15722229,12390,0,1.001953125,-0.0234375,0.013671875,-0.009765625,0.0,0.0,0.0
15723481,12391,0,1.0,-0.021484375,0.017578125,-0.00390625,0.0,0.0,0.0
15724731,12392,0,1.005859375,-0.0234375,0.01953125,-0.00390625,0.0,0.0,0.0
15725981,12393,0,1.001953125,-0.0234375,0.017578125,-0.005859375,0.0,0.0,0.0
15727232,12394,0,1.00390625,-0.025390625,0.015625,-0.009765625,0.0,0.0,0.0
15728483,12395,0,1.0078125,-0.025390625,0.021484375,-0.00390625,0.0,0.0,0.0
15729734,12396,0,1.0078125,-0.01953125,0.017578125,-0.001953125,0.0,0.0,0.0
15730986,12397,0,1.0078125,-0.02734375,0.015625,-0.01171875,0.0,0.0,0.0
15732236,12398,0,1.005859375,-0.025390625,0.01953125,-0.005859375,0.0,0.0,0.0
15733486,12399,0,1.0,-0.025390625,0.017578125,-0.0078125,0.0,0.0,0.0
15734737,12400,0,1.009765625,-0.02734375,0.009765625,-0.017578125,0.0,0.0,0.0
15735987,12401,0,1.001953125,-0.0234375,0.01953125,-0.00390625,0.0,0.0,0.0
15737238,12402,0,1.00390625,-0.021484375,0.01953125,-0.001953125,0.0,0.0,0.0
15738489,12403,0,0.994140625,-0.025390625,0.013671875,-0.01171875,0.0,0.0,0.0
15739740,12404,0,1.005859375,-0.029296875,0.015625,-0.013671875,0.0,0.0,0.0
15740991,12405,0,0.994140625,-0.029296875,0.009765625,-0.01953125,0.0,0.0,0.0
15742241,12406,0,1.001953125,-0.0234375,0.0078125,-0.015625,0.0,0.0,0.0
15743492,12407,0,1.001953125,-0.0234375,0.013671875,-0.009765625,0.0,0.0,0.0
15744744,12408,0,1.005859375,-0.025390625,0.015625,-0.009765625,0.0,0.0,0.0
15745994,12409,0,0.998046875,-0.025390625,0.015625,-0.009765625,0.0,0.0,0.0
15747245,12410,0,1.005859375,-0.0234375,0.01171875,-0.01171875,0.0,0.0,0.0
15748496,12411,0,1.001953125,-0.02734375,0.013671875,-0.013671875,0.0,0.0,0.0
15749747,12412,0,1.005859375,-0.025390625,0.013671875,-0.01171875,0.0,0.0,0.0
15750998,12413,0,1.0,-0.0234375,0.00390625,-0.01953125,0.0,0.0,0.0
15752249,12414,0,1.005859375,-0.021484375,0.005859375,-0.015625,0.0,0.0,0.0
15753499,12415,0,1.001953125,-0.029296875,0.015625,-0.013671875,0.0,0.0,0.0
15754751,12416,0,1.00390625,-0.0234375,0.015625,-0.0078125,0.0,0.0,0.0
15756002,12417,0,1.00390625,-0.025390625,0.01171875,-0.013671875,0.0,0.0,0.0
15757253,12418,0,1.001953125,-0.02734375,0.013671875,-0.013671875,0.0,0.0,0.0
15758503,12419,0,1.0078125,-0.025390625,0.013671875,-0.01171875,0.0,0.0,0.0
15759755,12420,0,1.001953125,-0.03125,0.009765625,-0.021484375,0.0,0.0,0.0
15761005,12421,0,1.005859375,-0.029296875,0.017578125,-0.01171875,0.0,0.0,0.0
15762256,12422,0,1.01171875,-0.025390625,0.017578125,-0.0078125,0.0,0.0,0.0
15763506,12423,0,1.0078125,-0.021484375,0.017578125,-0.00390625,0.0,0.0,0.0
15764757,12424,0,1.005859375,-0.029296875,0.01953125,-0.009765625,0.0,0.0,0.0
15766008,12425,0,1.0,-0.02734375,0.013671875,-0.013671875,0.0,0.0,0.0
15767258,12426,0,1.015625,-0.02734375,0.01171875,-0.015625,0.0,0.0,0.0
15768508,12427,0,1.001953125,-0.02734375,0.0078125,-0.01953125,0.0,0.0,0.0
15769759,12428,0,1.005859375,-0.025390625,0.013671875,-0.01171875,0.0,0.0,0.0
15771009,12429,0,1.001953125,-0.025390625,0.015625,-0.009765625,0.0,0.0,0.0
15772259,12430,0,1.001953125,-0.0234375,0.01171875,-0.01171875,0.0,0.0,0.0
15773510,12431,0,1.00390625,-0.029296875,0.013671875,-0.015625,0.0,0.0,0.0
15774762,12432,0,1.00390625,-0.025390625,0.01171875,-0.013671875,0.0,0.0,0.0
15776012,12433,0,1.005859375,-0.02734375,0.01953125,-0.0078125,0.0,0.0,0.0
15777271,12434,0,1.001953125,-0.0234375,0.005859375,-0.017578125,0.0,0.0,0.0
15778521,12435,0,1.0078125,-0.0234375,0.013671875,-0.009765625,0.0,0.0,0.0
15779773,12436,0,0.998046875,-0.0234375,0.021484375,-0.001953125,0.0,0.0,0.0
15781023,12437,0,1.005859375,-0.0234375,0.021484375,-0.001953125,0.0,0.0,0.0
15782274,12438,0,1.005859375,-0.02734375,0.021484375,-0.005859375,0.0,0.0,0.0
15783525,12439,0,1.0078125,-0.029296875,0.013671875,-0.015625,0.0,0.0,0.0
15784776,12440,0,1.005859375,-0.0234375,0.013671875,-0.009765625,0.0,0.0,0.0
15786026,12441,0,1.00390625,-0.021484375,0.013671875,-0.0078125,0.0,0.0,0.0
15787276,12442,0,1.00390625,-0.0234375,0.013671875,-0.009765625,0.0,0.0,0.0
15788527,12443,0,1.005859375,-0.0234375,0.013671875,-0.009765625,0.0,0.0,0.0
15789778,12444,0,1.0078125,-0.02734375,0.01953125,-0.0078125,0.0,0.0,0.0
15791029,12445,0,1.0078125,-0.025390625,0.015625,-0.009765625,0.0,0.0,0.0
15792280,12446,0,1.0078125,-0.0234375,0.017578125,-0.005859375,0.0,0.0,0.0
15793531,12447,0,1.01171875,-0.021484375,0.009765625,-0.01171875,0.0,0.0,0.0
15794783,12448,0,0.998046875,-0.02734375,0.015625,-0.01171875,0.0,0.0,0.0
15796034,12449,0,0.998046875,-0.02734375,0.013671875,-0.013671875,0.0,0.0,0.0
15797286,12450,0,1.00390625,-0.025390625,0.009765625,-0.015625,0.0,0.0,0.0
15798537,12451,0,1.001953125,-0.0234375,0.015625,-0.0078125,0.0,0.0,0.0
15799789,12452,0,1.001953125,-0.029296875,0.013671875,-0.015625,0.0,0.0,0.0
15801039,12453,0,1.0,-0.025390625,0.01953125,-0.005859375,0.0,0.0,0.0
15802289,12454,0,1.001953125,-0.0234375,0.01953125,-0.00390625,0.0,0.0,0.0
15803541,12455,0,1.005859375,-0.029296875,0.0078125,-0.021484375,0.0,0.0,0.0
15804792,12456,0,1.009765625,-0.029296875,0.021484375,-0.0078125,0.0,0.0,0.0
15806044,12457,0,1.00390625,-0.02734375,0.017578125,-0.009765625,0.0,0.0,0.0
15807294,12458,0,1.00390625,-0.029296875,0.021484375,-0.0078125,0.0,0.0,0.0
15808544,12459,0,1.005859375,-0.025390625,0.017578125,-0.0078125,0.0,0.0,0.0
15809795,12460,0,1.0078125,-0.025390625,0.015625,-0.009765625,0.0,0.0,0.0
15811045,12461,0,1.005859375,-0.025390625,0.013671875,-0.01171875,0.0,0.0,0.0
15812295,12462,0,0.998046875,-0.029296875,0.009765625,-0.01953125,0.0,0.0,0.0
15813546,12463,0,1.001953125,-0.0234375,0.015625,-0.0078125,0.0,0.0,0.0
15814797,12464,0,1.0078125,-0.025390625,0.0078125,-0.017578125,0.0,0.0,0.0
15816048,12465,0,1.0078125,-0.02734375,0.01953125,-0.0078125,0.0,0.0,0.0
15817299,12466,0,0.998046875,-0.03125,0.013671875,-0.017578125,0.0,0.0,0.0
15818550,12467,0,1.0,-0.0234375,0.021484375,-0.001953125,0.0,0.0,0.0
15819800,12468,0,1.015625,-0.029296875,0.015625,-0.013671875,0.0,0.0,0.0
15821052,12469,0,1.005859375,-0.029296875,0.015625,-0.013671875,0.0,0.0,0.0
15822303,12470,0,1.0,-0.025390625,0.01171875,-0.013671875,0.0,0.0,0.0
15823554,12471,0,1.005859375,-0.025390625,0.01953125,-0.005859375,0.0,0.0,0.0
15824805,12472,0,1.00390625,-0.025390625,0.01171875,-0.013671875,0.0,0.0,0.0
15826057,12473,0,1.009765625,-0.025390625,0.01171875,-0.013671875,0.0,0.0,0.0
15827308,12474,0,1.00390625,-0.025390625,0.005859375,-0.01953125,0.0,0.0,0.0
15828560,12475,0,1.0078125,-0.0234375,0.015625,-0.0078125,0.0,0.0,0.0
15829811,12476,0,1.001953125,-0.0234375,0.015625,-0.0078125,0.0,0.0,0.0
15831063,12477,0,1.00390625,-0.02734375,0.017578125,-0.009765625,0.0,0.0,0.0
15832314,12478,0,1.0078125,-0.025390625,0.01171875,-0.013671875,0.0,0.0,0.0
15833565,12479,0,1.00390625,-0.021484375,0.009765625,-0.01171875,0.0,0.0,0.0
15834816,12480,0,1.001953125,-0.025390625,0.015625,-0.009765625,0.0,0.0,0.0
15836066,12481,0,1.0,-0.02734375,0.009765625,-0.017578125,0.0,0.0,1.4139704962445876e-09
15838569,12483,0,1.001953125,-0.0234375,0.013671875,-0.009765625,0.0,0.0,0.0
15839819,12484,0,1.0,-0.025390625,0.017578125,-0.0078125,0.0,0.0,0.0
15841070,12485,0,1.001953125,-0.0234375,0.0078125,-0.015625,0.0,0.0,0.0
15842321,12486,0,0.99609375,-0.0234375,0.01953125,-0.00390625,0.0,0.0,0.0
15843572,12487,0,1.015625,-0.025390625,0.015625,-0.009765625,0.0,0.0,0.0
15844823,12488,0,1.0,-0.01953125,0.017578125,-0.001953125,0.0,0.0,0.0
15846074,12489,0,0.998046875,-0.025390625,0.017578125,-0.0078125,0.0,0.0,0.0
15847325,12490,0,1.00390625,-0.02734375,0.013671875,-0.013671875,0.0,0.0,0.0
15848575,12491,0,0.99609375,-0.02734375,0.017578125,-0.009765625,0.0,0.0,0.0
15849825,12492,0,1.0078125,-0.025390625,0.013671875,-0.01171875,0.0,0.0,0.0
15851076,12493,0,1.00390625,-0.025390625,0.015625,-0.009765625,0.0,0.0,0.0
15852326,12494,0,1.009765625,-0.025390625,0.013671875,-0.01171875,0.0,0.0,0.0
15853577,12495,0,0.998046875,-0.0234375,0.013671875,-0.009765625,0.0,0.0,0.0
15854828,12496,0,1.0,-0.025390625,0.0078125,-0.017578125,0.0,0.0,0.0
15856078,12497,0,0.998046875,-0.029296875,0.01953125,-0.009765625,0.0,0.0,0.0
15857329,12498,0,1.00390625,-0.025390625,0.017578125,-0.0078125,0.0,0.0,0.0
15858581,12499,0,1.0,-0.029296875,0.009765625,-0.01953125,0.0,0.0,0.0
15859833,12500,0,1.0,-0.0234375,0.017578125,-0.005859375,0.0,0.0,0.0
15861083,12501,0,1.005859375,-0.02734375,0.015625,-0.01171875,0.0,0.0,0.0
15862333,12502,0,1.0078125,-0.02734375,0.01953125,-0.0078125,0.0,0.0,0.0
15863584,12503,0,1.0078125,-0.0234375,0.01171875,-0.01171875,0.0,0.0,0.0
15864835,12504,0,1.005859375,-0.0234375,0.017578125,-0.005859375,0.0,0.0,0.0
15866085,12505,0,0.99609375,-0.029296875,0.009765625,-0.01953125,0.0,0.0,0.0
15867336,12506,0,1.0,-0.025390625,0.01953125,-0.005859375,0.0,0.0,0.0
15868587,12507,0,1.001953125,-0.02734375,0.015625,-0.01171875,0.0,0.0,0.0
15869838,12508,0,1.00390625,-0.02734375,0.015625,-0.01171875,0.0,0.0,0.0
15871090,12509,0,1.0,-0.029296875,0.017578125,-0.01171875,0.0,0.0,0.0
15872341,12510,0,1.001953125,-0.021484375,0.009765625,-0.01171875,0.0,0.0,0.0
15873592,12511,0,0.998046875,-0.021484375,0.015625,-0.005859375,0.0,0.0,0.0
15874844,12512,0,1.001953125,-0.029296875,0.015625,-0.013671875,0.0,0.0,0.0
15876095,12513,0,1.015625,-0.025390625,0.017578125,-0.0078125,0.0,0.0,0.0
15877346,12514,0,0.99609375,-0.02734375,0.015625,-0.01171875,0.0,0.0,0.0
15878597,12515,0,1.0,-0.021484375,0.021484375,0.0,0.0,0.0,0.0
15879849,12516,0,1.0078125,-0.025390625,0.015625,-0.009765625,0.0,0.0,0.0
15881099,12517,0,1.0,-0.0234375,0.013671875,-0.009765625,0.0,0.0,0.0
15882351,12518,0,1.005859375,-0.02734375,0.013671875,-0.013671875,0.0,0.0,0.0
15883602,12519,0,1.0078125,-0.02734375,0.013671875,-0.013671875,0.0,0.0,0.0
15884854,12520,0,1.0,-0.03125,0.021484375,-0.009765625,0.0,0.0,0.0
15886104,12521,0,1.001953125,-0.02734375,0.021484375,-0.005859375,0.0,0.0,0.0
15887354,12522,0,1.001953125,-0.021484375,0.013671875,-0.0078125,0.0,0.0,0.0
15888605,12523,0,1.001953125,-0.021484375,0.013671875,-0.0078125,0.0,0.0,0.0
15889855,12524,0,1.001953125,-0.025390625,0.015625,-0.009765625,0.0,0.0,0.0
15891107,12525,0,1.00390625,-0.0234375,0.013671875,-0.009765625,0.0,0.0,0.0
15892358,12526,0,1.001953125,-0.029296875,0.01953125,-0.009765625,0.0,0.0,0.0
15893609,12527,0,1.0078125,-0.0234375,0.009765625,-0.013671875,0.0,0.0,0.0
15894859,12528,0,1.0078125,-0.02734375,0.015625,-0.01171875,0.0,0.0,0.0
15896111,12529,0,1.00390625,-0.029296875,0.015625,-0.013671875,0.0,0.0,0.0
15897362,12530,0,1.001953125,-0.025390625,0.021484375,-0.00390625,0.0,0.0,0.0
15898613,12531,0,1.005859375,-0.01953125,0.009765625,-0.009765625,0.0,0.0,0.0
15899865,12532,0,1.005859375,-0.021484375,0.013671875,-0.0078125,0.0,0.0,0.0
15901115,12533,0,1.00390625,-0.029296875,0.01171875,-0.017578125,0.0,0.0,0.0
15902365,12534,0,1.001953125,-0.02734375,0.009765625,-0.017578125,0.0,0.0,0.0
15903617,12535,0,1.005859375,-0.021484375,0.01953125,-0.001953125,0.0,0.0,0.0
15904867,12536,0,1.0,-0.0234375,0.0234375,0.0,0.0,0.0,0.0
15906118,12537,0,1.005859375,-0.025390625,0.013671875,-0.01171875,0.0,0.0,0.0
15907369,12538,0,1.0,-0.025390625,0.015625,-0.009765625,0.0,0.0,0.0
15908620,12539,0,1.0,-0.02734375,0.01171875,-0.015625,0.0,0.0,0.0
15909871,12540,0,1.005859375,-0.025390625,0.01953125,-0.005859375,0.0,0.0,0.0
15911123,12541,0,1.005859375,-0.025390625,0.01953125,-0.005859375,0.0,0.0,0.0
15912374,12542,0,1.00390625,-0.0234375,0.0078125,-0.015625,0.0,0.0,0.0
15913624,12543,0,1.005859375,-0.021484375,0.009765625,-0.01171875,0.0,0.0,0.0
15914875,12544,0,1.0078125,-0.025390625,0.013671875,-0.01171875,0.0,0.0,0.0
15916125,12545,0,1.00390625,-0.02734375,0.015625,-0.01171875,0.0,0.0,0.0
15917375,12546,0,0.998046875,-0.021484375,0.015625,-0.005859375,0.0,0.0,0.0
15918626,12547,0,1.001953125,-0.0234375,0.017578125,-0.005859375,0.0,0.0,0.0
15919877,12548,0,1.0,-0.029296875,0.017578125,-0.01171875,0.0,0.0,0.0
15921129,12549,0,1.005859375,-0.025390625,0.0078125,-0.017578125,0.0,0.0,0.0
15922380,12550,0,1.005859375,-0.0234375,0.01953125,-0.00390625,0.0,0.0,0.0
15923630,12551,0,1.005859375,-0.025390625,0.01171875,-0.013671875,0.0,0.0,0.0
15924881,12552,0,1.009765625,-0.0234375,0.013671875,-0.009765625,0.0,0.0,0.0
15926133,12553,0,0.998046875,-0.02734375,0.01953125,-0.0078125,0.0,0.0,0.0
15927384,12554,0,1.009765625,-0.0234375,0.013671875,-0.009765625,0.0,0.0,0.0
15928634,12555,0,1.00390625,-0.029296875,0.0078125,-0.021484375,0.0,0.0,0.0
15929886,12556,0,1.005859375,-0.0234375,0.017578125,-0.005859375,0.0,0.0,0.0
15931136,12557,0,1.005859375,-0.021484375,0.015625,-0.005859375,0.0,0.0,0.0
15932386,12558,0,1.009765625,-0.0234375,0.01953125,-0.00390625,0.0,0.0,0.0
15933638,12559,0,1.0,-0.025390625,0.01953125,-0.005859375,0.0,0.0,0.0
15934888,12560,0,1.005859375,-0.021484375,0.021484375,0.0,0.0,0.0,0.0
15936139,12561,0,1.0078125,-0.0234375,0.0078125,-0.015625,0.0,0.0,0.0
15937391,12562,0,1.00390625,-0.02734375,0.013671875,-0.013671875,0.0,0.0,0.0
15938641,12563,0,1.001953125,-0.02734375,0.01171875,-0.015625,0.0,0.0,0.0
15939892,12564,0,1.00390625,-0.0234375,0.017578125,-0.005859375,0.0,0.0,0.0
15941142,12565,0,1.0078125,-0.025390625,0.01171875,-0.013671875,0.0,0.0,0.0
15942393,12566,0,1.0,-0.02734375,0.015625,-0.01171875,0.0,0.0,0.0
15943645,12567,0,1.001953125,-0.029296875,0.009765625,-0.01953125,0.0,0.0,0.0
15944895,12568,0,0.998046875,-0.025390625,0.01953125,-0.005859375,0.0,0.0,0.0
15946147,12569,0,0.998046875,-0.025390625,0.015625,-0.009765625,0.0,0.0,0.0
15947397,12570,0,1.0,-0.02734375,0.017578125,-0.009765625,0.0,0.0,0.0
15948649,12571,0,1.005859375,-0.02734375,0.021484375,-0.005859375,0.0,0.0,0.0
15949899,12572,0,1.00390625,-0.025390625,0.025390625,0.0,0.0,0.0,0.0
15951149,12573,0,1.015625,-0.02734375,0.0234375,-0.00390625,0.0,0.0,0.0
15952399,12574,0,1.00390625,-0.0234375,0.009765625,-0.013671875,0.0,0.0,0.0
15953650,12575,0,1.009765625,-0.02734375,0.009765625,-0.017578125,0.0,0.0,0.0
15954902,12576,0,1.0,-0.025390625,0.0078125,-0.017578125,0.0,0.0,0.0
15956153,12577,0,0.99609375,-0.025390625,0.013671875,-0.01171875,0.0,0.0,0.0
15957404,12578,0,1.001953125,-0.02734375,0.0234375,-0.00390625,0.0,0.0,0.0
15958654,12579,0,0.99609375,-0.029296875,0.015625,-0.013671875,0.0,0.0,0.0
15959904,12580,0,1.0,-0.025390625,0.015625,-0.009765625,0.0,0.0,0.0
15961155,12581,0,1.005859375,-0.029296875,0.0078125,-0.021484375,0.0,0.0,0.0
15962407,12582,0,1.005859375,-0.025390625,0.015625,-0.009765625,0.0,0.0,0.0
15963657,12583,0,1.005859375,-0.02734375,0.021484375,-0.005859375,0.0,0.0,0.0
15964909,12584,0,0.998046875,-0.02734375,0.017578125,-0.009765625,0.0,0.0,0.0
15966159,12585,0,1.001953125,-0.025390625,0.017578125,-0.0078125,0.0,0.0,0.0
15967409,12586,0,1.00390625,-0.025390625,0.013671875,-0.01171875,0.0,0.0,0.0
15968661,12587,0,1.00390625,-0.02734375,0.0234375,-0.00390625,0.0,0.0,0.0
15969911,12588,0,1.001953125,-0.0234375,0.013671875,-0.009765625,0.0,0.0,0.0
15971161,12589,0,1.00390625,-0.0234375,0.017578125,-0.005859375,0.0,0.0,0.0
15972411,12590,0,1.0,-0.02734375,0.013671875,-0.013671875,0.0,0.0,0.0
15973663,12591,0,1.001953125,-0.025390625,0.015625,-0.009765625,0.0,0.0,0.0
15974913,12592,0,1.009765625,-0.025390625,0.015625,-0.009765625,0.0,0.0,0.0
15976164,12593,0,1.0078125,-0.0234375,-0.0390625,-0.0625,0.0,0.0,0.0
15977415,12594,0,1.0078125,-0.0234375,0.001953125,-0.021484375,0.0,0.0,0.0
15978666,12595,0,0.994140625,-0.01953125,0.021484375,0.001953125,0.0,0.0,0.0
15979916,12596,0,1.0078125,-0.025390625,0.017578125,-0.0078125,0.0,0.0,0.0
15981167,12597,0,1.0,-0.01953125,0.017578125,-0.001953125,0.0,0.0,0.0
15982417,12598,0,1.001953125,-0.025390625,0.013671875,-0.01171875,0.0,0.0,0.0
15983668,12599,0,1.00390625,-0.0234375,0.001953125,-0.021484375,0.0,0.0,0.0
15984920,12600,0,1.001953125,-0.021484375,0.017578125,-0.00390625,0.0,0.0,0.0
15986171,12601,0,1.005859375,-0.015625,0.01171875,-0.00390625,0.0,0.0,0.0
15987421,12602,0,1.0078125,-0.02734375,0.013671875,-0.013671875,0.0,0.0,0.0
15988672,12603,0,1.005859375,-0.025390625,0.017578125,-0.0078125,0.0,0.0,0.0
15989924,12604,0,1.005859375,-0.0234375,0.017578125,-0.005859375,0.0,0.0,0.0
15991174,12605,0,1.00390625,-0.0234375,0.013671875,-0.009765625,0.0,0.0,0.0
15992425,12606,0,0.998046875,-0.025390625,0.01171875,-0.013671875,0.0,0.0,0.0
15993677,12607,0,1.00390625,-0.0234375,0.017578125,-0.005859375,0.0,0.0,0.0
15994927,12608,0,1.00390625,-0.025390625,0.009765625,-0.015625,0.0,0.0,0.0
15996177,12609,0,1.0078125,-0.0234375,0.009765625,-0.013671875,0.0,0.0,0.0
15997429,12610,0,1.001953125,-0.029296875,0.015625,-0.013671875,0.0,0.0,0.0
15998679,12611,0,1.001953125,-0.02734375,0.01171875,-0.015625,0.0,0.0,0.0
15999931,12612,0,1.00390625,-0.021484375,0.015625,-0.005859375,0.0,0.0,0.0
16001181,12613,0,1.00390625,-0.02734375,0.015625,-0.01171875,0.0,0.0,0.0
16002431,12614,0,1.0,-0.029296875,0.01953125,-0.009765625,0.0,0.0,0.0
16003683,12615,0,1.009765625,-0.025390625,0.0078125,-0.017578125,0.0,0.0,0.0
16004933,12616,0,1.01171875,-0.021484375,0.021484375,0.0,0.0,0.0,0.0
16006183,12617,0,1.001953125,-0.01953125,0.017578125,-0.001953125,0.0,0.0,0.0
16007434,12618,0,1.005859375,-0.0234375,0.01953125,-0.00390625,0.0,0.0,0.0
16008685,12619,0,1.00390625,-0.025390625,0.017578125,-0.0078125,0.0,0.0,0.0
16009936,12620,0,1.00390625,-0.021484375,0.017578125,-0.00390625,0.0,0.0,0.0
16011186,12621,0,0.998046875,-0.025390625,0.017578125,-0.0078125,0.0,0.0,0.0
16012437,12622,0,1.001953125,-0.029296875,0.01953125,-0.009765625,0.0,0.0,0.0
16013687,12623,0,1.01171875,-0.025390625,0.017578125,-0.0078125,0.0,0.0,0.0
16014937,12624,0,1.005859375,-0.025390625,0.01953125,-0.005859375,0.0,0.0,0.0
16016188,12625,0,1.005859375,-0.0234375,0.015625,-0.0078125,0.0,0.0,0.0
16017440,12626,0,1.01171875,-0.025390625,0.01171875,-0.013671875,0.0,0.0,0.0
16018690,12627,0,1.001953125,-0.02734375,0.017578125,-0.009765625,0.0,0.0,0.0
16019942,12628,0,1.0,-0.02734375,0.013671875,-0.013671875,0.0,0.0,0.0
16021193,12629,0,0.998046875,-0.02734375,0.015625,-0.01171875,0.0,0.0,0.0
16022445,12630,0,1.001953125,-0.021484375,0.013671875,-0.0078125,0.0,0.0,0.0
16023695,12631,0,1.009765625,-0.025390625,0.009765625,-0.015625,0.0,0.0,0.0
16024947,12632,0,1.001953125,-0.025390625,0.01953125,-0.005859375,0.0,0.0,0.0
16026198,12633,0,1.0,-0.02734375,0.013671875,-0.013671875,0.0,0.0,0.0
16027450,12634,0,1.00390625,-0.02734375,0.013671875,-0.013671875,0.0,0.0,0.0
16028700,12635,0,1.0078125,-0.02734375,0.0234375,-0.00390625,0.0,0.0,0.0
16029952,12636,0,1.001953125,-0.02734375,0.017578125,-0.009765625,0.0,0.0,0.0
16031203,12637,0,1.0,-0.025390625,0.015625,-0.009765625,0.0,0.0,0.0
16032454,12638,0,1.001953125,-0.01953125,0.017578125,-0.001953125,0.0,0.0,0.0
16033705,12639,0,1.009765625,-0.01953125,0.015625,-0.00390625,0.0,0.0,0.0
16034957,12640,0,1.005859375,-0.021484375,0.0078125,-0.013671875,0.0,0.0,0.0
16036207,12641,0,1.0078125,-0.0234375,0.015625,-0.0078125,0.0,0.0,0.0
16037459,12642,0,1.001953125,-0.021484375,0.01171875,-0.009765625,0.0,0.0,0.0
16038709,12643,0,1.005859375,-0.025390625,0.021484375,-0.00390625,0.0,0.0,0.0
16039959,12644,0,0.99609375,-0.0234375,0.013671875,-0.009765625,0.0,0.0,0.0
16041209,12645,0,1.00390625,-0.0234375,0.015625,-0.0078125,0.0,0.0,0.0
16042459,12646,0,1.005859375,-0.02734375,0.01953125,-0.0078125,0.0,0.0,0.0
16043711,12647,0,0.998046875,-0.025390625,0.01953125,-0.005859375,0.0,0.0,0.0
16044961,12648,0,0.998046875,-0.02734375,0.01171875,-0.015625,0.0,0.0,0.0
16046213,12649,0,1.0,-0.02734375,0.015625,-0.01171875,0.0,0.0,0.0
16047464,12650,0,0.99609375,-0.029296875,0.01171875,-0.017578125,0.0,0.0,0.0
16048715,12651,0,1.0,-0.02734375,0.015625,-0.01171875,0.0,0.0,0.0
16049966,12652,0,1.0,-0.02734375,0.015625,-0.01171875,0.0,0.0,0.0
16051216,12653,0,1.001953125,-0.021484375,0.017578125,-0.00390625,0.0,0.0,0.0
16052467,12654,0,1.0,-0.0234375,0.017578125,-0.005859375,0.0,0.0,0.0
16053718,12655,0,1.005859375,-0.02734375,0.01171875,-0.015625,0.0,0.0,0.0
16054968,12656,0,1.0078125,-0.02734375,0.013671875,-0.013671875,0.0,0.0,0.0
16056219,12657,0,1.005859375,-0.0234375,0.017578125,-0.005859375,0.0,0.0,0.0
16057470,12658,0,0.998046875,-0.025390625,0.021484375,-0.00390625,0.0,0.0,0.0
16058721,12659,0,1.0078125,-0.01953125,0.01171875,-0.0078125,0.0,0.0,0.0
16059971,12660,0,1.015625,-0.029296875,0.017578125,-0.01171875,0.0,0.0,0.0
16061223,12661,0,1.005859375,-0.02734375,0.009765625,-0.017578125,0.0,0.0,0.0
16062473,12662,0,1.005859375,-0.025390625,0.017578125,-0.0078125,0.0,0.0,0.0
16063723,12663,0,1.005859375,-0.025390625,0.0078125,-0.017578125,0.0,0.0,0.0
16064975,12664,0,0.99609375,-0.0234375,0.00390625,-0.01953125,0.0,0.0,0.0
16066226,12665,0,1.001953125,-0.02734375,0.01953125,-0.0078125,0.0,0.0,0.0
16067476,12666,0,1.0078125,-0.025390625,0.017578125,-0.0078125,0.0,0.0,0.0
16068728,12667,0,1.001953125,-0.03125,0.01171875,-0.01953125,0.0,0.0,0.0
16069979,12668,0,1.001953125,-0.025390625,0.015625,-0.009765625,0.0,0.0,0.0
16071229,12669,0,1.0078125,-0.03125,0.013671875,-0.017578125,0.0,0.0,0.0
16072481,12670,0,1.001953125,-0.029296875,0.015625,-0.013671875,0.0,0.0,0.0
16073731,12671,0,1.0078125,-0.029296875,0.013671875,-0.015625,0.0,0.0,0.0
16074981,12672,0,1.00390625,-0.029296875,0.01171875,-0.017578125,0.0,0.0,0.0
16076232,12673,0,1.001953125,-0.0234375,0.01171875,-0.01171875,0.0,0.0,0.0
16077483,12674,0,1.00390625,-0.0234375,0.015625,-0.0078125,0.0,0.0,0.0
16078734,12675,0,1.001953125,-0.02734375,0.017578125,-0.009765625,0.0,0.0,0.0
16079986,12676,0,1.005859375,-0.02734375,0.013671875,-0.013671875,0.0,0.0,0.0
16081236,12677,0,1.005859375,-0.0234375,0.013671875,-0.009765625,0.0,0.0,0.0
16082486,12678,0,1.00390625,-0.01953125,-0.001953125,-0.021484375,0.0,0.0,0.0
16083737,12679,0,1.005859375,-0.029296875,0.00390625,-0.025390625,0.0,0.0,0.0
16084987,12680,0,1.009765625,-0.025390625,0.021484375,-0.00390625,0.0,0.0,0.0
16086238,12681,0,1.001953125,-0.025390625,0.01171875,-0.013671875,0.0,0.0,0.0
16087489,12682,0,0.99609375,-0.0234375,0.017578125,-0.005859375,0.0,0.0,0.0
16088740,12683,0,1.013671875,-0.025390625,0.013671875,-0.01171875,0.0,0.0,0.0
16089991,12684,0,1.005859375,-0.025390625,0.015625,-0.009765625,0.0,0.0,0.0
16091241,12685,0,1.0,-0.02734375,0.013671875,-0.013671875,0.0,0.0,0.0
16092492,12686,0,0.99609375,-0.01953125,0.015625,-0.00390625,0.0,0.0,0.0
16093744,12687,0,1.005859375,-0.025390625,0.013671875,-0.01171875,0.0,0.0,0.0
16094994,12688,0,1.00390625,-0.029296875,0.013671875,-0.015625,0.0,0.0,0.0
16096245,12689,0,1.00390625,-0.025390625,0.009765625,-0.015625,0.0,0.0,0.0
16097496,12690,0,1.001953125,-0.025390625,0.013671875,-0.01171875,0.0,0.0,0.0
16098747,12691,0,1.001953125,-0.0234375,0.013671875,-0.009765625,0.0,0.0,0.0
16099998,12692,0,1.0,-0.0234375,0.017578125,-0.005859375,0.0,0.0,0.0
16101249,12693,0,1.005859375,-0.0234375,0.015625,-0.0078125,0.0,0.0,0.0
16102499,12694,0,1.00390625,-0.0234375,0.0078125,-0.015625,0.0,0.0,0.0
16103751,12695,0,1.00390625,-0.02734375,0.017578125,-0.009765625,0.0,0.0,0.0
16105002,12696,0,1.005859375,-0.025390625,0.015625,-0.009765625,0.0,0.0,0.0
16106253,12697,0,1.0078125,-0.025390625,0.021484375,-0.00390625,0.0,0.0,0.0
16107503,12698,0,1.00390625,-0.025390625,0.017578125,-0.0078125,0.0,0.0,0.0
16108755,12699,0,1.0078125,-0.021484375,0.01953125,-0.001953125,0.0,0.0,0.0
16110005,12700,0,1.005859375,-0.025390625,0.01171875,-0.013671875,0.0,0.0,0.0
16111256,12701,0,0.998046875,-0.021484375,0.015625,-0.005859375,0.0,0.0,0.0
16112506,12702,0,1.001953125,-0.02734375,0.0234375,-0.00390625,0.0,0.0,0.0
16113757,12703,0,1.0078125,-0.02734375,0.01953125,-0.0078125,0.0,0.0,0.0
16115008,12704,0,1.00390625,-0.0234375,0.0078125,-0.015625,0.0,0.0,0.0
16116258,12705,0,1.005859375,-0.0234375,0.01171875,-0.01171875,0.0,0.0,0.0
16117508,12706,0,1.0078125,-0.02734375,0.013671875,-0.013671875,0.0,0.0,0.0
16118759,12707,0,1.00390625,-0.0234375,0.015625,-0.0078125,0.0,0.0,0.0
16120009,12708,0,1.005859375,-0.025390625,0.017578125,-0.0078125,0.0,0.0,0.0
16121259,12709,0,1.0,-0.02734375,0.015625,-0.01171875,0.0,0.0,0.0
16122510,12710,0,1.001953125,-0.025390625,0.015625,-0.009765625,0.0,0.0,0.0
16123762,12711,0,1.00390625,-0.0234375,0.01953125,-0.00390625,0.0,0.0,0.0
16125012,12712,0,1.009765625,-0.025390625,0.01953125,-0.005859375,0.0,0.0,0.0
16126271,12713,0,1.005859375,-0.029296875,0.013671875,-0.015625,0.0,0.0,0.0
16127521,12714,0,1.0,-0.02734375,0.013671875,-0.013671875,0.0,0.0,0.0
16128773,12715,0,1.0,-0.029296875,0.015625,-0.013671875,0.0,0.0,0.0
16130023,12716,0,1.00390625,-0.021484375,0.013671875,-0.0078125,0.0,0.0,0.0
16131274,12717,0,1.009765625,-0.0234375,0.01953125,-0.00390625,0.0,0.0,0.0
16132525,12718,0,1.001953125,-0.029296875,0.009765625,-0.01953125,0.0,0.0,0.0
16133776,12719,0,1.001953125,-0.029296875,0.015625,-0.013671875,0.0,0.0,0.0
16135026,12720,0,1.00390625,-0.0234375,0.021484375,-0.001953125,0.0,0.0,0.0
16136276,12721,0,1.00390625,-0.0234375,0.01953125,-0.00390625,0.0,0.0,0.0
16137527,12722,0,0.9921875,-0.025390625,0.0234375,-0.001953125,0.0,0.0,0.0
16138778,12723,0,1.0,-0.025390625,0.021484375,-0.00390625,0.0,0.0,0.0
16140029,12724,0,0.998046875,-0.0234375,0.013671875,-0.009765625,0.0,0.0,0.0
16141280,12725,0,1.0,-0.029296875,0.017578125,-0.01171875,0.0,0.0,0.0
16142531,12726,0,1.00390625,-0.025390625,0.01953125,-0.005859375,0.0,0.0,0.0
16143783,12727,0,1.001953125,-0.02734375,0.017578125,-0.009765625,0.0,0.0,0.0
16145034,12728,0,1.0,-0.021484375,0.01953125,-0.001953125,0.0,0.0,0.0
16146286,12729,0,1.0,-0.029296875,0.015625,-0.013671875,0.0,0.0,0.0
16147537,12730,0,1.0,-0.025390625,0.017578125,-0.0078125,0.0,0.0,0.0
16148789,12731,0,0.99609375,-0.0234375,0.017578125,-0.005859375,0.0,0.0,0.0
16150039,12732,0,1.00390625,-0.0234375,0.015625,-0.0078125,0.0,0.0,0.0
16151289,12733,0,1.00390625,-0.025390625,0.017578125,-0.0078125,0.0,0.0,0.0
16152541,12734,0,1.001953125,-0.02734375,0.017578125,-0.009765625,0.0,0.0,0.0
16153792,12735,0,1.0078125,-0.025390625,0.01953125,-0.005859375,0.0,0.0,0.0
16155044,12736,0,1.001953125,-0.0234375,0.015625,-0.0078125,0.0,0.0,0.0
16156294,12737,0,1.001953125,-0.029296875,0.009765625,-0.01953125,0.0,0.0,0.0
16157544,12738,0,1.0,-0.021484375,0.013671875,-0.0078125,0.0,0.0,0.0
16158795,12739,0,1.00390625,-0.025390625,0.013671875,-0.01171875,0.0,0.0,0.0
16160045,12740,0,1.00390625,-0.029296875,0.015625,-0.013671875,0.0,0.0,0.0
16161295,12741,0,1.009765625,-0.025390625,0.009765625,-0.015625,0.0,0.0,0.0
16162546,12742,0,1.009765625,-0.0234375,0.013671875,-0.009765625,0.0,0.0,0.0
16163797,12743,0,1.005859375,-0.0234375,0.01171875,-0.01171875,0.0,0.0,0.0
16165048,12744,0,1.0078125,-0.0234375,0.01953125,-0.00390625,0.0,0.0,0.0
16166299,12745,0,0.99609375,-0.021484375,0.017578125,-0.00390625,0.0,0.0,0.0
16167550,12746,0,0.998046875,-0.02734375,0.015625,-0.01171875,0.0,0.0,0.0
16168800,12747,0,1.0,-0.021484375,0.01171875,-0.009765625,0.0,0.0,0.0
16170052,12748,0,1.00390625,-0.021484375,0.013671875,-0.0078125,0.0,0.0,0.0
16171303,12749,0,0.994140625,-0.025390625,0.015625,-0.009765625,0.0,0.0,0.0
16172554,12750,0,0.9921875,-0.0234375,0.015625,-0.0078125,0.0,0.0,0.0
16173805,12751,0,1.005859375,-0.02734375,0.015625,-0.01171875,0.0,0.0,0.0
16175057,12752,0,0.99609375,-0.02734375,0.0078125,-0.01953125,0.0,0.0,0.0
16176308,12753,0,1.009765625,-0.01953125,0.009765625,-0.009765625,0.0,0.0,0.0
16177560,12754,0,1.00390625,-0.02734375,0.009765625,-0.017578125,0.0,0.0,0.0
16178811,12755,0,1.005859375,-0.02734375,0.01171875,-0.015625,0.0,0.0,0.0
16180063,12756,0,0.99609375,-0.025390625,0.0078125,-0.017578125,0.0,0.0,0.0
16181314,12757,0,1.009765625,-0.0234375,0.015625,-0.0078125,0.0,0.0,0.0
16182565,12758,0,1.00390625,-0.0234375,0.017578125,-0.005859375,0.0,0.0,0.0
16183816,12759,0,1.005859375,-0.0234375,0.017578125,-0.005859375,0.0,0.0,0.0
16185066,12760,0,1.005859375,-0.02734375,0.01171875,-0.015625,0.0,0.0,0.0
16186318,12761,0,1.001953125,-0.0234375,0.015625,-0.0078125,0.0,0.0,0.0
16187569,12762,0,1.0,-0.0234375,0.017578125,-0.005859375,0.0,0.0,0.0
16188819,12763,0,1.005859375,-0.025390625,0.021484375,-0.00390625,0.0,0.0,0.0
16190070,12764,0,1.0078125,-0.03125,0.01171875,-0.01953125,0.0,0.0,0.0
16191321,12765,0,1.0,-0.025390625,0.013671875,-0.01171875,0.0,0.0,0.0
16192572,12766,0,1.01171875,-0.029296875,0.01953125,-0.009765625,0.0,0.0,0.0
16193823,12767,0,1.0078125,-0.021484375,0.0078125,-0.013671875,0.0,0.0,0.0
16195074,12768,0,1.015625,-0.01953125,0.017578125,-0.001953125,0.0,0.0,0.0
16196325,12769,0,1.009765625,-0.029296875,0.013671875,-0.015625,0.0,0.0,0.0
16197575,12770,0,1.0,-0.02734375,0.015625,-0.01171875,0.0,0.0,0.0
16198825,12771,0,1.005859375,-0.02734375,0.017578125,-0.009765625,0.0,0.0,0.0
16200076,12772,0,1.005859375,-0.021484375,0.013671875,-0.0078125,0.0,0.0,0.0
16201326,12773,0,1.005859375,-0.0234375,0.015625,-0.0078125,0.0,0.0,0.0
16202577,12774,0,1.005859375,-0.021484375,0.01953125,-0.001953125,0.0,0.0,0.0
16203828,12775,0,1.0,-0.0234375,0.013671875,-0.009765625,0.0,0.0,0.0
16205078,12776,0,1.005859375,-0.0234375,0.01953125,-0.00390625,0.0,0.0,0.0
16206329,12777,0,1.0,-0.021484375,0.013671875,-0.0078125,0.0,0.0,0.0
16207581,12778,0,1.0,-0.0234375,0.01953125,-0.00390625,0.0,0.0,0.0
16208833,12779,0,1.005859375,-0.02734375,0.01171875,-0.015625,0.0,0.0,0.0
16210083,12780,0,0.99609375,-0.0234375,0.009765625,-0.013671875,0.0,0.0,0.0
16211333,12781,0,1.001953125,-0.02734375,0.015625,-0.01171875,0.0,0.0,0.0
16212584,12782,0,1.005859375,-0.02734375,0.01171875,-0.015625,0.0,0.0,0.0
16213835,12783,0,1.00390625,-0.0234375,0.017578125,-0.005859375,0.0,0.0,0.0
16215085,12784,0,1.005859375,-0.02734375,0.01953125,-0.0078125,0.0,0.0,0.0
16216336,12785,0,1.0078125,-0.03125,0.013671875,-0.017578125,0.0,0.0,0.0
16217587,12786,0,1.005859375,-0.0234375,0.01953125,-0.00390625,0.0,0.0,0.0
16218838,12787,0,1.005859375,-0.0234375,0.017578125,-0.005859375,0.0,0.0,0.0
16220090,12788,0,0.9921875,-0.029296875,0.01953125,-0.009765625,0.0,0.0,0.0
16221341,12789,0,1.00390625,-0.025390625,0.009765625,-0.015625,0.0,0.0,0.0
16222592,12790,0,1.01171875,-0.0234375,0.0078125,-0.015625,0.0,0.0,0.0
16223844,12791,0,1.0,-0.025390625,0.013671875,-0.01171875,0.0,0.0,0.0
16225095,12792,0,1.00390625,-0.0234375,0.013671875,-0.009765625,0.0,0.0,0.0
16226346,12793,0,0.998046875,-0.025390625,0.01953125,-0.005859375,0.0,0.0,0.0
16227597,12794,0,0.99609375,-0.02734375,0.013671875,-0.013671875,0.0,0.0,0.0
16228849,12795,0,1.00390625,-0.02734375,0.013671875,-0.013671875,0.0,0.0,0.0
16230099,12796,0,1.0,-0.0234375,0.01171875,-0.01171875,0.0,0.0,0.0
16231351,12797,0,0.994140625,-0.025390625,0.017578125,-0.0078125,0.0,0.0,0.0
16232602,12798,0,1.005859375,-0.025390625,0.015625,-0.009765625,0.0,0.0,0.0
16233854,12799,0,0.998046875,-0.02734375,0.013671875,-0.013671875,0.0,0.0,0.0
16235104,12800,0,1.0,-0.025390625,0.015625,-0.009765625,0.0,0.0,0.0
16236354,12801,0,1.001953125,-0.0234375,0.013671875,-0.009765625,0.0,0.0,0.0
16237605,12802,0,1.00390625,-0.02734375,0.015625,-0.01171875,0.0,0.0,0.0
16238855,12803,0,1.00390625,-0.025390625,0.015625,-0.009765625,0.0,0.0,0.0
16240107,12804,0,1.00390625,-0.0234375,0.013671875,-0.009765625,0.0,0.0,0.0
16241358,12805,0,1.001953125,-0.02734375,0.013671875,-0.013671875,0.0,0.0,0.0
16242609,12806,0,1.0078125,-0.0234375,0.029296875,0.005859375,0.0,0.0,0.0
16243859,12807,0,1.009765625,-0.025390625,0.009765625,-0.015625,0.0,0.0,0.0
16245111,12808,0,1.009765625,-0.0234375,0.01953125,-0.00390625,0.0,0.0,0.0
16246362,12809,0,1.009765625,-0.0234375,0.01953125,-0.00390625,0.0,0.0,0.0
16247613,12810,0,1.001953125,-0.02734375,0.015625,-0.01171875,0.0,0.0,0.0
16248865,12811,0,0.994140625,-0.025390625,0.015625,-0.009765625,0.0,0.0,0.0
16250115,12812,0,0.998046875,-0.021484375,0.0078125,-0.013671875,0.0,0.0,0.0
16251365,12813,0,1.001953125,-0.025390625,0.017578125,-0.0078125,0.0,0.0,0.0
16252617,12814,0,1.009765625,-0.0234375,0.009765625,-0.013671875,0.0,0.0,0.0
16253867,12815,0,1.001953125,-0.0234375,0.017578125,-0.005859375,0.0,0.0,0.0
16255118,12816,0,1.0078125,-0.025390625,0.013671875,-0.01171875,0.0,0.0,0.0
16256369,12817,0,1.00390625,-0.0234375,0.013671875,-0.009765625,0.0,0.0,0.0
16257620,12818,0,1.0078125,-0.029296875,0.015625,-0.013671875,0.0,0.0,0.0
16258871,12819,0,1.005859375,-0.017578125,0.021484375,0.00390625,0.0,0.0,0.0
16260123,12820,0,1.00390625,-0.025390625,0.015625,-0.009765625,0.0,0.0,0.0
16261374,12821,0,0.998046875,-0.021484375,0.01171875,-0.009765625,0.0,0.0,0.0
16262624,12822,0,1.00390625,-0.021484375,0.017578125,-0.00390625,0.0,0.0,0.0
16263875,12823,0,1.005859375,-0.021484375,0.013671875,-0.0078125,0.0,0.0,0.0
16265125,12824,0,1.0078125,-0.02734375,0.01171875,-0.015625,0.0,0.0,0.0
16266375,12825,0,1.005859375,-0.0234375,0.013671875,-0.009765625,0.0,0.0,0.0
16267626,12826,0,1.001953125,-0.025390625,0.021484375,-0.00390625,0.0,0.0,0.0
16268877,12827,0,1.0078125,-0.02734375,0.013671875,-0.013671875,0.0,0.0,0.0
16270129,12828,0,1.0,-0.021484375,0.015625,-0.005859375,0.0,0.0,0.0
16271380,12829,0,1.00390625,-0.0234375,0.01171875,-0.01171875,0.0,0.0,0.0
16272630,12830,0,1.001953125,-0.0234375,0.01171875,-0.01171875,0.0,0.0,0.0
16273881,12831,0,1.00390625,-0.02734375,0.013671875,-0.013671875,0.0,0.0,0.0
16275133,12832,0,1.005859375,-0.025390625,0.01953125,-0.005859375,0.0,0.0,0.0
16276384,12833,0,1.005859375,-0.025390625,0.017578125,-0.0078125,0.0,0.0,0.0
16277634,12834,0,1.005859375,-0.025390625,0.013671875,-0.01171875,0.0,0.0,0.0
16278886,12835,0,0.99609375,-0.021484375,0.01953125,-0.001953125,0.0,0.0,0.0
16280136,12836,0,1.005859375,-0.025390625,0.017578125,-0.0078125,0.0,0.0,0.0
16281386,12837,0,1.001953125,-0.02734375,0.013671875,-0.013671875,0.0,0.0,0.0
16282638,12838,0,1.00390625,-0.0234375,0.017578125,-0.005859375,0.0,0.0,0.0
16283888,12839,0,1.0078125,-0.0234375,0.013671875,-0.009765625,0.0,0.0,0.0
16285139,12840,0,1.0078125,-0.021484375,0.013671875,-0.0078125,0.0,0.0,0.0
16286391,12841,0,1.0078125,-0.025390625,0.017578125,-0.0078125,0.0,0.0,0.0
16287641,12842,0,1.001953125,-0.03125,0.015625,-0.015625,0.0,0.0,0.0
16288892,12843,0,1.005859375,-0.02734375,0.017578125,-0.009765625,0.0,0.0,0.0
16290142,12844,0,1.00390625,-0.01953125,0.013671875,-0.005859375,0.0,0.0,0.0
16291393,12845,0,1.005859375,-0.025390625,0.015625,-0.009765625,0.0,0.0,0.0
16292645,12846,0,1.0078125,-0.029296875,0.01171875,-0.017578125,0.0,0.0,0.0
16293895,12847,0,1.005859375,-0.02734375,0.015625,-0.01171875,0.0,0.0,0.0
16295147,12848,0,0.99609375,-0.02734375,0.017578125,-0.009765625,0.0,0.0,0.0
16296397,12849,0,1.0,-0.01953125,0.01953125,0.0,0.0,0.0,0.0
16297649,12850,0,1.005859375,-0.025390625,0.009765625,-0.015625,0.0,0.0,0.0
16298899,12851,0,1.0,-0.0234375,0.01953125,-0.00390625,0.0,0.0,0.0
16300149,12852,0,1.005859375,-0.025390625,0.009765625,-0.015625,0.0,0.0,0.0
16301399,12853,0,1.00390625,-0.021484375,0.017578125,-0.00390625,0.0,0.0,0.0
16302650,12854,0,1.005859375,-0.033203125,0.009765625,-0.0234375,0.0,0.0,0.0
16303902,12855,0,0.99609375,-0.0234375,0.01171875,-0.01171875,0.0,0.0,0.0
16305153,12856,0,1.00390625,-0.025390625,0.013671875,-0.01171875,0.0,0.0,0.0
16306404,12857,0,1.009765625,-0.0234375,0.015625,-0.0078125,0.0,0.0,0.0
16307654,12858,0,1.005859375,-0.021484375,0.0078125,-0.013671875,0.0,0.0,0.0
16308904,12859,0,1.001953125,-0.0234375,0.01953125,-0.00390625,0.0,0.0,0.0
16310155,12860,0,1.005859375,-0.029296875,0.015625,-0.013671875,0.0,0.0,0.0
16311407,12861,0,1.005859375,-0.01953125,0.017578125,-0.001953125,0.0,0.0,0.0
16312657,12862,0,1.009765625,-0.02734375,0.017578125,-0.009765625,0.0,0.0,0.0
16313909,12863,0,1.0078125,-0.02734375,0.015625,-0.01171875,0.0,0.0,0.0
16315159,12864,0,1.00390625,-0.0234375,0.009765625,-0.013671875,0.0,0.0,0.0
16316409,12865,0,1.00390625,-0.0234375,0.009765625,-0.013671875,0.0,0.0,0.0
16317661,12866,0,1.0,-0.021484375,0.015625,-0.005859375,0.0,0.0,0.0
16318911,12867,0,1.001953125,-0.025390625,0.015625,-0.009765625,0.0,0.0,0.0
16320161,12868,0,1.001953125,-0.02734375,0.013671875,-0.013671875,0.0,0.0,0.0
16321411,12869,0,1.001953125,-0.02734375,0.013671875,-0.013671875,0.0,0.0,0.0
16322663,12870,0,1.005859375,-0.02734375,0.015625,-0.01171875,0.0,0.0,0.0
16323913,12871,0,1.001953125,-0.0234375,0.013671875,-0.009765625,0.0,0.0,0.0
16325164,12872,0,1.009765625,-0.0234375,0.01171875,-0.01171875,0.0,0.0,0.0
16326415,12873,0,0.990234375,-0.025390625,0.013671875,-0.01171875,0.0,0.0,0.0
16327666,12874,0,1.017578125,-0.025390625,0.017578125,-0.0078125,0.0,0.0,0.0
16328916,12875,0,1.001953125,-0.025390625,0.01171875,-0.013671875,0.0,0.0,0.0
16330167,12876,0,1.0,-0.02734375,0.01953125,-0.0078125,0.0,0.0,0.0
16331417,12877,0,0.99609375,-0.021484375,0.015625,-0.005859375,0.0,0.0,0.0
16332668,12878,0,1.0078125,-0.025390625,0.009765625,-0.015625,0.0,0.0,0.0
16333920,12879,0,0.994140625,-0.0234375,0.017578125,-0.005859375,0.0,0.0,0.0
16335171,12880,0,1.00390625,-0.029296875,0.021484375,-0.0078125,0.0,0.0,0.0
16336421,12881,0,1.0,-0.029296875,0.013671875,-0.015625,0.0,0.0,0.0
16337672,12882,0,1.001953125,-0.02734375,0.01171875,-0.015625,0.0,0.0,0.0
16338924,12883,0,0.998046875,-0.01953125,0.017578125,-0.001953125,0.0,0.0,0.0
16340174,12884,0,1.0,-0.02734375,0.017578125,-0.009765625,0.0,0.0,0.0
16341425,12885,0,1.001953125,-0.0234375,0.015625,-0.0078125,0.0,0.0,0.0
16342677,12886,0,0.998046875,-0.02734375,0.015625,-0.01171875,0.0,0.0,0.0
16343927,12887,0,1.001953125,-0.021484375,0.017578125,-0.00390625,0.0,0.0,0.0
16345177,12888,0,1.001953125,-0.0234375,0.01953125,-0.00390625,0.0,0.0,0.0
16346429,12889,0,1.00390625,-0.021484375,0.01953125,-0.001953125,0.0,0.0,0.0
16347679,12890,0,1.0078125,-0.025390625,0.017578125,-0.0078125,0.0,0.0,0.0
16348931,12891,0,1.005859375,-0.0234375,0.021484375,-0.001953125,0.0,0.0,0.0
16350181,12892,0,1.00390625,-0.03125,0.017578125,-0.013671875,0.0,0.0,0.0
16351431,12893,0,1.013671875,-0.0234375,0.017578125,-0.005859375,0.0,0.0,0.0
16352683,12894,0,1.0078125,-0.02734375,0.0234375,-0.00390625,0.0,0.0,0.0
16353933,12895,0,1.005859375,-0.0234375,0.017578125,-0.005859375,0.0,0.0,0.0
16355183,12896,0,1.005859375,-0.021484375,0.017578125,-0.00390625,0.0,0.0,0.0
16356434,12897,0,1.0078125,-0.025390625,0.013671875,-0.01171875,0.0,0.0,0.0
16357685,12898,0,1.001953125,-0.025390625,0.017578125,-0.0078125,0.0,0.0,0.0
16358936,12899,0,1.00390625,-0.025390625,0.0078125,-0.017578125,0.0,0.0,0.0
16360186,12900,0,0.998046875,-0.0234375,0.017578125,-0.005859375,0.0,0.0,0.0
16361437,12901,0,1.001953125,-0.0234375,0.01953125,-0.00390625,0.0,0.0,0.0
16362687,12902,0,1.0,-0.025390625,0.013671875,-0.01171875,0.0,0.0,0.0
16363937,12903,0,1.0078125,-0.025390625,0.013671875,-0.01171875,0.0,0.0,0.0
16365188,12904,0,0.998046875,-0.0234375,0.009765625,-0.013671875,0.0,0.0,0.0
16366440,12905,0,1.0,-0.029296875,0.015625,-0.013671875,0.0,0.0,0.0
16367690,12906,0,1.005859375,-0.021484375,0.021484375,0.0,0.0,0.0,0.0
16368942,12907,0,0.998046875,-0.02734375,0.015625,-0.01171875,0.0,0.0,0.0
16370193,12908,0,1.001953125,-0.025390625,0.017578125,-0.0078125,0.0,0.0,0.0
16371445,12909,0,1.001953125,-0.025390625,0.01953125,-0.005859375,0.0,0.0,0.0
16372695,12910,0,1.0,-0.0234375,0.017578125,-0.005859375,0.0,0.0,0.0
16373947,12911,0,1.0078125,-0.025390625,0.013671875,-0.01171875,0.0,0.0,0.0
16375198,12912,0,1.0078125,-0.025390625,0.01171875,-0.013671875,0.0,0.0,0.0
16376450,12913,0,1.00390625,-0.02734375,0.013671875,-0.013671875,0.0,0.0,0.0
16377700,12914,0,0.998046875,-0.025390625,0.015625,-0.009765625,0.0,0.0,0.0
16378952,12915,0,1.0078125,-0.02734375,0.009765625,-0.017578125,0.0,0.0,0.0
16380203,12916,0,1.005859375,-0.01953125,0.013671875,-0.005859375,0.0,0.0,0.0
16381454,12917,0,1.001953125,-0.02734375,0.01953125,-0.0078125,0.0,0.0,0.0
16382705,12918,0,1.005859375,-0.03125,0.013671875,-0.017578125,0.0,0.0,0.0
16383957,12919,0,1.0078125,-0.025390625,0.01953125,-0.005859375,0.0,0.0,0.0
16385207,12920,0,1.005859375,-0.03125,0.009765625,-0.021484375,0.0,0.0,0.0
16386459,12921,0,1.001953125,-0.021484375,0.017578125,-0.00390625,0.0,0.0,0.0
16387709,12922,0,1.0078125,-0.0234375,0.017578125,-0.005859375,0.0,0.0,0.0
16388959,12923,0,1.0,-0.025390625,0.009765625,-0.015625,0.0,0.0,0.0
16390209,12924,0,1.001953125,-0.02734375,0.015625,-0.01171875,0.0,0.0,0.0
16391459,12925,0,0.998046875,-0.025390625,0.01171875,-0.013671875,0.0,0.0,0.0
16392711,12926,0,1.0,-0.0234375,0.013671875,-0.009765625,0.0,0.0,0.0
16393961,12927,0,1.009765625,-0.02734375,0.015625,-0.01171875,0.0,0.0,0.0
16395213,12928,0,1.001953125,-0.029296875,0.015625,-0.013671875,0.0,0.0,0.0
16396464,12929,0,1.005859375,-0.02734375,0.009765625,-0.017578125,0.0,0.0,0.0
16397715,12930,0,1.001953125,-0.029296875,0.013671875,-0.015625,0.0,0.0,0.0
16398966,12931,0,1.005859375,-0.029296875,0.01171875,-0.017578125,0.0,0.0,0.0
16400216,12932,0,0.998046875,-0.0234375,0.013671875,-0.009765625,0.0,0.0,0.0
16401467,12933,0,1.00390625,-0.02734375,0.01171875,-0.015625,0.0,0.0,0.0
16402718,12934,0,1.00390625,-0.02734375,0.017578125,-0.009765625,0.0,0.0,0.0
16403968,12935,0,1.0078125,-0.0234375,0.01953125,-0.00390625,0.0,0.0,0.0
16405219,12936,0,1.001953125,-0.021484375,0.017578125,-0.00390625,0.0,0.0,0.0
16406470,12937,0,1.001953125,-0.021484375,0.021484375,0.0,0.0,0.0,0.0
16407721,12938,0,1.01171875,-0.02734375,0.013671875,-0.013671875,0.0,0.0,0.0
16408971,12939,0,1.0078125,-0.021484375,0.013671875,-0.0078125,0.0,0.0,0.0
16410223,12940,0,1.00390625,-0.025390625,0.01953125,-0.005859375,0.0,0.0,0.0
16411473,12941,0,1.001953125,-0.025390625,0.01953125,-0.005859375,0.0,0.0,0.0
16412723,12942,0,1.00390625,-0.025390625,0.0078125,-0.017578125,0.0,0.0,0.0
16413975,12943,0,1.01171875,-0.02734375,0.017578125,-0.009765625,0.0,0.0,0.0
16415226,12944,0,1.001953125,-0.02734375,0.01953125,-0.0078125,0.0,0.0,0.0
16416476,12945,0,1.005859375,-0.02734375,0.009765625,-0.017578125,0.0,0.0,0.0
16417728,12946,0,1.001953125,-0.0234375,0.021484375,-0.001953125,0.0,0.0,0.0
16418979,12947,0,1.00390625,-0.0234375,0.015625,-0.0078125,0.0,0.0,0.0
16420229,12948,0,0.998046875,-0.0234375,0.017578125,-0.005859375,0.0,0.0,0.0
16421481,12949,0,1.0,-0.025390625,0.009765625,-0.015625,0.0,0.0,0.0
16422731,12950,0,1.001953125,-0.025390625,0.017578125,-0.0078125,0.0,0.0,0.0
16423981,12951,0,1.00390625,-0.033203125,0.01953125,-0.013671875,0.0,0.0,0.0
16425232,12952,0,1.005859375,-0.02734375,0.013671875,-0.013671875,0.0,0.0,0.0
16426483,12953,0,1.00390625,-0.02734375,0.017578125,-0.009765625,0.0,0.0,0.0
16427734,12954,0,1.00390625,-0.02734375,0.015625,-0.01171875,0.0,0.0,0.0
16428986,12955,0,1.005859375,-0.0234375,0.01953125,-0.00390625,0.0,0.0,0.0
16430236,12956,0,1.01171875,-0.0234375,0.015625,-0.0078125,0.0,0.0,0.0
16431486,12957,0,1.001953125,-0.025390625,0.01171875,-0.013671875,0.0,0.0,0.0
16432737,12958,0,1.00390625,-0.0234375,0.021484375,-0.001953125,0.0,0.0,0.0
16433987,12959,0,0.99609375,-0.03125,0.013671875,-0.017578125,0.0,0.0,0.0
16435238,12960,0,1.0078125,-0.025390625,0.01171875,-0.013671875,0.0,0.0,0.0
16436489,12961,0,1.001953125,-0.025390625,0.017578125,-0.0078125,0.0,0.0,0.0
16437740,12962,0,1.0,-0.021484375,0.015625,-0.005859375,0.0,0.0,0.0
16438991,12963,0,0.998046875,-0.021484375,0.017578125,-0.00390625,0.0,0.0,0.0
16440241,12964,0,1.001953125,-0.0234375,0.015625,-0.0078125,0.0,0.0,0.0
16441492,12965,0,1.0,-0.02734375,0.01953125,-0.0078125,0.0,0.0,0.0
16442744,12966,0,1.00390625,-0.025390625,0.015625,-0.009765625,0.0,0.0,0.0
16443994,12967,0,1.005859375,-0.02734375,0.013671875,-0.013671875,0.0,0.0,0.0
16445245,12968,0,1.005859375,-0.021484375,0.01171875,-0.009765625,0.0,0.0,0.0
16446496,12969,0,1.001953125,-0.025390625,0.015625,-0.009765625,0.0,0.0,0.0
16447747,12970,0,1.0,-0.025390625,0.017578125,-0.0078125,0.0,0.0,0.0
16448998,12971,0,1.00390625,-0.025390625,0.001953125,-0.0234375,0.0,0.0,0.0
16450249,12972,0,1.005859375,-0.025390625,0.0078125,-0.017578125,0.0,0.0,0.0
16451499,12973,0,1.0,-0.025390625,0.017578125,-0.0078125,0.0,0.0,0.0
16452751,12974,0,1.009765625,-0.025390625,0.013671875,-0.01171875,0.0,0.0,0.0
16454002,12975,0,1.001953125,-0.021484375,0.009765625,-0.01171875,0.0,0.0,0.0
16455253,12976,0,0.99609375,-0.025390625,0.013671875,-0.01171875,0.0,0.0,0.0
16456503,12977,0,1.0078125,-0.021484375,0.01953125,-0.001953125,0.0,0.0,0.0
16457755,12978,0,0.998046875,-0.02734375,0.013671875,-0.013671875,0.0,0.0,0.0
16459005,12979,0,1.001953125,-0.025390625,0.01171875,-0.013671875,0.0,0.0,0.0
16460256,12980,0,0.99609375,-0.025390625,0.01953125,-0.005859375,0.0,0.0,0.0
16461506,12981,0,1.00390625,-0.02734375,0.005859375,-0.021484375,0.0,0.0,0.0
16462757,12982,0,1.00390625,-0.029296875,0.013671875,-0.015625,0.0,0.0,0.0
16464008,12983,0,1.005859375,-0.025390625,0.025390625,0.0,0.0,0.0,0.0
16465258,12984,0,1.005859375,-0.0234375,0.01953125,-0.00390625,0.0,0.0,0.0
16466508,12985,0,1.001953125,-0.025390625,0.015625,-0.009765625,0.0,0.0,0.0
16467759,12986,0,0.99609375,-0.025390625,0.01953125,-0.005859375,0.0,0.0,0.0
16469009,12987,0,1.005859375,-0.021484375,0.017578125,-0.00390625,0.0,0.0,0.0
16470259,12988,0,1.00390625,-0.02734375,0.015625,-0.01171875,0.0,0.0,0.0
16471510,12989,0,1.005859375,-0.025390625,0.01171875,-0.013671875,0.0,0.0,0.0
16472762,12990,0,1.005859375,-0.02734375,0.015625,-0.01171875,0.0,0.0,0.0
16474012,12991,0,1.005859375,-0.029296875,0.013671875,-0.015625,0.0,0.0,0.0
16475271,12992,0,1.005859375,-0.0234375,0.017578125,-0.005859375,0.0,0.0,0.0
16476521,12993,0,1.001953125,-0.025390625,0.017578125,-0.0078125,0.0,0.0,0.0
16477773,12994,0,1.00390625,-0.0234375,0.017578125,-0.005859375,0.0,0.0,0.0
16479023,12995,0,1.0078125,-0.0234375,0.01953125,-0.00390625,0.0,0.0,0.0
16480274,12996,0,1.001953125,-0.03125,0.015625,-0.015625,0.0,0.0,0.0
16481525,12997,0,1.005859375,-0.029296875,0.013671875,-0.015625,0.0,0.0,0.0
16482776,12998,0,1.001953125,-0.0234375,0.013671875,-0.009765625,0.0,0.0,0.0
16484026,12999,0,1.005859375,-0.02734375,0.0234375,-0.00390625,0.0,0.0,0.0
16485276,13000,0,1.001953125,-0.025390625,0.017578125,-0.0078125,0.0,0.0,0.0
16486527,13001,0,1.001953125,-0.02734375,0.005859375,-0.021484375,0.0,0.0,0.0
16487778,13002,0,1.0078125,-0.0234375,0.009765625,-0.013671875,0.0,0.0,0.0
16489029,13003,0,1.001953125,-0.01953125,0.01171875,-0.0078125,0.0,0.0,0.0
16490280,13004,0,1.001953125,-0.02734375,0.01171875,-0.015625,0.0,0.0,0.0
16491531,13005,0,1.0078125,-0.03125,0.009765625,-0.021484375,0.0,0.0,0.0
16492783,13006,0,1.00390625,-0.0234375,0.021484375,-0.001953125,0.0,0.0,0.0
16494034,13007,0,1.00390625,-0.025390625,0.013671875,-0.01171875,0.0,0.0,0.0
16495286,13008,0,1.005859375,-0.025390625,0.015625,-0.009765625,0.0,0.0,0.0
16496537,13009,0,1.00390625,-0.02734375,0.009765625,-0.017578125,0.0,0.0,0.0
16497789,13010,0,1.00390625,-0.02734375,0.013671875,-0.013671875,0.0,0.0,0.0
16499039,13011,0,1.0,-0.025390625,0.013671875,-0.01171875,0.0,0.0,0.0
16500289,13012,0,1.0,-0.02734375,0.01171875,-0.015625,0.0,0.0,0.0
16501541,13013,0,0.99609375,-0.02734375,0.01171875,-0.015625,0.0,0.0,0.0
16502792,13014,0,0.998046875,-0.0234375,0.015625,-0.0078125,0.0,0.0,0.0
16504044,13015,0,1.005859375,-0.021484375,0.01953125,-0.001953125,0.0,0.0,0.0
16505294,13016,0,1.00390625,-0.01953125,0.013671875,-0.005859375,0.0,0.0,0.0
16506544,13017,0,1.001953125,-0.025390625,0.013671875,-0.01171875,0.0,0.0,0.0
16507795,13018,0,1.001953125,-0.0234375,0.009765625,-0.013671875,0.0,0.0,0.0
16509045,13019,0,1.00390625,-0.0234375,0.01953125,-0.00390625,0.0,0.0,0.0
16510295,13020,0,1.001953125,-0.0234375,0.013671875,-0.009765625,0.0,0.0,0.0
16511546,13021,0,1.00390625,-0.025390625,0.01953125,-0.005859375,0.0,0.0,0.0
16512797,13022,0,1.0,-0.025390625,0.009765625,-0.015625,0.0,0.0,0.0
16514048,13023,0,1.0078125,-0.02734375,0.017578125,-0.009765625,0.0,0.0,0.0
16515299,13024,0,1.0,-0.029296875,0.013671875,-0.015625,0.0,0.0,0.0
16516550,13025,0,1.00390625,-0.025390625,0.017578125,-0.0078125,0.0,0.0,0.0
16517800,13026,0,0.99609375,-0.02734375,0.00390625,-0.0234375,0.0,0.0,0.0
16519052,13027,0,1.001953125,-0.029296875,0.017578125,-0.01171875,0.0,0.0,0.0
16520303,13028,0,1.001953125,-0.02734375,0.01171875,-0.015625,0.0,0.0,0.0
16521554,13029,0,1.00390625,-0.025390625,0.017578125,-0.0078125,0.0,0.0,0.0
16522805,13030,0,1.00390625,-0.025390625,0.009765625,-0.015625,0.0,0.0,0.0
16524057,13031,0,1.00390625,-0.033203125,0.021484375,-0.01171875,0.0,0.0,0.0
16525308,13032,0,1.001953125,-0.025390625,0.01953125,-0.005859375,0.0,0.0,0.0
16526560,13033,0,1.009765625,-0.0234375,0.01171875,-0.01171875,0.0,0.0,0.0
16527811,13034,0,1.0078125,-0.0234375,0.017578125,-0.005859375,0.0,0.0,0.0
16529063,13035,0,1.001953125,-0.025390625,0.015625,-0.009765625,0.0,0.0,0.0
16530314,13036,0,1.0078125,-0.02734375,0.013671875,-0.013671875,0.0,0.0,0.0
16531565,13037,0,1.0078125,-0.025390625,0.013671875,-0.01171875,0.0,0.0,0.0
16532816,13038,0,1.00390625,-0.025390625,0.015625,-0.009765625,0.0,0.0,0.0
16534066,13039,0,1.005859375,-0.025390625,0.013671875,-0.01171875,0.0,0.0,0.0
16535318,13040,0,1.005859375,-0.029296875,0.01953125,-0.009765625,0.0,0.0,0.0
16536569,13041,0,1.005859375,-0.02734375,0.013671875,-0.013671875,0.0,0.0,0.0
16537819,13042,0,1.005859375,-0.025390625,0.01171875,-0.013671875,0.0,0.0,0.0
16539070,13043,0,0.990234375,-0.0234375,0.01171875,-0.01171875,0.0,0.0,0.0
16540321,13044,0,1.001953125,-0.025390625,0.01953125,-0.005859375,0.0,0.0,0.0
16541572,13045,0,1.0078125,-0.03125,0.01171875,-0.01953125,0.0,0.0,0.0
16542823,13046,0,1.0078125,-0.021484375,0.013671875,-0.0078125,0.0,0.0,0.0
16544074,13047,0,1.001953125,-0.025390625,0.017578125,-0.0078125,0.0,0.0,0.0
16545325,13048,0,1.01171875,-0.0234375,0.015625,-0.0078125,0.0,0.0,0.0
16546575,13049,0,1.005859375,-0.021484375,0.017578125,-0.00390625,0.0,0.0,0.0
16547825,13050,0,0.998046875,-0.02734375,0.013671875,-0.013671875,0.0,0.0,0.0
16549076,13051,0,1.00390625,-0.025390625,0.015625,-0.009765625,0.0,0.0,0.0
16550326,13052,0,1.005859375,-0.029296875,0.0234375,-0.005859375,0.0,0.0,0.0
16551577,13053,0,1.005859375,-0.029296875,0.017578125,-0.01171875,0.0,0.0,0.0
16552828,13054,0,1.0,-0.029296875,0.01953125,-0.009765625,0.0,0.0,0.0
16554078,13055,0,1.0078125,-0.0234375,0.017578125,-0.005859375,0.0,0.0,0.0
16555329,13056,0,1.001953125,-0.01953125,0.017578125,-0.001953125,0.0,0.0,0.0
16556581,13057,0,1.0,-0.0234375,0.025390625,0.001953125,0.0,0.0,0.0
16557833,13058,0,1.0,-0.0234375,0.013671875,-0.009765625,0.0,0.0,0.0
16559083,13059,0,1.005859375,-0.021484375,0.01953125,-0.001953125,0.0,0.0,0.0
16560333,13060,0,1.005859375,-0.025390625,0.009765625,-0.015625,0.0,0.0,0.0
16561584,13061,0,1.001953125,-0.025390625,0.015625,-0.009765625,0.0,0.0,0.0
16562835,13062,0,1.0078125,-0.02734375,0.01953125,-0.0078125,0.0,0.0,0.0
16564085,13063,0,1.0078125,-0.0234375,0.017578125,-0.005859375,0.0,0.0,0.0
16565336,13064,0,1.005859375,-0.025390625,0.017578125,-0.0078125,0.0,0.0,0.0
16566587,13065,0,1.005859375,-0.021484375,0.015625,-0.005859375,0.0,0.0,0.0
16567838,13066,0,1.005859375,-0.025390625,0.009765625,-0.015625,0.0,0.0,0.0
16569090,13067,0,1.0,-0.021484375,0.0078125,-0.013671875,0.0,0.0,0.0
16570341,13068,0,0.998046875,-0.02734375,0.015625,-0.01171875,0.0,0.0,0.0
16571592,13069,0,1.00390625,-0.0234375,0.009765625,-0.013671875,0.0,0.0,0.0
16572844,13070,0,1.00390625,-0.029296875,0.01171875,-0.017578125,0.0,0.0,0.0
16574095,13071,0,1.009765625,-0.025390625,0.009765625,-0.015625,0.0,0.0,0.0
16575346,13072,0,1.001953125,-0.0234375,0.01953125,-0.00390625,0.0,0.0,0.0
16576597,13073,0,1.0078125,-0.021484375,0.009765625,-0.01171875,0.0,0.0,0.0
16577849,13074,0,1.00390625,-0.025390625,0.009765625,-0.015625,0.0,0.0,0.0
16579099,13075,0,1.005859375,-0.025390625,0.013671875,-0.01171875,0.0,0.0,0.0
16580351,13076,0,1.005859375,-0.025390625,0.015625,-0.009765625,0.0,0.0,0.0
16581602,13077,0,1.001953125,-0.025390625,0.015625,-0.009765625,0.0,0.0,0.0
16582854,13078,0,1.001953125,-0.0234375,0.015625,-0.0078125,0.0,0.0,0.0
16584104,13079,0,1.001953125,-0.02734375,0.015625,-0.01171875,0.0,0.0,0.0
16585354,13080,0,1.009765625,-0.025390625,0.01171875,-0.013671875,0.0,0.0,0.0
16586605,13081,0,1.00390625,-0.02734375,0.013671875,-0.013671875,0.0,0.0,0.0
16587855,13082,0,1.0,-0.025390625,0.009765625,-0.015625,0.0,0.0,0.0
16589107,13083,0,1.00390625,-0.025390625,0.013671875,-0.01171875,0.0,0.0,0.0
16590358,13084,0,1.00390625,-0.0234375,0.017578125,-0.005859375,0.0,0.0,0.0
16591609,13085,0,1.009765625,-0.025390625,0.017578125,-0.0078125,0.0,0.0,0.0
16592859,13086,0,1.0,-0.021484375,0.01171875,-0.009765625,0.0,0.0,0.0
16594111,13087,0,1.001953125,-0.021484375,0.013671875,-0.0078125,0.0,0.0,0.0
16595362,13088,0,1.001953125,-0.029296875,0.015625,-0.013671875,0.0,0.0,0.0
16596613,13089,0,0.99609375,-0.025390625,0.021484375,-0.00390625,0.0,0.0,0.0
16597865,13090,0,1.0,-0.029296875,0.0078125,-0.021484375,0.0,0.0,0.0
16599115,13091,0,1.0078125,-0.0234375,0.01953125,-0.00390625,0.0,0.0,0.0
16600365,13092,0,1.009765625,-0.015625,0.015625,0.0,0.0,0.0,0.0
16601617,13093,0,1.0078125,-0.025390625,0.017578125,-0.0078125,0.0,0.0,0.0
16602867,13094,0,1.001953125,-0.025390625,0.013671875,-0.01171875,0.0,0.0,0.0
16604118,13095,0,1.001953125,-0.025390625,0.009765625,-0.015625,0.0,0.0,0.0
16605369,13096,0,1.001953125,-0.025390625,0.013671875,-0.01171875,0.0,0.0,0.0
16606620,13097,0,1.0,-0.0234375,0.01953125,-0.00390625,0.0,0.0,0.0
16607871,13098,0,1.0,-0.02734375,0.017578125,-0.009765625,0.0,0.0,0.0
16609123,13099,0,1.00390625,-0.021484375,0.009765625,-0.01171875,0.0,0.0,0.0
16610374,13100,0,0.998046875,-0.025390625,0.017578125,-0.0078125,0.0,0.0,0.0
16611624,13101,0,1.001953125,-0.025390625,0.01171875,-0.013671875,0.0,0.0,0.0
16612875,13102,0,1.0078125,-0.02734375,0.015625,-0.01171875,0.0,0.0,0.0
16614125,13103,0,1.001953125,-0.0234375,0.015625,-0.0078125,0.0,0.0,0.0
16615375,13104,0,1.005859375,-0.025390625,0.017578125,-0.0078125,0.0,0.0,0.0
16616626,13105,0,1.0078125,-0.025390625,0.017578125,-0.0078125,0.0,0.0,0.0
16617877,13106,0,1.001953125,-0.025390625,0.021484375,-0.00390625,0.0,0.0,0.0
16619129,13107,0,1.00390625,-0.025390625,0.015625,-0.009765625,0.0,0.0,0.0
16620380,13108,0,1.005859375,-0.02734375,0.0078125,-0.01953125,0.0,0.0,0.0
16621630,13109,0,0.998046875,-0.025390625,0.0078125,-0.017578125,0.0,0.0,0.0
16622881,13110,0,1.01171875,-0.029296875,0.009765625,-0.01953125,0.0,0.0,0.0
16624133,13111,0,1.01171875,-0.025390625,0.01171875,-0.013671875,0.0,0.0,0.0
16625384,13112,0,1.001953125,-0.01953125,0.0234375,0.00390625,0.0,0.0,0.0
16626634,13113,0,1.0,-0.025390625,0.015625,-0.009765625,0.0,0.0,0.0
16627886,13114,0,1.0,-0.021484375,0.013671875,-0.0078125,0.0,0.0,0.0
16629136,13115,0,1.00390625,-0.025390625,0.009765625,-0.015625,0.0,0.0,0.0
16630386,13116,0,1.005859375,-0.025390625,0.01953125,-0.005859375,0.0,0.0,0.0
16631638,13117,0,1.001953125,-0.025390625,0.01171875,-0.013671875,0.0,0.0,0.0
16632888,13118,0,1.0078125,-0.03125,0.013671875,-0.017578125,0.0,0.0,0.0
16634139,13119,0,0.998046875,-0.03125,0.013671875,-0.017578125,0.0,0.0,0.0
16635391,13120,0,1.0,-0.02734375,0.015625,-0.01171875,0.0,0.0,0.0
16636641,13121,0,1.0078125,-0.0234375,0.015625,-0.0078125,0.0,0.0,0.0
16637892,13122,0,1.001953125,-0.025390625,0.017578125,-0.0078125,0.0,0.0,0.0
16639142,13123,0,1.005859375,-0.0234375,0.01171875,-0.01171875,0.0,0.0,0.0
16640393,13124,0,1.001953125,-0.029296875,0.01171875,-0.017578125,0.0,0.0,0.0
16641645,13125,0,1.005859375,-0.029296875,0.017578125,-0.01171875,0.0,0.0,0.0
16642895,13126,0,0.99609375,-0.025390625,0.013671875,-0.01171875,0.0,0.0,0.0
16644147,13127,0,1.001953125,-0.0234375,0.013671875,-0.009765625,0.0,0.0,0.0
16645397,13128,0,1.005859375,-0.0234375,0.00390625,-0.01953125,0.0,0.0,0.0
16646649,13129,0,1.005859375,-0.025390625,0.01171875,-0.013671875,0.0,0.0,0.0
16647899,13130,0,1.00390625,-0.02734375,0.013671875,-0.013671875,0.0,0.0,0.0
16649149,13131,0,1.005859375,-0.0234375,0.009765625,-0.013671875,0.0,0.0,0.0
16650399,13132,0,0.998046875,-0.029296875,0.009765625,-0.01953125,0.0,0.0,0.0
16651650,13133,0,1.001953125,-0.0234375,0.017578125,-0.005859375,0.0,0.0,0.0
16652902,13134,0,1.0,-0.021484375,0.015625,-0.005859375,0.0,0.0,0.0
16654153,13135,0,1.005859375,-0.02734375,0.01953125,-0.0078125,0.0,0.0,0.0
16655404,13136,0,1.001953125,-0.02734375,0.013671875,-0.013671875,0.0,0.0,0.0
16656654,13137,0,1.0078125,-0.029296875,0.013671875,-0.015625,0.0,0.0,0.0
16657904,13138,0,1.005859375,-0.025390625,0.01171875,-0.013671875,0.0,0.0,0.0
16659155,13139,0,1.005859375,-0.0234375,0.017578125,-0.005859375,0.0,0.0,0.0
16660407,13140,0,1.001953125,-0.025390625,0.009765625,-0.015625,0.0,0.0,0.0
16661657,13141,0,1.00390625,-0.025390625,0.013671875,-0.01171875,0.0,0.0,0.0
16662909,13142,0,1.009765625,-0.0234375,0.015625,-0.0078125,0.0,0.0,0.0
16664159,13143,0,1.005859375,-0.025390625,0.017578125,-0.0078125,0.0,0.0,0.0
16665409,13144,0,1.001953125,-0.025390625,0.013671875,-0.01171875,0.0,0.0,0.0
16666661,13145,0,1.0,-0.0234375,0.015625,-0.0078125,0.0,0.0,0.0
16667911,13146,0,1.0,-0.021484375,0.01953125,-0.001953125,0.0,0.0,0.0
16669161,13147,0,1.005859375,-0.01953125,0.01171875,-0.0078125,0.0,0.0,0.0
16670411,13148,0,1.00390625,-0.0234375,0.015625,-0.0078125,0.0,0.0,0.0
16671663,13149,0,1.0078125,-0.025390625,0.01953125,-0.005859375,0.0,0.0,0.0
16672913,13150,0,0.994140625,-0.0234375,0.015625,-0.0078125,0.0,0.0,0.0
16674164,13151,0,1.005859375,-0.025390625,0.017578125,-0.0078125,0.0,0.0,0.0
16675415,13152,0,0.998046875,-0.0234375,0.015625,-0.0078125,0.0,0.0,0.0
16676666,13153,0,1.013671875,-0.025390625,0.017578125,-0.0078125,0.0,0.0,0.0
16677916,13154,0,1.0078125,-0.02734375,0.0078125,-0.01953125,0.0,0.0,0.0
16679167,13155,0,1.001953125,-0.02734375,0.015625,-0.01171875,0.0,0.0,0.0
16680417,13156,0,1.0,-0.025390625,0.01171875,-0.013671875,0.0,0.0,0.0
16681668,13157,0,1.00390625,-0.02734375,0.015625,-0.01171875,0.0,0.0,0.0
16682920,13158,0,1.009765625,-0.02734375,0.015625,-0.01171875,0.0,0.0,0.0
16684171,13159,0,1.0078125,-0.025390625,0.017578125,-0.0078125,0.0,0.0,0.0
16685421,13160,0,1.009765625,-0.02734375,0.015625,-0.01171875,0.0,0.0,0.0
16686672,13161,0,1.001953125,-0.021484375,0.0234375,0.001953125,0.0,0.0,0.0
16687924,13162,0,1.00390625,-0.025390625,0.01953125,-0.005859375,0.0,0.0,0.0
16689174,13163,0,0.998046875,-0.025390625,0.021484375,-0.00390625,0.0,0.0,0.0
16690425,13164,0,1.00390625,-0.021484375,0.017578125,-0.00390625,0.0,0.0,0.0
16691677,13165,0,1.005859375,-0.0234375,0.017578125,-0.005859375,0.0,0.0,0.0
16692927,13166,0,1.009765625,-0.021484375,0.015625,-0.005859375,0.0,0.0,0.0
16694177,13167,0,1.0078125,-0.0234375,0.015625,-0.0078125,0.0,0.0,0.0
16695429,13168,0,1.001953125,-0.0234375,0.01953125,-0.00390625,0.0,0.0,0.0
16696679,13169,0,1.001953125,-0.0234375,0.021484375,-0.001953125,0.0,0.0,0.0
16697931,13170,0,1.001953125,-0.021484375,0.013671875,-0.0078125,0.0,0.0,0.0
16699181,13171,0,1.0,-0.021484375,0.013671875,-0.0078125,0.0,0.0,0.0
16700431,13172,0,1.001953125,-0.02734375,0.01171875,-0.015625,0.0,0.0,0.0
16701683,13173,0,1.015625,-0.017578125,0.01953125,0.001953125,0.0,0.0,0.0
16702933,13174,0,1.005859375,-0.021484375,0.015625,-0.005859375,0.0,0.0,0.0
16704183,13175,0,1.0,-0.025390625,0.017578125,-0.0078125,0.0,0.0,0.0
16705434,13176,0,1.005859375,-0.02734375,0.013671875,-0.013671875,0.0,0.0,0.0
16706685,13177,0,0.99609375,-0.0234375,0.01953125,-0.00390625,0.0,0.0,0.0
16707936,13178,0,0.998046875,-0.01953125,0.01953125,0.0,0.0,0.0,0.0
16709186,13179,0,1.0,-0.025390625,0.021484375,-0.00390625,0.0,0.0,0.0
16710437,13180,0,1.001953125,-0.0234375,0.017578125,-0.005859375,0.0,0.0,0.0
16711687,13181,0,1.00390625,-0.025390625,0.013671875,-0.01171875,0.0,0.0,0.0
16712937,13182,0,1.01171875,-0.02734375,0.015625,-0.01171875,0.0,0.0,0.0
16714188,13183,0,1.005859375,-0.025390625,0.009765625,-0.015625,0.0,0.0,0.0
16715440,13184,0,1.0,-0.0234375,0.013671875,-0.009765625,0.0,0.0,0.0
16716690,13185,0,1.0078125,-0.02734375,0.01171875,-0.015625,0.0,0.0,0.0
16717942,13186,0,1.0,-0.02734375,0.015625,-0.01171875,0.0,0.0,0.0
16719193,13187,0,1.005859375,-0.02734375,0.013671875,-0.013671875,0.0,0.0,0.0
16720445,13188,0,1.0,-0.025390625,0.01953125,-0.005859375,0.0,0.0,0.0
16721695,13189,0,1.009765625,-0.025390625,0.013671875,-0.01171875,0.0,0.0,0.0
16722947,13190,0,1.009765625,-0.0234375,0.017578125,-0.005859375,0.0,0.0,0.0
16724198,13191,0,1.0078125,-0.02734375,0.013671875,-0.013671875,0.0,0.0,0.0
16725450,13192,0,1.001953125,-0.0234375,0.009765625,-0.013671875,0.0,0.0,0.0
16726700,13193,0,1.0078125,-0.025390625,0.01953125,-0.005859375,0.0,0.0,0.0
16727952,13194,0,0.998046875,-0.0234375,0.015625,-0.0078125,0.0,0.0,0.0
16729203,13195,0,1.0,-0.0234375,0.013671875,-0.009765625,0.0,0.0,0.0
16730454,13196,0,1.0078125,-0.025390625,0.017578125,-0.0078125,0.0,0.0,0.0
16731705,13197,0,1.009765625,-0.021484375,0.015625,-0.005859375,0.0,0.0,0.0
16732957,13198,0,1.0,-0.0234375,0.01953125,-0.00390625,0.0,0.0,0.0
16734207,13199,0,0.99609375,-0.025390625,0.01953125,-0.005859375,0.0,0.0,0.0
16735459,13200,0,1.00390625,-0.025390625,0.01953125,-0.005859375,0.0,0.0,0.0
16736709,13201,0,1.005859375,-0.02734375,0.017578125,-0.009765625,0.0,0.0,0.0
16737959,13202,0,0.998046875,-0.029296875,0.017578125,-0.01171875,0.0,0.0,0.0
16739209,13203,0,1.00390625,-0.025390625,0.009765625,-0.015625,0.0,0.0,0.0
16740459,13204,0,1.005859375,-0.025390625,0.013671875,-0.01171875,0.0,0.0,0.0
16741711,13205,0,1.0078125,-0.0234375,0.013671875,-0.009765625,0.0,0.0,0.0
16742961,13206,0,0.998046875,-0.021484375,0.01171875,-0.009765625,0.0,0.0,0.0
16744213,13207,0,1.001953125,-0.025390625,0.015625,-0.009765625,0.0,0.0,0.0
16745464,13208,0,0.99609375,-0.02734375,0.01171875,-0.015625,0.0,0.0,0.0
16746715,13209,0,1.005859375,-0.025390625,0.01953125,-0.005859375,0.0,0.0,0.0
16747966,13210,0,1.005859375,-0.029296875,0.01171875,-0.017578125,0.0,0.0,0.0
16749216,13211,0,1.00390625,-0.025390625,0.015625,-0.009765625,0.0,0.0,0.0
16750467,13212,0,1.0078125,-0.021484375,0.015625,-0.005859375,0.0,0.0,0.0
16751718,13213,0,1.00390625,-0.02734375,0.015625,-0.01171875,0.0,0.0,0.0
16752968,13214,0,1.001953125,-0.025390625,0.0078125,-0.017578125,0.0,0.0,0.0
16754219,13215,0,0.99609375,-0.02734375,0.025390625,-0.001953125,0.0,0.0,0.0
16755470,13216,0,1.009765625,-0.025390625,0.015625,-0.009765625,0.0,0.0,0.0
16756721,13217,0,1.0078125,-0.025390625,0.0234375,-0.001953125,0.0,0.0,0.0
16757971,13218,0,0.994140625,-0.03125,0.013671875,-0.017578125,0.0,0.0,0.0
16759223,13219,0,1.009765625,-0.02734375,0.009765625,-0.017578125,0.0,0.0,0.0
16760473,13220,0,0.998046875,-0.025390625,0.01953125,-0.005859375,0.0,0.0,0.0
16761723,13221,0,1.005859375,-0.021484375,0.015625,-0.005859375,0.0,0.0,0.0
