t_us,frame_id,sensor_id,accX,accY,accZ,acc_sum_YZ,magX,magY,magZ
1708694375,1365769,0,1.00390625,-0.001953125,0.0,-0.001953125,0.0,0.0,0.0
1708695626,1365770,0,1.0078125,-0.001953125,0.001953125,0.0,0.0,0.0,0.0
1708696877,1365771,0,1.0078125,0.0,0.005859375,0.005859375,0.0,0.0,0.0
1708698127,1365772,0,1.00390625,-0.001953125,-0.00390625,-0.005859375,0.0,0.0,0.0
1708699377,1365773,0,1.009765625,0.0,0.005859375,0.005859375,0.0,0.0,0.0
1708700629,1365774,0,1.0078125,-0.001953125,0.009765625,0.0078125,0.0,0.0,0.0
1708701879,1365775,0,1.001953125,-0.001953125,0.0,-0.001953125,0.0,0.0,0.0
1708703130,1365776,0,1.005859375,0.0,-0.001953125,-0.001953125,0.0,0.0,0.0
1708704381,1365777,0,1.00390625,-0.0078125,0.0,-0.0078125,0.0,0.0,0.0
1708705631,1365778,0,1.00390625,0.00390625,0.001953125,0.005859375,0.0,0.0,0.0
1708706882,1365779,0,1.0078125,-0.00390625,0.00390625,0.0,0.0,0.0,0.0
1708708133,1365780,0,1.0,0.00390625,0.0,0.00390625,0.0,0.0,0.0
1708709384,1365781,0,0.998046875,-0.001953125,0.0,-0.001953125,0.0,0.0,0.0
1708710635,1365782,0,0.998046875,-0.001953125,0.0,-0.001953125,0.0,0.0,0.0
1708711885,1365783,0,1.00390625,-0.001953125,0.00390625,0.001953125,0.0,0.0,0.0
1708713136,1365784,0,1.0,-0.005859375,0.001953125,-0.00390625,0.0,0.0,0.0
1708714387,1365785,0,0.998046875,0.0,0.0,0.0,0.0,0.0,0.0
1708715638,1365786,0,1.00390625,-0.001953125,0.00390625,0.001953125,0.0,0.0,0.0
1708716889,1365787,0,1.00390625,-0.001953125,0.001953125,0.0,0.0,0.0,0.0
1708718140,1365788,0,1.0078125,0.0,0.005859375,0.005859375,0.0,0.0,0.0
1708719392,1365789,0,1.0,-0.001953125,0.00390625,0.001953125,0.0,0.0,0.0
1708720642,1365790,0,1.0,-0.001953125,-0.001953125,-0.00390625,0.0,0.0,0.0
1708721894,1365791,0,1.005859375,-0.001953125,0.0,-0.001953125,0.0,0.0,0.0
1708723145,1365792,0,1.001953125,-0.001953125,0.001953125,0.0,0.0,0.0,0.0
1708724395,1365793,0,1.005859375,-0.00390625,0.001953125,-0.001953125,0.0,0.0,0.0
1708725646,1365794,0,1.009765625,0.0,-0.001953125,-0.001953125,0.0,0.0,0.0
1708726898,1365795,0,1.001953125,-0.001953125,-0.005859375,-0.0078125,0.0,0.0,0.0
1708728149,1365796,0,1.015625,-0.001953125,0.0,-0.001953125,0.0,0.0,0.0
1708729400,1365797,0,1.001953125,0.0,0.0,0.0,0.0,0.0,0.0
1708730651,1365798,0,1.0078125,-0.005859375,0.001953125,-0.00390625,0.0,0.0,0.0
1708731902,1365799,0,1.0078125,-0.005859375,0.00390625,-0.001953125,0.0,0.0,0.0
1708733154,1365800,0,1.00390625,0.001953125,0.005859375,0.0078125,0.0,0.0,0.0
1708734405,1365801,0,1.005859375,-0.001953125,-0.001953125,-0.00390625,0.0,0.0,0.0
1708735657,1365802,0,1.0,-0.001953125,0.001953125,0.0,0.0,0.0,0.0
1708736907,1365803,0,1.001953125,-0.001953125,0.0,-0.001953125,0.0,0.0,0.0
1708738158,1365804,0,1.005859375,0.001953125,-0.00390625,-0.001953125,0.0,0.0,0.0
1708739409,1365805,0,1.0078125,-0.001953125,-0.001953125,-0.00390625,0.0,0.0,0.0
1708740660,1365806,0,1.001953125,-0.001953125,0.001953125,0.0,0.0,0.0,0.0
1708741911,1365807,0,1.005859375,-0.00390625,0.00390625,0.0,0.0,0.0,0.0
1708743161,1365808,0,1.001953125,-0.001953125,0.00390625,0.001953125,0.0,0.0,0.0
1708744412,1365809,0,1.001953125,-0.001953125,0.0,-0.001953125,0.0,0.0,0.0
1708745664,1365810,0,1.0,-0.001953125,-0.001953125,-0.00390625,0.0,0.0,0.0
1708746915,1365811,0,1.0078125,-0.001953125,0.00390625,0.001953125,0.0,0.0,0.0
1708748166,1365812,0,1.0078125,-0.00390625,0.001953125,-0.001953125,0.0,0.0,0.0
1708749417,1365813,0,1.01171875,-0.005859375,-0.001953125,-0.0078125,0.0,0.0,0.0
1708750668,1365814,0,1.009765625,0.001953125,0.00390625,0.005859375,0.0,0.0,0.0
1708751920,1365815,0,1.001953125,-0.001953125,0.013671875,0.01171875,0.0,0.0,0.0
1708753172,1365816,0,0.998046875,-0.001953125,0.0,-0.001953125,0.0,0.0,0.0
1708754422,1365817,0,1.0,-0.001953125,0.005859375,0.00390625,0.0,0.0,0.0
1708755673,1365818,0,1.00390625,-0.00390625,0.00390625,0.0,0.0,0.0,0.0
1708756924,1365819,0,1.001953125,-0.00390625,-0.005859375,-0.009765625,0.0,0.0,0.0
1708758174,1365820,0,0.994140625,-0.0078125,0.001953125,-0.005859375,0.0,0.0,0.0
1708759425,1365821,0,1.00390625,-0.001953125,0.001953125,0.0,0.0,0.0,0.0
1708760676,1365822,0,0.998046875,-0.00390625,0.001953125,-0.001953125,0.0,0.0,0.0
1708761927,1365823,0,1.001953125,-0.00390625,0.001953125,-0.001953125,0.0,0.0,0.0
1708763177,1365824,0,1.005859375,-0.001953125,0.001953125,0.0,0.0,0.0,0.0
1708764427,1365825,0,1.001953125,-0.005859375,0.00390625,-0.001953125,0.0,0.0,0.0
1708765679,1365826,0,1.0078125,0.001953125,0.001953125,0.00390625,0.0,0.0,0.0
1708766929,1365827,0,0.99609375,0.0,0.0,0.0,0.0,0.0,0.0
1708768179,1365828,0,1.0078125,-0.001953125,0.00390625,0.001953125,0.0,0.0,0.0
1708769431,1365829,0,1.001953125,-0.00390625,0.005859375,0.001953125,0.0,0.0,0.0
1708770681,1365830,0,1.001953125,-0.001953125,0.00390625,0.001953125,0.0,0.0,0.0
1708771932,1365831,0,1.005859375,-0.00390625,0.0,-0.00390625,0.0,0.0,0.0
1708773182,1365832,0,1.0,-0.001953125,0.001953125,0.0,0.0,0.0,0.0
1708774432,1365833,0,1.005859375,0.0,0.009765625,0.009765625,0.0,0.0,0.0
1708775684,1365834,0,0.998046875,0.0,0.00390625,0.00390625,0.0,0.0,0.0
1708776934,1365835,0,1.001953125,0.0,-0.0078125,-0.0078125,0.0,0.0,0.0
1708778184,1365836,0,1.0,-0.00390625,-0.001953125,-0.005859375,0.0,0.0,0.0
1708779436,1365837,0,1.005859375,0.00390625,0.0,0.00390625,0.0,0.0,0.0
1708780686,1365838,0,1.009765625,-0.0078125,0.005859375,-0.001953125,0.0,0.0,0.0
1708781937,1365839,0,0.998046875,0.00390625,-0.005859375,-0.001953125,0.0,0.0,0.0
1708783188,1365840,0,1.013671875,0.001953125,0.0078125,0.009765625,0.0,0.0,0.0
1708784439,1365841,0,1.0,-0.00390625,0.005859375,0.001953125,0.0,0.0,0.0
1708785691,1365842,0,1.001953125,0.0,0.00390625,0.00390625,0.0,0.0,0.0
1708786942,1365843,0,1.0078125,0.0,0.0,0.0,0.0,0.0,0.0
1708788192,1365844,0,1.00390625,-0.001953125,0.0078125,0.005859375,0.0,0.0,0.0
1708789443,1365845,0,1.00390625,-0.005859375,0.00390625,-0.001953125,0.0,0.0,0.0
1708790695,1365846,0,1.001953125,0.0,0.005859375,0.005859375,0.0,0.0,0.0
1708791945,1365847,0,1.005859375,-0.00390625,0.001953125,-0.001953125,0.0,0.0,0.0
1708793197,1365848,0,1.00390625,-0.00390625,0.0,-0.00390625,0.0,0.0,0.0
1708794448,1365849,0,1.005859375,0.001953125,-0.001953125,0.0,0.0,0.0,0.0
1708795698,1365850,0,1.00390625,-0.001953125,0.001953125,0.0,0.0,0.0,0.0
1708796949,1365851,0,0.994140625,-0.001953125,0.005859375,0.00390625,0.0,0.0,0.0
1708798199,1365852,0,1.0,-0.00390625,0.001953125,-0.001953125,0.0,0.0,0.0
1708799449,1365853,0,1.005859375,0.0,0.005859375,0.005859375,0.0,0.0,0.0
1708800701,1365854,0,1.005859375,0.0,0.00390625,0.00390625,0.0,0.0,0.0
1708801951,1365855,0,1.005859375,-0.001953125,-0.001953125,-0.00390625,0.0,0.0,0.0
1708803202,1365856,0,1.001953125,-0.00390625,0.00390625,0.0,0.0,0.0,0.0
1708804453,1365857,0,0.99609375,-0.001953125,0.001953125,0.0,0.0,0.0,0.0
1708805704,1365858,0,1.0,-0.00390625,-0.001953125,-0.005859375,0.0,0.0,0.0
1708806954,1365859,0,1.01171875,0.001953125,0.0,0.001953125,0.0,0.0,0.0
1708808205,1365860,0,0.998046875,-0.005859375,-0.0078125,-0.013671875,0.0,0.0,0.0
1708809457,1365861,0,1.005859375,0.005859375,0.0,0.005859375,0.0,0.0,0.0
1708810707,1365862,0,1.001953125,0.0,0.0,0.0,0.0,0.0,0.0
1708811959,1365863,0,1.0,-0.001953125,-0.001953125,-0.00390625,0.0,0.0,0.0
1708813209,1365864,0,1.00390625,0.0,-0.00390625,-0.00390625,0.0,0.0,0.0
1708814460,1365865,0,1.005859375,-0.001953125,0.0078125,0.005859375,0.0,0.0,0.0
1708815711,1365866,0,1.00390625,-0.00390625,0.001953125,-0.001953125,0.0,0.0,0.0
1708816961,1365867,0,1.0078125,-0.001953125,0.00390625,0.001953125,0.0,0.0,0.0
1708818211,1365868,0,1.005859375,0.0,0.0,0.0,0.0,0.0,0.0
1708819461,1365869,0,1.0,0.0,-0.00390625,-0.00390625,0.0,0.0,0.0
1708820712,1365870,0,1.0,-0.001953125,0.0,-0.001953125,0.0,0.0,0.0
1708821962,1365871,0,1.0078125,-0.001953125,0.00390625,0.001953125,0.0,0.0,0.0
1708823212,1365872,0,1.0,0.0,0.005859375,0.005859375,0.0,0.0,0.0
1708824463,1365873,0,1.005859375,-0.005859375,0.0,-0.005859375,0.0,0.0,0.0
1708825713,1365874,0,0.998046875,-0.001953125,0.0,-0.001953125,0.0,0.0,0.0
1708826965,1365875,0,1.001953125,-0.00390625,0.00390625,0.0,0.0,0.0,0.0
1708828216,1365876,0,1.005859375,-0.00390625,-0.005859375,-0.009765625,0.0,0.0,0.0
1708829468,1365877,0,1.009765625,0.001953125,0.001953125,0.00390625,0.0,0.0,0.0
1708830718,1365878,0,1.001953125,0.0,-0.001953125,-0.001953125,0.0,0.0,0.0
1708831970,1365879,0,1.00390625,-0.005859375,-0.005859375,-0.01171875,0.0,0.0,0.0
1708833221,1365880,0,0.99609375,0.001953125,0.0078125,0.009765625,0.0,0.0,0.0
1708834471,1365881,0,1.005859375,-0.001953125,-0.001953125,-0.00390625,0.0,0.0,0.0
1708835722,1365882,0,1.001953125,-0.001953125,0.0,-0.001953125,0.0,0.0,0.0
1708836973,1365883,0,0.998046875,-0.001953125,-0.0078125,-0.009765625,0.0,0.0,0.0
1708838225,1365884,0,1.005859375,-0.005859375,0.001953125,-0.00390625,0.0,0.0,0.0
1708839477,1365885,0,1.0078125,-0.001953125,0.00390625,0.001953125,0.0,0.0,0.0
1708840728,1365886,0,1.005859375,0.0,0.001953125,0.001953125,0.0,0.0,0.0
1708841978,1365887,0,1.00390625,-0.0078125,0.001953125,-0.005859375,0.0,0.0,0.0
1708843229,1365888,0,1.005859375,-0.001953125,0.0,-0.001953125,0.0,0.0,0.0
1708844481,1365889,0,1.001953125,-0.00390625,0.001953125,-0.001953125,0.0,0.0,0.0
1708845731,1365890,0,1.0078125,-0.00390625,0.00390625,0.0,0.0,0.0,0.0
1708846982,1365891,0,1.001953125,0.0,0.0,0.0,0.0,0.0,0.0
1708848233,1365892,0,1.005859375,-0.00390625,0.00390625,0.0,0.0,0.0,0.0
1708849483,1365893,0,1.00390625,-0.00390625,0.001953125,-0.001953125,0.0,0.0,0.0
1708850734,1365894,0,1.00390625,-0.005859375,0.001953125,-0.00390625,0.0,0.0,0.0
1708851984,1365895,0,1.00390625,0.00390625,0.001953125,0.005859375,0.0,0.0,0.0
1708853235,1365896,0,1.0078125,-0.00390625,0.005859375,0.001953125,0.0,0.0,0.0
1708854486,1365897,0,1.005859375,-0.00390625,0.00390625,0.0,0.0,0.0,0.0
1708855736,1365898,0,1.0078125,-0.001953125,0.005859375,0.00390625,0.0,0.0,0.0
1708856987,1365899,0,0.99609375,-0.005859375,-0.00390625,-0.009765625,0.0,0.0,0.0
1708858238,1365900,0,1.001953125,-0.001953125,0.0078125,0.005859375,0.0,0.0,0.0
1708859489,1365901,0,1.001953125,-0.001953125,0.00390625,0.001953125,0.0,0.0,0.0
1708860739,1365902,0,1.001953125,-0.001953125,-0.00390625,-0.005859375,0.0,0.0,0.0
1708861990,1365903,0,1.001953125,-0.00390625,0.00390625,0.0,0.0,0.0,0.0
1708863241,1365904,0,1.001953125,-0.00390625,0.00390625,0.0,0.0,0.0,0.0
1708864492,1365905,0,1.001953125,0.00390625,0.00390625,0.0078125,0.0,0.0,0.0
1708865742,1365906,0,0.998046875,0.0,0.0,0.0,0.0,0.0,0.0
1708866993,1365907,0,1.013671875,-0.00390625,0.001953125,-0.001953125,0.0,0.0,0.0
1708868244,1365908,0,0.99609375,-0.00390625,0.0,-0.00390625,0.0,0.0,0.0
1708869494,1365909,0,1.009765625,-0.001953125,0.001953125,0.0,0.0,0.0,0.0
1708870746,1365910,0,1.00390625,-0.005859375,0.00390625,-0.001953125,0.0,0.0,0.0
1708871997,1365911,0,1.001953125,-0.00390625,0.0,-0.00390625,0.0,0.0,0.0
1708873248,1365912,0,1.001953125,-0.00390625,0.001953125,-0.001953125,0.0,0.0,0.0
1708874499,1365913,0,1.0,-0.005859375,0.0,-0.005859375,0.0,0.0,0.0
1708875750,1365914,0,0.99609375,0.001953125,0.00390625,0.005859375,0.0,0.0,0.0
1708877001,1365915,0,1.00390625,-0.00390625,0.0,-0.00390625,0.0,0.0,0.0
1708878252,1365916,0,1.00390625,0.001953125,0.001953125,0.00390625,0.0,0.0,0.0
1708879502,1365917,0,1.00390625,-0.00390625,0.00390625,0.0,0.0,0.0,0.0
1708880753,1365918,0,1.005859375,-0.005859375,0.00390625,-0.001953125,0.0,0.0,0.0
1708882004,1365919,0,1.005859375,-0.00390625,0.005859375,0.001953125,0.0,0.0,0.0
1708883255,1365920,0,1.0078125,0.0,0.0078125,0.0078125,0.0,0.0,0.0
1708884505,1365921,0,0.99609375,0.0,-0.0078125,-0.0078125,0.0,0.0,0.0
1708885756,1365922,0,1.0078125,-0.001953125,0.0,-0.001953125,0.0,0.0,0.0
1708887008,1365923,0,1.001953125,-0.00390625,0.005859375,0.001953125,0.0,0.0,0.0
1708888258,1365924,0,1.015625,-0.00390625,-0.005859375,-0.009765625,0.0,0.0,0.0
1708889509,1365925,0,1.00390625,0.0,0.001953125,0.001953125,0.0,0.0,0.0
1708890759,1365926,0,1.0078125,0.0,-0.0078125,-0.0078125,0.0,0.0,0.0
1708892010,1365927,0,1.001953125,-0.001953125,0.005859375,0.00390625,0.0,0.0,0.0
1708893261,1365928,0,1.0,-0.001953125,-0.00390625,-0.005859375,0.0,0.0,0.0
1708894513,1365929,0,1.0,-0.001953125,0.0,-0.001953125,0.0,0.0,0.0
1708895764,1365930,0,1.00390625,-0.001953125,-0.001953125,-0.00390625,0.0,0.0,0.0
1708897015,1365931,0,0.998046875,-0.005859375,0.00390625,-0.001953125,0.0,0.0,0.0
1708898270,1365932,0,1.00390625,-0.001953125,0.001953125,0.0,0.0,0.0,0.0
1708899521,1365933,0,1.005859375,0.001953125,0.00390625,0.005859375,0.0,0.0,0.0
1708900772,1365934,0,0.99609375,0.0,0.005859375,0.005859375,0.0,0.0,0.0
1708902024,1365935,0,0.998046875,-0.001953125,0.0,-0.001953125,0.0,0.0,0.0
1708903275,1365936,0,1.0078125,0.0,0.001953125,0.001953125,0.0,0.0,0.0
1708904527,1365937,0,1.0,0.0,0.0,0.0,0.0,0.0,0.0
1708905778,1365938,0,1.001953125,0.0,0.0078125,0.0078125,0.0,0.0,0.0
1708907028,1365939,0,1.00390625,-0.001953125,0.0,-0.001953125,0.0,0.0,0.0
1708908279,1365940,0,1.005859375,-0.001953125,0.0,-0.001953125,0.0,0.0,0.0
1708909530,1365941,0,1.005859375,-0.00390625,0.0,-0.00390625,0.0,0.0,0.0
1708910782,1365942,0,0.998046875,-0.00390625,-0.001953125,-0.005859375,0.0,0.0,0.0
1708912032,1365943,0,1.001953125,-0.00390625,0.00390625,0.0,0.0,0.0,0.0
1708913282,1365944,0,1.0078125,-0.001953125,0.0,-0.001953125,0.0,0.0,0.0
1708914532,1365945,0,0.994140625,0.0,-0.001953125,-0.001953125,0.0,0.0,0.0
1708915783,1365946,0,1.0,0.0,0.001953125,0.001953125,0.0,0.0,0.0
1708917034,1365947,0,1.005859375,-0.001953125,-0.001953125,-0.00390625,0.0,0.0,0.0
1708918285,1365948,0,1.0078125,-0.001953125,0.001953125,0.0,0.0,0.0,0.0
1708919537,1365949,0,1.015625,-0.00390625,0.00390625,0.0,0.0,0.0,0.0
1708920789,1365950,0,0.998046875,-0.00390625,0.0,-0.00390625,0.0,0.0,0.0
1708922039,1365951,0,1.005859375,0.0,0.0,0.0,0.0,0.0,0.0
1708923290,1365952,0,1.0078125,0.0,0.001953125,0.001953125,0.0,0.0,0.0
1708924541,1365953,0,1.001953125,-0.001953125,0.0,-0.001953125,0.0,0.0,0.0
1708925792,1365954,0,1.005859375,-0.001953125,0.00390625,0.001953125,0.0,0.0,0.0
1708927042,1365955,0,1.001953125,-0.009765625,0.00390625,-0.005859375,0.0,0.0,0.0
1708928294,1365956,0,1.0078125,-0.001953125,0.01171875,0.009765625,0.0,0.0,0.0
1708929545,1365957,0,1.001953125,-0.005859375,-0.00390625,-0.009765625,0.0,0.0,0.0
1708930795,1365958,0,1.001953125,-0.005859375,0.0078125,0.001953125,0.0,0.0,0.0
1708932047,1365959,0,1.001953125,-0.00390625,-0.001953125,-0.005859375,0.0,0.0,0.0
1708933298,1365960,0,1.009765625,0.0,0.0,0.0,0.0,0.0,0.0
1708934549,1365961,0,1.0078125,0.00390625,0.001953125,0.005859375,0.0,0.0,0.0
1708935800,1365962,0,1.005859375,-0.005859375,0.001953125,-0.00390625,0.0,0.0,0.0
1708937050,1365963,0,1.0,-0.001953125,0.013671875,0.01171875,0.0,0.0,0.0
1708938301,1365964,0,1.009765625,-0.00390625,0.0,-0.00390625,0.0,0.0,0.0
1708939552,1365965,0,1.009765625,-0.009765625,-0.01171875,-0.021484375,0.0,0.0,0.0
1708940803,1365966,0,1.005859375,0.001953125,-0.0078125,-0.005859375,0.0,0.0,0.0
1708942053,1365967,0,0.99609375,-0.001953125,0.0078125,0.005859375,0.0,0.0,0.0
1708943305,1365968,0,1.001953125,0.00390625,0.001953125,0.005859375,0.0,0.0,0.0
1708944557,1365969,0,1.009765625,-0.001953125,0.001953125,0.0,0.0,0.0,0.0
1708945808,1365970,0,1.0078125,-0.001953125,-0.001953125,-0.00390625,0.0,0.0,0.0
1708947059,1365971,0,1.005859375,0.0,0.0078125,0.0078125,0.0,0.0,0.0
1708948310,1365972,0,1.001953125,-0.00390625,0.001953125,-0.001953125,0.0,0.0,0.0
1708949562,1365973,0,1.001953125,-0.005859375,0.00390625,-0.001953125,0.0,0.0,0.0
1708950812,1365974,0,1.00390625,-0.00390625,0.001953125,-0.001953125,0.0,0.0,0.0
1708952064,1365975,0,1.0,0.0,0.001953125,0.001953125,0.0,0.0,0.0
1708953314,1365976,0,1.0,-0.001953125,0.00390625,0.001953125,0.0,0.0,0.0
1708954565,1365977,0,1.005859375,-0.001953125,-0.001953125,-0.00390625,0.0,0.0,0.0
1708955816,1365978,0,1.001953125,-0.001953125,0.0,-0.001953125,0.0,0.0,0.0
1708957066,1365979,0,1.005859375,-0.00390625,0.00390625,0.0,0.0,0.0,0.0
1708958317,1365980,0,1.00390625,-0.001953125,-0.001953125,-0.00390625,0.0,0.0,0.0
1708959569,1365981,0,1.005859375,-0.001953125,0.0,-0.001953125,0.0,0.0,0.0
1708960819,1365982,0,1.005859375,-0.001953125,0.0,-0.001953125,0.0,0.0,0.0
1708962070,1365983,0,0.998046875,-0.0078125,-0.001953125,-0.009765625,0.0,0.0,0.0
1708963321,1365984,0,0.99609375,-0.001953125,0.001953125,0.0,0.0,0.0,0.0
1708964571,1365985,0,1.015625,-0.005859375,0.005859375,0.0,0.0,0.0,0.0
1708965822,1365986,0,1.001953125,-0.0078125,-0.001953125,-0.009765625,0.0,0.0,0.0
1708967074,1365987,0,1.00390625,-0.001953125,0.0078125,0.005859375,0.0,0.0,0.0
1708968324,1365988,0,1.005859375,-0.001953125,0.005859375,0.00390625,0.0,0.0,0.0
1708969575,1365989,0,1.005859375,0.0,0.005859375,0.005859375,0.0,0.0,0.0
1708970827,1365990,0,1.001953125,0.0,0.0,0.0,0.0,0.0,0.0
1708972077,1365991,0,1.0,0.0,0.009765625,0.009765625,0.0,0.0,0.0
1708973328,1365992,0,1.0,0.0,0.001953125,0.001953125,0.0,0.0,0.0
1708974580,1365993,0,0.99609375,-0.001953125,0.001953125,0.0,0.0,0.0,0.0
1708975832,1365994,0,1.0078125,-0.00390625,0.0,-0.00390625,0.0,0.0,0.0
1708977082,1365995,0,1.001953125,-0.001953125,0.00390625,0.001953125,0.0,0.0,0.0
1708978333,1365996,0,1.001953125,-0.001953125,0.0,-0.001953125,0.0,0.0,0.0
1708979585,1365997,0,1.00390625,-0.00390625,0.0,-0.00390625,0.0,0.0,0.0
1708980835,1365998,0,1.001953125,-0.001953125,0.0,-0.001953125,0.0,0.0,0.0
1708982086,1365999,0,1.00390625,0.00390625,0.0078125,0.01171875,0.0,0.0,0.0
1708983338,1366000,0,1.009765625,0.00390625,0.0,0.00390625,0.0,0.0,0.0
1708984589,1366001,0,1.005859375,-0.005859375,0.0,-0.005859375,0.0,0.0,0.0
1708985840,1366002,0,1.005859375,0.00390625,0.001953125,0.005859375,0.0,0.0,0.0
1708987092,1366003,0,1.005859375,0.0,0.0078125,0.0078125,0.0,0.0,0.0
1708988343,1366004,0,1.01171875,0.001953125,0.001953125,0.00390625,0.0,0.0,0.0
1708989594,1366005,0,1.009765625,-0.005859375,0.00390625,-0.001953125,0.0,0.0,0.0
1708990845,1366006,0,1.00390625,0.001953125,0.0,0.001953125,0.0,0.0,0.0
1708992096,1366007,0,1.005859375,-0.001953125,0.005859375,0.00390625,0.0,0.0,0.0
1708993346,1366008,0,1.015625,-0.001953125,0.00390625,0.001953125,0.0,0.0,0.0
1708994598,1366009,0,0.998046875,0.0,0.005859375,0.005859375,0.0,0.0,0.0
1708995849,1366010,0,1.01171875,0.001953125,0.0,0.001953125,0.0,0.0,0.0
1708997099,1366011,0,1.0,-0.001953125,-0.0078125,-0.009765625,0.0,0.0,0.0
1708998350,1366012,0,1.009765625,-0.001953125,0.0,-0.001953125,0.0,0.0,0.0
1708999601,1366013,0,1.00390625,-0.00390625,0.00390625,0.0,0.0,0.0,0.0
1709000852,1366014,0,0.998046875,-0.001953125,0.00390625,0.001953125,0.0,0.0,0.0
1709002103,1366015,0,1.001953125,-0.001953125,0.001953125,0.0,0.0,0.0,0.0
1709003354,1366016,0,1.001953125,0.0,0.001953125,0.001953125,0.0,0.0,0.0
1709004605,1366017,0,1.0078125,0.0,0.001953125,0.001953125,0.0,0.0,0.0
1709005855,1366018,0,1.009765625,-0.001953125,0.005859375,0.00390625,0.0,0.0,0.0
1709007107,1366019,0,1.0078125,0.0,0.00390625,0.00390625,0.0,0.0,0.0
1709008357,1366020,0,1.0078125,-0.001953125,0.001953125,0.0,0.0,0.0,0.0
1709009607,1366021,0,1.00390625,-0.00390625,-0.001953125,-0.005859375,0.0,0.0,0.0
1709010859,1366022,0,0.998046875,0.0,-0.005859375,-0.005859375,0.0,0.0,0.0
1709012109,1366023,0,1.005859375,0.0,0.0,0.0,0.0,0.0,0.0
1709013361,1366024,0,1.009765625,-0.005859375,-0.001953125,-0.0078125,0.0,0.0,0.0
1709014611,1366025,0,1.00390625,0.0,0.001953125,0.001953125,0.0,0.0,0.0
1709015861,1366026,0,1.001953125,-0.00390625,0.0,-0.00390625,0.0,0.0,0.0
1709017113,1366027,0,1.001953125,0.0,0.001953125,0.001953125,0.0,0.0,0.0
1709018364,1366028,0,1.001953125,-0.005859375,-0.00390625,-0.009765625,0.0,0.0,0.0
1709019616,1366029,0,1.001953125,-0.001953125,0.0,-0.001953125,0.0,0.0,0.0
1709020866,1366030,0,0.9921875,-0.001953125,0.0078125,0.005859375,0.0,0.0,0.0
1709022118,1366031,0,0.99609375,-0.0078125,-0.001953125,-0.009765625,0.0,0.0,0.0
1709023368,1366032,0,1.01171875,-0.001953125,-0.0078125,-0.009765625,0.0,0.0,0.0
1709024619,1366033,0,0.998046875,0.0,0.0078125,0.0078125,0.0,0.0,0.0
1709025869,1366034,0,1.0,-0.001953125,0.005859375,0.00390625,0.0,0.0,0.0
1709027119,1366035,0,1.001953125,-0.00390625,0.005859375,0.001953125,0.0,0.0,0.0
1709028371,1366036,0,0.998046875,0.00390625,-0.001953125,0.001953125,0.0,0.0,0.0
1709029622,1366037,0,1.0,-0.001953125,0.0,-0.001953125,0.0,0.0,0.0
1709030874,1366038,0,1.005859375,0.0,0.001953125,0.001953125,0.0,0.0,0.0
1709032124,1366039,0,1.001953125,0.0,-0.00390625,-0.00390625,0.0,0.0,0.0
1709033375,1366040,0,1.009765625,-0.001953125,0.001953125,0.0,0.0,0.0,0.0
1709034625,1366041,0,1.0078125,0.0,0.00390625,0.00390625,0.0,0.0,0.0
1709035877,1366042,0,1.001953125,0.0,0.001953125,0.001953125,0.0,0.0,0.0
1709037127,1366043,0,1.00390625,0.001953125,0.0,0.001953125,0.0,0.0,0.0
1709038377,1366044,0,0.998046875,0.0,0.001953125,0.001953125,0.0,0.0,0.0
1709039629,1366045,0,1.0,-0.001953125,0.00390625,0.001953125,0.0,0.0,0.0
1709040879,1366046,0,1.00390625,-0.00390625,0.00390625,0.0,0.0,0.0,0.0
1709042130,1366047,0,1.00390625,0.0,0.0,0.0,0.0,0.0,0.0
1709043381,1366048,0,1.0078125,-0.001953125,0.0078125,0.005859375,0.0,0.0,0.0
1709044631,1366049,0,0.99609375,-0.00390625,0.0078125,0.00390625,0.0,0.0,0.0
1709045882,1366050,0,0.998046875,0.001953125,0.0,0.001953125,0.0,0.0,0.0
1709047133,1366051,0,0.998046875,0.00390625,0.001953125,0.005859375,0.0,0.0,0.0
1709048384,1366052,0,1.001953125,0.0,0.0,0.0,0.0,0.0,0.0
1709049635,1366053,0,0.99609375,-0.0078125,-0.005859375,-0.013671875,0.0,0.0,0.0
1709050885,1366054,0,1.01171875,0.001953125,0.001953125,0.00390625,0.0,0.0,0.0
1709052136,1366055,0,1.0,0.001953125,0.00390625,0.005859375,0.0,0.0,0.0
1709053387,1366056,0,1.0,0.0,0.0,0.0,0.0,0.0,0.0
1709054638,1366057,0,1.0078125,-0.001953125,-0.001953125,-0.00390625,0.0,0.0,0.0
1709055889,1366058,0,1.0078125,-0.001953125,-0.00390625,-0.005859375,0.0,0.0,0.0
1709057140,1366059,0,1.001953125,0.0,0.0,0.0,0.0,0.0,0.0
1709058392,1366060,0,1.00390625,0.0,0.00390625,0.00390625,0.0,0.0,0.0
1709059642,1366061,0,1.0078125,0.0,-0.001953125,-0.001953125,0.0,0.0,0.0
1709060894,1366062,0,1.005859375,0.0,0.001953125,0.001953125,0.0,0.0,0.0
1709062145,1366063,0,1.001953125,0.00390625,-0.001953125,0.001953125,0.0,0.0,0.0
1709063395,1366064,0,1.001953125,0.001953125,0.0,0.001953125,0.0,0.0,0.0
1709064646,1366065,0,1.00390625,-0.001953125,-0.00390625,-0.005859375,0.0,0.0,0.0
1709065898,1366066,0,1.0,-0.00390625,0.0,-0.00390625,0.0,0.0,0.0
1709067149,1366067,0,1.0,-0.00390625,0.0,-0.00390625,0.0,0.0,0.0
1709068400,1366068,0,1.005859375,0.005859375,0.001953125,0.0078125,0.0,0.0,0.0
1709069651,1366069,0,1.009765625,-0.00390625,-0.001953125,-0.005859375,0.0,0.0,0.0
1709070902,1366070,0,1.001953125,-0.001953125,0.00390625,0.001953125,0.0,0.0,0.0
1709072154,1366071,0,1.0,-0.001953125,0.0078125,0.005859375,0.0,0.0,0.0
1709073405,1366072,0,1.005859375,0.0078125,-0.001953125,0.005859375,0.0,0.0,0.0
1709074657,1366073,0,1.015625,0.001953125,0.005859375,0.0078125,0.0,0.0,0.0
1709075907,1366074,0,1.005859375,0.00390625,0.00390625,0.0078125,0.0,0.0,0.0
1709077158,1366075,0,1.009765625,-0.0078125,0.0,-0.0078125,0.0,0.0,0.0
1709078409,1366076,0,1.0,-0.001953125,-0.00390625,-0.005859375,0.0,0.0,23364622090240.0
1709080911,1366078,0,1.00390625,-0.00390625,0.00390625,0.0,0.0,0.0,0.0
1709082161,1366079,0,1.005859375,-0.001953125,0.001953125,0.0,0.0,0.0,0.0
1709083412,1366080,0,1.0078125,0.00390625,0.0,0.00390625,0.0,0.0,0.0
1709084664,1366081,0,1.001953125,0.0,0.001953125,0.001953125,0.0,0.0,0.0
1709085915,1366082,0,1.0078125,-0.00390625,0.0,-0.00390625,0.0,0.0,0.0
1709087166,1366083,0,0.998046875,-0.005859375,0.001953125,-0.00390625,0.0,0.0,0.0
1709088417,1366084,0,1.001953125,0.0,0.0,0.0,0.0,0.0,0.0
1709089668,1366085,0,1.005859375,-0.00390625,-0.00390625,-0.0078125,0.0,0.0,0.0
1709090920,1366086,0,1.00390625,-0.001953125,0.0078125,0.005859375,0.0,0.0,0.0
1709092172,1366087,0,1.00390625,0.0,0.001953125,0.001953125,0.0,0.0,0.0
1709093422,1366088,0,1.0078125,-0.005859375,0.00390625,-0.001953125,0.0,0.0,0.0
1709094673,1366089,0,1.009765625,0.0,0.00390625,0.00390625,0.0,0.0,0.0
1709095924,1366090,0,1.0078125,-0.00390625,0.0,-0.00390625,0.0,0.0,0.0
1709097174,1366091,0,1.009765625,0.0,0.009765625,0.009765625,0.0,0.0,0.0
1709098425,1366092,0,1.013671875,-0.001953125,-0.005859375,-0.0078125,0.0,0.0,0.0
1709099676,1366093,0,1.001953125,-0.001953125,0.01171875,0.009765625,0.0,0.0,0.0
1709100927,1366094,0,1.001953125,-0.005859375,0.0,-0.005859375,0.0,0.0,0.0
1709102177,1366095,0,1.009765625,-0.0078125,-0.001953125,-0.009765625,0.0,0.0,0.0
1709103427,1366096,0,1.0078125,-0.00390625,0.00390625,0.0,0.0,0.0,0.0
1709104679,1366097,0,1.00390625,0.0,-0.001953125,-0.001953125,0.0,0.0,0.0
1709105929,1366098,0,1.005859375,-0.001953125,0.0,-0.001953125,0.0,0.0,0.0
1709107179,1366099,0,1.005859375,-0.001953125,0.00390625,0.001953125,0.0,0.0,0.0
1709108431,1366100,0,1.005859375,-0.00390625,0.00390625,0.0,0.0,0.0,0.0
1709109681,1366101,0,1.0,-0.001953125,0.009765625,0.0078125,0.0,0.0,0.0
1709110932,1366102,0,1.0078125,0.0,0.00390625,0.00390625,0.0,0.0,0.0
1709112182,1366103,0,1.005859375,0.0,0.0078125,0.0078125,0.0,0.0,0.0
1709113432,1366104,0,1.005859375,0.001953125,0.00390625,0.005859375,0.0,0.0,0.0
1709114684,1366105,0,1.005859375,0.001953125,-0.001953125,0.0,0.0,0.0,0.0
1709115934,1366106,0,1.0078125,0.0,0.00390625,0.00390625,0.0,0.0,0.0
1709117184,1366107,0,1.005859375,-0.001953125,0.00390625,0.001953125,0.0,0.0,0.0
1709118436,1366108,0,1.0,-0.00390625,0.001953125,-0.001953125,0.0,0.0,0.0
1709119686,1366109,0,1.005859375,0.0,0.001953125,0.001953125,0.0,0.0,0.0
1709120937,1366110,0,1.001953125,0.0,-0.00390625,-0.00390625,0.0,0.0,0.0
1709122188,1366111,0,1.0078125,-0.001953125,-0.0078125,-0.009765625,0.0,0.0,0.0
1709123439,1366112,0,1.0,0.001953125,0.0,0.001953125,0.0,0.0,0.0
1709124691,1366113,0,1.0,-0.0078125,0.00390625,-0.00390625,0.0,0.0,0.0
1709125942,1366114,0,1.005859375,0.0,0.005859375,0.005859375,0.0,0.0,0.0
1709127192,1366115,0,1.009765625,-0.001953125,0.0,-0.001953125,0.0,0.0,0.0
1709128443,1366116,0,1.0078125,-0.005859375,0.005859375,0.0,0.0,0.0,0.0
1709129695,1366117,0,1.0078125,-0.00390625,0.005859375,0.001953125,0.0,0.0,0.0
1709130945,1366118,0,0.998046875,-0.001953125,-0.001953125,-0.00390625,0.0,0.0,0.0
1709132197,1366119,0,1.00390625,-0.00390625,0.0,-0.00390625,0.0,0.0,0.0
1709133448,1366120,0,1.0078125,0.0,0.0,0.0,0.0,0.0,0.0
1709134698,1366121,0,1.005859375,-0.001953125,0.001953125,0.0,0.0,0.0,0.0
1709135949,1366122,0,1.0078125,0.001953125,0.00390625,0.005859375,0.0,0.0,0.0
1709137199,1366123,0,1.0,-0.001953125,0.001953125,0.0,0.0,0.0,0.0
1709138449,1366124,0,1.0,0.0,0.00390625,0.00390625,0.0,0.0,0.0
1709139701,1366125,0,1.001953125,0.0,0.0078125,0.0078125,0.0,0.0,0.0
1709140951,1366126,0,1.001953125,-0.005859375,0.00390625,-0.001953125,0.0,0.0,0.0
1709142202,1366127,0,1.001953125,0.0,0.005859375,0.005859375,0.0,0.0,0.0
1709143453,1366128,0,1.001953125,-0.001953125,0.001953125,0.0,0.0,0.0,0.0
1709144704,1366129,0,1.001953125,-0.00390625,0.005859375,0.001953125,0.0,0.0,0.0
1709145954,1366130,0,1.005859375,-0.001953125,-0.001953125,-0.00390625,0.0,0.0,0.0
1709147205,1366131,0,0.998046875,0.001953125,0.00390625,0.005859375,0.0,0.0,0.0
1709148457,1366132,0,1.00390625,0.0,0.001953125,0.001953125,0.0,0.0,0.0
1709149707,1366133,0,1.005859375,-0.001953125,0.00390625,0.001953125,0.0,0.0,0.0
1709150959,1366134,0,1.009765625,-0.001953125,0.00390625,0.001953125,0.0,0.0,0.0
1709152209,1366135,0,0.994140625,-0.0078125,0.001953125,-0.005859375,0.0,0.0,0.0
1709153460,1366136,0,1.0,0.0,-0.00390625,-0.00390625,0.0,0.0,0.0
1709154711,1366137,0,1.001953125,0.005859375,0.001953125,0.0078125,0.0,0.0,0.0
1709155961,1366138,0,1.0078125,-0.009765625,-0.00390625,-0.013671875,0.0,0.0,0.0
1709157211,1366139,0,1.0078125,-0.005859375,0.0,-0.005859375,0.0,0.0,0.0
1709158461,1366140,0,0.99609375,-0.001953125,0.001953125,0.0,0.0,0.0,0.0
1709159712,1366141,0,1.005859375,-0.00390625,-0.001953125,-0.005859375,0.0,0.0,0.0
1709160962,1366142,0,1.00390625,-0.001953125,0.005859375,0.00390625,0.0,0.0,0.0
1709162212,1366143,0,1.00390625,0.0,-0.005859375,-0.005859375,0.0,0.0,0.0
1709163463,1366144,0,1.001953125,-0.001953125,0.0,-0.001953125,0.0,0.0,0.0
1709164713,1366145,0,1.0078125,0.0,0.001953125,0.001953125,0.0,0.0,0.0
1709165965,1366146,0,1.001953125,-0.00390625,0.001953125,-0.001953125,0.0,0.0,0.0
1709167216,1366147,0,1.001953125,0.0,-0.001953125,-0.001953125,0.0,0.0,0.0
1709168468,1366148,0,1.009765625,0.0,0.0,0.0,0.0,0.0,0.0
1709169718,1366149,0,1.001953125,0.0,0.0078125,0.0078125,0.0,0.0,0.0
1709170970,1366150,0,0.998046875,0.0,0.0078125,0.0078125,0.0,0.0,0.0
1709172221,1366151,0,1.00390625,-0.009765625,-0.001953125,-0.01171875,0.0,0.0,0.0
1709173471,1366152,0,1.005859375,-0.001953125,0.0,-0.001953125,0.0,0.0,0.0
1709174722,1366153,0,1.001953125,0.001953125,0.00390625,0.005859375,0.0,0.0,0.0
1709175973,1366154,0,1.0078125,0.001953125,0.005859375,0.0078125,0.0,0.0,0.0
1709177225,1366155,0,1.001953125,0.00390625,0.0,0.00390625,0.0,0.0,0.0
1709178477,1366156,0,0.994140625,0.001953125,0.00390625,0.005859375,0.0,0.0,0.0
1709179728,1366157,0,1.0,-0.00390625,-0.001953125,-0.005859375,0.0,0.0,0.0
1709180978,1366158,0,0.998046875,0.001953125,-0.001953125,0.0,0.0,0.0,0.0
1709182229,1366159,0,1.001953125,-0.00390625,-0.001953125,-0.005859375,0.0,0.0,0.0
1709183481,1366160,0,0.998046875,-0.001953125,0.00390625,0.001953125,0.0,0.0,0.0
1709184731,1366161,0,1.015625,-0.00390625,0.001953125,-0.001953125,0.0,0.0,0.0
1709185982,1366162,0,0.99609375,0.0,0.00390625,0.00390625,0.0,0.0,0.0
1709187233,1366163,0,1.00390625,0.00390625,0.00390625,0.0078125,0.0,0.0,0.0
1709188483,1366164,0,1.005859375,0.0,0.001953125,0.001953125,0.0,0.0,0.0
1709189734,1366165,0,1.00390625,-0.00390625,0.00390625,0.0,0.0,0.0,0.0
1709190984,1366166,0,0.998046875,0.0,0.0,0.0,0.0,0.0,0.0
1709192235,1366167,0,1.00390625,0.0,0.001953125,0.001953125,0.0,0.0,0.0
1709193486,1366168,0,1.00390625,0.0,-0.001953125,-0.001953125,0.0,0.0,0.0
1709194736,1366169,0,1.00390625,-0.005859375,0.001953125,-0.00390625,0.0,0.0,0.0
1709195987,1366170,0,1.00390625,0.0,-0.001953125,-0.001953125,0.0,0.0,0.0
1709197238,1366171,0,0.994140625,-0.001953125,0.0078125,0.005859375,0.0,0.0,0.0
1709198489,1366172,0,0.998046875,-0.00390625,0.001953125,-0.001953125,0.0,0.0,0.0
1709199739,1366173,0,0.998046875,-0.00390625,-0.00390625,-0.0078125,0.0,0.0,0.0
1709200990,1366174,0,0.998046875,0.0,-0.001953125,-0.001953125,0.0,0.0,0.0
1709202241,1366175,0,1.005859375,0.0,-0.001953125,-0.001953125,0.0,0.0,0.0
1709203492,1366176,0,1.001953125,-0.005859375,-0.005859375,-0.01171875,0.0,0.0,0.0
1709204742,1366177,0,1.001953125,0.00390625,-0.001953125,0.001953125,0.0,0.0,0.0
1709205993,1366178,0,0.99609375,-0.005859375,-0.001953125,-0.0078125,0.0,0.0,0.0
1709207244,1366179,0,1.009765625,0.0,0.0078125,0.0078125,0.0,0.0,0.0
1709208494,1366180,0,1.00390625,0.001953125,0.001953125,0.00390625,0.0,0.0,0.0
1709209746,1366181,0,1.0078125,0.0,-0.00390625,-0.00390625,0.0,0.0,0.0
1709210997,1366182,0,1.015625,-0.00390625,0.001953125,-0.001953125,0.0,0.0,0.0
1709212248,1366183,0,1.005859375,-0.001953125,0.0,-0.001953125,0.0,0.0,0.0
1709213499,1366184,0,1.00390625,0.0,-0.001953125,-0.001953125,0.0,0.0,0.0
1709214750,1366185,0,1.001953125,0.0,0.0,0.0,0.0,0.0,0.0
1709216001,1366186,0,1.0078125,0.0,-0.001953125,-0.001953125,0.0,0.0,0.0
1709217252,1366187,0,1.0,-0.001953125,-0.001953125,-0.00390625,0.0,0.0,0.0
1709218502,1366188,0,1.0,-0.00390625,0.00390625,0.0,0.0,0.0,0.0
1709219753,1366189,0,1.0,0.001953125,0.0,0.001953125,0.0,0.0,0.0
1709221004,1366190,0,1.005859375,-0.00390625,0.0,-0.00390625,0.0,0.0,0.0
1709222255,1366191,0,1.001953125,0.0,0.00390625,0.00390625,0.0,0.0,0.0
1709223505,1366192,0,1.00390625,-0.005859375,-0.001953125,-0.0078125,0.0,0.0,0.0
1709224756,1366193,0,1.0,0.00390625,-0.001953125,0.001953125,0.0,0.0,0.0
1709226008,1366194,0,1.009765625,-0.001953125,-0.001953125,-0.00390625,0.0,0.0,0.0
1709227258,1366195,0,1.0078125,-0.001953125,0.001953125,0.0,0.0,0.0,0.0
1709228509,1366196,0,1.001953125,0.00390625,0.01171875,0.015625,0.0,0.0,0.0
1709229759,1366197,0,0.998046875,-0.001953125,0.0078125,0.005859375,0.0,0.0,0.0
1709231010,1366198,0,1.0078125,-0.00390625,0.0,-0.00390625,0.0,0.0,0.0
1709232261,1366199,0,1.00390625,-0.005859375,-0.00390625,-0.009765625,0.0,0.0,0.0
1709233513,1366200,0,1.001953125,0.0,0.001953125,0.001953125,0.0,0.0,0.0
1709234764,1366201,0,1.009765625,-0.00390625,0.00390625,0.0,0.0,0.0,0.0
1709236015,1366202,0,1.0078125,-0.001953125,-0.00390625,-0.005859375,0.0,0.0,0.0
1709237270,1366203,0,1.00390625,-0.00390625,-0.005859375,-0.009765625,0.0,0.0,0.0
1709238521,1366204,0,1.0,-0.001953125,0.00390625,0.001953125,0.0,0.0,0.0
1709239772,1366205,0,1.001953125,-0.00390625,-0.001953125,-0.005859375,0.0,0.0,0.0
1709241024,1366206,0,1.001953125,0.0,0.00390625,0.00390625,0.0,0.0,0.0
1709242275,1366207,0,1.00390625,-0.00390625,-0.00390625,-0.0078125,0.0,0.0,0.0
1709243527,1366208,0,1.0078125,-0.00390625,-0.001953125,-0.005859375,0.0,0.0,0.0
1709244778,1366209,0,1.00390625,-0.00390625,0.0,-0.00390625,0.0,0.0,0.0
1709246028,1366210,0,1.00390625,-0.001953125,0.001953125,0.0,0.0,0.0,0.0
1709247279,1366211,0,1.001953125,-0.00390625,-0.00390625,-0.0078125,0.0,0.0,0.0
1709248530,1366212,0,1.005859375,0.0,0.00390625,0.00390625,0.0,0.0,0.0
1709249782,1366213,0,1.00390625,-0.00390625,0.0,-0.00390625,0.0,0.0,0.0
1709251032,1366214,0,1.00390625,0.0,0.0078125,0.0078125,0.0,0.0,0.0
1709252282,1366215,0,1.00390625,-0.00390625,-0.001953125,-0.005859375,0.0,0.0,0.0
1709253532,1366216,0,1.005859375,-0.001953125,-0.001953125,-0.00390625,0.0,0.0,0.0
1709254783,1366217,0,1.0078125,0.0,0.0078125,0.0078125,0.0,0.0,0.0
1709256034,1366218,0,1.0078125,-0.00390625,0.009765625,0.005859375,0.0,0.0,0.0
1709257285,1366219,0,1.0078125,0.0,0.0,0.0,0.0,0.0,0.0
1709258537,1366220,0,1.017578125,0.00390625,-0.005859375,-0.001953125,0.0,0.0,0.0
1709259789,1366221,0,1.001953125,0.001953125,0.0,0.001953125,0.0,0.0,0.0
1709261039,1366222,0,1.0078125,-0.005859375,0.00390625,-0.001953125,0.0,0.0,0.0
1709262290,1366223,0,1.00390625,0.00390625,0.005859375,0.009765625,0.0,0.0,0.0
1709263541,1366224,0,1.005859375,-0.001953125,0.005859375,0.00390625,0.0,0.0,0.0
1709264792,1366225,0,1.009765625,-0.001953125,0.0,-0.001953125,0.0,0.0,0.0
1709266042,1366226,0,0.998046875,0.0,0.001953125,0.001953125,0.0,0.0,0.0
1709267294,1366227,0,1.001953125,-0.005859375,0.0,-0.005859375,0.0,0.0,0.0
1709268545,1366228,0,1.0,-0.001953125,0.001953125,0.0,0.0,0.0,0.0
1709269795,1366229,0,1.0078125,0.0,0.005859375,0.005859375,0.0,0.0,0.0
1709271047,1366230,0,1.005859375,-0.001953125,0.001953125,0.0,0.0,0.0,0.0
1709272298,1366231,0,1.001953125,-0.001953125,0.0,-0.001953125,0.0,0.0,0.0
1709273549,1366232,0,1.001953125,-0.005859375,0.0,-0.005859375,0.0,0.0,0.0
1709274800,1366233,0,1.001953125,0.001953125,-0.00390625,-0.001953125,0.0,0.0,0.0
1709276050,1366234,0,1.0078125,0.0,0.001953125,0.001953125,0.0,0.0,0.0
1709277301,1366235,0,1.00390625,-0.00390625,0.005859375,0.001953125,0.0,0.0,0.0
1709278552,1366236,0,1.005859375,0.0,0.005859375,0.005859375,0.0,0.0,0.0
1709279803,1366237,0,1.001953125,-0.001953125,0.001953125,0.0,0.0,0.0,0.0
1709281053,1366238,0,0.99609375,-0.00390625,0.0078125,0.00390625,0.0,0.0,0.0
1709282305,1366239,0,0.998046875,0.0078125,0.001953125,0.009765625,0.0,0.0,0.0
1709283557,1366240,0,0.9921875,0.0,0.0,0.0,0.0,0.0,0.0
1709284808,1366241,0,0.994140625,-0.001953125,0.0,-0.001953125,0.0,0.0,0.0
1709286059,1366242,0,0.99609375,-0.00390625,-0.001953125,-0.005859375,0.0,0.0,0.0
1709287310,1366243,0,1.009765625,-0.005859375,-0.001953125,-0.0078125,0.0,0.0,0.0
1709288562,1366244,0,1.001953125,-0.001953125,0.005859375,0.00390625,0.0,0.0,0.0
1709289812,1366245,0,0.998046875,0.001953125,-0.00390625,-0.001953125,0.0,0.0,0.0
1709291064,1366246,0,1.00390625,-0.00390625,0.0,-0.00390625,0.0,0.0,0.0
1709292314,1366247,0,1.005859375,-0.00390625,0.001953125,-0.001953125,0.0,0.0,0.0
1709293565,1366248,0,1.005859375,-0.001953125,0.005859375,0.00390625,0.0,0.0,0.0
1709294816,1366249,0,1.005859375,0.0,0.001953125,0.001953125,0.0,0.0,0.0
1709296066,1366250,0,1.005859375,-0.001953125,0.00390625,0.001953125,0.0,0.0,0.0
1709297317,1366251,0,1.00390625,-0.00390625,-0.001953125,-0.005859375,0.0,0.0,0.0
1709298569,1366252,0,1.005859375,-0.00390625,0.00390625,0.0,0.0,0.0,0.0
1709299819,1366253,0,1.001953125,0.001953125,0.001953125,0.00390625,0.0,0.0,0.0
1709301070,1366254,0,1.00390625,0.001953125,0.0,0.001953125,0.0,0.0,0.0
1709302321,1366255,0,0.998046875,-0.00390625,0.0,-0.00390625,0.0,0.0,0.0
1709303571,1366256,0,1.0,0.0,0.001953125,0.001953125,0.0,0.0,0.0
1709304822,1366257,0,1.00390625,0.001953125,0.005859375,0.0078125,0.0,0.0,0.0
1709306074,1366258,0,1.00390625,-0.001953125,0.0,-0.001953125,0.0,0.0,0.0
1709307324,1366259,0,1.005859375,-0.005859375,0.0,-0.005859375,0.0,0.0,0.0
1709308575,1366260,0,1.0,-0.005859375,0.0,-0.005859375,0.0,0.0,0.0
1709309827,1366261,0,1.0078125,-0.00390625,0.005859375,0.001953125,0.0,0.0,0.0
1709311077,1366262,0,1.005859375,-0.00390625,0.001953125,-0.001953125,0.0,0.0,0.0
1709312328,1366263,0,1.0,-0.00390625,-0.001953125,-0.005859375,0.0,0.0,0.0
1709313580,1366264,0,1.0078125,-0.00390625,0.001953125,-0.001953125,0.0,0.0,0.0
1709314832,1366265,0,1.009765625,-0.00390625,0.005859375,0.001953125,0.0,0.0,0.0
1709316082,1366266,0,1.005859375,-0.00390625,0.0,-0.00390625,0.0,0.0,0.0
1709317333,1366267,0,1.0,-0.00390625,-0.005859375,-0.009765625,0.0,0.0,0.0
1709318585,1366268,0,1.005859375,0.0,0.001953125,0.001953125,0.0,0.0,0.0
1709319835,1366269,0,1.00390625,-0.001953125,-0.0078125,-0.009765625,0.0,0.0,0.0
1709321086,1366270,0,1.001953125,-0.00390625,0.005859375,0.001953125,0.0,0.0,0.0
1709322338,1366271,0,1.005859375,-0.001953125,-0.001953125,-0.00390625,0.0,0.0,0.0
1709323589,1366272,0,1.001953125,-0.005859375,0.0,-0.005859375,0.0,0.0,0.0
1709324840,1366273,0,1.005859375,0.0,-0.001953125,-0.001953125,0.0,0.0,0.0
1709326092,1366274,0,1.00390625,-0.00390625,0.001953125,-0.001953125,0.0,0.0,0.0
1709327343,1366275,0,1.0078125,-0.00390625,0.0,-0.00390625,0.0,0.0,0.0
1709328594,1366276,0,1.001953125,-0.001953125,0.005859375,0.00390625,0.0,0.0,0.0
1709329845,1366277,0,1.001953125,0.001953125,0.009765625,0.01171875,0.0,0.0,0.0
1709331096,1366278,0,1.005859375,-0.001953125,0.001953125,0.0,0.0,0.0,0.0
1709332346,1366279,0,1.0,-0.001953125,0.0078125,0.005859375,0.0,0.0,0.0
1709333598,1366280,0,1.00390625,0.001953125,0.0,0.001953125,0.0,0.0,0.0
1709334849,1366281,0,1.001953125,-0.001953125,-0.001953125,-0.00390625,0.0,0.0,0.0
1709336099,1366282,0,1.0,0.0,0.00390625,0.00390625,0.0,0.0,0.0
1709337350,1366283,0,1.0,-0.00390625,0.001953125,-0.001953125,0.0,0.0,0.0
1709338601,1366284,0,1.00390625,0.005859375,0.001953125,0.0078125,0.0,0.0,0.0
1709339852,1366285,0,1.009765625,-0.001953125,0.005859375,0.00390625,0.0,0.0,0.0
1709341103,1366286,0,1.005859375,-0.005859375,0.001953125,-0.00390625,0.0,0.0,0.0
1709342354,1366287,0,1.0,-0.001953125,0.00390625,0.001953125,0.0,0.0,0.0
1709343605,1366288,0,1.0,0.0,0.00390625,0.00390625,0.0,0.0,0.0
1709344855,1366289,0,1.00390625,-0.001953125,0.005859375,0.00390625,0.0,0.0,0.0
1709346107,1366290,0,0.99609375,-0.005859375,0.001953125,-0.00390625,0.0,0.0,0.0
1709347357,1366291,0,1.0078125,0.0,0.0,0.0,0.0,0.0,0.0
1709348607,1366292,0,1.005859375,0.0,0.001953125,0.001953125,0.0,0.0,0.0
1709349859,1366293,0,1.0078125,-0.001953125,0.005859375,0.00390625,0.0,0.0,0.0
1709351109,1366294,0,1.0078125,0.001953125,0.0,0.001953125,0.0,0.0,0.0
1709352361,1366295,0,1.0,-0.001953125,0.00390625,0.001953125,0.0,0.0,0.0
1709353611,1366296,0,1.009765625,-0.001953125,0.00390625,0.001953125,0.0,0.0,0.0
1709354861,1366297,0,1.0,-0.001953125,0.0,-0.001953125,0.0,0.0,0.0
1709356113,1366298,0,1.001953125,-0.00390625,0.00390625,0.0,0.0,0.0,0.0
1709357364,1366299,0,1.0,0.00390625,0.005859375,0.009765625,0.0,0.0,0.0
1709358616,1366300,0,1.00390625,-0.00390625,0.001953125,-0.001953125,0.0,0.0,0.0
1709359866,1366301,0,1.00390625,0.0,0.005859375,0.005859375,0.0,0.0,0.0
1709361118,1366302,0,1.00390625,0.0,0.00390625,0.00390625,0.0,0.0,0.0
1709362368,1366303,0,0.998046875,0.0,0.0,0.0,0.0,0.0,0.0
1709363619,1366304,0,1.0,-0.00390625,-0.001953125,-0.005859375,0.0,0.0,0.0
1709364869,1366305,0,0.998046875,-0.001953125,0.005859375,0.00390625,0.0,0.0,0.0
1709366119,1366306,0,1.005859375,0.001953125,0.001953125,0.00390625,0.0,0.0,0.0
1709367371,1366307,0,1.001953125,-0.001953125,0.005859375,0.00390625,0.0,0.0,0.0
1709368622,1366308,0,1.005859375,-0.005859375,0.001953125,-0.00390625,0.0,0.0,0.0
1709369874,1366309,0,1.001953125,0.0,0.0,0.0,0.0,0.0,0.0
1709371124,1366310,0,0.994140625,-0.001953125,-0.001953125,-0.00390625,0.0,0.0,0.0
1709372375,1366311,0,1.00390625,-0.00390625,-0.001953125,-0.005859375,0.0,0.0,0.0
1709373625,1366312,0,1.0078125,0.0,0.005859375,0.005859375,0.0,0.0,0.0
1709374877,1366313,0,1.0078125,-0.001953125,0.0,-0.001953125,0.0,0.0,0.0
1709376127,1366314,0,1.001953125,0.0,0.00390625,0.00390625,0.0,0.0,0.0
1709377377,1366315,0,1.00390625,0.0,-0.001953125,-0.001953125,0.0,0.0,0.0
1709378629,1366316,0,1.0,0.0,-0.001953125,-0.001953125,0.0,0.0,0.0
1709379879,1366317,0,1.00390625,-0.00390625,-0.001953125,-0.005859375,0.0,0.0,0.0
1709381130,1366318,0,1.001953125,-0.001953125,0.0078125,0.005859375,0.0,0.0,0.0
1709382381,1366319,0,1.005859375,-0.00390625,-0.001953125,-0.005859375,0.0,0.0,0.0
1709383631,1366320,0,1.0078125,-0.001953125,0.005859375,0.00390625,0.0,0.0,0.0
1709384882,1366321,0,1.005859375,0.0,0.005859375,0.005859375,0.0,0.0,0.0
1709386133,1366322,0,0.998046875,-0.001953125,0.0,-0.001953125,0.0,0.0,0.0
1709387384,1366323,0,1.005859375,0.0,0.0,0.0,0.0,0.0,0.0
1709388635,1366324,0,1.005859375,0.0,0.001953125,0.001953125,0.0,0.0,0.0
1709389885,1366325,0,1.00390625,-0.00390625,0.001953125,-0.001953125,0.0,0.0,0.0
1709391136,1366326,0,1.001953125,0.0,0.0,0.0,0.0,0.0,0.0
1709392387,1366327,0,0.994140625,0.00390625,0.00390625,0.0078125,0.0,0.0,0.0
1709393638,1366328,0,0.99609375,0.00390625,0.0,0.00390625,0.0,0.0,0.0
1709394889,1366329,0,1.009765625,-0.001953125,0.0078125,0.005859375,0.0,0.0,0.0
1709396140,1366330,0,1.009765625,0.0,0.0078125,0.0078125,0.0,0.0,0.0
1709397392,1366331,0,1.001953125,-0.001953125,0.009765625,0.0078125,0.0,0.0,0.0
1709398642,1366332,0,1.0078125,0.0,0.001953125,0.001953125,0.0,0.0,0.0
1709399894,1366333,0,1.005859375,-0.0078125,0.0078125,0.0,0.0,0.0,0.0
1709401145,1366334,0,1.0,0.0,0.0,0.0,0.0,0.0,0.0
1709402395,1366335,0,1.005859375,-0.001953125,-0.001953125,-0.00390625,0.0,0.0,0.0
1709403646,1366336,0,0.998046875,-0.001953125,-0.005859375,-0.0078125,0.0,0.0,0.0
1709404898,1366337,0,1.00390625,0.00390625,0.001953125,0.005859375,0.0,0.0,0.0
1709406149,1366338,0,1.00390625,0.0,-0.001953125,-0.001953125,0.0,0.0,0.0
1709407400,1366339,0,1.0,0.0,0.0,0.0,0.0,0.0,0.0
1709408651,1366340,0,1.001953125,-0.001953125,0.0,-0.001953125,0.0,0.0,0.0
1709409902,1366341,0,1.00390625,-0.001953125,0.005859375,0.00390625,0.0,0.0,0.0
1709411154,1366342,0,0.998046875,0.0,-0.001953125,-0.001953125,0.0,0.0,0.0
1709412405,1366343,0,1.0078125,0.0,0.0,0.0,0.0,0.0,0.0
1709413657,1366344,0,1.005859375,0.0,0.001953125,0.001953125,0.0,0.0,0.0
1709414907,1366345,0,1.001953125,0.00390625,0.005859375,0.009765625,0.0,0.0,0.0
1709416158,1366346,0,1.009765625,-0.001953125,-0.00390625,-0.005859375,0.0,0.0,0.0
1709417409,1366347,0,1.005859375,-0.00390625,0.00390625,0.0,0.0,0.0,0.0
1709418660,1366348,0,1.0,0.0,-0.001953125,-0.001953125,0.0,0.0,0.0
1709419911,1366349,0,1.00390625,0.001953125,0.001953125,0.00390625,0.0,0.0,0.0
1709421161,1366350,0,1.005859375,0.0,0.0,0.0,0.0,0.0,0.0
1709422412,1366351,0,0.994140625,0.00390625,0.009765625,0.013671875,0.0,0.0,0.0
1709423664,1366352,0,1.0,0.005859375,0.001953125,0.0078125,0.0,0.0,0.0
1709424915,1366353,0,1.00390625,0.0,0.0078125,0.0078125,0.0,0.0,0.0
1709426166,1366354,0,1.009765625,-0.00390625,0.0,-0.00390625,0.0,0.0,0.0
1709427417,1366355,0,1.005859375,-0.001953125,0.0078125,0.005859375,0.0,0.0,0.0
1709428668,1366356,0,1.001953125,-0.001953125,0.00390625,0.001953125,0.0,0.0,0.0
1709429920,1366357,0,1.0078125,0.0,0.0,0.0,0.0,0.0,0.0
1709431172,1366358,0,1.009765625,-0.001953125,0.0,-0.001953125,0.0,0.0,0.0
1709432422,1366359,0,1.0078125,-0.005859375,0.001953125,-0.00390625,0.0,0.0,0.0
1709433673,1366360,0,1.001953125,0.001953125,0.005859375,0.0078125,0.0,0.0,0.0
1709434924,1366361,0,1.00390625,0.0,0.00390625,0.00390625,0.0,0.0,0.0
1709436174,1366362,0,1.00390625,-0.005859375,0.005859375,0.0,0.0,0.0,0.0
1709437425,1366363,0,1.0078125,-0.001953125,0.00390625,0.001953125,0.0,0.0,0.0
1709438676,1366364,0,1.01171875,-0.001953125,0.00390625,0.001953125,0.0,0.0,0.0
1709439927,1366365,0,1.013671875,-0.001953125,0.017578125,0.015625,0.0,0.0,0.0
1709441177,1366366,0,1.025390625,-0.00390625,0.037109375,0.033203125,0.0,0.0,0.0
1709442427,1366367,0,1.025390625,-0.015625,0.03125,0.015625,0.0,0.0,0.0
1709443679,1366368,0,1.052734375,0.009765625,0.0703125,0.080078125,0.0,0.0,0.0
1709444929,1366369,0,0.98828125,0.01171875,-0.046875,-0.03515625,0.0,0.0,0.0
1709446179,1366370,0,0.962890625,0.07421875,-0.095703125,-0.021484375,0.0,0.0,0.0
1709447431,1366371,0,1.00390625,-0.0390625,0.001953125,-0.037109375,0.0,0.0,0.0
1709448681,1366372,0,0.962890625,0.123046875,-0.052734375,0.0703125,0.0,0.0,0.0
1709449932,1366373,0,0.978515625,0.1015625,-0.056640625,0.044921875,0.0,0.0,0.0
1709451182,1366374,0,0.994140625,0.013671875,-0.015625,-0.001953125,0.0,0.0,0.0
1709452432,1366375,0,1.037109375,-0.068359375,0.044921875,-0.0234375,0.0,0.0,0.0
1709453684,1366376,0,1.060546875,-0.005859375,0.05859375,0.052734375,0.0,0.0,0.0
1709454934,1366377,0,0.994140625,-0.00390625,-0.021484375,-0.025390625,0.0,0.0,0.0
1709456184,1366378,0,0.96875,-0.001953125,-0.029296875,-0.03125,0.0,0.0,0.0
1709457436,1366379,0,1.03515625,0.0078125,0.0390625,0.046875,0.0,0.0,0.0
1709458686,1366380,0,0.962890625,-0.0390625,-0.00390625,-0.04296875,0.0,0.0,0.0
1709459937,1366381,0,0.955078125,-0.01171875,-0.0234375,-0.03515625,0.0,0.0,0.0
1709461188,1366382,0,1.02734375,-0.0234375,0.0859375,0.0625,0.0,0.0,0.0
1709462439,1366383,0,1.205078125,-0.14453125,0.6484375,0.50390625,0.0,0.0,0.0
1709463691,1366384,0,0.12890625,1.19921875,-1.400390625,-0.201171875,0.0,0.0,0.0
1709464942,1366385,0,1.04296875,3.365234375,-2.1796875,1.185546875,0.0,0.0,0.0
1709466192,1366386,0,1.357421875,0.533203125,-0.16015625,0.373046875,0.0,0.0,0.0
1709467443,1366387,0,0.8515625,1.126953125,-0.486328125,0.640625,0.0,0.0,0.0
1709468695,1366388,0,0.830078125,0.734375,-0.265625,0.46875,0.0,0.0,0.0
1709469945,1366389,0,0.892578125,0.8046875,-0.4921875,0.3125,0.0,0.0,0.0
1709471197,1366390,0,1.419921875,0.80859375,-0.033203125,0.775390625,0.0,0.0,0.0
1709472448,1366391,0,1.482421875,1.37890625,-0.01953125,1.359375,0.0,0.0,0.0
1709473698,1366392,0,0.705078125,1.513671875,-0.861328125,0.65234375,0.0,0.0,0.0
1709474949,1366393,0,0.845703125,1.162109375,0.18359375,1.345703125,0.0,0.0,0.0
1709476199,1366394,0,1.185546875,0.62109375,-0.099609375,0.521484375,0.0,0.0,0.0
1709477449,1366395,0,0.76171875,0.38671875,-0.0859375,0.30078125,0.0,0.0,0.0
1709478701,1366396,0,1.125,0.234375,0.3671875,0.6015625,0.0,0.0,0.0
1709479951,1366397,0,1.2421875,0.140625,0.587890625,0.728515625,0.0,0.0,0.0
1709481202,1366398,0,1.15625,0.205078125,0.537109375,0.7421875,0.0,0.0,0.0
1709482453,1366399,0,0.90234375,0.23828125,0.353515625,0.591796875,0.0,0.0,0.0
1709483704,1366400,0,0.810546875,0.1875,0.171875,0.359375,0.0,0.0,0.0
1709484954,1366401,0,1.046875,0.1875,0.388671875,0.576171875,0.0,0.0,0.0
1709486205,1366402,0,0.90234375,-0.140625,0.337890625,0.197265625,0.0,0.0,0.0
1709487457,1366403,0,0.76171875,-0.154296875,0.099609375,-0.0546875,0.0,0.0,0.0
1709488707,1366404,0,0.958984375,-0.296875,0.51171875,0.21484375,0.0,0.0,0.0
1709489959,1366405,0,1.181640625,-0.474609375,0.84375,0.369140625,0.0,0.0,0.0
1709491209,1366406,0,1.126953125,-0.537109375,0.77734375,0.240234375,0.0,0.0,0.0
1709492460,1366407,0,1.025390625,-0.583984375,0.61328125,0.029296875,0.0,0.0,0.0
1709493711,1366408,0,0.966796875,-0.650390625,0.54296875,-0.107421875,0.0,0.0,0.0
1709494961,1366409,0,0.998046875,-0.66796875,0.609375,-0.05859375,0.0,0.0,0.0
1709496211,1366410,0,0.962890625,-0.755859375,0.603515625,-0.15234375,0.0,0.0,0.0
1709497461,1366411,0,0.91796875,-0.810546875,0.533203125,-0.27734375,0.0,0.0,0.0
1709498712,1366412,0,1.0,-0.861328125,0.61328125,-0.248046875,0.0,0.0,0.0
1709499962,1366413,0,1.130859375,-0.947265625,0.78125,-0.166015625,0.0,0.0,0.0
1709501212,1366414,0,1.130859375,-1.03125,0.771484375,-0.259765625,0.0,0.0,0.0
1709502463,1366415,0,1.021484375,-1.03125,0.6171875,-0.4140625,0.0,0.0,0.0
1709503713,1366416,0,0.970703125,-1.03125,0.55078125,-0.48046875,0.0,0.0,0.0
1709504965,1366417,0,0.97265625,-0.9921875,0.546875,-0.4453125,0.0,0.0,0.0
1709506216,1366418,0,0.9453125,-0.94921875,0.51953125,-0.4296875,0.0,0.0,0.0
1709507468,1366419,0,0.94921875,-0.91796875,0.470703125,-0.447265625,0.0,0.0,0.0
1709508718,1366420,0,1.009765625,-0.89453125,0.515625,-0.37890625,0.0,0.0,0.0
1709509970,1366421,0,1.0859375,-0.8828125,0.599609375,-0.283203125,0.0,0.0,0.0
1709511221,1366422,0,1.099609375,-0.853515625,0.6015625,-0.251953125,0.0,0.0,0.0
1709512471,1366423,0,1.037109375,-0.791015625,0.5,-0.291015625,0.0,0.0,0.0
1709513722,1366424,0,1.0,-0.712890625,0.42578125,-0.287109375,0.0,0.0,0.0
1709514973,1366425,0,0.9765625,-0.62109375,0.392578125,-0.228515625,0.0,0.0,0.0
1709516225,1366426,0,0.947265625,-0.54296875,0.330078125,-0.212890625,0.0,0.0,0.0
1709517477,1366427,0,0.951171875,-0.4609375,0.279296875,-0.181640625,0.0,0.0,0.0
1709518728,1366428,0,1.00390625,-0.37890625,0.302734375,-0.076171875,0.0,0.0,0.0
1709519978,1366429,0,1.076171875,-0.298828125,0.333984375,0.03515625,0.0,0.0,0.0
1709521229,1366430,0,1.08984375,-0.21875,0.32421875,0.10546875,0.0,0.0,0.0
1709522481,1366431,0,1.048828125,-0.146484375,0.2421875,0.095703125,0.0,0.0,0.0
1709523731,1366432,0,1.025390625,-0.08203125,0.111328125,0.029296875,0.0,0.0,0.0
1709524982,1366433,0,0.939453125,0.0,-0.064453125,-0.064453125,0.0,0.0,0.0
1709526233,1366434,0,0.927734375,0.076171875,-0.048828125,0.02734375,0.0,0.0,0.0
1709527483,1366435,0,0.943359375,0.150390625,-0.05859375,0.091796875,0.0,0.0,0.0
1709528734,1366436,0,0.974609375,0.20703125,-0.02734375,0.1796875,0.0,0.0,0.0
1709529984,1366437,0,1.0234375,0.318359375,-0.04296875,0.275390625,0.0,0.0,0.0
1709531235,1366438,0,1.041015625,0.357421875,-0.0703125,0.287109375,0.0,0.0,0.0
1709532486,1366439,0,1.037109375,0.408203125,-0.10546875,0.302734375,0.0,0.0,0.0
1709533736,1366440,0,0.978515625,0.453125,-0.193359375,0.259765625,0.0,0.0,0.0
1709534987,1366441,0,0.96875,0.486328125,-0.244140625,0.2421875,0.0,0.0,0.0
1709536238,1366442,0,0.986328125,0.541015625,-0.24609375,0.294921875,0.0,0.0,0.0
1709537489,1366443,0,0.9921875,0.560546875,-0.24609375,0.314453125,0.0,0.0,0.0
1709538739,1366444,0,1.021484375,0.57421875,-0.259765625,0.314453125,0.0,0.0,0.0
1709539990,1366445,0,1.056640625,0.58203125,-0.244140625,0.337890625,0.0,0.0,0.0
1709541241,1366446,0,1.056640625,0.58203125,-0.24609375,0.3359375,0.0,0.0,0.0
1709542492,1366447,0,1.0390625,0.58984375,-0.263671875,0.326171875,0.0,0.0,0.0
1709543742,1366448,0,1.001953125,0.603515625,-0.294921875,0.30859375,0.0,0.0,0.0
1709544993,1366449,0,0.970703125,0.603515625,-0.330078125,0.2734375,0.0,0.0,0.0
1709546244,1366450,0,0.974609375,0.59765625,-0.318359375,0.279296875,0.0,0.0,0.0
1709547494,1366451,0,0.986328125,0.583984375,-0.306640625,0.27734375,0.0,0.0,0.0
1709548746,1366452,0,1.0,0.560546875,-0.287109375,0.2734375,0.0,0.0,0.0
1709549997,1366453,0,1.025390625,0.517578125,-0.26171875,0.255859375,0.0,0.0,0.0
1709551248,1366454,0,1.0390625,0.49609375,-0.220703125,0.275390625,0.0,0.0,0.0
1709552499,1366455,0,1.02734375,0.458984375,-0.2109375,0.248046875,0.0,0.0,0.0
1709553750,1366456,0,0.994140625,0.4453125,-0.203125,0.2421875,0.0,0.0,0.0
1709555001,1366457,0,0.986328125,0.416015625,-0.189453125,0.2265625,0.0,0.0,0.0
1709556252,1366458,0,0.98046875,0.380859375,-0.166015625,0.21484375,0.0,0.0,0.0
1709557502,1366459,0,0.9921875,0.328125,-0.134765625,0.193359375,0.0,0.0,0.0
1709558753,1366460,0,1.0078125,0.28515625,-0.103515625,0.181640625,0.0,0.0,0.0
1709560004,1366461,0,1.02734375,0.232421875,-0.06640625,0.166015625,0.0,0.0,0.0
1709561255,1366462,0,1.03515625,0.1796875,-0.025390625,0.154296875,0.0,0.0,0.0
1709562505,1366463,0,1.01953125,0.12890625,-0.00390625,0.125,0.0,0.0,0.0
1709563756,1366464,0,0.998046875,0.09375,0.00390625,0.09765625,0.0,0.0,0.0
1709565008,1366465,0,0.990234375,0.021484375,-0.001953125,0.01953125,0.0,0.0,0.0
1709566258,1366466,0,0.984375,-0.0078125,0.0,-0.0078125,0.0,0.0,0.0
1709567509,1366467,0,0.986328125,-0.046875,0.05859375,0.01171875,0.0,0.0,0.0
1709568759,1366468,0,1.013671875,-0.083984375,0.103515625,0.01953125,0.0,0.0,0.0
1709570010,1366469,0,1.0234375,-0.1328125,0.123046875,-0.009765625,0.0,0.0,0.0
1709571261,1366470,0,0.994140625,-0.17578125,0.109375,-0.06640625,0.0,0.0,0.0
1709572513,1366471,0,0.998046875,-0.2109375,0.12109375,-0.08984375,0.0,0.0,0.0
1709573764,1366472,0,0.9921875,-0.23828125,0.15234375,-0.0859375,0.0,0.0,0.0
1709575015,1366473,0,0.9921875,-0.275390625,0.171875,-0.103515625,0.0,0.0,0.0
1709576270,1366474,0,0.982421875,-0.298828125,0.1640625,-0.134765625,0.0,0.0,0.0
1709577521,1366475,0,0.9765625,-0.3203125,0.181640625,-0.138671875,0.0,0.0,0.0
1709578772,1366476,0,0.998046875,-0.345703125,0.197265625,-0.1484375,0.0,0.0,0.0
1709580024,1366477,0,1.02734375,-0.3671875,0.220703125,-0.146484375,0.0,0.0,0.0
1709581275,1366478,0,1.0390625,-0.375,0.23828125,-0.13671875,0.0,0.0,0.0
1709582527,1366479,0,1.033203125,-0.390625,0.216796875,-0.173828125,0.0,0.0,0.0
1709583778,1366480,0,1.005859375,-0.384765625,0.203125,-0.181640625,0.0,0.0,0.0
1709585028,1366481,0,0.982421875,-0.37890625,0.19140625,-0.1875,0.0,0.0,0.0
1709586279,1366482,0,0.98046875,-0.375,0.1796875,-0.1953125,0.0,0.0,0.0
1709587530,1366483,0,0.990234375,-0.36328125,0.181640625,-0.181640625,0.0,0.0,0.0
1709588782,1366484,0,1.021484375,-0.34765625,0.189453125,-0.158203125,0.0,0.0,0.0
1709590032,1366485,0,1.029296875,-0.33203125,0.1875,-0.14453125,0.0,0.0,-7541229206110208.0
1709592532,1366487,0,1.017578125,-0.279296875,0.166015625,-0.11328125,0.0,0.0,0.0
1709593783,1366488,0,1.001953125,-0.2578125,0.12890625,-0.12890625,0.0,0.0,0.0
1709595034,1366489,0,0.98828125,-0.22265625,0.1171875,-0.10546875,0.0,0.0,0.0
1709596285,1366490,0,0.986328125,-0.19140625,0.083984375,-0.107421875,0.0,0.0,0.0
1709597537,1366491,0,0.998046875,-0.162109375,0.07421875,-0.087890625,0.0,0.0,0.0
1709598789,1366492,0,1.00390625,-0.1328125,0.056640625,-0.076171875,0.0,0.0,0.0
1709600039,1366493,0,1.009765625,-0.09765625,0.03125,-0.06640625,0.0,0.0,0.0
1709601290,1366494,0,1.025390625,-0.0703125,0.0390625,-0.03125,0.0,0.0,0.0
1709602541,1366495,0,1.01171875,-0.041015625,0.03515625,-0.005859375,0.0,0.0,0.0
1709603792,1366496,0,1.009765625,-0.009765625,0.001953125,-0.0078125,0.0,0.0,0.0
1709605042,1366497,0,0.98828125,0.02734375,-0.015625,0.01171875,0.0,0.0,0.0
1709606294,1366498,0,0.994140625,0.0625,-0.03125,0.03125,0.0,0.0,0.0
1709607545,1366499,0,1.0,0.08203125,-0.044921875,0.037109375,0.0,0.0,0.0
1709608795,1366500,0,1.00390625,0.109375,-0.052734375,0.056640625,0.0,0.0,0.0
1709610047,1366501,0,1.0,0.12890625,-0.072265625,0.056640625,0.0,0.0,0.0
1709611298,1366502,0,1.013671875,0.1484375,-0.072265625,0.076171875,0.0,0.0,0.0
1709612549,1366503,0,1.017578125,0.17578125,-0.078125,0.09765625,0.0,0.0,0.0
1709613800,1366504,0,1.0,0.189453125,-0.087890625,0.1015625,0.0,0.0,0.0
1709615050,1366505,0,1.00390625,0.208984375,-0.103515625,0.10546875,0.0,0.0,0.0
1709616301,1366506,0,0.998046875,0.228515625,-0.10546875,0.123046875,0.0,0.0,0.0
1709617552,1366507,0,1.001953125,0.234375,-0.109375,0.125,0.0,0.0,0.0
1709618803,1366508,0,1.005859375,0.236328125,-0.109375,0.126953125,0.0,0.0,0.0
1709620053,1366509,0,1.0078125,0.23828125,-0.11328125,0.125,0.0,0.0,0.0
1709621305,1366510,0,1.01171875,0.23828125,-0.107421875,0.130859375,0.0,0.0,0.0
1709622557,1366511,0,1.009765625,0.24609375,-0.11328125,0.1328125,0.0,0.0,0.0
1709623808,1366512,0,1.00390625,0.240234375,-0.111328125,0.12890625,0.0,0.0,0.0
1709625059,1366513,0,0.998046875,0.23828125,-0.115234375,0.123046875,0.0,0.0,0.0
1709626310,1366514,0,0.998046875,0.224609375,-0.109375,0.115234375,0.0,0.0,0.0
1709627562,1366515,0,0.998046875,0.21875,-0.103515625,0.115234375,0.0,0.0,0.0
1709628812,1366516,0,1.0078125,0.2109375,-0.09765625,0.11328125,0.0,0.0,0.0
1709630064,1366517,0,1.015625,0.197265625,-0.09375,0.103515625,0.0,0.0,0.0
1709631314,1366518,0,1.009765625,0.1796875,-0.0703125,0.109375,0.0,0.0,0.0
1709632565,1366519,0,1.005859375,0.15625,-0.072265625,0.083984375,0.0,0.0,0.0
1709633816,1366520,0,1.005859375,0.14453125,-0.068359375,0.076171875,0.0,0.0,0.0
1709635066,1366521,0,0.986328125,0.12109375,-0.06640625,0.0546875,0.0,0.0,0.0
1709636317,1366522,0,0.99609375,0.08203125,-0.044921875,0.037109375,0.0,0.0,0.0
1709637569,1366523,0,1.00390625,0.064453125,-0.033203125,0.03125,0.0,0.0,0.0
1709638819,1366524,0,1.0078125,0.037109375,-0.0078125,0.029296875,0.0,0.0,0.0
1709640070,1366525,0,1.005859375,0.013671875,0.0,0.013671875,0.0,0.0,0.0
1709641321,1366526,0,1.009765625,-0.009765625,0.015625,0.005859375,0.0,0.0,0.0
1709642571,1366527,0,1.001953125,-0.021484375,0.015625,-0.005859375,0.0,0.0,0.0
1709643822,1366528,0,1.0,-0.04296875,0.013671875,-0.029296875,0.0,0.0,0.0
1709645074,1366529,0,0.998046875,-0.06640625,0.025390625,-0.041015625,0.0,0.0,0.0
1709646324,1366530,0,0.998046875,-0.080078125,0.033203125,-0.046875,0.0,0.0,0.0
1709647575,1366531,0,0.99609375,-0.09375,0.04296875,-0.05078125,0.0,0.0,0.0
1709648827,1366532,0,1.001953125,-0.11328125,0.05078125,-0.0625,0.0,0.0,0.0
1709650077,1366533,0,1.009765625,-0.125,0.05859375,-0.06640625,0.0,0.0,0.0
1709651328,1366534,0,1.01171875,-0.1328125,0.068359375,-0.064453125,0.0,0.0,0.0
1709652580,1366535,0,1.009765625,-0.146484375,0.068359375,-0.078125,0.0,0.0,0.0
1709653832,1366536,0,1.005859375,-0.150390625,0.056640625,-0.09375,0.0,0.0,0.0
1709655082,1366537,0,0.994140625,-0.162109375,0.052734375,-0.109375,0.0,0.0,0.0
1709656333,1366538,0,1.0,-0.1640625,0.06640625,-0.09765625,0.0,0.0,0.0
1709657585,1366539,0,1.00390625,-0.169921875,0.05859375,-0.111328125,0.0,0.0,0.0
1709658835,1366540,0,1.00390625,-0.166015625,0.068359375,-0.09765625,0.0,0.0,0.0
1709660086,1366541,0,1.015625,-0.166015625,0.068359375,-0.09765625,0.0,0.0,0.0
1709661338,1366542,0,1.01953125,-0.16796875,0.07421875,-0.09375,0.0,0.0,0.0
1709662589,1366543,0,1.00390625,-0.15625,0.068359375,-0.087890625,0.0,0.0,0.0
1709663840,1366544,0,1.01171875,-0.154296875,0.05859375,-0.095703125,0.0,0.0,0.0
1709665092,1366545,0,1.005859375,-0.146484375,0.0625,-0.083984375,0.0,0.0,0.0
1709666343,1366546,0,0.998046875,-0.1328125,0.048828125,-0.083984375,0.0,0.0,0.0
1709667594,1366547,0,1.00390625,-0.125,0.046875,-0.078125,0.0,0.0,0.0
1709668845,1366548,0,1.0,-0.11328125,0.037109375,-0.076171875,0.0,0.0,0.0
1709670096,1366549,0,1.001953125,-0.10546875,0.037109375,-0.068359375,0.0,0.0,0.0
1709671346,1366550,0,1.0078125,-0.09375,0.0390625,-0.0546875,0.0,0.0,0.0
1709672598,1366551,0,1.005859375,-0.080078125,0.03125,-0.048828125,0.0,0.0,0.0
1709673849,1366552,0,1.0,-0.064453125,0.021484375,-0.04296875,0.0,0.0,0.0
1709675099,1366553,0,1.001953125,-0.046875,0.01171875,-0.03515625,0.0,0.0,0.0
1709676350,1366554,0,1.005859375,-0.03125,0.013671875,-0.017578125,0.0,0.0,0.0
1709677601,1366555,0,1.005859375,-0.021484375,0.0078125,-0.013671875,0.0,0.0,0.0
1709678852,1366556,0,1.01171875,-0.005859375,0.00390625,-0.001953125,0.0,0.0,0.0
1709680103,1366557,0,1.0078125,0.009765625,-0.00390625,0.005859375,0.0,0.0,0.0
1709681354,1366558,0,0.998046875,0.015625,-0.0078125,0.0078125,0.0,0.0,0.0
1709682605,1366559,0,1.001953125,0.02734375,-0.021484375,0.005859375,0.0,0.0,0.0
1709683855,1366560,0,1.005859375,0.046875,-0.021484375,0.025390625,0.0,0.0,0.0
1709685107,1366561,0,1.005859375,0.0546875,-0.025390625,0.029296875,0.0,0.0,0.0
1709686357,1366562,0,1.00390625,0.06640625,-0.037109375,0.029296875,0.0,0.0,0.0
1709687607,1366563,0,1.0078125,0.07421875,-0.025390625,0.048828125,0.0,0.0,0.0
1709688859,1366564,0,1.01171875,0.08984375,-0.037109375,0.052734375,0.0,0.0,0.0
1709690109,1366565,0,1.001953125,0.08984375,-0.03515625,0.0546875,0.0,0.0,0.0
1709691361,1366566,0,1.005859375,0.099609375,-0.041015625,0.05859375,0.0,0.0,0.0
1709692611,1366567,0,1.005859375,0.099609375,-0.046875,0.052734375,0.0,0.0,0.0
1709693861,1366568,0,1.001953125,0.099609375,-0.044921875,0.0546875,0.0,0.0,0.0
1709695113,1366569,0,0.99609375,0.103515625,-0.041015625,0.0625,0.0,0.0,0.0
1709696364,1366570,0,1.00390625,0.1015625,-0.044921875,0.056640625,0.0,0.0,0.0
1709697616,1366571,0,1.005859375,0.095703125,-0.0390625,0.056640625,0.0,0.0,0.0
1709698866,1366572,0,1.005859375,0.09765625,-0.044921875,0.052734375,0.0,0.0,0.0
1709700118,1366573,0,1.009765625,0.091796875,-0.037109375,0.0546875,0.0,0.0,0.0
1709701368,1366574,0,1.00390625,0.08984375,-0.03515625,0.0546875,0.0,0.0,0.0
1709702619,1366575,0,1.001953125,0.083984375,-0.03515625,0.048828125,0.0,0.0,0.0
1709703869,1366576,0,1.005859375,0.07421875,-0.03125,0.04296875,0.0,0.0,0.0
1709705119,1366577,0,0.998046875,0.06640625,-0.03515625,0.03125,0.0,0.0,0.0
1709706371,1366578,0,1.0,0.0546875,-0.029296875,0.025390625,0.0,0.0,0.0
1709707622,1366579,0,1.00390625,0.048828125,-0.025390625,0.0234375,0.0,0.0,0.0
1709708874,1366580,0,1.005859375,0.03125,-0.015625,0.015625,0.0,0.0,0.0
1709710124,1366581,0,1.0078125,0.03125,-0.013671875,0.017578125,0.0,0.0,0.0
1709711375,1366582,0,1.0,0.015625,-0.015625,0.0,0.0,0.0,0.0
1709712625,1366583,0,1.005859375,0.005859375,-0.01953125,-0.013671875,0.0,0.0,0.0
1709713877,1366584,0,0.998046875,0.0,-0.009765625,-0.009765625,0.0,0.0,0.0
1709715127,1366585,0,1.0078125,-0.00390625,-0.01171875,-0.015625,0.0,0.0,0.0
1709716377,1366586,0,1.00390625,-0.01953125,0.0,-0.01953125,0.0,0.0,0.0
1709717629,1366587,0,1.001953125,-0.025390625,-0.001953125,-0.02734375,0.0,0.0,0.0
1709718879,1366588,0,1.001953125,-0.0390625,0.0,-0.0390625,0.0,0.0,0.0
1709720130,1366589,0,1.005859375,-0.044921875,0.009765625,-0.03515625,0.0,0.0,0.0
1709721381,1366590,0,1.00390625,-0.046875,0.01171875,-0.03515625,0.0,0.0,0.0
1709722631,1366591,0,1.005859375,-0.056640625,0.009765625,-0.046875,0.0,0.0,0.0
1709723882,1366592,0,1.0078125,-0.064453125,0.017578125,-0.046875,0.0,0.0,0.0
1709725133,1366593,0,1.0,-0.068359375,0.013671875,-0.0546875,0.0,0.0,0.0
1709726384,1366594,0,1.0,-0.07421875,0.01171875,-0.0625,0.0,0.0,0.0
1709727635,1366595,0,1.0,-0.078125,0.013671875,-0.064453125,0.0,0.0,0.0
1709728885,1366596,0,1.001953125,-0.078125,0.015625,-0.0625,0.0,0.0,0.0
1709730136,1366597,0,1.001953125,-0.080078125,0.021484375,-0.05859375,0.0,0.0,0.0
1709731387,1366598,0,1.005859375,-0.080078125,0.017578125,-0.0625,0.0,0.0,0.0
1709732638,1366599,0,1.015625,-0.083984375,0.021484375,-0.0625,0.0,0.0,0.0
1709733889,1366600,0,1.001953125,-0.08203125,0.013671875,-0.068359375,0.0,0.0,0.0
1709735140,1366601,0,1.0078125,-0.08203125,0.021484375,-0.060546875,0.0,0.0,0.0
1709736392,1366602,0,0.990234375,-0.072265625,0.01953125,-0.052734375,0.0,0.0,0.0
1709737642,1366603,0,1.00390625,-0.076171875,0.009765625,-0.06640625,0.0,0.0,0.0
1709738894,1366604,0,1.015625,-0.064453125,0.01953125,-0.044921875,0.0,0.0,0.0
1709740145,1366605,0,1.015625,-0.068359375,0.009765625,-0.05859375,0.0,0.0,0.0
1709741395,1366606,0,0.998046875,-0.060546875,0.013671875,-0.046875,0.0,0.0,0.0
1709742646,1366607,0,1.0078125,-0.046875,0.0078125,-0.0390625,0.0,0.0,0.0
1709743898,1366608,0,1.005859375,-0.04296875,0.005859375,-0.037109375,0.0,0.0,0.0
1709745149,1366609,0,1.005859375,-0.03125,0.001953125,-0.029296875,0.0,0.0,0.0
1709746400,1366610,0,1.001953125,-0.02734375,0.005859375,-0.021484375,0.0,0.0,0.0
1709747651,1366611,0,0.998046875,-0.021484375,0.001953125,-0.01953125,0.0,0.0,0.0
1709748902,1366612,0,1.0078125,-0.017578125,-0.001953125,-0.01953125,0.0,0.0,0.0
1709750154,1366613,0,1.005859375,-0.005859375,-0.00390625,-0.009765625,0.0,0.0,0.0
1709751405,1366614,0,1.00390625,-0.001953125,0.005859375,0.00390625,0.0,0.0,0.0
1709752657,1366615,0,1.009765625,0.0,-0.005859375,-0.005859375,0.0,0.0,0.0
1709753907,1366616,0,0.998046875,0.009765625,-0.001953125,0.0078125,0.0,0.0,0.0
1709755158,1366617,0,1.0,0.01171875,-0.0078125,0.00390625,0.0,0.0,0.0
1709756409,1366618,0,1.005859375,0.021484375,-0.005859375,0.015625,0.0,0.0,0.0
1709757660,1366619,0,1.00390625,0.025390625,-0.00390625,0.021484375,0.0,0.0,0.0
1709758911,1366620,0,1.001953125,0.03125,-0.013671875,0.017578125,0.0,0.0,0.0
1709760161,1366621,0,1.0078125,0.03515625,-0.01171875,0.0234375,0.0,0.0,0.0
1709761412,1366622,0,1.0,0.0390625,-0.01171875,0.02734375,0.0,0.0,0.0
1709762664,1366623,0,1.001953125,0.041015625,-0.01171875,0.029296875,0.0,0.0,0.0
1709763915,1366624,0,1.00390625,0.04296875,-0.013671875,0.029296875,0.0,0.0,0.0
1709765166,1366625,0,1.013671875,0.044921875,-0.013671875,0.03125,0.0,0.0,0.0
1709766417,1366626,0,1.0,0.046875,-0.015625,0.03125,0.0,0.0,0.0
1709767668,1366627,0,0.998046875,0.046875,-0.009765625,0.037109375,0.0,0.0,0.0
1709768920,1366628,0,1.0078125,0.04296875,-0.03125,0.01171875,0.0,0.0,0.0
1709770172,1366629,0,1.009765625,0.044921875,-0.017578125,0.02734375,0.0,0.0,0.0
1709771422,1366630,0,0.99609375,0.041015625,-0.01171875,0.029296875,0.0,0.0,0.0
1709772673,1366631,0,1.005859375,0.037109375,-0.009765625,0.02734375,0.0,0.0,0.0
1709773924,1366632,0,0.99609375,0.033203125,-0.015625,0.017578125,0.0,0.0,0.0
1709775174,1366633,0,1.001953125,0.03125,-0.015625,0.015625,0.0,0.0,0.0
1709776425,1366634,0,1.0,0.033203125,-0.01171875,0.021484375,0.0,0.0,0.0
1709777676,1366635,0,1.0,0.02734375,-0.01171875,0.015625,0.0,0.0,0.0
1709778927,1366636,0,1.00390625,0.021484375,-0.009765625,0.01171875,0.0,0.0,0.0
1709780177,1366637,0,1.00390625,0.013671875,-0.013671875,0.0,0.0,0.0,0.0
1709781427,1366638,0,1.0,0.015625,-0.0078125,0.0078125,0.0,0.0,0.0
1709782679,1366639,0,1.005859375,0.005859375,-0.001953125,0.00390625,0.0,0.0,0.0
1709783929,1366640,0,1.005859375,0.001953125,-0.01171875,-0.009765625,0.0,0.0,0.0
1709785179,1366641,0,1.001953125,0.001953125,-0.0078125,-0.005859375,0.0,0.0,0.0
1709786431,1366642,0,1.00390625,-0.009765625,-0.005859375,-0.015625,0.0,0.0,0.0
1709787681,1366643,0,0.99609375,-0.013671875,-0.0078125,-0.021484375,0.0,0.0,0.0
1709788932,1366644,0,1.00390625,-0.021484375,0.001953125,-0.01953125,0.0,0.0,0.0
1709790182,1366645,0,1.0,-0.021484375,-0.0078125,-0.029296875,0.0,0.0,0.0
1709791432,1366646,0,1.005859375,-0.02734375,-0.0078125,-0.03515625,0.0,0.0,0.0
1709792684,1366647,0,1.0078125,-0.029296875,0.00390625,-0.025390625,0.0,0.0,0.0
1709793934,1366648,0,1.0,-0.03125,0.001953125,-0.029296875,0.0,0.0,0.0
1709795184,1366649,0,0.99609375,-0.04296875,-0.00390625,-0.046875,0.0,0.0,0.0
1709796436,1366650,0,1.009765625,-0.041015625,0.00390625,-0.037109375,0.0,0.0,0.0
1709797686,1366651,0,1.01171875,-0.04296875,0.0,-0.04296875,0.0,0.0,0.0
1709798937,1366652,0,1.0078125,-0.048828125,0.005859375,-0.04296875,0.0,0.0,0.0
1709800188,1366653,0,1.005859375,-0.046875,0.00390625,-0.04296875,0.0,0.0,0.0
1709801439,1366654,0,1.0,-0.048828125,0.001953125,-0.046875,0.0,0.0,0.0
1709802691,1366655,0,1.0,-0.05078125,0.0,-0.05078125,0.0,0.0,0.0
1709803942,1366656,0,0.998046875,-0.046875,-0.005859375,-0.052734375,0.0,0.0,0.0
1709805192,1366657,0,1.001953125,-0.044921875,0.001953125,-0.04296875,0.0,0.0,0.0
1709806443,1366658,0,1.0078125,-0.046875,-0.001953125,-0.048828125,0.0,0.0,0.0
1709807695,1366659,0,1.0,-0.044921875,0.005859375,-0.0390625,0.0,0.0,0.0
1709808945,1366660,0,1.00390625,-0.041015625,0.001953125,-0.0390625,0.0,0.0,0.0
1709810197,1366661,0,1.00390625,-0.04296875,0.00390625,-0.0390625,0.0,0.0,0.0
1709811448,1366662,0,0.998046875,-0.03125,0.001953125,-0.029296875,0.0,0.0,0.0
1709812698,1366663,0,1.00390625,-0.033203125,0.00390625,-0.029296875,0.0,0.0,0.0
1709813949,1366664,0,0.99609375,-0.033203125,-0.001953125,-0.03515625,0.0,0.0,0.0
1709815199,1366665,0,1.00390625,-0.029296875,0.005859375,-0.0234375,0.0,0.0,0.0
1709816449,1366666,0,1.005859375,-0.0234375,0.0,-0.0234375,0.0,0.0,0.0
1709817701,1366667,0,1.0078125,-0.017578125,0.0,-0.017578125,0.0,0.0,0.0
1709818951,1366668,0,1.009765625,-0.013671875,0.005859375,-0.0078125,0.0,0.0,0.0
1709820202,1366669,0,1.0,-0.009765625,0.00390625,-0.005859375,0.0,0.0,0.0
1709821453,1366670,0,0.994140625,-0.009765625,0.0,-0.009765625,0.0,0.0,0.0
1709822704,1366671,0,1.001953125,-0.00390625,-0.001953125,-0.005859375,0.0,0.0,0.0
1709823954,1366672,0,1.009765625,0.0,-0.001953125,-0.001953125,0.0,0.0,0.0
1709825205,1366673,0,1.009765625,0.00390625,-0.0078125,-0.00390625,0.0,0.0,0.0
1709826457,1366674,0,1.00390625,0.005859375,-0.00390625,0.001953125,0.0,0.0,0.0
1709827707,1366675,0,1.005859375,0.009765625,0.0,0.009765625,0.0,0.0,0.0
1709828959,1366676,0,1.00390625,0.013671875,0.001953125,0.015625,0.0,0.0,0.0
1709830209,1366677,0,1.0078125,0.01953125,0.0,0.01953125,0.0,0.0,0.0
1709831460,1366678,0,1.009765625,0.017578125,-0.0078125,0.009765625,0.0,0.0,0.0
1709832711,1366679,0,1.001953125,0.021484375,-0.001953125,0.01953125,0.0,0.0,0.0
1709833961,1366680,0,1.00390625,0.017578125,-0.0078125,0.009765625,0.0,0.0,0.0
1709835211,1366681,0,1.001953125,0.021484375,-0.001953125,0.01953125,0.0,0.0,0.0
1709836461,1366682,0,1.001953125,0.029296875,-0.0078125,0.021484375,0.0,0.0,0.0
1709837712,1366683,0,1.0078125,0.025390625,-0.005859375,0.01953125,0.0,0.0,0.0
1709838962,1366684,0,1.0,0.01953125,-0.005859375,0.013671875,0.0,0.0,0.0
1709840212,1366685,0,1.009765625,0.025390625,-0.015625,0.009765625,0.0,0.0,0.0
1709841463,1366686,0,1.00390625,0.025390625,-0.00390625,0.021484375,0.0,0.0,0.0
1709842713,1366687,0,1.009765625,0.03125,-0.00390625,0.02734375,0.0,0.0,0.0
1709843965,1366688,0,1.0078125,0.021484375,-0.00390625,0.017578125,0.0,0.0,0.0
1709845216,1366689,0,1.0,0.01953125,0.0,0.01953125,0.0,0.0,0.0
1709846468,1366690,0,1.00390625,0.01171875,-0.005859375,0.005859375,0.0,0.0,0.0
1709847718,1366691,0,1.00390625,0.015625,-0.005859375,0.009765625,0.0,0.0,0.0
1709848970,1366692,0,0.99609375,0.009765625,-0.00390625,0.005859375,0.0,0.0,0.0
1709850221,1366693,0,1.00390625,0.0078125,-0.005859375,0.001953125,0.0,0.0,0.0
1709851471,1366694,0,1.0,0.0,-0.005859375,-0.005859375,0.0,0.0,0.0
1709852722,1366695,0,1.005859375,0.001953125,-0.00390625,-0.001953125,0.0,0.0,0.0
1709853973,1366696,0,1.0078125,-0.00390625,-0.001953125,-0.005859375,0.0,0.0,0.0
1709855225,1366697,0,1.00390625,-0.0078125,-0.009765625,-0.017578125,0.0,0.0,0.0
1709856477,1366698,0,1.0078125,-0.005859375,-0.00390625,-0.009765625,0.0,0.0,0.0
1709857728,1366699,0,1.005859375,-0.013671875,0.0,-0.013671875,0.0,0.0,0.0
1709858978,1366700,0,1.005859375,-0.015625,-0.005859375,-0.021484375,0.0,0.0,0.0
1709860229,1366701,0,1.005859375,-0.015625,-0.00390625,-0.01953125,0.0,0.0,0.0
1709861481,1366702,0,1.00390625,-0.021484375,-0.00390625,-0.025390625,0.0,0.0,0.0
1709862731,1366703,0,1.00390625,-0.0234375,-0.001953125,-0.025390625,0.0,0.0,0.0
1709863982,1366704,0,1.001953125,-0.02734375,-0.001953125,-0.029296875,0.0,0.0,0.0
1709865233,1366705,0,1.00390625,-0.03125,0.0,-0.03125,0.0,0.0,0.0
1709866483,1366706,0,1.0078125,-0.03125,0.0,-0.03125,0.0,0.0,0.0
1709867734,1366707,0,1.015625,-0.029296875,-0.00390625,-0.033203125,0.0,0.0,0.0
1709868984,1366708,0,1.013671875,-0.029296875,0.009765625,-0.01953125,0.0,0.0,0.0
1709870235,1366709,0,1.015625,-0.03515625,-0.0078125,-0.04296875,0.0,0.0,0.0
1709871486,1366710,0,1.0078125,-0.0390625,0.0078125,-0.03125,0.0,0.0,0.0
1709872736,1366711,0,1.01171875,-0.03515625,0.00390625,-0.03125,0.0,0.0,0.0
1709873987,1366712,0,1.001953125,-0.02734375,0.0,-0.02734375,0.0,0.0,0.0
1709875238,1366713,0,1.009765625,-0.037109375,0.01171875,-0.025390625,0.0,0.0,0.0
1709876489,1366714,0,1.00390625,-0.033203125,-0.001953125,-0.03515625,0.0,0.0,0.0
1709877739,1366715,0,1.005859375,-0.033203125,0.001953125,-0.03125,0.0,0.0,0.0
1709878990,1366716,0,1.001953125,-0.029296875,0.001953125,-0.02734375,0.0,0.0,0.0
1709880241,1366717,0,0.998046875,-0.029296875,-0.001953125,-0.03125,0.0,0.0,0.0
1709881492,1366718,0,1.0078125,-0.029296875,0.001953125,-0.02734375,0.0,0.0,0.0
1709882742,1366719,0,1.005859375,-0.025390625,-0.001953125,-0.02734375,0.0,0.0,0.0
1709883993,1366720,0,1.001953125,-0.02734375,0.001953125,-0.025390625,0.0,0.0,0.0
1709885244,1366721,0,1.005859375,-0.0234375,0.00390625,-0.01953125,0.0,0.0,0.0
1709886494,1366722,0,1.009765625,-0.021484375,0.0,-0.021484375,0.0,0.0,0.0
1709887746,1366723,0,1.009765625,-0.017578125,0.00390625,-0.013671875,0.0,0.0,0.0
1709888997,1366724,0,1.009765625,-0.015625,-0.001953125,-0.017578125,0.0,0.0,0.0
1709890248,1366725,0,1.005859375,-0.01171875,0.00390625,-0.0078125,0.0,0.0,0.0
1709891499,1366726,0,1.009765625,-0.009765625,0.001953125,-0.0078125,0.0,0.0,0.0
1709892750,1366727,0,1.005859375,-0.00390625,0.001953125,-0.001953125,0.0,0.0,0.0
1709894001,1366728,0,1.009765625,-0.001953125,0.0078125,0.005859375,0.0,0.0,0.0
1709895252,1366729,0,1.001953125,-0.001953125,0.0,-0.001953125,0.0,0.0,0.0
1709896502,1366730,0,1.0,0.00390625,-0.005859375,-0.001953125,0.0,0.0,0.0
1709897753,1366731,0,1.017578125,0.009765625,0.0,0.009765625,0.0,0.0,0.0
1709899004,1366732,0,1.005859375,0.001953125,-0.001953125,0.0,0.0,0.0,0.0
1709900255,1366733,0,1.00390625,0.001953125,0.001953125,0.00390625,0.0,0.0,0.0
1709901505,1366734,0,0.998046875,0.013671875,0.005859375,0.01953125,0.0,0.0,0.0
1709902756,1366735,0,1.01171875,0.017578125,-0.00390625,0.013671875,0.0,0.0,0.0
1709904008,1366736,0,1.00390625,0.013671875,-0.005859375,0.0078125,0.0,0.0,0.0
1709905258,1366737,0,1.0078125,0.017578125,-0.005859375,0.01171875,0.0,0.0,0.0
1709906509,1366738,0,1.0078125,0.01953125,-0.005859375,0.013671875,0.0,0.0,0.0
1709907759,1366739,0,1.0078125,0.01953125,-0.001953125,0.017578125,0.0,0.0,0.0
1709909010,1366740,0,1.00390625,0.015625,-0.001953125,0.013671875,0.0,0.0,0.0
1709910261,1366741,0,1.0078125,0.015625,-0.00390625,0.01171875,0.0,0.0,0.0
1709911513,1366742,0,1.00390625,0.013671875,-0.005859375,0.0078125,0.0,0.0,0.0
1709912764,1366743,0,1.0,0.013671875,-0.0078125,0.005859375,0.0,0.0,0.0
1709914015,1366744,0,1.001953125,0.01953125,-0.01171875,0.0078125,0.0,0.0,0.0
1709915270,1366745,0,1.001953125,0.015625,-0.0078125,0.0078125,0.0,0.0,0.0
1709916521,1366746,0,1.005859375,0.005859375,-0.013671875,-0.0078125,0.0,0.0,0.0
1709917772,1366747,0,1.0078125,0.005859375,-0.009765625,-0.00390625,0.0,0.0,0.0
1709919024,1366748,0,0.99609375,0.013671875,-0.00390625,0.009765625,0.0,0.0,0.0
1709920275,1366749,0,1.00390625,0.013671875,-0.009765625,0.00390625,0.0,0.0,0.0
1709921527,1366750,0,1.0078125,0.0,-0.017578125,-0.017578125,0.0,0.0,0.0
1709922778,1366751,0,1.0,0.00390625,-0.005859375,-0.001953125,0.0,0.0,0.0
1709924028,1366752,0,0.994140625,0.001953125,-0.005859375,-0.00390625,0.0,0.0,0.0
1709925279,1366753,0,1.0078125,-0.00390625,-0.001953125,-0.005859375,0.0,0.0,0.0
1709926530,1366754,0,1.009765625,-0.00390625,-0.009765625,-0.013671875,0.0,0.0,0.0
1709927782,1366755,0,0.998046875,-0.015625,-0.009765625,-0.025390625,0.0,0.0,0.0
1709929032,1366756,0,1.013671875,-0.009765625,-0.0078125,-0.017578125,0.0,0.0,0.0
1709930282,1366757,0,1.009765625,-0.017578125,-0.005859375,-0.0234375,0.0,0.0,0.0
1709931532,1366758,0,1.001953125,-0.013671875,-0.005859375,-0.01953125,0.0,0.0,0.0
1709932783,1366759,0,1.0078125,-0.01953125,-0.00390625,-0.0234375,0.0,0.0,0.0
1709934034,1366760,0,1.005859375,-0.01953125,-0.00390625,-0.0234375,0.0,0.0,0.0
1709935285,1366761,0,1.0078125,-0.025390625,0.0,-0.025390625,0.0,0.0,0.0
1709936537,1366762,0,1.005859375,-0.025390625,-0.001953125,-0.02734375,0.0,0.0,0.0
1709937789,1366763,0,1.0,-0.029296875,-0.00390625,-0.033203125,0.0,0.0,0.0
1709939039,1366764,0,1.001953125,-0.02734375,0.00390625,-0.0234375,0.0,0.0,0.0
1709940290,1366765,0,1.00390625,-0.025390625,0.00390625,-0.021484375,0.0,0.0,0.0
1709941541,1366766,0,0.998046875,-0.029296875,0.001953125,-0.02734375,0.0,0.0,0.0
1709942792,1366767,0,1.0078125,-0.03125,-0.001953125,-0.033203125,0.0,0.0,0.0
1709944042,1366768,0,1.01171875,-0.029296875,0.00390625,-0.025390625,0.0,0.0,0.0
1709945294,1366769,0,1.0078125,-0.033203125,-0.001953125,-0.03515625,0.0,0.0,0.0
1709946545,1366770,0,1.001953125,-0.03515625,0.001953125,-0.033203125,0.0,0.0,0.0
1709947795,1366771,0,1.0078125,-0.02734375,0.0078125,-0.01953125,0.0,0.0,0.0
1709949047,1366772,0,1.009765625,-0.025390625,0.0078125,-0.017578125,0.0,0.0,0.0
1709950298,1366773,0,1.009765625,-0.025390625,0.005859375,-0.01953125,0.0,0.0,0.0
1709951549,1366774,0,1.00390625,-0.03515625,0.005859375,-0.029296875,0.0,0.0,0.0
1709952800,1366775,0,1.0,-0.025390625,0.001953125,-0.0234375,0.0,0.0,0.0
1709954050,1366776,0,1.00390625,-0.015625,0.0,-0.015625,0.0,0.0,0.0
1709955301,1366777,0,1.001953125,-0.01953125,-0.001953125,-0.021484375,0.0,0.0,0.0
1709956552,1366778,0,1.0078125,-0.017578125,0.005859375,-0.01171875,0.0,0.0,0.0
1709957803,1366779,0,1.001953125,-0.01953125,0.0,-0.01953125,0.0,0.0,0.0
1709959053,1366780,0,1.00390625,-0.01171875,0.001953125,-0.009765625,0.0,0.0,0.0
1709960305,1366781,0,1.005859375,-0.01171875,-0.001953125,-0.013671875,0.0,0.0,0.0
1709961557,1366782,0,1.005859375,-0.009765625,0.001953125,-0.0078125,0.0,0.0,0.0
1709962808,1366783,0,1.001953125,-0.005859375,-0.00390625,-0.009765625,0.0,0.0,0.0
1709964059,1366784,0,1.00390625,-0.001953125,0.001953125,0.0,0.0,0.0,0.0
1709965310,1366785,0,1.0078125,-0.001953125,-0.001953125,-0.00390625,0.0,0.0,0.0
1709966562,1366786,0,1.005859375,0.001953125,0.001953125,0.00390625,0.0,0.0,0.0
1709967812,1366787,0,1.005859375,0.0,-0.001953125,-0.001953125,0.0,0.0,0.0
1709969064,1366788,0,1.0078125,0.00390625,-0.005859375,-0.001953125,0.0,0.0,0.0
1709970314,1366789,0,0.998046875,0.0078125,-0.005859375,0.001953125,0.0,0.0,0.0
1709971565,1366790,0,1.005859375,0.005859375,-0.001953125,0.00390625,0.0,0.0,0.0
1709972816,1366791,0,1.00390625,0.005859375,0.00390625,0.009765625,0.0,0.0,0.0
1709974066,1366792,0,1.005859375,0.009765625,-0.001953125,0.0078125,0.0,0.0,0.0
1709975317,1366793,0,1.001953125,0.01171875,0.0,0.01171875,0.0,0.0,0.0
1709976569,1366794,0,0.994140625,0.013671875,-0.001953125,0.01171875,0.0,0.0,0.0
1709977819,1366795,0,1.013671875,0.01171875,0.0,0.01171875,0.0,0.0,0.0
1709979070,1366796,0,1.009765625,0.009765625,-0.009765625,0.0,0.0,0.0,0.0
1709980321,1366797,0,1.01171875,0.0078125,-0.0078125,0.0,0.0,0.0,0.0
1709981571,1366798,0,1.005859375,0.005859375,-0.013671875,-0.0078125,0.0,0.0,0.0
1709982822,1366799,0,1.00390625,0.009765625,-0.009765625,0.0,0.0,0.0,0.0
1709984074,1366800,0,1.005859375,0.01171875,-0.01953125,-0.0078125,0.0,0.0,0.0
1709985324,1366801,0,1.005859375,0.005859375,-0.0078125,-0.001953125,0.0,0.0,0.0
1709986575,1366802,0,1.005859375,0.005859375,-0.0078125,-0.001953125,0.0,0.0,0.0
1709987827,1366803,0,1.00390625,0.00390625,-0.0078125,-0.00390625,0.0,0.0,0.0
1709989077,1366804,0,1.00390625,0.005859375,-0.0078125,-0.001953125,0.0,0.0,0.0
1709990328,1366805,0,1.001953125,0.00390625,-0.01171875,-0.0078125,0.0,0.0,0.0
1709991580,1366806,0,1.005859375,-0.001953125,-0.0078125,-0.009765625,0.0,0.0,0.0
1709992832,1366807,0,1.00390625,-0.005859375,-0.005859375,-0.01171875,0.0,0.0,0.0
1709994082,1366808,0,1.0,-0.00390625,-0.005859375,-0.009765625,0.0,0.0,0.0
1709995333,1366809,0,1.00390625,-0.005859375,-0.009765625,-0.015625,0.0,0.0,0.0
1709996585,1366810,0,1.0078125,-0.005859375,-0.013671875,-0.01953125,0.0,0.0,0.0
1709997835,1366811,0,1.001953125,-0.009765625,-0.005859375,-0.015625,0.0,0.0,0.0
1709999086,1366812,0,1.001953125,-0.009765625,-0.015625,-0.025390625,0.0,0.0,0.0
1710000338,1366813,0,1.005859375,-0.01171875,-0.015625,-0.02734375,0.0,0.0,0.0
1710001589,1366814,0,1.009765625,-0.01953125,-0.01171875,-0.03125,0.0,0.0,0.0
1710002840,1366815,0,1.005859375,-0.01953125,0.001953125,-0.017578125,0.0,0.0,0.0
1710004092,1366816,0,0.998046875,-0.025390625,-0.00390625,-0.029296875,0.0,0.0,0.0
1710005343,1366817,0,1.0,-0.01953125,0.001953125,-0.017578125,0.0,0.0,0.0
1710006594,1366818,0,1.00390625,-0.01953125,-0.00390625,-0.0234375,0.0,0.0,0.0
1710007845,1366819,0,1.013671875,-0.025390625,0.0,-0.025390625,0.0,0.0,0.0
1710009096,1366820,0,1.0078125,-0.01953125,-0.00390625,-0.0234375,0.0,0.0,0.0
1710010346,1366821,0,1.0078125,-0.03125,-0.005859375,-0.037109375,0.0,0.0,0.0
1710011598,1366822,0,1.005859375,-0.02734375,-0.00390625,-0.03125,0.0,0.0,0.0
1710012849,1366823,0,1.001953125,-0.02734375,-0.005859375,-0.033203125,0.0,0.0,0.0
1710014099,1366824,0,1.00390625,-0.025390625,-0.001953125,-0.02734375,0.0,0.0,0.0
1710015350,1366825,0,1.00390625,-0.0234375,0.005859375,-0.017578125,0.0,0.0,0.0
1710016601,1366826,0,1.009765625,-0.025390625,0.001953125,-0.0234375,0.0,0.0,0.0
1710017852,1366827,0,1.00390625,-0.02734375,0.005859375,-0.021484375,0.0,0.0,0.0
1710019103,1366828,0,1.0078125,-0.0234375,0.009765625,-0.013671875,0.0,0.0,0.0
1710020354,1366829,0,1.005859375,-0.021484375,0.00390625,-0.017578125,0.0,0.0,0.0
1710021605,1366830,0,1.005859375,-0.017578125,0.005859375,-0.01171875,0.0,0.0,0.0
1710022855,1366831,0,1.00390625,-0.01953125,0.0078125,-0.01171875,0.0,0.0,0.0
1710024107,1366832,0,1.005859375,-0.017578125,0.0,-0.017578125,0.0,0.0,0.0
1710025357,1366833,0,1.0078125,-0.017578125,0.00390625,-0.013671875,0.0,0.0,0.0
1710026607,1366834,0,1.0,-0.015625,0.0078125,-0.0078125,0.0,0.0,0.0
1710027859,1366835,0,1.01171875,-0.0078125,0.0,-0.0078125,0.0,0.0,0.0
1710029109,1366836,0,1.001953125,-0.013671875,0.009765625,-0.00390625,0.0,0.0,0.0
1710030361,1366837,0,1.005859375,-0.009765625,0.0078125,-0.001953125,0.0,0.0,0.0
1710031611,1366838,0,1.005859375,-0.0078125,0.00390625,-0.00390625,0.0,0.0,0.0
1710032861,1366839,0,1.0078125,-0.0078125,0.0,-0.0078125,0.0,0.0,0.0
1710034113,1366840,0,1.001953125,0.0,0.00390625,0.00390625,0.0,0.0,0.0
1710035364,1366841,0,1.00390625,-0.001953125,0.009765625,0.0078125,0.0,0.0,0.0
1710036616,1366842,0,1.00390625,-0.00390625,0.005859375,0.001953125,0.0,0.0,0.0
1710037866,1366843,0,1.001953125,0.0,0.00390625,0.00390625,0.0,0.0,0.0
1710039118,1366844,0,1.001953125,0.0,0.0,0.0,0.0,0.0,0.0
1710040368,1366845,0,1.009765625,0.001953125,0.0,0.001953125,0.0,0.0,0.0
1710041619,1366846,0,1.001953125,0.00390625,0.0,0.00390625,0.0,0.0,0.0
1710042869,1366847,0,1.0,0.005859375,-0.001953125,0.00390625,0.0,0.0,0.0
1710044119,1366848,0,1.0,0.0078125,-0.005859375,0.001953125,0.0,0.0,0.0
1710045371,1366849,0,1.005859375,0.005859375,-0.005859375,0.0,0.0,0.0,0.0
1710046622,1366850,0,1.001953125,0.00390625,-0.001953125,0.001953125,0.0,0.0,0.0
1710047874,1366851,0,1.0078125,0.0078125,-0.009765625,-0.001953125,0.0,0.0,0.0
1710049124,1366852,0,1.0,0.005859375,-0.0078125,-0.001953125,0.0,0.0,0.0
1710050375,1366853,0,1.009765625,0.005859375,-0.00390625,0.001953125,0.0,0.0,0.0
1710051625,1366854,0,1.001953125,0.01171875,-0.001953125,0.009765625,0.0,0.0,0.0
1710052877,1366855,0,1.0,0.00390625,-0.005859375,-0.001953125,0.0,0.0,0.0
1710054127,1366856,0,0.998046875,0.00390625,-0.013671875,-0.009765625,0.0,0.0,0.0
1710055377,1366857,0,1.013671875,0.0078125,-0.009765625,-0.001953125,0.0,0.0,0.0
1710056629,1366858,0,1.015625,0.005859375,-0.005859375,0.0,0.0,0.0,0.0
1710057879,1366859,0,1.015625,0.001953125,-0.005859375,-0.00390625,0.0,0.0,0.0
1710059130,1366860,0,1.005859375,-0.001953125,-0.01171875,-0.013671875,0.0,0.0,0.0
1710060381,1366861,0,1.001953125,-0.0078125,-0.013671875,-0.021484375,0.0,0.0,0.0
1710061631,1366862,0,0.998046875,-0.001953125,-0.0078125,-0.009765625,0.0,0.0,0.0
1710062882,1366863,0,1.0,-0.009765625,-0.0078125,-0.017578125,0.0,0.0,0.0
1710064133,1366864,0,1.005859375,-0.00390625,-0.0078125,-0.01171875,0.0,0.0,0.0
1710065384,1366865,0,1.00390625,-0.00390625,-0.015625,-0.01953125,0.0,0.0,0.0
1710066635,1366866,0,0.998046875,-0.009765625,-0.017578125,-0.02734375,0.0,0.0,0.0
1710067885,1366867,0,1.005859375,-0.01171875,-0.009765625,-0.021484375,0.0,0.0,0.0
1710069136,1366868,0,1.0,-0.009765625,-0.013671875,-0.0234375,0.0,0.0,0.0
1710070387,1366869,0,1.005859375,-0.01171875,-0.001953125,-0.013671875,0.0,0.0,0.0
1710071638,1366870,0,1.005859375,-0.013671875,-0.0078125,-0.021484375,0.0,0.0,0.0
1710072889,1366871,0,1.005859375,-0.017578125,-0.00390625,-0.021484375,0.0,0.0,0.0
1710074140,1366872,0,1.005859375,-0.017578125,-0.001953125,-0.01953125,0.0,0.0,0.0
1710075392,1366873,0,1.001953125,-0.015625,-0.005859375,-0.021484375,0.0,0.0,0.0
1710076642,1366874,0,1.0078125,-0.021484375,-0.001953125,-0.0234375,0.0,0.0,0.0
1710077894,1366875,0,1.00390625,-0.021484375,-0.00390625,-0.025390625,0.0,0.0,0.0
1710079145,1366876,0,1.00390625,-0.0234375,0.005859375,-0.017578125,0.0,0.0,0.0
1710080395,1366877,0,0.998046875,-0.021484375,-0.01171875,-0.033203125,0.0,0.0,0.0
1710081646,1366878,0,1.0078125,-0.01953125,0.0,-0.01953125,0.0,0.0,0.0
1710082898,1366879,0,1.0078125,-0.0234375,-0.01171875,-0.03515625,0.0,0.0,0.0
1710084149,1366880,0,1.009765625,-0.01953125,-0.001953125,-0.021484375,0.0,0.0,0.0
1710085400,1366881,0,1.005859375,-0.021484375,-0.00390625,-0.025390625,0.0,0.0,0.0
1710086651,1366882,0,1.00390625,-0.0234375,-0.017578125,-0.041015625,0.0,0.0,0.0
1710087902,1366883,0,0.99609375,-0.01953125,-0.001953125,-0.021484375,0.0,0.0,0.0
1710089154,1366884,0,1.001953125,-0.01953125,0.001953125,-0.017578125,0.0,0.0,0.0
1710090405,1366885,0,1.00390625,-0.015625,-0.001953125,-0.017578125,0.0,0.0,0.0
1710091657,1366886,0,1.0078125,-0.01953125,0.0,-0.01953125,0.0,0.0,0.0
1710092907,1366887,0,0.99609375,-0.017578125,0.005859375,-0.01171875,0.0,0.0,0.0
1710094158,1366888,0,1.00390625,-0.009765625,0.00390625,-0.005859375,0.0,0.0,0.0
1710095409,1366889,0,1.001953125,-0.01171875,0.00390625,-0.0078125,0.0,0.0,0.0
1710096660,1366890,0,0.998046875,-0.01171875,0.001953125,-0.009765625,0.0,0.0,0.0
1710097911,1366891,0,1.0,-0.009765625,0.001953125,-0.0078125,0.0,0.0,0.0
1710099161,1366892,0,0.998046875,-0.01171875,-0.00390625,-0.015625,0.0,0.0,0.0
1710100412,1366893,0,1.0078125,-0.0078125,0.001953125,-0.005859375,0.0,0.0,0.0
1710101664,1366894,0,1.00390625,-0.005859375,0.001953125,-0.00390625,0.0,0.0,0.0
1710102915,1366895,0,1.00390625,-0.005859375,0.005859375,0.0,0.0,0.0,0.0
1710104166,1366896,0,1.005859375,-0.005859375,0.005859375,0.0,0.0,0.0,0.0
1710105417,1366897,0,1.00390625,-0.01171875,-0.001953125,-0.013671875,0.0,0.0,0.0
1710106668,1366898,0,1.001953125,-0.0078125,-0.00390625,-0.01171875,0.0,0.0,0.0
1710107920,1366899,0,1.0078125,0.001953125,-0.001953125,0.0,0.0,0.0,0.0
1710109172,1366900,0,1.005859375,0.001953125,0.0,0.001953125,0.0,0.0,0.0
1710110422,1366901,0,1.013671875,-0.00390625,-0.001953125,-0.005859375,0.0,0.0,0.0
1710111673,1366902,0,1.00390625,0.0,0.0,0.0,0.0,0.0,0.0
1710112924,1366903,0,1.0,-0.00390625,0.0,-0.00390625,0.0,0.0,0.0
1710114174,1366904,0,1.0078125,0.001953125,-0.001953125,0.0,0.0,0.0,0.0
1710115425,1366905,0,1.0,0.001953125,0.0,0.001953125,0.0,0.0,0.0
1710116676,1366906,0,1.0,0.001953125,-0.005859375,-0.00390625,0.0,0.0,0.0
1710117927,1366907,0,1.0,0.001953125,-0.00390625,-0.001953125,0.0,0.0,0.0
1710119177,1366908,0,0.998046875,0.001953125,-0.00390625,-0.001953125,0.0,0.0,0.0
1710120427,1366909,0,1.0078125,-0.001953125,-0.009765625,-0.01171875,0.0,0.0,0.0
1710121679,1366910,0,1.00390625,0.001953125,-0.005859375,-0.00390625,0.0,0.0,0.0
1710122929,1366911,0,1.00390625,-0.001953125,-0.00390625,-0.005859375,0.0,0.0,0.0
1710124179,1366912,0,1.00390625,0.001953125,-0.0078125,-0.005859375,0.0,0.0,0.0
1710125431,1366913,0,1.001953125,-0.001953125,-0.005859375,-0.0078125,0.0,0.0,0.0
1710126681,1366914,0,1.0,-0.00390625,-0.005859375,-0.009765625,0.0,0.0,0.0
1710127932,1366915,0,1.0078125,-0.001953125,-0.0078125,-0.009765625,0.0,0.0,0.0
1710129182,1366916,0,1.0,-0.001953125,-0.005859375,-0.0078125,0.0,0.0,0.0
1710130432,1366917,0,1.0078125,-0.01171875,-0.00390625,-0.015625,0.0,0.0,0.0
1710131684,1366918,0,1.00390625,-0.009765625,-0.009765625,-0.01953125,0.0,0.0,0.0
1710132934,1366919,0,1.0,-0.009765625,-0.00390625,-0.013671875,0.0,0.0,0.0
1710134184,1366920,0,1.0078125,-0.0078125,-0.005859375,-0.013671875,0.0,0.0,0.0
1710135436,1366921,0,1.00390625,-0.01171875,0.001953125,-0.009765625,0.0,0.0,0.0
1710136686,1366922,0,0.998046875,-0.013671875,-0.0078125,-0.021484375,0.0,0.0,0.0
1710137937,1366923,0,0.9921875,-0.009765625,-0.005859375,-0.015625,0.0,0.0,0.0
1710139188,1366924,0,1.0,-0.01171875,-0.00390625,-0.015625,0.0,0.0,0.0
1710140439,1366925,0,1.00390625,-0.015625,-0.01171875,-0.02734375,0.0,0.0,0.0
1710141691,1366926,0,1.001953125,-0.017578125,0.0,-0.017578125,0.0,0.0,0.0
1710142942,1366927,0,1.005859375,-0.01171875,-0.00390625,-0.015625,0.0,0.0,0.0
1710144192,1366928,0,1.00390625,-0.017578125,-0.005859375,-0.0234375,0.0,0.0,0.0
1710145443,1366929,0,0.998046875,-0.015625,0.0,-0.015625,0.0,0.0,0.0
1710146695,1366930,0,1.0,-0.015625,-0.005859375,-0.021484375,0.0,0.0,0.0
1710147945,1366931,0,1.0,-0.017578125,-0.00390625,-0.021484375,0.0,0.0,0.0
1710149197,1366932,0,1.00390625,-0.017578125,-0.001953125,-0.01953125,0.0,0.0,0.0
1710150448,1366933,0,1.005859375,-0.015625,-0.005859375,-0.021484375,0.0,0.0,0.0
1710151698,1366934,0,1.0078125,-0.015625,0.0,-0.015625,0.0,0.0,0.0
1710152949,1366935,0,1.00390625,-0.01953125,0.00390625,-0.015625,0.0,0.0,0.0
1710154199,1366936,0,1.005859375,-0.0234375,-0.001953125,-0.025390625,0.0,0.0,0.0
1710155449,1366937,0,1.00390625,-0.015625,-0.00390625,-0.01953125,0.0,0.0,0.0
1710156701,1366938,0,1.015625,-0.015625,0.001953125,-0.013671875,0.0,0.0,0.0
1710157951,1366939,0,1.0078125,-0.01171875,-0.001953125,-0.013671875,0.0,0.0,0.0
1710159202,1366940,0,1.001953125,-0.01171875,0.0,-0.01171875,0.0,0.0,0.0
1710160453,1366941,0,1.005859375,-0.01171875,0.001953125,-0.009765625,0.0,0.0,0.0
1710161704,1366942,0,1.005859375,-0.013671875,0.00390625,-0.009765625,0.0,0.0,0.0
1710162954,1366943,0,1.009765625,-0.0078125,0.001953125,-0.005859375,0.0,0.0,0.0
1710164205,1366944,0,0.99609375,-0.013671875,0.00390625,-0.009765625,0.0,0.0,0.0
1710165457,1366945,0,1.001953125,-0.00390625,0.0078125,0.00390625,0.0,0.0,0.0
1710166707,1366946,0,1.0,-0.00390625,0.00390625,0.0,0.0,0.0,0.0
1710167959,1366947,0,1.0,-0.005859375,0.00390625,-0.001953125,0.0,0.0,0.0
1710169209,1366948,0,1.0078125,-0.0078125,0.001953125,-0.005859375,0.0,0.0,0.0
1710170460,1366949,0,1.0078125,-0.00390625,0.00390625,0.0,0.0,0.0,0.0
1710171711,1366950,0,1.005859375,0.001953125,0.001953125,0.00390625,0.0,0.0,0.0
1710172961,1366951,0,1.005859375,-0.00390625,0.0,-0.00390625,0.0,0.0,0.0
1710174211,1366952,0,1.0078125,-0.0078125,0.0,-0.0078125,0.0,0.0,0.0
1710175461,1366953,0,1.00390625,-0.001953125,0.0,-0.001953125,0.0,0.0,0.0
1710176712,1366954,0,1.001953125,0.00390625,0.00390625,0.0078125,0.0,0.0,0.0
1710177962,1366955,0,1.00390625,-0.001953125,0.0,-0.001953125,0.0,0.0,0.0
1710179212,1366956,0,1.00390625,-0.001953125,-0.0078125,-0.009765625,0.0,0.0,0.0
1710180463,1366957,0,1.005859375,-0.001953125,-0.00390625,-0.005859375,0.0,0.0,0.0
1710181713,1366958,0,1.00390625,0.0,-0.00390625,-0.00390625,0.0,0.0,0.0
1710182965,1366959,0,1.015625,0.0,0.0,0.0,0.0,0.0,0.0
1710184216,1366960,0,1.009765625,-0.001953125,0.0,-0.001953125,0.0,0.0,0.0
1710185468,1366961,0,1.001953125,0.0,-0.005859375,-0.005859375,0.0,0.0,0.0
1710186718,1366962,0,1.00390625,0.0,-0.01171875,-0.01171875,0.0,0.0,0.0
1710187970,1366963,0,1.00390625,-0.001953125,-0.001953125,-0.00390625,0.0,0.0,0.0
1710189221,1366964,0,1.0078125,0.00390625,-0.0078125,-0.00390625,0.0,0.0,0.0
1710190471,1366965,0,1.0,0.005859375,-0.0078125,-0.001953125,0.0,0.0,0.0
1710191722,1366966,0,1.00390625,-0.001953125,0.0,-0.001953125,0.0,0.0,0.0
1710192973,1366967,0,1.005859375,-0.001953125,-0.001953125,-0.00390625,0.0,0.0,0.0
1710194225,1366968,0,0.998046875,-0.005859375,-0.005859375,-0.01171875,0.0,0.0,0.0
1710195477,1366969,0,1.00390625,-0.009765625,-0.00390625,-0.013671875,0.0,0.0,0.0
1710196728,1366970,0,1.00390625,-0.001953125,-0.00390625,-0.005859375,0.0,0.0,0.0
1710197978,1366971,0,1.0,-0.0078125,-0.0078125,-0.015625,0.0,0.0,0.0
1710199229,1366972,0,0.99609375,-0.0078125,-0.0078125,-0.015625,0.0,0.0,0.0
1710200481,1366973,0,1.001953125,-0.0078125,-0.00390625,-0.01171875,0.0,0.0,0.0
1710201731,1366974,0,1.0,-0.0078125,-0.005859375,-0.013671875,0.0,0.0,0.0
1710202982,1366975,0,1.0078125,-0.009765625,-0.001953125,-0.01171875,0.0,0.0,0.0
1710204233,1366976,0,1.00390625,-0.009765625,-0.0078125,-0.017578125,0.0,0.0,0.0
1710205483,1366977,0,1.0078125,-0.013671875,-0.00390625,-0.017578125,0.0,0.0,0.0
1710206734,1366978,0,1.001953125,-0.015625,-0.01171875,-0.02734375,0.0,0.0,0.0
1710207984,1366979,0,1.0,-0.015625,0.00390625,-0.01171875,0.0,0.0,0.0
1710209235,1366980,0,1.001953125,-0.015625,-0.005859375,-0.021484375,0.0,0.0,0.0
1710210486,1366981,0,1.005859375,-0.017578125,-0.005859375,-0.0234375,0.0,0.0,0.0
1710211736,1366982,0,0.99609375,-0.015625,-0.00390625,-0.01953125,0.0,0.0,0.0
1710212987,1366983,0,1.00390625,-0.017578125,0.0,-0.017578125,0.0,0.0,0.0
1710214238,1366984,0,1.0078125,-0.01953125,-0.001953125,-0.021484375,0.0,0.0,0.0
1710215489,1366985,0,0.998046875,-0.017578125,0.0,-0.017578125,0.0,0.0,0.0
1710216739,1366986,0,1.0,-0.021484375,0.0,-0.021484375,0.0,0.0,0.0
1710217990,1366987,0,1.005859375,-0.015625,-0.00390625,-0.01953125,0.0,0.0,0.0
1710219241,1366988,0,0.99609375,-0.017578125,0.00390625,-0.013671875,0.0,0.0,0.0
1710220492,1366989,0,1.009765625,-0.013671875,0.0,-0.013671875,0.0,0.0,0.0
1710221742,1366990,0,1.009765625,-0.017578125,0.0,-0.017578125,0.0,0.0,0.0
1710222993,1366991,0,1.0078125,-0.01953125,0.0,-0.01953125,0.0,0.0,0.0
1710224244,1366992,0,0.998046875,-0.01171875,0.0,-0.01171875,0.0,0.0,0.0
1710225494,1366993,0,1.009765625,-0.01171875,-0.001953125,-0.013671875,0.0,0.0,0.0
1710226746,1366994,0,1.0,-0.01171875,0.0,-0.01171875,0.0,0.0,0.0
1710227997,1366995,0,1.0078125,-0.01171875,-0.001953125,-0.013671875,0.0,0.0,0.0
1710229248,1366996,0,1.009765625,-0.009765625,0.0,-0.009765625,0.0,0.0,0.0
1710230499,1366997,0,1.0,-0.015625,0.0,-0.015625,0.0,0.0,0.0
1710231750,1366998,0,1.005859375,-0.0078125,-0.001953125,-0.009765625,0.0,0.0,0.0
1710233001,1366999,0,1.00390625,-0.005859375,0.0,-0.005859375,0.0,0.0,0.0
1710234252,1367000,0,1.00390625,-0.00390625,0.0078125,0.00390625,0.0,0.0,0.0
1710235502,1367001,0,1.0078125,-0.0078125,0.0,-0.0078125,0.0,0.0,0.0
1710236753,1367002,0,1.00390625,0.0,0.00390625,0.00390625,0.0,0.0,0.0
1710238004,1367003,0,1.005859375,-0.00390625,0.001953125,-0.001953125,0.0,0.0,0.0
1710239255,1367004,0,1.005859375,-0.005859375,0.00390625,-0.001953125,0.0,0.0,0.0
1710240505,1367005,0,1.005859375,-0.0078125,0.0078125,0.0,0.0,0.0,0.0
1710241756,1367006,0,1.0,-0.00390625,0.001953125,-0.001953125,0.0,0.0,0.0
1710243008,1367007,0,1.00390625,-0.001953125,0.0,-0.001953125,0.0,0.0,0.0
1710244258,1367008,0,0.99609375,-0.001953125,-0.0078125,-0.009765625,0.0,0.0,0.0
1710245509,1367009,0,1.001953125,0.0,-0.005859375,-0.005859375,0.0,0.0,0.0
1710246759,1367010,0,1.017578125,-0.001953125,-0.005859375,-0.0078125,0.0,0.0,0.0
1710248010,1367011,0,1.00390625,0.001953125,-0.01171875,-0.009765625,0.0,0.0,0.0
1710249261,1367012,0,1.0078125,0.005859375,-0.00390625,0.001953125,0.0,0.0,0.0
1710250513,1367013,0,1.00390625,0.00390625,-0.001953125,0.001953125,0.0,0.0,0.0
1710251764,1367014,0,1.00390625,0.001953125,-0.001953125,0.0,0.0,0.0,0.0
1710253015,1367015,0,1.005859375,0.0,-0.00390625,-0.00390625,0.0,0.0,0.0
1710254270,1367016,0,1.00390625,0.0,-0.00390625,-0.00390625,0.0,0.0,0.0
1710255521,1367017,0,1.009765625,0.0,0.001953125,0.001953125,0.0,0.0,0.0
1710256772,1367018,0,1.005859375,0.001953125,-0.00390625,-0.001953125,0.0,0.0,0.0
1710258024,1367019,0,1.005859375,0.001953125,-0.00390625,-0.001953125,0.0,0.0,0.0
1710259275,1367020,0,1.001953125,0.0,-0.001953125,-0.001953125,0.0,0.0,0.0
1710260527,1367021,0,1.0,-0.001953125,-0.005859375,-0.0078125,0.0,0.0,0.0
1710261778,1367022,0,1.001953125,-0.00390625,-0.005859375,-0.009765625,0.0,0.0,0.0
1710263028,1367023,0,1.0078125,-0.005859375,-0.005859375,-0.01171875,0.0,0.0,0.0
1710264279,1367024,0,1.0078125,-0.001953125,-0.001953125,-0.00390625,0.0,0.0,0.0
1710265530,1367025,0,1.005859375,-0.005859375,-0.005859375,-0.01171875,0.0,0.0,0.0
1710266782,1367026,0,0.998046875,-0.00390625,-0.00390625,-0.0078125,0.0,0.0,0.0
1710268032,1367027,0,0.998046875,-0.017578125,-0.015625,-0.033203125,0.0,0.0,0.0
1710269282,1367028,0,1.00390625,-0.005859375,-0.0078125,-0.013671875,0.0,0.0,0.0
1710270532,1367029,0,1.013671875,-0.009765625,-0.00390625,-0.013671875,0.0,0.0,0.0
1710271783,1367030,0,1.00390625,-0.009765625,-0.0078125,-0.017578125,0.0,0.0,0.0
1710273034,1367031,0,0.99609375,-0.013671875,-0.0078125,-0.021484375,0.0,0.0,0.0
1710274285,1367032,0,1.0,-0.015625,-0.001953125,-0.017578125,0.0,0.0,0.0
1710275537,1367033,0,1.001953125,-0.01171875,0.0,-0.01171875,0.0,0.0,0.0
1710276789,1367034,0,1.00390625,-0.015625,0.0,-0.015625,0.0,0.0,0.0
1710278039,1367035,0,1.0,-0.013671875,-0.001953125,-0.015625,0.0,0.0,0.0
1710279290,1367036,0,1.009765625,-0.021484375,-0.0078125,-0.029296875,0.0,0.0,0.0
1710280541,1367037,0,1.001953125,-0.015625,0.00390625,-0.01171875,0.0,0.0,0.0
1710281792,1367038,0,1.0078125,-0.015625,-0.005859375,-0.021484375,0.0,0.0,0.0
1710283042,1367039,0,1.005859375,-0.01953125,-0.005859375,-0.025390625,0.0,0.0,0.0
1710284294,1367040,0,1.001953125,-0.015625,-0.001953125,-0.017578125,0.0,0.0,0.0
1710285545,1367041,0,0.998046875,-0.01953125,0.00390625,-0.015625,0.0,0.0,0.0
1710286795,1367042,0,1.00390625,-0.017578125,-0.00390625,-0.021484375,0.0,0.0,0.0
1710288047,1367043,0,1.00390625,-0.01953125,0.0,-0.01953125,0.0,0.0,0.0
1710289298,1367044,0,1.00390625,-0.013671875,0.0,-0.013671875,0.0,0.0,0.0
1710290549,1367045,0,1.0,-0.015625,0.005859375,-0.009765625,0.0,0.0,0.0
1710291800,1367046,0,0.99609375,-0.015625,0.009765625,-0.005859375,0.0,0.0,0.0
1710293050,1367047,0,1.015625,-0.017578125,0.001953125,-0.015625,0.0,0.0,0.0
1710294301,1367048,0,1.0078125,-0.017578125,0.009765625,-0.0078125,0.0,0.0,0.0
1710295552,1367049,0,1.0,-0.013671875,0.01171875,-0.001953125,0.0,0.0,0.0
1710296803,1367050,0,1.0078125,-0.017578125,0.0078125,-0.009765625,0.0,0.0,0.0
1710298053,1367051,0,1.00390625,-0.013671875,0.005859375,-0.0078125,0.0,0.0,0.0
1710299305,1367052,0,1.00390625,-0.015625,0.00390625,-0.01171875,0.0,0.0,0.0
1710300557,1367053,0,0.99609375,-0.01171875,0.001953125,-0.009765625,0.0,0.0,0.0
1710301808,1367054,0,1.001953125,-0.005859375,0.0,-0.005859375,0.0,0.0,0.0
1710303059,1367055,0,0.998046875,-0.01171875,0.001953125,-0.009765625,0.0,0.0,0.0
1710304310,1367056,0,1.001953125,-0.0078125,0.001953125,-0.005859375,0.0,0.0,0.0
1710305562,1367057,0,1.0,-0.001953125,0.0,-0.001953125,0.0,0.0,0.0
1710306812,1367058,0,1.00390625,-0.001953125,-0.001953125,-0.00390625,0.0,0.0,0.0
1710308064,1367059,0,1.005859375,-0.005859375,0.0,-0.005859375,0.0,0.0,0.0
1710309314,1367060,0,1.005859375,-0.001953125,-0.001953125,-0.00390625,0.0,0.0,0.0
1710310565,1367061,0,1.0,-0.001953125,-0.005859375,-0.0078125,0.0,0.0,0.0
1710311816,1367062,0,1.0078125,0.001953125,0.0,0.001953125,0.0,0.0,0.0
1710313066,1367063,0,1.0,0.0,-0.001953125,-0.001953125,0.0,0.0,0.0
1710314317,1367064,0,1.0,0.005859375,0.001953125,0.0078125,0.0,0.0,0.0
1710315569,1367065,0,1.009765625,0.001953125,0.001953125,0.00390625,0.0,0.0,0.0
1710316819,1367066,0,1.001953125,-0.00390625,-0.001953125,-0.005859375,0.0,0.0,0.0
1710318070,1367067,0,1.009765625,-0.001953125,0.00390625,0.001953125,0.0,0.0,0.0
1710319321,1367068,0,1.00390625,-0.00390625,0.0,-0.00390625,0.0,0.0,0.0
1710320571,1367069,0,1.005859375,-0.001953125,0.0,-0.001953125,0.0,0.0,0.0
1710321822,1367070,0,1.005859375,0.0,-0.001953125,-0.001953125,0.0,0.0,0.0
1710323074,1367071,0,1.00390625,0.0,-0.005859375,-0.005859375,0.0,0.0,0.0
1710324324,1367072,0,1.009765625,0.00390625,0.0,0.00390625,0.0,0.0,0.0
1710325575,1367073,0,1.01171875,0.0,-0.00390625,-0.00390625,0.0,0.0,0.0
1710326827,1367074,0,1.00390625,-0.00390625,-0.0078125,-0.01171875,0.0,0.0,0.0
1710328077,1367075,0,1.0,-0.001953125,-0.00390625,-0.005859375,0.0,0.0,0.0
1710329328,1367076,0,1.001953125,-0.001953125,-0.00390625,-0.005859375,0.0,0.0,0.0
1710330580,1367077,0,1.0,-0.00390625,-0.0078125,-0.01171875,0.0,0.0,0.0
1710331832,1367078,0,1.001953125,-0.00390625,-0.0078125,-0.01171875,0.0,0.0,0.0
1710333082,1367079,0,1.005859375,-0.0078125,-0.00390625,-0.01171875,0.0,0.0,0.0
1710334333,1367080,0,1.009765625,-0.005859375,-0.009765625,-0.015625,0.0,0.0,0.0
1710335585,1367081,0,1.0078125,-0.005859375,-0.0078125,-0.013671875,0.0,0.0,0.0
1710336835,1367082,0,1.00390625,-0.005859375,-0.005859375,-0.01171875,0.0,0.0,0.0
1710338086,1367083,0,1.005859375,-0.005859375,0.0,-0.005859375,0.0,0.0,0.0
1710339338,1367084,0,1.005859375,-0.01171875,-0.01171875,-0.0234375,0.0,0.0,0.0
1710340589,1367085,0,1.0078125,-0.01171875,-0.005859375,-0.017578125,0.0,0.0,0.0
1710341840,1367086,0,1.0,-0.01953125,-0.0078125,-0.02734375,0.0,0.0,0.0
1710343092,1367087,0,1.00390625,-0.013671875,-0.00390625,-0.017578125,0.0,0.0,0.0
1710344343,1367088,0,1.005859375,-0.013671875,-0.015625,-0.029296875,0.0,0.0,0.0
1710345594,1367089,0,1.001953125,-0.015625,-0.005859375,-0.021484375,0.0,0.0,0.0
1710346845,1367090,0,1.0078125,-0.017578125,-0.0078125,-0.025390625,0.0,0.0,0.0
1710348096,1367091,0,0.998046875,-0.015625,0.0,-0.015625,0.0,0.0,0.0
1710349346,1367092,0,1.0,-0.01171875,-0.001953125,-0.013671875,0.0,0.0,0.0
1710350598,1367093,0,1.00390625,-0.015625,-0.005859375,-0.021484375,0.0,0.0,0.0
1710351849,1367094,0,1.01171875,-0.021484375,-0.001953125,-0.0234375,0.0,0.0,0.0
1710353099,1367095,0,0.998046875,-0.01953125,-0.001953125,-0.021484375,0.0,0.0,0.0
1710354350,1367096,0,1.005859375,-0.015625,0.0,-0.015625,0.0,0.0,0.0
1710355601,1367097,0,1.0078125,-0.01953125,-0.005859375,-0.025390625,0.0,0.0,0.0
1710356852,1367098,0,1.00390625,-0.017578125,0.0,-0.017578125,0.0,0.0,0.0
1710358103,1367099,0,0.998046875,-0.015625,0.00390625,-0.01171875,0.0,0.0,0.0
1710359354,1367100,0,1.005859375,-0.015625,-0.00390625,-0.01953125,0.0,0.0,0.0
1710360605,1367101,0,1.001953125,-0.015625,0.001953125,-0.013671875,0.0,0.0,0.0
1710361855,1367102,0,1.001953125,-0.013671875,0.0,-0.013671875,0.0,0.0,0.0
1710363107,1367103,0,1.0078125,-0.013671875,0.0,-0.013671875,0.0,0.0,0.0
1710364357,1367104,0,1.0,-0.013671875,0.0,-0.013671875,0.0,0.0,0.0
1710365607,1367105,0,1.005859375,-0.013671875,0.001953125,-0.01171875,0.0,0.0,0.0
1710366859,1367106,0,1.00390625,-0.0078125,0.00390625,-0.00390625,0.0,0.0,0.0
1710368109,1367107,0,1.0078125,-0.013671875,0.00390625,-0.009765625,0.0,0.0,0.0
1710369361,1367108,0,1.0,-0.0078125,0.0,-0.0078125,0.0,0.0,0.0
1710370611,1367109,0,1.0078125,-0.0078125,-0.005859375,-0.013671875,0.0,0.0,0.0
1710371861,1367110,0,1.005859375,-0.015625,0.001953125,-0.013671875,0.0,0.0,0.0
1710373113,1367111,0,1.01953125,-0.005859375,0.0,-0.005859375,0.0,0.0,0.0
1710374364,1367112,0,1.013671875,-0.013671875,-0.005859375,-0.01953125,0.0,0.0,0.0
1710375616,1367113,0,1.009765625,-0.005859375,0.00390625,-0.001953125,0.0,0.0,0.0
1710376866,1367114,0,1.01171875,-0.01171875,-0.005859375,-0.017578125,0.0,0.0,0.0
1710378118,1367115,0,1.00390625,0.0,-0.001953125,-0.001953125,0.0,0.0,0.0
1710379368,1367116,0,1.0,-0.00390625,0.0,-0.00390625,0.0,0.0,0.0
1710380619,1367117,0,1.00390625,-0.001953125,-0.0078125,-0.009765625,0.0,0.0,0.0
1710381869,1367118,0,1.001953125,-0.001953125,0.0,-0.001953125,0.0,0.0,0.0
1710383119,1367119,0,1.005859375,-0.001953125,-0.005859375,-0.0078125,0.0,0.0,0.0
1710384371,1367120,0,1.001953125,0.0,-0.005859375,-0.005859375,0.0,0.0,0.0
1710385622,1367121,0,1.0078125,-0.001953125,-0.005859375,-0.0078125,0.0,0.0,0.0
1710386874,1367122,0,1.00390625,0.001953125,-0.001953125,0.0,0.0,0.0,0.0
1710388124,1367123,0,1.0,-0.001953125,-0.00390625,-0.005859375,0.0,0.0,0.0
1710389375,1367124,0,1.0078125,-0.00390625,-0.005859375,-0.009765625,0.0,0.0,0.0
1710390625,1367125,0,1.001953125,-0.001953125,-0.001953125,-0.00390625,0.0,0.0,0.0
1710391877,1367126,0,1.0,0.001953125,-0.005859375,-0.00390625,0.0,0.0,0.0
1710393127,1367127,0,0.99609375,-0.00390625,-0.005859375,-0.009765625,0.0,0.0,0.0
1710394377,1367128,0,0.998046875,0.0,0.001953125,0.001953125,0.0,0.0,0.0
1710395629,1367129,0,1.005859375,0.0,-0.001953125,-0.001953125,0.0,0.0,0.0
1710396879,1367130,0,1.01171875,0.001953125,-0.0078125,-0.005859375,0.0,0.0,0.0
1710398130,1367131,0,1.0,-0.00390625,-0.00390625,-0.0078125,0.0,0.0,0.0
1710399381,1367132,0,1.0078125,-0.00390625,-0.005859375,-0.009765625,0.0,0.0,0.0
1710400631,1367133,0,1.005859375,-0.00390625,-0.00390625,-0.0078125,0.0,0.0,0.0
1710401882,1367134,0,1.0,-0.009765625,-0.01171875,-0.021484375,0.0,0.0,0.0
1710403133,1367135,0,1.01171875,-0.00390625,-0.00390625,-0.0078125,0.0,0.0,0.0
1710404384,1367136,0,1.01171875,-0.009765625,-0.013671875,-0.0234375,0.0,0.0,0.0
1710405635,1367137,0,1.005859375,-0.00390625,-0.00390625,-0.0078125,0.0,0.0,0.0
1710406885,1367138,0,1.01953125,-0.013671875,-0.00390625,-0.017578125,0.0,0.0,0.0
1710408136,1367139,0,1.00390625,-0.017578125,-0.00390625,-0.021484375,0.0,0.0,0.0
1710409387,1367140,0,1.005859375,-0.009765625,-0.00390625,-0.013671875,0.0,0.0,0.0
1710410638,1367141,0,1.0078125,-0.01171875,-0.001953125,-0.013671875,0.0,0.0,0.0
1710411889,1367142,0,1.00390625,-0.01171875,-0.0078125,-0.01953125,0.0,0.0,0.0
1710413140,1367143,0,0.998046875,-0.01171875,-0.00390625,-0.015625,0.0,0.0,0.0
1710414392,1367144,0,1.001953125,-0.01953125,-0.00390625,-0.0234375,0.0,0.0,0.0
1710415642,1367145,0,1.001953125,-0.01171875,0.001953125,-0.009765625,0.0,0.0,0.0
1710416894,1367146,0,1.00390625,-0.013671875,-0.001953125,-0.015625,0.0,0.0,0.0
1710418145,1367147,0,1.0,-0.013671875,-0.009765625,-0.0234375,0.0,0.0,0.0
1710419395,1367148,0,1.001953125,-0.021484375,-0.001953125,-0.0234375,0.0,0.0,0.0
1710420646,1367149,0,1.00390625,-0.017578125,-0.00390625,-0.021484375,0.0,0.0,0.0
1710421898,1367150,0,1.001953125,-0.01171875,0.001953125,-0.009765625,0.0,0.0,0.0
1710423149,1367151,0,1.0,-0.015625,0.0,-0.015625,0.0,0.0,0.0
1710424400,1367152,0,1.005859375,-0.015625,0.00390625,-0.01171875,0.0,0.0,0.0
1710425651,1367153,0,0.998046875,-0.017578125,0.001953125,-0.015625,0.0,0.0,0.0
1710426902,1367154,0,1.0078125,-0.021484375,-0.005859375,-0.02734375,0.0,0.0,0.0
1710428154,1367155,0,1.0078125,-0.01171875,-0.0078125,-0.01953125,0.0,0.0,0.0
1710429405,1367156,0,1.001953125,-0.013671875,-0.01171875,-0.025390625,0.0,0.0,0.0
1710430657,1367157,0,1.009765625,-0.015625,-0.00390625,-0.01953125,0.0,0.0,0.0
1710431907,1367158,0,1.00390625,-0.0078125,0.005859375,-0.001953125,0.0,0.0,0.0
1710433158,1367159,0,1.00390625,-0.009765625,0.0,-0.009765625,0.0,0.0,0.0
1710434409,1367160,0,1.0,-0.005859375,-0.0078125,-0.013671875,0.0,0.0,0.0
1710435660,1367161,0,1.0078125,-0.0078125,0.001953125,-0.005859375,0.0,0.0,0.0
1710436911,1367162,0,1.0078125,-0.0078125,-0.001953125,-0.009765625,0.0,0.0,0.0
1710438161,1367163,0,1.001953125,-0.0078125,-0.001953125,-0.009765625,0.0,0.0,0.0
1710439412,1367164,0,1.00390625,-0.009765625,0.001953125,-0.0078125,0.0,0.0,0.0
1710440664,1367165,0,1.0078125,-0.0078125,0.001953125,-0.005859375,0.0,0.0,0.0
1710441915,1367166,0,0.998046875,-0.0078125,0.0,-0.0078125,0.0,0.0,0.0
1710443166,1367167,0,1.00390625,-0.005859375,-0.001953125,-0.0078125,0.0,0.0,0.0
1710444417,1367168,0,0.998046875,-0.005859375,0.0078125,0.001953125,0.0,0.0,0.0
1710445668,1367169,0,1.0,-0.00390625,0.00390625,0.0,0.0,0.0,0.0
1710446920,1367170,0,1.0078125,-0.005859375,-0.005859375,-0.01171875,0.0,0.0,0.0
1710448172,1367171,0,1.005859375,-0.00390625,-0.001953125,-0.005859375,0.0,0.0,0.0
1710449422,1367172,0,1.00390625,-0.005859375,0.0,-0.005859375,0.0,0.0,0.0
1710450673,1367173,0,1.0078125,-0.00390625,-0.01171875,-0.015625,0.0,0.0,0.0
1710451924,1367174,0,1.005859375,-0.001953125,-0.00390625,-0.005859375,0.0,0.0,0.0
1710453174,1367175,0,1.013671875,0.001953125,-0.005859375,-0.00390625,0.0,0.0,0.0
1710454425,1367176,0,1.009765625,0.0,0.001953125,0.001953125,0.0,0.0,0.0
1710455676,1367177,0,1.00390625,-0.00390625,0.0,-0.00390625,0.0,0.0,0.0
1710456927,1367178,0,1.013671875,-0.00390625,0.0,-0.00390625,0.0,0.0,0.0
1710458177,1367179,0,1.001953125,-0.00390625,0.001953125,-0.001953125,0.0,0.0,0.0
1710459427,1367180,0,1.0,-0.00390625,-0.00390625,-0.0078125,0.0,0.0,0.0
1710460679,1367181,0,1.00390625,0.001953125,0.0,0.001953125,0.0,0.0,0.0
1710461929,1367182,0,1.0078125,-0.001953125,0.0,-0.001953125,0.0,0.0,0.0
1710463179,1367183,0,1.005859375,-0.005859375,-0.0078125,-0.013671875,0.0,0.0,0.0
