t_us,frame_id,sensor_id,accX,accY,accZ,acc_sum_YZ,magX,magY,magZ
1720412997,1375137,0,1.005859375,-0.005859375,0.001953125,-0.00390625,0.0,0.0,0.0
1720414248,1375138,0,1.0,0.0,-0.001953125,-0.001953125,0.0,0.0,0.0
1720415499,1375139,0,1.0078125,-0.001953125,0.0,-0.001953125,0.0,0.0,0.0
1720416750,1375140,0,0.99609375,0.0,0.005859375,0.005859375,0.0,0.0,0.0
1720418001,1375141,0,1.0,-0.00390625,0.005859375,0.001953125,0.0,0.0,0.0
1720419252,1375142,0,1.0078125,-0.001953125,0.0,-0.001953125,0.0,0.0,0.0
1720420502,1375143,0,1.005859375,-0.001953125,0.009765625,0.0078125,0.0,0.0,0.0
1720421753,1375144,0,1.005859375,0.0,0.001953125,0.001953125,0.0,0.0,0.0
1720423004,1375145,0,1.005859375,-0.0078125,0.00390625,-0.00390625,0.0,0.0,0.0
1720424255,1375146,0,1.00390625,0.001953125,0.0078125,0.009765625,0.0,0.0,0.0
1720425505,1375147,0,1.001953125,-0.001953125,0.001953125,0.0,0.0,0.0,0.0
1720426756,1375148,0,1.005859375,-0.0078125,0.00390625,-0.00390625,0.0,0.0,0.0
1720428008,1375149,0,1.009765625,-0.00390625,0.005859375,0.001953125,0.0,0.0,0.0
1720429258,1375150,0,1.005859375,-0.001953125,-0.001953125,-0.00390625,0.0,0.0,0.0
1720430509,1375151,0,0.998046875,-0.00390625,0.0,-0.00390625,0.0,0.0,0.0
1720431759,1375152,0,1.005859375,-0.001953125,-0.00390625,-0.005859375,0.0,0.0,0.0
1720433010,1375153,0,1.005859375,0.0,0.009765625,0.009765625,0.0,0.0,0.0
1720434261,1375154,0,1.00390625,0.00390625,0.005859375,0.009765625,0.0,0.0,0.0
1720435513,1375155,0,1.0078125,-0.001953125,0.005859375,0.00390625,0.0,0.0,0.0
1720436764,1375156,0,0.99609375,0.0,0.001953125,0.001953125,0.0,0.0,0.0
1720438015,1375157,0,1.009765625,0.00390625,0.001953125,0.005859375,0.0,0.0,0.0
1720439270,1375158,0,1.009765625,-0.00390625,0.00390625,0.0,0.0,0.0,0.0
1720440521,1375159,0,1.001953125,-0.001953125,0.00390625,0.001953125,0.0,0.0,0.0
1720441772,1375160,0,1.00390625,-0.001953125,-0.00390625,-0.005859375,0.0,0.0,0.0
1720443024,1375161,0,1.005859375,-0.001953125,0.005859375,0.00390625,0.0,0.0,0.0
1720444275,1375162,0,1.013671875,-0.00390625,0.001953125,-0.001953125,0.0,0.0,0.0
1720445527,1375163,0,1.0078125,-0.001953125,-0.005859375,-0.0078125,0.0,0.0,0.0
1720446778,1375164,0,1.0078125,0.0,0.0,0.0,0.0,0.0,0.0
1720448028,1375165,0,1.001953125,0.0,0.0,0.0,0.0,0.0,0.0
1720449279,1375166,0,1.00390625,0.001953125,0.0,0.001953125,0.0,0.0,0.0
1720450530,1375167,0,1.00390625,-0.001953125,0.005859375,0.00390625,0.0,0.0,0.0
1720451782,1375168,0,1.001953125,-0.001953125,0.005859375,0.00390625,0.0,0.0,0.0
1720453032,1375169,0,1.009765625,0.0,0.00390625,0.00390625,0.0,0.0,0.0
1720454282,1375170,0,1.005859375,-0.00390625,0.001953125,-0.001953125,0.0,0.0,0.0
1720455532,1375171,0,1.005859375,0.0,0.00390625,0.00390625,0.0,0.0,0.0
1720456783,1375172,0,1.005859375,-0.00390625,0.001953125,-0.001953125,0.0,0.0,0.0
1720458034,1375173,0,1.0078125,0.0,0.0078125,0.0078125,0.0,0.0,0.0
1720459285,1375174,0,1.00390625,0.001953125,0.005859375,0.0078125,0.0,0.0,0.0
1720460537,1375175,0,1.00390625,-0.001953125,0.00390625,0.001953125,0.0,0.0,0.0
1720461789,1375176,0,1.0078125,0.0,0.001953125,0.001953125,0.0,0.0,0.0
1720463039,1375177,0,1.00390625,0.0,0.0,0.0,0.0,0.0,0.0
1720464290,1375178,0,1.0078125,-0.00390625,0.005859375,0.001953125,0.0,0.0,0.0
1720465541,1375179,0,1.0078125,-0.00390625,0.00390625,0.0,0.0,0.0,0.0
1720466792,1375180,0,1.0078125,0.00390625,0.0,0.00390625,0.0,0.0,0.0
1720468042,1375181,0,1.01171875,0.00390625,-0.00390625,0.0,0.0,0.0,0.0
1720469294,1375182,0,1.00390625,-0.001953125,0.00390625,0.001953125,0.0,0.0,0.0
1720470545,1375183,0,1.00390625,-0.005859375,0.00390625,-0.001953125,0.0,0.0,0.0
1720471795,1375184,0,1.0078125,0.0,0.00390625,0.00390625,0.0,0.0,0.0
1720473047,1375185,0,1.001953125,0.001953125,0.0,0.001953125,0.0,0.0,0.0
1720474298,1375186,0,0.998046875,0.0,0.001953125,0.001953125,0.0,0.0,0.0
1720475549,1375187,0,1.0078125,-0.00390625,0.00390625,0.0,0.0,0.0,0.0
1720476800,1375188,0,1.0078125,-0.00390625,0.005859375,0.001953125,0.0,0.0,0.0
1720478050,1375189,0,1.005859375,0.001953125,-0.00390625,-0.001953125,0.0,0.0,0.0
1720479301,1375190,0,1.009765625,-0.00390625,0.001953125,-0.001953125,0.0,0.0,0.0
1720480552,1375191,0,1.001953125,0.0,0.005859375,0.005859375,0.0,0.0,0.0
1720481803,1375192,0,1.01171875,0.001953125,0.0,0.001953125,0.0,0.0,0.0
1720483053,1375193,0,0.998046875,0.0,-0.005859375,-0.005859375,0.0,0.0,0.0
1720484305,1375194,0,1.00390625,-0.005859375,-0.001953125,-0.0078125,0.0,0.0,0.0
1720485557,1375195,0,1.009765625,-0.00390625,-0.001953125,-0.005859375,0.0,0.0,0.0
1720486808,1375196,0,1.0078125,0.005859375,0.005859375,0.01171875,0.0,0.0,0.0
1720488059,1375197,0,1.015625,-0.001953125,0.01171875,0.009765625,0.0,0.0,0.0
1720489310,1375198,0,1.0,-0.001953125,0.009765625,0.0078125,0.0,0.0,0.0
1720490562,1375199,0,1.015625,-0.00390625,0.013671875,0.009765625,0.0,0.0,0.0
1720491812,1375200,0,1.001953125,-0.00390625,-0.001953125,-0.005859375,0.0,0.0,0.0
1720493064,1375201,0,1.00390625,-0.005859375,0.001953125,-0.00390625,0.0,0.0,0.0
1720494314,1375202,0,1.00390625,0.0,0.001953125,0.001953125,0.0,0.0,0.0
1720495565,1375203,0,1.001953125,-0.00390625,0.005859375,0.001953125,0.0,0.0,0.0
1720496816,1375204,0,1.017578125,-0.00390625,0.005859375,0.001953125,0.0,0.0,0.0
1720498066,1375205,0,1.0,-0.00390625,0.00390625,0.0,0.0,0.0,0.0
1720499317,1375206,0,1.001953125,0.0,0.00390625,0.00390625,0.0,0.0,0.0
1720500569,1375207,0,1.005859375,-0.001953125,0.0,-0.001953125,0.0,0.0,0.0
1720501819,1375208,0,1.0,-0.001953125,0.005859375,0.00390625,0.0,0.0,0.0
1720503070,1375209,0,1.00390625,-0.00390625,0.005859375,0.001953125,0.0,0.0,0.0
1720504321,1375210,0,1.00390625,-0.001953125,0.0,-0.001953125,0.0,0.0,0.0
1720505571,1375211,0,1.005859375,-0.001953125,0.009765625,0.0078125,0.0,0.0,0.0
1720506822,1375212,0,0.998046875,-0.005859375,0.00390625,-0.001953125,0.0,0.0,0.0
1720508074,1375213,0,1.005859375,0.0,0.001953125,0.001953125,0.0,0.0,0.0
1720509324,1375214,0,1.00390625,-0.005859375,0.001953125,-0.00390625,0.0,0.0,0.0
1720510575,1375215,0,1.001953125,0.0,0.001953125,0.001953125,0.0,0.0,0.0
1720511827,1375216,0,1.001953125,0.0,0.0,0.0,0.0,0.0,0.0
1720513077,1375217,0,0.99609375,-0.001953125,0.001953125,0.0,0.0,0.0,0.0
1720514328,1375218,0,1.0,-0.001953125,0.005859375,0.00390625,0.0,0.0,0.0
1720515580,1375219,0,1.0,0.0,0.00390625,0.00390625,0.0,0.0,0.0
1720516832,1375220,0,1.005859375,-0.001953125,0.00390625,0.001953125,0.0,0.0,0.0
1720518082,1375221,0,1.001953125,0.00390625,0.0078125,0.01171875,0.0,0.0,0.0
1720519333,1375222,0,1.0,0.001953125,0.009765625,0.01171875,0.0,0.0,0.0
1720520585,1375223,0,0.99609375,-0.001953125,-0.001953125,-0.00390625,0.0,0.0,0.0
1720521835,1375224,0,1.009765625,-0.00390625,0.0,-0.00390625,0.0,0.0,0.0
1720523086,1375225,0,1.0,-0.001953125,0.01171875,0.009765625,0.0,0.0,0.0
1720524338,1375226,0,1.00390625,-0.001953125,0.0,-0.001953125,0.0,0.0,0.0
1720525589,1375227,0,1.005859375,0.0,0.0,0.0,0.0,0.0,0.0
1720526840,1375228,0,1.00390625,0.001953125,0.0,0.001953125,0.0,0.0,0.0
1720528092,1375229,0,1.00390625,-0.001953125,0.0,-0.001953125,0.0,0.0,0.0
1720529343,1375230,0,1.0078125,-0.00390625,0.001953125,-0.001953125,0.0,0.0,0.0
1720530594,1375231,0,1.00390625,-0.00390625,0.001953125,-0.001953125,0.0,0.0,0.0
1720531845,1375232,0,0.998046875,0.0,0.005859375,0.005859375,0.0,0.0,0.0
1720533096,1375233,0,0.998046875,-0.001953125,0.0,-0.001953125,0.0,0.0,0.0
1720534346,1375234,0,1.005859375,0.0,0.001953125,0.001953125,0.0,0.0,0.0
1720535598,1375235,0,1.005859375,-0.001953125,0.001953125,0.0,0.0,0.0,0.0
1720536849,1375236,0,0.99609375,-0.001953125,0.005859375,0.00390625,0.0,0.0,0.0
1720538099,1375237,0,1.0,-0.00390625,0.001953125,-0.001953125,0.0,0.0,0.0
1720539350,1375238,0,1.009765625,0.0,0.0,0.0,0.0,0.0,0.0
1720540601,1375239,0,1.0078125,-0.001953125,0.0078125,0.005859375,0.0,0.0,0.0
1720541852,1375240,0,0.998046875,-0.001953125,0.013671875,0.01171875,0.0,0.0,0.0
1720543103,1375241,0,0.99609375,-0.001953125,0.00390625,0.001953125,0.0,0.0,0.0
1720544354,1375242,0,1.009765625,0.0,0.00390625,0.00390625,0.0,0.0,0.0
1720545605,1375243,0,0.998046875,0.001953125,0.009765625,0.01171875,0.0,0.0,0.0
1720546855,1375244,0,1.0,-0.001953125,0.001953125,0.0,0.0,0.0,0.0
1720548107,1375245,0,1.001953125,0.0,0.005859375,0.005859375,0.0,0.0,0.0
1720549357,1375246,0,1.005859375,-0.00390625,0.00390625,0.0,0.0,0.0,0.0
1720550607,1375247,0,1.0078125,-0.001953125,0.00390625,0.001953125,0.0,0.0,0.0
1720551859,1375248,0,1.001953125,-0.001953125,0.00390625,0.001953125,0.0,0.0,0.0
1720553109,1375249,0,1.00390625,-0.00390625,0.0078125,0.00390625,0.0,0.0,0.0
1720554361,1375250,0,1.00390625,-0.001953125,0.0,-0.001953125,0.0,0.0,0.0
1720555611,1375251,0,1.0,0.0,-0.00390625,-0.00390625,0.0,0.0,0.0
1720556861,1375252,0,1.001953125,-0.001953125,0.0,-0.001953125,0.0,0.0,0.0
1720558113,1375253,0,1.00390625,0.0,0.005859375,0.005859375,0.0,0.0,0.0
1720559364,1375254,0,1.005859375,-0.00390625,0.001953125,-0.001953125,0.0,0.0,0.0
1720560616,1375255,0,1.005859375,0.0,0.00390625,0.00390625,0.0,0.0,0.0
1720561866,1375256,0,1.0078125,0.00390625,0.0,0.00390625,0.0,0.0,0.0
1720563118,1375257,0,1.00390625,-0.001953125,0.001953125,0.0,0.0,0.0,0.0
1720564368,1375258,0,1.001953125,0.0,0.00390625,0.00390625,0.0,0.0,0.0
1720565619,1375259,0,1.005859375,-0.00390625,0.0,-0.00390625,0.0,0.0,0.0
1720566869,1375260,0,1.0078125,-0.005859375,0.001953125,-0.00390625,0.0,0.0,0.0
1720568119,1375261,0,1.0078125,-0.00390625,-0.005859375,-0.009765625,0.0,0.0,0.0
1720569371,1375262,0,1.00390625,0.0,0.0,0.0,0.0,0.0,0.0
1720570622,1375263,0,1.0,-0.001953125,0.00390625,0.001953125,0.0,0.0,0.0
1720571874,1375264,0,1.00390625,0.001953125,0.005859375,0.0078125,0.0,0.0,0.0
1720573124,1375265,0,1.009765625,-0.00390625,0.0,-0.00390625,0.0,0.0,0.0
1720574375,1375266,0,1.001953125,0.001953125,-0.001953125,0.0,0.0,0.0,0.0
1720575625,1375267,0,1.00390625,0.0,0.00390625,0.00390625,0.0,0.0,0.0
1720576877,1375268,0,1.005859375,0.0,0.00390625,0.00390625,0.0,0.0,0.0
1720578127,1375269,0,1.0,0.0,0.0,0.0,0.0,0.0,0.0
1720579377,1375270,0,1.00390625,0.0,0.0,0.0,0.0,0.0,0.0
1720580629,1375271,0,1.005859375,-0.00390625,0.00390625,0.0,0.0,0.0,0.0
1720581879,1375272,0,1.00390625,-0.001953125,0.0,-0.001953125,0.0,0.0,0.0
1720583130,1375273,0,1.00390625,-0.001953125,0.001953125,0.0,0.0,0.0,0.0
1720584381,1375274,0,1.0078125,-0.001953125,0.001953125,0.0,0.0,0.0,0.0
1720585631,1375275,0,1.0,-0.00390625,0.001953125,-0.001953125,0.0,0.0,0.0
1720586882,1375276,0,1.0078125,0.0,0.00390625,0.00390625,0.0,0.0,0.0
1720588133,1375277,0,1.005859375,-0.00390625,0.0,-0.00390625,0.0,0.0,0.0
1720589384,1375278,0,1.0078125,-0.00390625,0.001953125,-0.001953125,0.0,0.0,0.0
1720590635,1375279,0,1.0078125,-0.00390625,0.001953125,-0.001953125,0.0,0.0,0.0
1720591885,1375280,0,1.0,0.00390625,0.0,0.00390625,0.0,0.0,0.0
1720593136,1375281,0,1.0078125,0.0,0.005859375,0.005859375,0.0,0.0,0.0
1720594387,1375282,0,1.009765625,0.001953125,0.001953125,0.00390625,0.0,0.0,0.0
1720595638,1375283,0,0.994140625,-0.0078125,0.00390625,-0.00390625,0.0,0.0,0.0
1720596889,1375284,0,1.005859375,-0.001953125,-0.001953125,-0.00390625,0.0,0.0,0.0
1720598140,1375285,0,1.00390625,0.00390625,0.00390625,0.0078125,0.0,0.0,0.0
1720599392,1375286,0,1.00390625,0.0,0.001953125,0.001953125,0.0,0.0,0.0
1720600642,1375287,0,1.0,-0.005859375,0.00390625,-0.001953125,0.0,0.0,0.0
1720601894,1375288,0,1.001953125,-0.00390625,-0.001953125,-0.005859375,0.0,0.0,0.0
1720603145,1375289,0,1.00390625,-0.001953125,0.0078125,0.005859375,0.0,0.0,0.0
1720604395,1375290,0,1.001953125,0.00390625,0.001953125,0.005859375,0.0,0.0,0.0
1720605646,1375291,0,1.005859375,-0.001953125,-0.001953125,-0.00390625,0.0,0.0,0.0
1720606898,1375292,0,1.00390625,-0.001953125,0.005859375,0.00390625,0.0,0.0,0.0
1720608149,1375293,0,1.0,0.0,-0.00390625,-0.00390625,0.0,0.0,0.0
1720609400,1375294,0,1.00390625,-0.001953125,0.00390625,0.001953125,0.0,0.0,0.0
1720610651,1375295,0,1.0078125,-0.00390625,0.00390625,0.0,0.0,0.0,0.0
1720611902,1375296,0,1.005859375,0.0,0.0,0.0,0.0,0.0,0.0
1720613154,1375297,0,1.00390625,-0.001953125,0.0,-0.001953125,0.0,0.0,0.0
1720614405,1375298,0,1.005859375,0.00390625,-0.001953125,0.001953125,0.0,0.0,0.0
1720615657,1375299,0,0.99609375,0.001953125,0.0,0.001953125,0.0,0.0,0.0
1720616907,1375300,0,1.0078125,-0.00390625,0.00390625,0.0,0.0,0.0,0.0
1720618158,1375301,0,1.0078125,-0.009765625,-0.001953125,-0.01171875,0.0,0.0,0.0
1720619409,1375302,0,0.998046875,-0.001953125,0.001953125,0.0,0.0,0.0,0.0
1720620660,1375303,0,1.0078125,-0.001953125,0.001953125,0.0,0.0,0.0,0.0
1720621911,1375304,0,1.0078125,0.001953125,0.00390625,0.005859375,0.0,0.0,0.0
1720623161,1375305,0,1.001953125,0.001953125,-0.001953125,0.0,0.0,0.0,0.0
1720624412,1375306,0,1.005859375,0.0,0.015625,0.015625,0.0,0.0,0.0
1720625664,1375307,0,1.0,-0.001953125,-0.001953125,-0.00390625,0.0,0.0,0.0
1720626915,1375308,0,1.0,-0.001953125,0.001953125,0.0,0.0,0.0,0.0
1720628166,1375309,0,0.99609375,0.0,0.00390625,0.00390625,0.0,0.0,0.0
1720629417,1375310,0,1.005859375,-0.001953125,0.001953125,0.0,0.0,0.0,0.0
1720630668,1375311,0,1.0078125,-0.001953125,0.0,-0.001953125,0.0,0.0,0.0
1720631920,1375312,0,1.00390625,-0.001953125,0.005859375,0.00390625,0.0,0.0,0.0
1720633172,1375313,0,0.998046875,0.0,0.00390625,0.00390625,0.0,0.0,0.0
1720634422,1375314,0,1.00390625,-0.001953125,0.0,-0.001953125,0.0,0.0,0.0
1720635673,1375315,0,1.009765625,-0.00390625,0.005859375,0.001953125,0.0,0.0,0.0
1720636924,1375316,0,1.00390625,0.0,0.005859375,0.005859375,0.0,0.0,0.0
1720638174,1375317,0,1.005859375,0.001953125,0.0,0.001953125,0.0,0.0,0.0
1720639425,1375318,0,1.005859375,-0.001953125,0.001953125,0.0,0.0,0.0,0.0
1720640676,1375319,0,1.00390625,-0.001953125,0.0,-0.001953125,0.0,0.0,0.0
1720641927,1375320,0,1.001953125,-0.001953125,0.001953125,0.0,0.0,0.0,0.0
1720643177,1375321,0,1.009765625,-0.001953125,0.0,-0.001953125,0.0,0.0,0.0
1720644427,1375322,0,1.0,-0.00390625,0.001953125,-0.001953125,0.0,0.0,0.0
1720645679,1375323,0,1.0078125,-0.001953125,0.005859375,0.00390625,0.0,0.0,0.0
1720646929,1375324,0,1.001953125,0.00390625,0.005859375,0.009765625,0.0,0.0,0.0
1720648179,1375325,0,1.0078125,0.0,0.0,0.0,0.0,0.0,0.0
1720649431,1375326,0,0.998046875,0.0,0.0,0.0,0.0,0.0,0.0
1720650681,1375327,0,1.0,-0.001953125,0.0078125,0.005859375,0.0,0.0,0.0
1720651932,1375328,0,1.00390625,0.0,0.005859375,0.005859375,0.0,0.0,0.0
1720653182,1375329,0,1.005859375,-0.00390625,0.005859375,0.001953125,0.0,0.0,0.0
1720654432,1375330,0,1.001953125,0.001953125,0.005859375,0.0078125,0.0,0.0,0.0
1720655684,1375331,0,1.009765625,0.0,-0.001953125,-0.001953125,0.0,0.0,0.0
1720656934,1375332,0,1.00390625,-0.001953125,0.001953125,0.0,0.0,0.0,0.0
1720658184,1375333,0,1.0078125,-0.001953125,0.0,-0.001953125,0.0,0.0,0.0
1720659436,1375334,0,0.998046875,0.0,0.0078125,0.0078125,0.0,0.0,0.0
1720660686,1375335,0,1.00390625,0.0,0.00390625,0.00390625,0.0,0.0,0.0
1720661937,1375336,0,0.99609375,-0.009765625,0.00390625,-0.005859375,0.0,0.0,0.0
1720663188,1375337,0,1.0078125,0.001953125,0.001953125,0.00390625,0.0,0.0,0.0
1720664439,1375338,0,1.00390625,0.0,0.0078125,0.0078125,0.0,0.0,0.0
1720665691,1375339,0,1.001953125,0.0,0.00390625,0.00390625,0.0,0.0,0.0
1720666942,1375340,0,1.005859375,-0.001953125,0.00390625,0.001953125,0.0,0.0,0.0
1720668192,1375341,0,1.0078125,-0.0078125,0.00390625,-0.00390625,0.0,0.0,0.0
1720669443,1375342,0,1.005859375,0.0,-0.001953125,-0.001953125,0.0,0.0,0.0
1720670695,1375343,0,1.00390625,-0.005859375,0.0,-0.005859375,0.0,0.0,0.0
1720671945,1375344,0,1.00390625,0.005859375,0.005859375,0.01171875,0.0,0.0,0.0
1720673197,1375345,0,1.009765625,-0.00390625,0.0,-0.00390625,0.0,0.0,0.0
1720674447,1375346,0,1.00390625,-0.0078125,0.00390625,-0.00390625,0.0,0.0,0.0
1720675698,1375347,0,0.99609375,0.001953125,0.0078125,0.009765625,0.0,0.0,0.0
1720676949,1375348,0,1.001953125,0.001953125,0.005859375,0.0078125,0.0,0.0,0.0
1720678200,1375349,0,0.994140625,-0.00390625,0.005859375,0.001953125,0.0,0.0,0.0
1720679451,1375350,0,0.998046875,-0.001953125,-0.00390625,-0.005859375,0.0,0.0,0.0
1720680702,1375351,0,1.00390625,0.0,0.0,0.0,0.0,0.0,0.0
1720681954,1375352,0,1.0,-0.001953125,0.0,-0.001953125,0.0,0.0,0.0
1720683204,1375353,0,1.00390625,0.0,0.0,0.0,0.0,0.0,0.0
1720684455,1375354,0,1.0,-0.001953125,0.00390625,0.001953125,0.0,0.0,0.0
1720685707,1375355,0,1.00390625,-0.001953125,0.005859375,0.00390625,0.0,0.0,0.0
1720686957,1375356,0,1.005859375,-0.00390625,0.005859375,0.001953125,0.0,0.0,0.0
1720688207,1375357,0,1.005859375,-0.001953125,-0.0078125,-0.009765625,0.0,0.0,0.0
1720689459,1375358,0,0.99609375,-0.001953125,0.00390625,0.001953125,0.0,0.0,0.0
1720690709,1375359,0,0.998046875,-0.00390625,0.005859375,0.001953125,0.0,0.0,0.0
1720691960,1375360,0,0.99609375,-0.001953125,0.00390625,0.001953125,0.0,0.0,0.0
1720693210,1375361,0,1.00390625,0.0,0.00390625,0.00390625,0.0,0.0,0.0
1720694461,1375362,0,1.005859375,0.0,0.001953125,0.001953125,0.0,0.0,0.0
1720695712,1375363,0,0.998046875,-0.001953125,0.001953125,0.0,0.0,0.0,0.0
1720696962,1375364,0,1.001953125,0.0,0.0078125,0.0078125,0.0,0.0,0.0
1720698212,1375365,0,1.001953125,0.0,-0.001953125,-0.001953125,0.0,0.0,0.0
1720699463,1375366,0,1.00390625,-0.001953125,-0.00390625,-0.005859375,0.0,0.0,0.0
1720700713,1375367,0,1.009765625,0.00390625,-0.013671875,-0.009765625,0.0,0.0,0.0
1720701965,1375368,0,1.0,0.0,0.005859375,0.005859375,0.0,0.0,0.0
1720703216,1375369,0,1.001953125,0.00390625,0.001953125,0.005859375,0.0,0.0,0.0
1720704468,1375370,0,1.005859375,-0.001953125,-0.001953125,-0.00390625,0.0,0.0,0.0
1720705718,1375371,0,1.013671875,-0.005859375,0.0,-0.005859375,0.0,0.0,0.0
1720706970,1375372,0,1.001953125,0.001953125,0.001953125,0.00390625,0.0,0.0,0.0
1720708221,1375373,0,0.994140625,0.0,0.001953125,0.001953125,0.0,0.0,0.0
1720709471,1375374,0,1.0,-0.001953125,0.001953125,0.0,0.0,0.0,0.0
1720710722,1375375,0,1.005859375,-0.001953125,0.005859375,0.00390625,0.0,0.0,0.0
1720711973,1375376,0,1.001953125,-0.00390625,0.0,-0.00390625,0.0,0.0,0.0
1720713225,1375377,0,1.005859375,-0.001953125,-0.00390625,-0.005859375,0.0,0.0,0.0
1720714477,1375378,0,1.0,0.0,0.00390625,0.00390625,0.0,0.0,0.0
1720715728,1375379,0,1.005859375,-0.00390625,0.00390625,0.0,0.0,0.0,0.0
1720716978,1375380,0,1.0,0.0,0.001953125,0.001953125,0.0,0.0,0.0
1720718229,1375381,0,1.005859375,-0.001953125,0.005859375,0.00390625,0.0,0.0,0.0
1720719481,1375382,0,1.0078125,0.001953125,0.01171875,0.013671875,0.0,0.0,0.0
1720720731,1375383,0,1.005859375,0.001953125,0.0078125,0.009765625,0.0,0.0,0.0
1720721982,1375384,0,1.005859375,0.0,0.00390625,0.00390625,0.0,0.0,0.0
1720723233,1375385,0,1.00390625,-0.001953125,0.00390625,0.001953125,0.0,0.0,0.0
1720724483,1375386,0,1.00390625,0.0,0.0,0.0,0.0,0.0,0.0
1720725734,1375387,0,1.001953125,-0.00390625,0.001953125,-0.001953125,0.0,0.0,0.0
1720726984,1375388,0,0.99609375,-0.001953125,0.009765625,0.0078125,0.0,0.0,0.0
1720728235,1375389,0,1.015625,-0.001953125,0.00390625,0.001953125,0.0,0.0,0.0
1720729486,1375390,0,1.0,-0.0078125,-0.00390625,-0.01171875,0.0,0.0,0.0
1720730736,1375391,0,1.001953125,-0.00390625,0.0078125,0.00390625,0.0,0.0,0.0
1720731987,1375392,0,1.0,0.001953125,-0.001953125,0.0,0.0,0.0,0.0
1720733238,1375393,0,0.99609375,0.0,0.0,0.0,0.0,0.0,0.0
1720734489,1375394,0,1.0,0.0,0.0,0.0,0.0,0.0,0.0
1720735739,1375395,0,1.009765625,-0.001953125,0.00390625,0.001953125,0.0,0.0,0.0
1720736990,1375396,0,1.009765625,-0.001953125,0.00390625,0.001953125,0.0,0.0,0.0
1720738241,1375397,0,1.00390625,0.001953125,0.00390625,0.005859375,0.0,0.0,0.0
1720739492,1375398,0,1.001953125,-0.001953125,0.001953125,0.0,0.0,0.0,0.0
1720740742,1375399,0,1.005859375,-0.001953125,0.0,-0.001953125,0.0,0.0,0.0
1720741993,1375400,0,0.998046875,0.0,0.00390625,0.00390625,0.0,0.0,0.0
1720743244,1375401,0,1.005859375,-0.001953125,0.0,-0.001953125,0.0,0.0,0.0
1720744494,1375402,0,1.005859375,0.001953125,0.0078125,0.009765625,0.0,0.0,0.0
1720745746,1375403,0,1.0,-0.001953125,0.0,-0.001953125,0.0,0.0,0.0
1720746997,1375404,0,1.0,0.0,0.001953125,0.001953125,0.0,0.0,0.0
1720748248,1375405,0,0.998046875,0.0,0.001953125,0.001953125,0.0,0.0,0.0
1720749499,1375406,0,1.0078125,-0.001953125,0.001953125,0.0,0.0,0.0,0.0
1720750750,1375407,0,1.01171875,-0.001953125,0.005859375,0.00390625,0.0,0.0,0.0
1720752001,1375408,0,1.00390625,0.0,0.0078125,0.0078125,0.0,0.0,0.0
1720753252,1375409,0,0.9921875,-0.00390625,0.017578125,0.013671875,0.0,0.0,0.0
1720754502,1375410,0,1.001953125,-0.00390625,0.00390625,0.0,0.0,0.0,0.0
1720755753,1375411,0,1.005859375,-0.00390625,0.00390625,0.0,0.0,0.0,0.0
1720757004,1375412,0,0.998046875,0.0,0.005859375,0.005859375,0.0,0.0,0.0
1720758255,1375413,0,0.9921875,0.001953125,0.01171875,0.013671875,0.0,0.0,0.0
1720759505,1375414,0,1.009765625,-0.001953125,0.001953125,0.0,0.0,0.0,0.0
1720760756,1375415,0,1.009765625,-0.001953125,0.005859375,0.00390625,0.0,0.0,0.0
1720762008,1375416,0,1.001953125,0.001953125,0.005859375,0.0078125,0.0,0.0,0.0
1720763258,1375417,0,1.001953125,-0.001953125,0.001953125,0.0,0.0,0.0,0.0
1720764509,1375418,0,1.005859375,-0.00390625,0.0,-0.00390625,0.0,0.0,0.0
1720765759,1375419,0,1.005859375,-0.001953125,0.0,-0.001953125,0.0,0.0,0.0
1720767010,1375420,0,1.001953125,-0.001953125,0.0078125,0.005859375,0.0,0.0,0.0
1720768261,1375421,0,1.005859375,-0.001953125,0.001953125,0.0,0.0,0.0,0.0
1720769513,1375422,0,1.005859375,0.001953125,0.001953125,0.00390625,0.0,0.0,0.0
1720770764,1375423,0,1.00390625,0.0,-0.001953125,-0.001953125,0.0,0.0,0.0
1720772015,1375424,0,1.00390625,0.0,0.0,0.0,0.0,0.0,0.0
1720773270,1375425,0,1.005859375,-0.001953125,0.00390625,0.001953125,0.0,0.0,0.0
1720774521,1375426,0,1.0,0.0,0.00390625,0.00390625,0.0,0.0,0.0
1720775772,1375427,0,1.005859375,0.0,0.0,0.0,0.0,0.0,0.0
1720777024,1375428,0,1.0078125,0.0,-0.001953125,-0.001953125,0.0,0.0,0.0
1720778275,1375429,0,1.001953125,-0.001953125,0.005859375,0.00390625,0.0,0.0,0.0
1720779527,1375430,0,0.998046875,-0.001953125,0.01171875,0.009765625,0.0,0.0,0.0
1720780778,1375431,0,1.00390625,0.0,0.001953125,0.001953125,0.0,0.0,0.0
1720782028,1375432,0,1.0078125,-0.001953125,0.0,-0.001953125,0.0,0.0,0.0
1720783279,1375433,0,1.0078125,-0.001953125,0.001953125,0.0,0.0,0.0,0.0
1720784530,1375434,0,1.001953125,0.0,0.00390625,0.00390625,0.0,0.0,0.0
1720785782,1375435,0,1.00390625,0.0,0.00390625,0.00390625,0.0,0.0,0.0
1720787032,1375436,0,1.0078125,-0.00390625,0.001953125,-0.001953125,0.0,0.0,0.0
1720788282,1375437,0,1.00390625,-0.005859375,0.001953125,-0.00390625,0.0,0.0,0.0
1720789532,1375438,0,0.99609375,0.0,0.0078125,0.0078125,0.0,0.0,0.0
1720790783,1375439,0,1.001953125,0.0,0.0,0.0,0.0,0.0,0.0
1720792034,1375440,0,1.00390625,-0.00390625,0.005859375,0.001953125,0.0,0.0,0.0
1720793285,1375441,0,1.005859375,-0.001953125,0.0078125,0.005859375,0.0,0.0,0.0
1720794537,1375442,0,1.005859375,-0.00390625,0.001953125,-0.001953125,0.0,0.0,0.0
1720795789,1375443,0,1.00390625,0.0,0.005859375,0.005859375,0.0,0.0,0.0
1720797039,1375444,0,1.0,-0.001953125,0.00390625,0.001953125,0.0,0.0,0.0
1720798290,1375445,0,1.0,-0.001953125,0.001953125,0.0,0.0,0.0,0.0
1720799541,1375446,0,1.005859375,-0.005859375,-0.009765625,-0.015625,0.0,0.0,0.0
1720800792,1375447,0,0.998046875,-0.00390625,0.00390625,0.0,0.0,0.0,0.0
1720802042,1375448,0,1.0078125,-0.001953125,-0.00390625,-0.005859375,0.0,0.0,0.0
1720803294,1375449,0,1.001953125,0.0,-0.001953125,-0.001953125,0.0,0.0,0.0
1720804545,1375450,0,1.005859375,-0.005859375,0.00390625,-0.001953125,0.0,0.0,0.0
1720805795,1375451,0,1.009765625,0.00390625,-0.0625,-0.05859375,0.0,0.0,0.0
1720807047,1375452,0,1.0078125,-0.00390625,0.005859375,0.001953125,0.0,0.0,0.0
1720808298,1375453,0,0.998046875,0.0,0.0,0.0,0.0,0.0,0.0
1720809549,1375454,0,1.0078125,-0.00390625,0.0,-0.00390625,0.0,0.0,0.0
1720810800,1375455,0,0.99609375,0.0,0.001953125,0.001953125,0.0,0.0,0.0
1720812050,1375456,0,1.0078125,0.0,0.001953125,0.001953125,0.0,0.0,0.0
1720813301,1375457,0,1.001953125,0.0078125,0.013671875,0.021484375,0.0,0.0,0.0
1720814552,1375458,0,1.009765625,0.0,0.0,0.0,0.0,0.0,0.0
1720815803,1375459,0,1.0078125,0.0,0.0078125,0.0078125,0.0,0.0,0.0
1720817053,1375460,0,1.001953125,0.0,0.001953125,0.001953125,0.0,0.0,0.0
1720818305,1375461,0,1.00390625,-0.001953125,0.001953125,0.0,0.0,0.0,0.0
1720819557,1375462,0,1.001953125,0.001953125,0.00390625,0.005859375,0.0,0.0,0.0
1720820808,1375463,0,1.00390625,-0.001953125,-0.00390625,-0.005859375,0.0,0.0,0.0
1720822059,1375464,0,1.001953125,-0.001953125,0.00390625,0.001953125,0.0,0.0,0.0
1720823310,1375465,0,1.0078125,0.0,0.0,0.0,0.0,0.0,0.0
1720824562,1375466,0,1.005859375,-0.001953125,0.001953125,0.0,0.0,0.0,0.0
1720825812,1375467,0,1.00390625,-0.001953125,-0.001953125,-0.00390625,0.0,0.0,0.0
1720827064,1375468,0,1.00390625,-0.005859375,0.001953125,-0.00390625,0.0,0.0,0.0
1720828314,1375469,0,1.0,-0.00390625,0.00390625,0.0,0.0,0.0,0.0
1720829565,1375470,0,1.00390625,0.00390625,0.00390625,0.0078125,0.0,0.0,0.0
1720830816,1375471,0,1.001953125,-0.005859375,0.00390625,-0.001953125,0.0,0.0,0.0
1720832066,1375472,0,1.005859375,0.0,0.005859375,0.005859375,0.0,0.0,0.0
1720833317,1375473,0,1.001953125,-0.001953125,0.01171875,0.009765625,0.0,0.0,0.0
1720834569,1375474,0,1.009765625,0.0,0.005859375,0.005859375,0.0,0.0,0.0
1720835819,1375475,0,1.01171875,0.001953125,-0.00390625,-0.001953125,0.0,0.0,0.0
1720837070,1375476,0,1.00390625,0.0,-0.001953125,-0.001953125,0.0,0.0,0.0
1720838321,1375477,0,1.0078125,-0.005859375,-0.00390625,-0.009765625,0.0,0.0,0.0
1720839571,1375478,0,0.99609375,-0.00390625,0.00390625,0.0,0.0,0.0,0.0
1720840822,1375479,0,0.998046875,-0.005859375,0.001953125,-0.00390625,0.0,0.0,0.0
1720842074,1375480,0,1.0078125,0.0,0.0,0.0,0.0,0.0,0.0
1720843324,1375481,0,1.001953125,-0.001953125,-0.00390625,-0.005859375,0.0,0.0,0.0
1720844575,1375482,0,1.0,-0.001953125,-0.001953125,-0.00390625,0.0,0.0,0.0
1720845827,1375483,0,1.0078125,0.0,-0.001953125,-0.001953125,0.0,0.0,0.0
1720847077,1375484,0,1.0078125,0.0,0.001953125,0.001953125,0.0,0.0,0.0
1720848328,1375485,0,1.001953125,-0.001953125,0.00390625,0.001953125,0.0,0.0,0.0
1720849580,1375486,0,0.998046875,-0.001953125,0.005859375,0.00390625,0.0,0.0,0.0
1720850832,1375487,0,1.0,-0.00390625,0.005859375,0.001953125,0.0,0.0,0.0
1720852082,1375488,0,1.005859375,-0.001953125,0.001953125,0.0,0.0,0.0,0.0
1720853333,1375489,0,1.005859375,-0.00390625,0.0,-0.00390625,0.0,0.0,0.0
1720854585,1375490,0,1.00390625,-0.001953125,0.001953125,0.0,0.0,0.0,0.0
1720855835,1375491,0,1.001953125,-0.001953125,0.0,-0.001953125,0.0,0.0,0.0
1720857086,1375492,0,1.001953125,0.005859375,0.00390625,0.009765625,0.0,0.0,0.0
1720858338,1375493,0,1.00390625,-0.005859375,0.0,-0.005859375,0.0,0.0,0.0
1720859589,1375494,0,0.994140625,-0.00390625,0.009765625,0.005859375,0.0,0.0,0.0
1720860840,1375495,0,1.005859375,-0.001953125,0.005859375,0.00390625,0.0,0.0,0.0
1720862092,1375496,0,1.00390625,0.0,0.0,0.0,0.0,0.0,0.0
1720863343,1375497,0,0.998046875,0.00390625,-0.001953125,0.001953125,0.0,0.0,0.0
1720864594,1375498,0,0.998046875,-0.001953125,0.005859375,0.00390625,0.0,0.0,0.0
1720865845,1375499,0,1.00390625,0.001953125,0.005859375,0.0078125,0.0,0.0,0.0
1720867096,1375500,0,1.005859375,0.0,0.00390625,0.00390625,0.0,0.0,0.0
1720868346,1375501,0,1.00390625,0.0,0.005859375,0.005859375,0.0,0.0,0.0
1720869598,1375502,0,1.001953125,-0.005859375,0.0,-0.005859375,0.0,0.0,0.0
1720870849,1375503,0,0.998046875,0.0,0.005859375,0.005859375,0.0,0.0,0.0
1720872099,1375504,0,1.0078125,-0.00390625,0.00390625,0.0,0.0,0.0,0.0
1720873350,1375505,0,0.998046875,-0.00390625,0.0,-0.00390625,0.0,0.0,0.0
1720874601,1375506,0,1.00390625,-0.00390625,0.001953125,-0.001953125,0.0,0.0,0.0
1720875852,1375507,0,1.009765625,-0.001953125,0.00390625,0.001953125,0.0,0.0,0.0
1720877103,1375508,0,1.005859375,-0.001953125,0.01171875,0.009765625,0.0,0.0,0.0
1720878354,1375509,0,1.005859375,-0.001953125,0.00390625,0.001953125,0.0,0.0,0.0
1720879605,1375510,0,1.0,-0.001953125,-0.001953125,-0.00390625,0.0,0.0,0.0
1720880855,1375511,0,1.005859375,-0.005859375,0.001953125,-0.00390625,0.0,0.0,0.0
1720882107,1375512,0,1.015625,-0.00390625,0.0078125,0.00390625,0.0,0.0,0.0
1720883357,1375513,0,1.00390625,0.0,0.005859375,0.005859375,0.0,0.0,0.0
1720884607,1375514,0,1.00390625,-0.0078125,0.0,-0.0078125,0.0,0.0,0.0
1720885859,1375515,0,1.00390625,-0.001953125,0.00390625,0.001953125,0.0,0.0,0.0
1720887109,1375516,0,0.998046875,-0.001953125,0.005859375,0.00390625,0.0,0.0,0.0
1720888361,1375517,0,1.0,-0.001953125,0.0078125,0.005859375,0.0,0.0,0.0
1720889611,1375518,0,1.0078125,-0.005859375,0.005859375,0.0,0.0,0.0,0.0
1720890861,1375519,0,1.0078125,-0.005859375,0.0078125,0.001953125,0.0,0.0,0.0
1720892113,1375520,0,1.001953125,0.0,0.001953125,0.001953125,0.0,0.0,0.0
1720893364,1375521,0,1.00390625,0.00390625,0.001953125,0.005859375,0.0,0.0,0.0
1720894616,1375522,0,1.001953125,-0.001953125,0.009765625,0.0078125,0.0,0.0,0.0
1720895866,1375523,0,1.0,0.0,0.00390625,0.00390625,0.0,0.0,0.0
1720897118,1375524,0,1.0078125,-0.00390625,0.0,-0.00390625,0.0,0.0,0.0
1720898368,1375525,0,1.00390625,-0.001953125,0.005859375,0.00390625,0.0,0.0,0.0
1720899619,1375526,0,1.00390625,-0.001953125,0.0,-0.001953125,0.0,0.0,0.0
1720900869,1375527,0,1.00390625,-0.001953125,0.005859375,0.00390625,0.0,0.0,0.0
1720902119,1375528,0,1.0,-0.001953125,0.001953125,0.0,0.0,0.0,0.0
1720903371,1375529,0,1.005859375,-0.001953125,0.0078125,0.005859375,0.0,0.0,0.0
1720904622,1375530,0,1.0078125,-0.00390625,0.0,-0.00390625,0.0,0.0,0.0
1720905874,1375531,0,1.00390625,-0.001953125,0.0,-0.001953125,0.0,0.0,0.0
1720907124,1375532,0,1.00390625,0.0,-0.001953125,-0.001953125,0.0,0.0,0.0
1720908375,1375533,0,1.009765625,-0.00390625,0.001953125,-0.001953125,0.0,0.0,0.0
1720909625,1375534,0,1.00390625,-0.00390625,0.00390625,0.0,0.0,0.0,0.0
1720910877,1375535,0,1.00390625,0.001953125,0.001953125,0.00390625,0.0,0.0,0.0
1720912127,1375536,0,1.00390625,-0.001953125,0.0,-0.001953125,0.0,0.0,0.0
1720913377,1375537,0,1.009765625,0.0078125,0.005859375,0.013671875,0.0,0.0,0.0
1720914629,1375538,0,1.013671875,-0.009765625,0.001953125,-0.0078125,0.0,0.0,0.0
1720915879,1375539,0,1.015625,-0.001953125,0.009765625,0.0078125,0.0,0.0,0.0
1720917130,1375540,0,0.998046875,0.0,0.0078125,0.0078125,0.0,0.0,0.0
1720918381,1375541,0,1.013671875,0.0,0.005859375,0.005859375,0.0,0.0,0.0
1720919631,1375542,0,1.001953125,-0.001953125,0.0078125,0.005859375,0.0,0.0,0.0
1720920882,1375543,0,0.994140625,0.0,0.0,0.0,0.0,0.0,0.0
1720922133,1375544,0,1.0,-0.001953125,0.00390625,0.001953125,0.0,0.0,0.0
1720923384,1375545,0,1.005859375,-0.001953125,0.0,-0.001953125,0.0,0.0,0.0
1720924635,1375546,0,1.001953125,-0.00390625,0.0078125,0.00390625,0.0,0.0,0.0
1720925885,1375547,0,1.005859375,-0.00390625,0.001953125,-0.001953125,0.0,0.0,0.0
1720927136,1375548,0,1.00390625,-0.005859375,-0.001953125,-0.0078125,0.0,0.0,0.0
1720928387,1375549,0,1.0,-0.001953125,0.0,-0.001953125,0.0,0.0,0.0
1720929638,1375550,0,1.00390625,0.001953125,-0.001953125,0.0,0.0,0.0,0.0
1720930889,1375551,0,1.00390625,-0.001953125,0.00390625,0.001953125,0.0,0.0,0.0
1720932140,1375552,0,1.0078125,-0.001953125,0.0,-0.001953125,0.0,0.0,0.0
1720933392,1375553,0,1.00390625,-0.00390625,0.00390625,0.0,0.0,0.0,0.0
1720934642,1375554,0,1.005859375,0.0,0.001953125,0.001953125,0.0,0.0,0.0
1720935894,1375555,0,1.001953125,0.0,0.00390625,0.00390625,0.0,0.0,0.0
1720937145,1375556,0,1.001953125,0.00390625,0.0,0.00390625,0.0,0.0,0.0
1720938395,1375557,0,0.9921875,0.0,0.0078125,0.0078125,0.0,0.0,0.0
1720939646,1375558,0,1.00390625,-0.001953125,0.0,-0.001953125,0.0,0.0,0.0
1720940898,1375559,0,1.00390625,-0.0078125,-0.00390625,-0.01171875,0.0,0.0,0.0
1720942149,1375560,0,1.0078125,0.0,-0.001953125,-0.001953125,0.0,0.0,0.0
1720943400,1375561,0,1.00390625,-0.001953125,0.00390625,0.001953125,0.0,0.0,0.0
1720944651,1375562,0,1.0078125,-0.005859375,-0.001953125,-0.0078125,0.0,0.0,0.0
1720945902,1375563,0,1.005859375,-0.001953125,0.00390625,0.001953125,0.0,0.0,0.0
1720947154,1375564,0,1.009765625,0.0,0.0,0.0,0.0,0.0,0.0
1720948405,1375565,0,1.00390625,-0.005859375,0.00390625,-0.001953125,0.0,0.0,0.0
1720949657,1375566,0,0.99609375,0.001953125,-0.001953125,0.0,0.0,0.0,0.0
1720950907,1375567,0,1.001953125,0.0,0.00390625,0.00390625,0.0,0.0,0.0
1720952158,1375568,0,1.00390625,-0.00390625,0.00390625,0.0,0.0,0.0,0.0
1720953409,1375569,0,1.001953125,-0.001953125,-0.001953125,-0.00390625,0.0,0.0,0.0
1720954660,1375570,0,1.00390625,0.0,-0.001953125,-0.001953125,0.0,0.0,0.0
1720955911,1375571,0,1.0,-0.001953125,0.0,-0.001953125,0.0,0.0,0.0
1720957161,1375572,0,1.00390625,-0.001953125,-0.00390625,-0.005859375,0.0,0.0,0.0
1720958412,1375573,0,1.005859375,-0.001953125,-0.001953125,-0.00390625,0.0,0.0,0.0
1720959664,1375574,0,1.00390625,-0.001953125,-0.001953125,-0.00390625,0.0,0.0,0.0
1720960915,1375575,0,1.005859375,0.001953125,0.0,0.001953125,0.0,0.0,0.0
1720962166,1375576,0,1.001953125,-0.001953125,-0.00390625,-0.005859375,0.0,0.0,0.0
1720963417,1375577,0,1.005859375,0.005859375,-0.001953125,0.00390625,0.0,0.0,0.0
1720964668,1375578,0,1.0,0.0,0.005859375,0.005859375,0.0,0.0,0.0
1720965920,1375579,0,1.0078125,-0.001953125,0.00390625,0.001953125,0.0,0.0,0.0
1720967172,1375580,0,0.998046875,0.0,0.00390625,0.00390625,0.0,0.0,0.0
1720968422,1375581,0,1.0078125,0.001953125,-0.001953125,0.0,0.0,0.0,0.0
1720969673,1375582,0,1.00390625,0.001953125,0.009765625,0.01171875,0.0,0.0,0.0
1720970924,1375583,0,0.99609375,-0.001953125,0.009765625,0.0078125,0.0,0.0,0.0
1720972174,1375584,0,1.005859375,0.0,-0.00390625,-0.00390625,0.0,0.0,0.0
1720973425,1375585,0,0.9921875,0.0,0.0,0.0,0.0,0.0,0.0
1720974676,1375586,0,1.0,0.0,-0.001953125,-0.001953125,0.0,0.0,0.0
1720975927,1375587,0,1.00390625,-0.001953125,0.0078125,0.005859375,0.0,0.0,0.0
1720977177,1375588,0,1.005859375,0.0,-0.005859375,-0.005859375,0.0,0.0,0.0
1720978427,1375589,0,1.009765625,0.001953125,0.00390625,0.005859375,0.0,0.0,0.0
1720979679,1375590,0,1.0078125,-0.00390625,0.0,-0.00390625,0.0,0.0,0.0
1720980929,1375591,0,0.998046875,-0.005859375,0.00390625,-0.001953125,0.0,0.0,0.0
1720982179,1375592,0,1.005859375,-0.001953125,0.00390625,0.001953125,0.0,0.0,0.0
1720983431,1375593,0,1.005859375,-0.001953125,0.0,-0.001953125,0.0,0.0,0.0
1720984681,1375594,0,1.005859375,-0.001953125,0.0,-0.001953125,0.0,0.0,0.0
1720985932,1375595,0,1.005859375,-0.001953125,0.001953125,0.0,0.0,0.0,0.0
1720987182,1375596,0,1.001953125,-0.00390625,0.001953125,-0.001953125,0.0,0.0,0.0
1720988432,1375597,0,1.0078125,-0.00390625,0.0,-0.00390625,0.0,0.0,0.0
1720989684,1375598,0,1.005859375,0.0,0.0,0.0,0.0,0.0,0.0
1720990934,1375599,0,1.0078125,0.0,-0.001953125,-0.001953125,0.0,0.0,0.0
1720992184,1375600,0,1.0078125,0.001953125,0.001953125,0.00390625,0.0,0.0,0.0
1720993436,1375601,0,1.001953125,-0.001953125,0.0078125,0.005859375,0.0,0.0,0.0
1720994686,1375602,0,1.0,-0.00390625,0.0078125,0.00390625,0.0,0.0,0.0
1720995937,1375603,0,1.00390625,-0.001953125,0.005859375,0.00390625,0.0,0.0,0.0
1720997188,1375604,0,1.0,-0.005859375,0.00390625,-0.001953125,0.0,0.0,0.0
1720998439,1375605,0,1.0,0.0,0.001953125,0.001953125,0.0,0.0,0.0
1720999691,1375606,0,0.998046875,-0.001953125,0.001953125,0.0,0.0,0.0,0.0
1721000942,1375607,0,0.99609375,-0.001953125,0.005859375,0.00390625,0.0,0.0,0.0
1721002192,1375608,0,1.0,-0.005859375,0.005859375,0.0,0.0,0.0,0.0
1721003443,1375609,0,1.0,-0.001953125,0.001953125,0.0,0.0,0.0,0.0
1721004695,1375610,0,1.005859375,-0.00390625,-0.001953125,-0.005859375,0.0,0.0,0.0
1721005945,1375611,0,1.0078125,-0.00390625,0.00390625,0.0,0.0,0.0,0.0
1721007197,1375612,0,1.0078125,0.001953125,0.00390625,0.005859375,0.0,0.0,0.0
1721008448,1375613,0,1.005859375,-0.001953125,0.001953125,0.0,0.0,0.0,0.0
1721009698,1375614,0,1.005859375,0.0,0.001953125,0.001953125,0.0,0.0,0.0
1721010949,1375615,0,1.00390625,-0.001953125,0.001953125,0.0,0.0,0.0,0.0
1721012199,1375616,0,1.00390625,-0.001953125,0.00390625,0.001953125,0.0,0.0,0.0
1721013449,1375617,0,1.001953125,-0.00390625,0.001953125,-0.001953125,0.0,0.0,0.0
1721014701,1375618,0,1.0,-0.001953125,0.005859375,0.00390625,0.0,0.0,0.0
1721015951,1375619,0,1.01171875,-0.001953125,0.001953125,0.0,0.0,0.0,0.0
1721017202,1375620,0,1.009765625,-0.001953125,-0.00390625,-0.005859375,0.0,0.0,0.0
1721018453,1375621,0,1.0078125,0.0,0.005859375,0.005859375,0.0,0.0,0.0
1721019704,1375622,0,1.013671875,0.0,0.0,0.0,0.0,0.0,0.0
1721020954,1375623,0,0.98828125,-0.001953125,0.00390625,0.001953125,0.0,0.0,0.0
1721022205,1375624,0,0.998046875,-0.00390625,0.0078125,0.00390625,0.0,0.0,0.0
1721023457,1375625,0,1.0078125,-0.00390625,-0.001953125,-0.005859375,0.0,0.0,0.0
1721024707,1375626,0,1.005859375,-0.001953125,0.001953125,0.0,0.0,0.0,0.0
1721025959,1375627,0,1.009765625,0.0,-0.001953125,-0.001953125,0.0,0.0,0.0
1721027209,1375628,0,1.00390625,-0.00390625,-0.001953125,-0.005859375,0.0,0.0,0.0
1721028460,1375629,0,0.99609375,-0.00390625,0.0,-0.00390625,0.0,0.0,0.0
1721029711,1375630,0,1.0,-0.005859375,0.001953125,-0.00390625,0.0,0.0,0.0
1721030961,1375631,0,1.001953125,0.0,0.001953125,0.001953125,0.0,0.0,0.0
1721032211,1375632,0,1.001953125,0.0,0.001953125,0.001953125,0.0,0.0,0.0
1721033461,1375633,0,1.0078125,-0.00390625,0.0,-0.00390625,0.0,0.0,0.0
1721034712,1375634,0,1.001953125,-0.001953125,0.0,-0.001953125,0.0,0.0,0.0
1721035962,1375635,0,1.01171875,-0.005859375,0.00390625,-0.001953125,0.0,0.0,0.0
1721037212,1375636,0,1.005859375,0.0,0.0078125,0.0078125,0.0,0.0,0.0
1721038463,1375637,0,1.001953125,-0.00390625,0.005859375,0.001953125,0.0,0.0,0.0
1721039713,1375638,0,1.0078125,0.0,-0.001953125,-0.001953125,0.0,0.0,0.0
1721040965,1375639,0,1.00390625,0.001953125,0.00390625,0.005859375,0.0,0.0,0.0
1721042216,1375640,0,1.005859375,-0.009765625,0.00390625,-0.005859375,0.0,0.0,0.0
1721043468,1375641,0,1.001953125,-0.00390625,-0.001953125,-0.005859375,0.0,0.0,0.0
1721044718,1375642,0,1.0078125,0.0,-0.005859375,-0.005859375,0.0,0.0,0.0
1721045970,1375643,0,1.013671875,-0.001953125,-0.001953125,-0.00390625,0.0,0.0,0.0
1721047221,1375644,0,0.9921875,-0.001953125,0.0,-0.001953125,0.0,0.0,0.0
1721048471,1375645,0,1.009765625,-0.001953125,0.0,-0.001953125,0.0,0.0,0.0
1721049722,1375646,0,0.994140625,-0.005859375,0.0078125,0.001953125,0.0,0.0,0.0
1721050973,1375647,0,1.005859375,-0.00390625,0.00390625,0.0,0.0,0.0,0.0
1721052225,1375648,0,1.0078125,-0.00390625,0.00390625,0.0,0.0,0.0,0.0
1721053477,1375649,0,1.005859375,-0.00390625,0.005859375,0.001953125,0.0,0.0,0.0
1721054728,1375650,0,1.001953125,-0.005859375,0.001953125,-0.00390625,0.0,0.0,0.0
1721055978,1375651,0,1.005859375,0.0,0.001953125,0.001953125,0.0,0.0,0.0
1721057229,1375652,0,1.0078125,-0.001953125,-0.00390625,-0.005859375,0.0,0.0,0.0
1721058481,1375653,0,1.005859375,0.001953125,0.005859375,0.0078125,0.0,0.0,0.0
1721059731,1375654,0,1.001953125,0.0,0.00390625,0.00390625,0.0,0.0,0.0
1721060982,1375655,0,1.009765625,-0.001953125,0.001953125,0.0,0.0,0.0,0.0
1721062233,1375656,0,1.001953125,-0.00390625,0.00390625,0.0,0.0,0.0,0.0
1721063483,1375657,0,1.00390625,-0.001953125,0.0,-0.001953125,0.0,0.0,0.0
1721064734,1375658,0,1.0,-0.00390625,-0.00390625,-0.0078125,0.0,0.0,0.0
1721065984,1375659,0,1.001953125,0.0,-0.00390625,-0.00390625,0.0,0.0,0.0
1721067235,1375660,0,1.01171875,-0.00390625,0.001953125,-0.001953125,0.0,0.0,0.0
1721068486,1375661,0,0.99609375,-0.00390625,0.0,-0.00390625,0.0,0.0,0.0
1721069736,1375662,0,1.005859375,-0.001953125,-0.00390625,-0.005859375,0.0,0.0,0.0
1721070987,1375663,0,1.00390625,0.001953125,-0.001953125,0.0,0.0,0.0,0.0
1721072238,1375664,0,1.005859375,0.001953125,0.00390625,0.005859375,0.0,0.0,0.0
1721073489,1375665,0,1.00390625,0.0,0.001953125,0.001953125,0.0,0.0,0.0
1721074739,1375666,0,1.005859375,-0.001953125,0.001953125,0.0,0.0,0.0,0.0
1721075990,1375667,0,1.0,-0.005859375,0.01171875,0.005859375,0.0,0.0,0.0
1721077241,1375668,0,1.001953125,-0.00390625,0.0078125,0.00390625,0.0,0.0,0.0
1721078492,1375669,0,1.0,0.00390625,0.005859375,0.009765625,0.0,0.0,0.0
1721079742,1375670,0,1.005859375,-0.001953125,0.00390625,0.001953125,0.0,0.0,0.0
1721080993,1375671,0,1.005859375,0.001953125,0.001953125,0.00390625,0.0,0.0,0.0
1721082244,1375672,0,1.001953125,-0.00390625,0.0,-0.00390625,0.0,0.0,0.0
1721083494,1375673,0,1.00390625,-0.001953125,0.001953125,0.0,0.0,0.0,0.0
1721084746,1375674,0,0.99609375,-0.00390625,0.005859375,0.001953125,0.0,0.0,0.0
1721085997,1375675,0,1.001953125,-0.001953125,-0.001953125,-0.00390625,0.0,0.0,0.0
1721087248,1375676,0,1.00390625,-0.001953125,-0.005859375,-0.0078125,0.0,0.0,0.0
1721088499,1375677,0,1.00390625,-0.001953125,0.001953125,0.0,0.0,0.0,0.0
1721089750,1375678,0,1.001953125,-0.001953125,0.001953125,0.0,0.0,0.0,0.0
1721091001,1375679,0,1.0078125,-0.001953125,0.001953125,0.0,0.0,0.0,0.0
1721092252,1375680,0,1.005859375,-0.00390625,0.001953125,-0.001953125,0.0,0.0,0.0
1721093502,1375681,0,1.009765625,-0.001953125,0.0,-0.001953125,0.0,0.0,0.0
1721094753,1375682,0,1.0,-0.00390625,0.001953125,-0.001953125,0.0,0.0,0.0
1721096004,1375683,0,0.99609375,0.00390625,0.0,0.00390625,0.0,0.0,0.0
1721097255,1375684,0,1.005859375,-0.001953125,0.00390625,0.001953125,0.0,0.0,0.0
1721098505,1375685,0,0.998046875,-0.001953125,0.00390625,0.001953125,0.0,0.0,0.0
1721099756,1375686,0,1.00390625,0.0,0.00390625,0.00390625,0.0,0.0,0.0
1721101008,1375687,0,1.00390625,-0.00390625,-0.001953125,-0.005859375,0.0,0.0,0.0
1721102258,1375688,0,1.001953125,0.005859375,0.001953125,0.0078125,0.0,0.0,0.0
1721103509,1375689,0,1.0078125,0.001953125,0.0,0.001953125,0.0,0.0,0.0
1721104759,1375690,0,1.0078125,-0.001953125,0.0,-0.001953125,0.0,0.0,0.0
1721106010,1375691,0,1.005859375,-0.001953125,-0.00390625,-0.005859375,0.0,0.0,0.0
1721107261,1375692,0,0.998046875,-0.00390625,0.0078125,0.00390625,0.0,0.0,0.0
1721108513,1375693,0,1.009765625,0.0,0.001953125,0.001953125,0.0,0.0,0.0
1721109764,1375694,0,1.001953125,0.0,0.005859375,0.005859375,0.0,0.0,0.0
1721111015,1375695,0,1.005859375,-0.001953125,-0.001953125,-0.00390625,0.0,0.0,0.0
1721112270,1375696,0,1.005859375,0.0,0.005859375,0.005859375,0.0,0.0,0.0
1721113521,1375697,0,1.0078125,0.0,0.00390625,0.00390625,0.0,0.0,0.0
1721114772,1375698,0,1.005859375,0.0,0.00390625,0.00390625,0.0,0.0,0.0
1721116024,1375699,0,1.001953125,0.0,0.001953125,0.001953125,0.0,0.0,0.0
1721117275,1375700,0,1.001953125,-0.001953125,-0.0078125,-0.009765625,0.0,0.0,0.0
1721118527,1375701,0,1.00390625,0.001953125,0.00390625,0.005859375,0.0,0.0,0.0
1721119778,1375702,0,1.001953125,0.001953125,-0.001953125,0.0,0.0,0.0,0.0
1721121028,1375703,0,0.994140625,-0.001953125,0.0,-0.001953125,0.0,0.0,0.0
1721122279,1375704,0,1.005859375,0.001953125,0.005859375,0.0078125,0.0,0.0,0.0
1721123530,1375705,0,1.0,-0.00390625,0.00390625,0.0,0.0,0.0,0.0
1721124782,1375706,0,1.0078125,-0.00390625,0.0,-0.00390625,0.0,0.0,0.0
1721126032,1375707,0,0.994140625,0.0,0.001953125,0.001953125,0.0,0.0,0.0
1721127282,1375708,0,1.001953125,-0.001953125,0.009765625,0.0078125,0.0,0.0,0.0
1721128532,1375709,0,0.998046875,-0.001953125,0.009765625,0.0078125,0.0,0.0,0.0
1721129783,1375710,0,1.0078125,0.00390625,0.001953125,0.005859375,0.0,0.0,0.0
1721131034,1375711,0,1.001953125,-0.001953125,0.005859375,0.00390625,0.0,0.0,0.0
1721132285,1375712,0,0.99609375,-0.001953125,0.005859375,0.00390625,0.0,0.0,0.0
1721133537,1375713,0,1.001953125,-0.001953125,-0.00390625,-0.005859375,0.0,0.0,0.0
1721134789,1375714,0,1.001953125,-0.001953125,0.0,-0.001953125,0.0,0.0,0.0
1721136039,1375715,0,1.005859375,0.0,-0.001953125,-0.001953125,0.0,0.0,0.0
1721137290,1375716,0,1.001953125,-0.00390625,0.0078125,0.00390625,0.0,0.0,0.0
1721138541,1375717,0,1.0078125,-0.001953125,0.00390625,0.001953125,0.0,0.0,0.0
1721139792,1375718,0,1.005859375,0.001953125,0.0,0.001953125,0.0,0.0,0.0
1721141042,1375719,0,1.005859375,-0.001953125,0.0,-0.001953125,0.0,0.0,0.0
1721142294,1375720,0,1.0078125,-0.00390625,0.0,-0.00390625,0.0,0.0,0.0
1721143545,1375721,0,1.001953125,0.0,-0.001953125,-0.001953125,0.0,0.0,0.0
1721144795,1375722,0,1.005859375,-0.001953125,0.001953125,0.0,0.0,0.0,0.0
1721146047,1375723,0,1.00390625,-0.00390625,0.0,-0.00390625,0.0,0.0,0.0
1721147298,1375724,0,1.001953125,0.001953125,0.0,0.001953125,0.0,0.0,0.0
1721148549,1375725,0,1.00390625,0.001953125,0.001953125,0.00390625,0.0,0.0,0.0
1721149800,1375726,0,1.00390625,-0.001953125,-0.005859375,-0.0078125,0.0,0.0,0.0
1721151050,1375727,0,0.998046875,0.0,0.00390625,0.00390625,0.0,0.0,0.0
1721152301,1375728,0,0.994140625,0.00390625,-0.001953125,0.001953125,0.0,0.0,0.0
1721153552,1375729,0,0.998046875,0.001953125,0.001953125,0.00390625,0.0,0.0,0.0
1721154803,1375730,0,1.009765625,-0.005859375,0.001953125,-0.00390625,0.0,0.0,0.0
1721156053,1375731,0,1.009765625,0.0,0.001953125,0.001953125,0.0,0.0,0.0
1721157305,1375732,0,1.005859375,0.00390625,0.0,0.00390625,0.0,0.0,0.0
1721158557,1375733,0,1.0078125,-0.001953125,0.00390625,0.001953125,0.0,0.0,0.0
1721159808,1375734,0,1.00390625,0.0,0.001953125,0.001953125,0.0,0.0,0.0
1721161059,1375735,0,1.0,-0.001953125,0.005859375,0.00390625,0.0,0.0,0.0
1721162310,1375736,0,1.0078125,-0.00390625,0.005859375,0.001953125,0.0,0.0,0.0
1721163562,1375737,0,1.0,0.0,0.01171875,0.01171875,0.0,0.0,0.0
1721164812,1375738,0,1.00390625,-0.00390625,0.0,-0.00390625,0.0,0.0,0.0
1721166064,1375739,0,1.0,-0.00390625,0.00390625,0.0,0.0,0.0,0.0
1721167314,1375740,0,1.0,-0.001953125,0.001953125,0.0,0.0,0.0,0.0
1721168565,1375741,0,1.005859375,0.001953125,0.0,0.001953125,0.0,0.0,0.0
1721169816,1375742,0,1.001953125,-0.001953125,0.0,-0.001953125,0.0,0.0,0.0
1721171066,1375743,0,1.005859375,-0.001953125,0.00390625,0.001953125,0.0,0.0,0.0
1721172317,1375744,0,1.005859375,0.001953125,0.00390625,0.005859375,0.0,0.0,0.0
1721173569,1375745,0,1.005859375,-0.001953125,0.001953125,0.0,0.0,0.0,0.0
1721174819,1375746,0,1.001953125,0.0,0.0,0.0,0.0,0.0,0.0
1721176070,1375747,0,1.0078125,-0.001953125,0.005859375,0.00390625,0.0,0.0,0.0
1721177321,1375748,0,1.021484375,0.0,-0.00390625,-0.00390625,0.0,0.0,0.0
1721178571,1375749,0,1.01171875,-0.00390625,0.001953125,-0.001953125,0.0,0.0,0.0
1721179822,1375750,0,0.99609375,-0.001953125,-0.00390625,-0.005859375,0.0,0.0,0.0
1721181074,1375751,0,1.005859375,-0.005859375,-0.00390625,-0.009765625,0.0,0.0,0.0
1721182324,1375752,0,1.009765625,0.00390625,0.005859375,0.009765625,0.0,0.0,0.0
1721183575,1375753,0,1.00390625,0.0,-0.001953125,-0.001953125,0.0,0.0,0.0
1721184827,1375754,0,1.0,0.0,0.009765625,0.009765625,0.0,0.0,0.0
1721186077,1375755,0,1.001953125,-0.001953125,0.0078125,0.005859375,0.0,0.0,0.0
1721187328,1375756,0,1.001953125,-0.001953125,-0.001953125,-0.00390625,0.0,0.0,0.0
1721188580,1375757,0,0.998046875,0.0,0.005859375,0.005859375,0.0,0.0,0.0
1721189832,1375758,0,0.998046875,0.001953125,0.005859375,0.0078125,0.0,0.0,0.0
1721191082,1375759,0,1.00390625,0.001953125,0.005859375,0.0078125,0.0,0.0,0.0
1721192333,1375760,0,1.00390625,0.001953125,0.009765625,0.01171875,0.0,0.0,0.0
1721193585,1375761,0,1.005859375,0.0,0.005859375,0.005859375,0.0,0.0,0.0
1721194835,1375762,0,1.005859375,-0.001953125,0.001953125,0.0,0.0,0.0,0.0
1721196086,1375763,0,1.001953125,0.001953125,0.005859375,0.0078125,0.0,0.0,0.0
1721197338,1375764,0,1.00390625,0.00390625,0.00390625,0.0078125,0.0,0.0,0.0
1721198589,1375765,0,1.00390625,0.001953125,0.005859375,0.0078125,0.0,0.0,0.0
1721199840,1375766,0,1.00390625,0.001953125,0.001953125,0.00390625,0.0,0.0,0.0
1721201092,1375767,0,1.005859375,0.0,0.005859375,0.005859375,0.0,0.0,0.0
1721202343,1375768,0,1.001953125,0.0,0.001953125,0.001953125,0.0,0.0,0.0
1721203594,1375769,0,1.001953125,0.005859375,-0.001953125,0.00390625,0.0,0.0,0.0
1721204845,1375770,0,1.009765625,0.0,-0.001953125,-0.001953125,0.0,0.0,0.0
1721206096,1375771,0,1.0,0.0078125,0.005859375,0.013671875,0.0,0.0,0.0
1721207346,1375772,0,1.00390625,0.01953125,0.001953125,0.021484375,0.0,0.0,0.0
1721208598,1375773,0,0.998046875,0.01171875,0.00390625,0.015625,0.0,0.0,0.0
1721209849,1375774,0,0.98828125,0.0078125,-0.005859375,0.001953125,0.0,0.0,0.0
1721211099,1375775,0,1.0,0.00390625,0.0,0.00390625,0.0,0.0,0.0
1721212350,1375776,0,1.005859375,0.00390625,0.005859375,0.009765625,0.0,0.0,0.0
1721213601,1375777,0,1.0078125,0.005859375,-0.001953125,0.00390625,0.0,0.0,0.0
1721214852,1375778,0,1.005859375,0.00390625,-0.00390625,0.0,0.0,0.0,0.0
1721216103,1375779,0,1.0078125,0.00390625,-0.001953125,0.001953125,0.0,0.0,0.0
1721217354,1375780,0,1.00390625,0.0,0.00390625,0.00390625,0.0,0.0,0.0
1721218605,1375781,0,1.001953125,0.001953125,0.00390625,0.005859375,0.0,0.0,0.0
1721219855,1375782,0,1.00390625,0.00390625,0.00390625,0.0078125,0.0,0.0,0.0
1721221107,1375783,0,1.0078125,0.005859375,0.001953125,0.0078125,0.0,0.0,0.0
1721222357,1375784,0,1.005859375,0.0078125,0.005859375,0.013671875,0.0,0.0,0.0
1721223607,1375785,0,1.005859375,0.009765625,0.001953125,0.01171875,0.0,0.0,0.0
1721224859,1375786,0,1.009765625,0.0234375,0.0,0.0234375,0.0,0.0,0.0
1721226109,1375787,0,1.01171875,0.041015625,-0.005859375,0.03515625,0.0,0.0,0.0
1721227361,1375788,0,0.990234375,0.037109375,-0.0234375,0.013671875,0.0,0.0,0.0
1721228611,1375789,0,0.98828125,0.015625,-0.0234375,-0.0078125,0.0,0.0,0.0
1721229861,1375790,0,1.001953125,0.03125,-0.009765625,0.021484375,0.0,0.0,0.0
1721231113,1375791,0,1.015625,0.064453125,-0.03125,0.033203125,0.0,0.0,0.0
1721232364,1375792,0,1.013671875,0.078125,-0.033203125,0.044921875,0.0,0.0,0.0
1721233616,1375793,0,0.9921875,0.041015625,-0.02734375,0.013671875,0.0,0.0,0.0
1721234866,1375794,0,1.01953125,0.05859375,-0.0234375,0.03515625,0.0,0.0,0.0
1721236118,1375795,0,1.013671875,0.0703125,-0.00390625,0.06640625,0.0,0.0,0.0
1721237368,1375796,0,1.01171875,0.08203125,-0.0390625,0.04296875,0.0,0.0,0.0
1721238619,1375797,0,1.009765625,0.109375,-0.04296875,0.06640625,0.0,0.0,0.0
1721239869,1375798,0,1.005859375,0.087890625,-0.048828125,0.0390625,0.0,0.0,0.0
1721241119,1375799,0,1.0390625,0.123046875,-0.03515625,0.087890625,0.0,0.0,0.0
1721242371,1375800,0,1.005859375,0.1640625,-0.072265625,0.091796875,0.0,0.0,0.0
1721243622,1375801,0,1.03515625,0.150390625,-0.05078125,0.099609375,0.0,0.0,0.0
1721244874,1375802,0,1.0234375,0.279296875,-0.111328125,0.16796875,0.0,0.0,0.0
1721246124,1375803,0,1.025390625,0.28515625,-0.115234375,0.169921875,0.0,0.0,0.0
1721247375,1375804,0,1.01171875,0.294921875,-0.1328125,0.162109375,0.0,0.0,0.0
1721248625,1375805,0,1.0078125,0.3828125,-0.169921875,0.212890625,0.0,0.0,0.0
1721249877,1375806,0,1.0390625,0.419921875,-0.19140625,0.228515625,0.0,0.0,0.0
1721251127,1375807,0,0.96875,0.822265625,-0.396484375,0.42578125,0.0,0.0,0.0
1721252377,1375808,0,0.982421875,0.9453125,-0.44140625,0.50390625,0.0,0.0,0.0
1721253629,1375809,0,0.98046875,1.2421875,-0.513671875,0.728515625,0.0,0.0,0.0
1721254879,1375810,0,1.001953125,0.744140625,-0.33984375,0.404296875,0.0,0.0,0.0
1721256130,1375811,0,0.8515625,0.33203125,-0.2421875,0.08984375,0.0,0.0,0.0
1721257381,1375812,0,0.94140625,0.171875,-0.1875,-0.015625,0.0,0.0,0.0
1721258631,1375813,0,0.53125,1.126953125,-0.697265625,0.4296875,0.0,0.0,0.0
1721259882,1375814,0,1.46484375,1.388671875,-0.330078125,1.05859375,0.0,0.0,0.0
1721261133,1375815,0,1.224609375,0.626953125,-0.267578125,0.359375,0.0,0.0,0.0
1721262384,1375816,0,0.84765625,0.849609375,0.05078125,0.900390625,0.0,0.0,0.0
1721263635,1375817,0,1.0234375,0.291015625,0.26171875,0.552734375,0.0,0.0,0.0
1721264885,1375818,0,1.146484375,0.177734375,0.3984375,0.576171875,0.0,0.0,0.0
1721266136,1375819,0,0.927734375,0.43359375,0.015625,0.44921875,0.0,0.0,0.0
1721267387,1375820,0,0.748046875,0.26171875,-0.16015625,0.1015625,0.0,0.0,0.0
1721268638,1375821,0,1.060546875,0.193359375,0.322265625,0.515625,0.0,0.0,0.0
1721269889,1375822,0,1.08203125,0.10546875,0.421875,0.52734375,0.0,0.0,0.0
1721271140,1375823,0,0.75390625,-0.037109375,0.04296875,0.005859375,0.0,0.0,0.0
1721272392,1375824,0,0.96875,-0.041015625,0.173828125,0.1328125,0.0,0.0,0.0
1721273642,1375825,0,1.16015625,-0.291015625,0.537109375,0.24609375,0.0,0.0,0.0
1721274894,1375826,0,1.072265625,-0.24609375,0.431640625,0.185546875,0.0,0.0,0.0
1721276145,1375827,0,0.927734375,-0.25390625,0.275390625,0.021484375,0.0,0.0,0.0
1721277395,1375828,0,0.861328125,-0.3359375,0.291015625,-0.044921875,0.0,0.0,0.0
1721278646,1375829,0,1.009765625,-0.392578125,0.505859375,0.11328125,0.0,0.0,0.0
1721279898,1375830,0,1.0390625,-0.466796875,0.55078125,0.083984375,0.0,0.0,0.0
1721281149,1375831,0,0.94140625,-0.578125,0.419921875,-0.158203125,0.0,0.0,0.0
1721282400,1375832,0,0.955078125,-0.6171875,0.3984375,-0.21875,0.0,0.0,0.0
1721283651,1375833,0,1.068359375,-0.69140625,0.5859375,-0.10546875,0.0,0.0,0.0
1721284902,1375834,0,1.0859375,-0.7421875,0.634765625,-0.107421875,0.0,0.0,0.0
1721286154,1375835,0,0.982421875,-0.73046875,0.501953125,-0.228515625,0.0,0.0,0.0
1721287405,1375836,0,0.98046875,-0.7734375,0.4609375,-0.3125,0.0,0.0,0.0
1721288657,1375837,0,1.046875,-0.7734375,0.5234375,-0.25,0.0,0.0,0.0
1721289907,1375838,0,1.05859375,-0.794921875,0.548828125,-0.24609375,0.0,0.0,0.0
1721291158,1375839,0,1.00390625,-0.814453125,0.482421875,-0.33203125,0.0,0.0,0.0
1721292409,1375840,0,0.978515625,-0.787109375,0.435546875,-0.3515625,0.0,0.0,0.0
1721293660,1375841,0,1.021484375,-0.7890625,0.46484375,-0.32421875,0.0,0.0,0.0
1721294911,1375842,0,1.041015625,-0.7734375,0.48046875,-0.29296875,0.0,0.0,0.0
1721296161,1375843,0,0.978515625,-0.744140625,0.38671875,-0.357421875,0.0,0.0,0.0
1721297412,1375844,0,0.95703125,-0.728515625,0.34375,-0.384765625,0.0,0.0,0.0
1721298664,1375845,0,1.00390625,-0.662109375,0.388671875,-0.2734375,0.0,0.0,0.0
1721299915,1375846,0,1.02734375,-0.607421875,0.396484375,-0.2109375,0.0,0.0,0.0
1721301166,1375847,0,1.01171875,-0.54296875,0.361328125,-0.181640625,0.0,0.0,0.0
1721302417,1375848,0,1.02734375,-0.4765625,0.322265625,-0.154296875,0.0,0.0,0.0
1721303668,1375849,0,1.0390625,-0.439453125,0.318359375,-0.12109375,0.0,0.0,0.0
1721304920,1375850,0,1.029296875,-0.37890625,0.294921875,-0.083984375,0.0,0.0,0.0
1721306172,1375851,0,0.990234375,-0.328125,0.21484375,-0.11328125,0.0,0.0,0.0
1721307422,1375852,0,0.970703125,-0.25,0.15625,-0.09375,0.0,0.0,0.0
1721308673,1375853,0,0.994140625,-0.169921875,0.142578125,-0.02734375,0.0,0.0,0.0
1721309924,1375854,0,1.015625,-0.109375,0.1484375,0.0390625,0.0,0.0,0.0
1721311174,1375855,0,0.98046875,-0.04296875,0.00390625,-0.0390625,0.0,0.0,0.0
1721312425,1375856,0,1.001953125,0.0,0.029296875,0.029296875,0.0,0.0,0.0
1721313676,1375857,0,1.048828125,0.048828125,0.060546875,0.109375,0.0,0.0,0.0
1721314927,1375858,0,1.02734375,0.115234375,-0.056640625,0.05859375,0.0,0.0,0.0
1721316177,1375859,0,0.982421875,0.216796875,-0.1015625,0.115234375,0.0,0.0,0.0
1721317427,1375860,0,0.955078125,0.265625,-0.12109375,0.14453125,0.0,0.0,0.0
1721318679,1375861,0,0.98828125,0.294921875,-0.109375,0.185546875,0.0,0.0,0.0
1721319929,1375862,0,0.986328125,0.337890625,-0.150390625,0.1875,0.0,0.0,0.0
1721321179,1375863,0,0.98828125,0.373046875,-0.189453125,0.18359375,0.0,0.0,0.0
1721322431,1375864,0,1.037109375,0.396484375,-0.15234375,0.244140625,0.0,0.0,0.0
1721323681,1375865,0,1.05859375,0.431640625,-0.140625,0.291015625,0.0,0.0,0.0
1721324932,1375866,0,1.01953125,0.453125,-0.193359375,0.259765625,0.0,0.0,0.0
1721326182,1375867,0,0.994140625,0.470703125,-0.2265625,0.244140625,0.0,0.0,0.0
1721327432,1375868,0,0.994140625,0.474609375,-0.23046875,0.244140625,0.0,0.0,0.0
1721328684,1375869,0,0.994140625,0.48046875,-0.244140625,0.236328125,0.0,0.0,0.0
1721329934,1375870,0,0.9921875,0.48828125,-0.26171875,0.2265625,0.0,0.0,0.0
1721331184,1375871,0,0.98828125,0.482421875,-0.263671875,0.21875,0.0,0.0,0.0
1721332436,1375872,0,1.01953125,0.47265625,-0.23828125,0.234375,0.0,0.0,0.0
1721333686,1375873,0,1.02734375,0.46484375,-0.208984375,0.255859375,0.0,0.0,0.0
1721334937,1375874,0,1.009765625,0.451171875,-0.2265625,0.224609375,0.0,0.0,0.0
1721336188,1375875,0,1.00390625,0.443359375,-0.228515625,0.21484375,0.0,0.0,0.0
1721337439,1375876,0,1.015625,0.41796875,-0.19921875,0.21875,0.0,0.0,0.0
1721338691,1375877,0,1.0078125,0.408203125,-0.19140625,0.216796875,0.0,0.0,0.0
1721339942,1375878,0,0.98828125,0.37109375,-0.1796875,0.19140625,0.0,0.0,0.0
1721341192,1375879,0,0.994140625,0.33984375,-0.1796875,0.16015625,0.0,0.0,0.0
1721342443,1375880,0,0.994140625,0.310546875,-0.138671875,0.171875,0.0,0.0,0.0
1721343695,1375881,0,1.017578125,0.26953125,-0.1171875,0.15234375,0.0,0.0,0.0
1721344945,1375882,0,1.0,0.23828125,-0.09375,0.14453125,0.0,0.0,0.0
1721346197,1375883,0,0.994140625,0.20703125,-0.080078125,0.126953125,0.0,0.0,0.0
1721347448,1375884,0,1.009765625,0.166015625,-0.04296875,0.123046875,0.0,0.0,0.0
1721348698,1375885,0,1.009765625,0.13671875,-0.01953125,0.1171875,0.0,0.0,0.0
1721349949,1375886,0,1.005859375,0.09375,-0.0078125,0.0859375,0.0,0.0,0.0
1721351199,1375887,0,1.0078125,0.0390625,-0.01171875,0.02734375,0.0,0.0,0.0
1721352449,1375888,0,1.00390625,0.005859375,0.017578125,0.0234375,0.0,0.0,0.0
1721353701,1375889,0,1.00390625,-0.041015625,0.041015625,0.0,0.0,0.0,0.0
1721354951,1375890,0,0.994140625,-0.072265625,0.0625,-0.009765625,0.0,0.0,0.0
1721356202,1375891,0,0.994140625,-0.09765625,0.068359375,-0.029296875,0.0,0.0,0.0
1721357453,1375892,0,0.9921875,-0.130859375,0.08984375,-0.041015625,0.0,0.0,0.0
1721358704,1375893,0,0.998046875,-0.16015625,0.091796875,-0.068359375,0.0,0.0,0.0
1721359954,1375894,0,0.990234375,-0.181640625,0.1015625,-0.080078125,0.0,0.0,0.0
1721361205,1375895,0,1.00390625,-0.2109375,0.123046875,-0.087890625,0.0,0.0,0.0
1721362457,1375896,0,1.005859375,-0.23046875,0.142578125,-0.087890625,0.0,0.0,0.0
1721363707,1375897,0,1.029296875,-0.263671875,0.166015625,-0.09765625,0.0,0.0,0.0
1721364959,1375898,0,1.017578125,-0.26953125,0.16015625,-0.109375,0.0,0.0,0.0
1721366209,1375899,0,0.994140625,-0.287109375,0.16796875,-0.119140625,0.0,0.0,0.0
1721367460,1375900,0,0.994140625,-0.30078125,0.162109375,-0.138671875,0.0,0.0,0.0
1721368711,1375901,0,1.01171875,-0.306640625,0.169921875,-0.13671875,0.0,0.0,0.0
1721369961,1375902,0,1.015625,-0.310546875,0.173828125,-0.13671875,0.0,0.0,0.0
1721371211,1375903,0,1.0078125,-0.3046875,0.177734375,-0.126953125,0.0,0.0,0.0
1721372461,1375904,0,1.01953125,-0.302734375,0.177734375,-0.125,0.0,0.0,0.0
1721373712,1375905,0,1.025390625,-0.29296875,0.173828125,-0.119140625,0.0,0.0,0.0
1721374962,1375906,0,1.0078125,-0.28515625,0.150390625,-0.134765625,0.0,0.0,0.0
1721376212,1375907,0,0.99609375,-0.271484375,0.126953125,-0.14453125,0.0,0.0,0.0
1721377463,1375908,0,0.994140625,-0.255859375,0.1171875,-0.138671875,0.0,0.0,0.0
1721378713,1375909,0,0.998046875,-0.234375,0.11328125,-0.12109375,0.0,0.0,0.0
1721379965,1375910,0,1.0,-0.2109375,0.10546875,-0.10546875,0.0,0.0,0.0
1721381216,1375911,0,1.009765625,-0.189453125,0.09765625,-0.091796875,0.0,0.0,0.0
1721382468,1375912,0,1.0078125,-0.173828125,0.080078125,-0.09375,0.0,0.0,0.0
1721383718,1375913,0,1.0078125,-0.14453125,0.068359375,-0.076171875,0.0,0.0,0.0
1721384970,1375914,0,1.0078125,-0.11328125,0.041015625,-0.072265625,0.0,0.0,0.0
1721386221,1375915,0,1.00390625,-0.08984375,0.03515625,-0.0546875,0.0,0.0,0.0
1721387471,1375916,0,0.998046875,-0.064453125,0.02734375,-0.037109375,0.0,0.0,0.0
1721388722,1375917,0,1.0078125,-0.03515625,0.017578125,-0.017578125,0.0,0.0,-1.1586523225459172e+38
1721391225,1375919,0,1.0,0.009765625,-0.009765625,0.0,0.0,0.0,0.0
1721392477,1375920,0,1.0078125,0.025390625,-0.021484375,0.00390625,0.0,0.0,0.0
1721393728,1375921,0,0.9921875,0.0546875,-0.033203125,0.021484375,0.0,0.0,0.0
1721394978,1375922,0,1.005859375,0.080078125,-0.048828125,0.03125,0.0,0.0,0.0
1721396229,1375923,0,1.0078125,0.1015625,-0.0546875,0.046875,0.0,0.0,0.0
1721397481,1375924,0,1.0078125,0.1171875,-0.06640625,0.05078125,0.0,0.0,0.0
1721398731,1375925,0,1.001953125,0.13671875,-0.0703125,0.06640625,0.0,0.0,0.0
1721399982,1375926,0,0.99609375,0.142578125,-0.076171875,0.06640625,0.0,0.0,0.0
1721401233,1375927,0,0.994140625,0.162109375,-0.087890625,0.07421875,0.0,0.0,0.0
1721402483,1375928,0,1.001953125,0.171875,-0.0859375,0.0859375,0.0,0.0,0.0
1721403734,1375929,0,0.998046875,0.181640625,-0.087890625,0.09375,0.0,0.0,0.0
1721404984,1375930,0,1.005859375,0.185546875,-0.091796875,0.09375,0.0,0.0,0.0
1721406235,1375931,0,1.005859375,0.193359375,-0.0859375,0.107421875,0.0,0.0,0.0
1721407486,1375932,0,1.005859375,0.193359375,-0.095703125,0.09765625,0.0,0.0,0.0
1721408736,1375933,0,1.005859375,0.197265625,-0.091796875,0.10546875,0.0,0.0,0.0
1721409987,1375934,0,1.009765625,0.189453125,-0.091796875,0.09765625,0.0,0.0,0.0
1721411238,1375935,0,1.0078125,0.1953125,-0.0859375,0.109375,0.0,0.0,0.0
1721412489,1375936,0,1.001953125,0.1875,-0.08203125,0.10546875,0.0,0.0,0.0
1721413739,1375937,0,1.005859375,0.171875,-0.078125,0.09375,0.0,0.0,0.0
1721414990,1375938,0,1.001953125,0.162109375,-0.0859375,0.076171875,0.0,0.0,0.0
1721416241,1375939,0,0.9921875,0.154296875,-0.06640625,0.087890625,0.0,0.0,0.0
1721417492,1375940,0,1.0,0.1328125,-0.078125,0.0546875,0.0,0.0,0.0
1721418742,1375941,0,0.994140625,0.12890625,-0.06640625,0.0625,0.0,0.0,0.0
1721419993,1375942,0,1.001953125,0.1171875,-0.052734375,0.064453125,0.0,0.0,0.0
1721421244,1375943,0,1.009765625,0.091796875,-0.0390625,0.052734375,0.0,0.0,0.0
1721422494,1375944,0,1.005859375,0.060546875,-0.03515625,0.025390625,0.0,0.0,0.0
1721423746,1375945,0,1.00390625,0.046875,-0.0234375,0.0234375,0.0,0.0,0.0
1721424997,1375946,0,1.001953125,0.025390625,-0.013671875,0.01171875,0.0,0.0,0.0
1721426248,1375947,0,0.998046875,0.013671875,-0.005859375,0.0078125,0.0,0.0,0.0
1721427499,1375948,0,0.998046875,-0.005859375,-0.00390625,-0.009765625,0.0,0.0,0.0
1721428750,1375949,0,1.001953125,-0.01953125,0.001953125,-0.017578125,0.0,0.0,0.0
1721430001,1375950,0,1.01171875,-0.033203125,0.009765625,-0.0234375,0.0,0.0,0.0
1721431252,1375951,0,1.005859375,-0.048828125,0.025390625,-0.0234375,0.0,0.0,0.0
1721432502,1375952,0,1.009765625,-0.060546875,0.03515625,-0.025390625,0.0,0.0,0.0
1721433753,1375953,0,1.009765625,-0.080078125,0.0390625,-0.041015625,0.0,0.0,0.0
1721435004,1375954,0,1.0078125,-0.087890625,0.03515625,-0.052734375,0.0,0.0,0.0
1721436255,1375955,0,1.0078125,-0.09765625,0.04296875,-0.0546875,0.0,0.0,0.0
1721437505,1375956,0,0.99609375,-0.107421875,0.033203125,-0.07421875,0.0,0.0,0.0
1721438756,1375957,0,0.998046875,-0.119140625,0.033203125,-0.0859375,0.0,0.0,0.0
1721440008,1375958,0,1.005859375,-0.12109375,0.048828125,-0.072265625,0.0,0.0,0.0
1721441258,1375959,0,1.005859375,-0.12890625,0.046875,-0.08203125,0.0,0.0,0.0
1721442509,1375960,0,1.0078125,-0.1328125,0.05859375,-0.07421875,0.0,0.0,0.0
1721443759,1375961,0,1.013671875,-0.134765625,0.05859375,-0.076171875,0.0,0.0,0.0
1721445010,1375962,0,1.001953125,-0.13671875,0.0625,-0.07421875,0.0,0.0,0.0
1721446261,1375963,0,1.005859375,-0.138671875,0.05078125,-0.087890625,0.0,0.0,0.0
1721447513,1375964,0,0.990234375,-0.134765625,0.046875,-0.087890625,0.0,0.0,0.0
1721448764,1375965,0,1.0,-0.125,0.052734375,-0.072265625,0.0,0.0,0.0
1721450015,1375966,0,1.005859375,-0.123046875,0.0390625,-0.083984375,0.0,0.0,0.0
1721451270,1375967,0,1.00390625,-0.12109375,0.04296875,-0.078125,0.0,0.0,0.0
1721452521,1375968,0,1.0,-0.111328125,0.037109375,-0.07421875,0.0,0.0,0.0
1721453772,1375969,0,1.00390625,-0.10546875,0.021484375,-0.083984375,0.0,0.0,0.0
1721455024,1375970,0,1.005859375,-0.095703125,0.033203125,-0.0625,0.0,0.0,0.0
1721456275,1375971,0,1.005859375,-0.0859375,0.02734375,-0.05859375,0.0,0.0,0.0
1721457527,1375972,0,1.0078125,-0.07421875,0.03125,-0.04296875,0.0,0.0,0.0
1721458778,1375973,0,1.009765625,-0.064453125,0.0234375,-0.041015625,0.0,0.0,0.0
1721460028,1375974,0,1.0078125,-0.0546875,0.013671875,-0.041015625,0.0,0.0,0.0
1721461279,1375975,0,1.00390625,-0.041015625,0.015625,-0.025390625,0.0,0.0,0.0
1721462530,1375976,0,1.00390625,-0.03515625,-0.001953125,-0.037109375,0.0,0.0,0.0
1721463782,1375977,0,1.005859375,-0.0234375,0.005859375,-0.017578125,0.0,0.0,0.0
1721465032,1375978,0,1.0078125,-0.01171875,0.0,-0.01171875,0.0,0.0,0.0
1721466282,1375979,0,1.001953125,-0.005859375,0.001953125,-0.00390625,0.0,0.0,0.0
1721467532,1375980,0,1.00390625,0.013671875,-0.0078125,0.005859375,0.0,0.0,0.0
1721468783,1375981,0,1.00390625,0.0234375,-0.005859375,0.017578125,0.0,0.0,0.0
1721470034,1375982,0,1.00390625,0.029296875,-0.0078125,0.021484375,0.0,0.0,0.0
1721471285,1375983,0,1.01171875,0.03515625,-0.02734375,0.0078125,0.0,0.0,0.0
1721472537,1375984,0,1.005859375,0.041015625,-0.01953125,0.021484375,0.0,0.0,0.0
1721473789,1375985,0,1.009765625,0.056640625,-0.0390625,0.017578125,0.0,0.0,0.0
1721475039,1375986,0,0.998046875,0.064453125,-0.041015625,0.0234375,0.0,0.0,0.0
1721476290,1375987,0,1.001953125,0.072265625,-0.033203125,0.0390625,0.0,0.0,0.0
1721477541,1375988,0,1.0078125,0.078125,-0.03515625,0.04296875,0.0,0.0,0.0
1721478792,1375989,0,1.001953125,0.08203125,-0.02734375,0.0546875,0.0,0.0,0.0
1721480042,1375990,0,1.005859375,0.0859375,-0.029296875,0.056640625,0.0,0.0,0.0
1721481294,1375991,0,1.009765625,0.083984375,-0.029296875,0.0546875,0.0,0.0,0.0
1721482545,1375992,0,1.005859375,0.080078125,-0.029296875,0.05078125,0.0,0.0,0.0
1721483795,1375993,0,1.005859375,0.078125,-0.03125,0.046875,0.0,0.0,0.0
1721485047,1375994,0,1.005859375,0.076171875,-0.02734375,0.048828125,0.0,0.0,0.0
1721486298,1375995,0,0.998046875,0.068359375,-0.033203125,0.03515625,0.0,0.0,0.0
1721487549,1375996,0,1.001953125,0.072265625,-0.03515625,0.037109375,0.0,0.0,0.0
1721488800,1375997,0,1.00390625,0.064453125,-0.029296875,0.03515625,0.0,0.0,0.0
1721490050,1375998,0,1.01171875,0.060546875,-0.021484375,0.0390625,0.0,0.0,0.0
1721491301,1375999,0,1.009765625,0.05078125,-0.025390625,0.025390625,0.0,0.0,0.0
1721492552,1376000,0,1.005859375,0.052734375,-0.021484375,0.03125,0.0,0.0,0.0
1721493803,1376001,0,1.001953125,0.041015625,-0.01171875,0.029296875,0.0,0.0,0.0
1721495053,1376002,0,1.005859375,0.03515625,-0.013671875,0.021484375,0.0,0.0,0.0
1721496305,1376003,0,1.013671875,0.02734375,-0.01953125,0.0078125,0.0,0.0,0.0
1721497557,1376004,0,1.001953125,0.013671875,-0.009765625,0.00390625,0.0,0.0,0.0
1721498808,1376005,0,1.009765625,0.0078125,-0.015625,-0.0078125,0.0,0.0,0.0
1721500059,1376006,0,1.0,-0.001953125,-0.01171875,-0.013671875,0.0,0.0,0.0
1721501310,1376007,0,0.99609375,-0.013671875,0.0,-0.013671875,0.0,0.0,0.0
1721502562,1376008,0,1.01171875,-0.015625,-0.005859375,-0.021484375,0.0,0.0,0.0
1721503812,1376009,0,1.0,-0.01953125,0.0,-0.01953125,0.0,0.0,0.0
1721505064,1376010,0,1.001953125,-0.025390625,0.001953125,-0.0234375,0.0,0.0,0.0
1721506314,1376011,0,1.0078125,-0.03125,0.00390625,-0.02734375,0.0,0.0,0.0
1721507565,1376012,0,1.00390625,-0.037109375,0.005859375,-0.03125,0.0,0.0,0.0
1721508816,1376013,0,1.001953125,-0.041015625,0.005859375,-0.03515625,0.0,0.0,0.0
1721510066,1376014,0,0.998046875,-0.052734375,0.005859375,-0.046875,0.0,0.0,0.0
1721511317,1376015,0,1.00390625,-0.056640625,0.005859375,-0.05078125,0.0,0.0,0.0
1721512569,1376016,0,1.0078125,-0.056640625,0.009765625,-0.046875,0.0,0.0,0.0
1721513819,1376017,0,1.001953125,-0.06640625,0.009765625,-0.056640625,0.0,0.0,0.0
1721515070,1376018,0,1.00390625,-0.064453125,0.009765625,-0.0546875,0.0,0.0,0.0
1721516321,1376019,0,1.0078125,-0.064453125,0.013671875,-0.05078125,0.0,0.0,0.0
1721517571,1376020,0,1.001953125,-0.064453125,0.009765625,-0.0546875,0.0,0.0,0.0
1721518822,1376021,0,1.001953125,-0.05859375,0.01171875,-0.046875,0.0,0.0,0.0
1721520074,1376022,0,1.015625,-0.064453125,0.0078125,-0.056640625,0.0,0.0,0.0
1721521324,1376023,0,1.001953125,-0.056640625,0.005859375,-0.05078125,0.0,0.0,0.0
1721522575,1376024,0,1.005859375,-0.060546875,0.01953125,-0.041015625,0.0,0.0,0.0
1721523827,1376025,0,1.005859375,-0.064453125,0.00390625,-0.060546875,0.0,0.0,0.0
1721525077,1376026,0,1.00390625,-0.05859375,0.009765625,-0.048828125,0.0,0.0,0.0
1721526328,1376027,0,0.998046875,-0.056640625,0.0078125,-0.048828125,0.0,0.0,0.0
1721527580,1376028,0,1.0078125,-0.044921875,0.005859375,-0.0390625,0.0,0.0,0.0
1721528832,1376029,0,1.0078125,-0.0390625,0.009765625,-0.029296875,0.0,0.0,0.0
1721530082,1376030,0,1.0078125,-0.037109375,0.009765625,-0.02734375,0.0,0.0,0.0
1721531333,1376031,0,1.005859375,-0.033203125,0.0078125,-0.025390625,0.0,0.0,0.0
1721532585,1376032,0,1.0078125,-0.029296875,0.0078125,-0.021484375,0.0,0.0,0.0
1721533835,1376033,0,0.99609375,-0.017578125,0.0078125,-0.009765625,0.0,0.0,0.0
1721535086,1376034,0,1.01171875,-0.01953125,-0.00390625,-0.0234375,0.0,0.0,0.0
1721536338,1376035,0,1.0,-0.01171875,0.00390625,-0.0078125,0.0,0.0,0.0
1721537589,1376036,0,1.005859375,-0.00390625,-0.005859375,-0.009765625,0.0,0.0,0.0
1721538840,1376037,0,1.001953125,0.001953125,0.0,0.001953125,0.0,0.0,0.0
1721540092,1376038,0,1.001953125,0.0078125,0.001953125,0.009765625,0.0,0.0,0.0
1721541343,1376039,0,1.001953125,0.009765625,0.0,0.009765625,0.0,0.0,0.0
1721542594,1376040,0,1.00390625,0.009765625,0.001953125,0.01171875,0.0,0.0,0.0
1721543845,1376041,0,1.005859375,0.01171875,-0.0078125,0.00390625,0.0,0.0,0.0
1721545096,1376042,0,1.00390625,0.017578125,-0.005859375,0.01171875,0.0,0.0,0.0
1721546346,1376043,0,1.005859375,0.02734375,-0.005859375,0.021484375,0.0,0.0,0.0
1721547598,1376044,0,1.001953125,0.025390625,-0.009765625,0.015625,0.0,0.0,0.0
1721548849,1376045,0,1.0,0.03125,-0.001953125,0.029296875,0.0,0.0,0.0
1721550099,1376046,0,1.0078125,0.03515625,-0.009765625,0.025390625,0.0,0.0,0.0
1721551350,1376047,0,1.005859375,0.0390625,-0.001953125,0.037109375,0.0,0.0,0.0
1721552601,1376048,0,0.998046875,0.033203125,-0.0078125,0.025390625,0.0,0.0,0.0
1721553852,1376049,0,1.009765625,0.033203125,-0.0078125,0.025390625,0.0,0.0,0.0
1721555103,1376050,0,1.005859375,0.037109375,-0.017578125,0.01953125,0.0,0.0,0.0
1721556354,1376051,0,1.0,0.02734375,-0.01171875,0.015625,0.0,0.0,0.0
1721557605,1376052,0,1.0,0.03515625,-0.0078125,0.02734375,0.0,0.0,0.0
1721558855,1376053,0,1.005859375,0.0390625,-0.00390625,0.03515625,0.0,0.0,0.0
1721560107,1376054,0,1.00390625,0.03125,-0.013671875,0.017578125,0.0,0.0,0.0
1721561357,1376055,0,1.009765625,0.029296875,-0.0078125,0.021484375,0.0,0.0,0.0
1721562607,1376056,0,1.009765625,0.025390625,-0.009765625,0.015625,0.0,0.0,0.0
1721563859,1376057,0,1.00390625,0.01953125,-0.01171875,0.0078125,0.0,0.0,0.0
1721565109,1376058,0,1.005859375,0.013671875,-0.009765625,0.00390625,0.0,0.0,0.0
1721566361,1376059,0,1.0078125,0.009765625,-0.013671875,-0.00390625,0.0,0.0,0.0
1721567611,1376060,0,1.005859375,0.01171875,-0.001953125,0.009765625,0.0,0.0,0.0
1721568861,1376061,0,1.0078125,0.005859375,-0.0078125,-0.001953125,0.0,0.0,0.0
1721570113,1376062,0,1.001953125,0.0,-0.005859375,-0.005859375,0.0,0.0,0.0
1721571364,1376063,0,1.001953125,0.001953125,-0.005859375,-0.00390625,0.0,0.0,0.0
1721572616,1376064,0,1.00390625,-0.00390625,-0.00390625,-0.0078125,0.0,0.0,0.0
1721573866,1376065,0,1.0078125,-0.01171875,-0.00390625,-0.015625,0.0,0.0,0.0
1721575118,1376066,0,1.0078125,-0.009765625,-0.001953125,-0.01171875,0.0,0.0,0.0
1721576368,1376067,0,1.005859375,-0.0234375,-0.005859375,-0.029296875,0.0,0.0,0.0
1721577619,1376068,0,1.0,-0.013671875,-0.005859375,-0.01953125,0.0,0.0,0.0
1721578869,1376069,0,1.005859375,-0.01953125,-0.001953125,-0.021484375,0.0,0.0,0.0
1721580119,1376070,0,1.001953125,-0.0234375,-0.005859375,-0.029296875,0.0,0.0,0.0
1721581371,1376071,0,1.009765625,-0.03125,-0.001953125,-0.033203125,0.0,0.0,0.0
1721582622,1376072,0,1.0,-0.03515625,-0.001953125,-0.037109375,0.0,0.0,0.0
1721583874,1376073,0,1.001953125,-0.03515625,0.00390625,-0.03125,0.0,0.0,0.0
1721585124,1376074,0,1.00390625,-0.0390625,-0.00390625,-0.04296875,0.0,0.0,0.0
1721586375,1376075,0,1.005859375,-0.0390625,0.001953125,-0.037109375,0.0,0.0,0.0
1721587625,1376076,0,1.005859375,-0.037109375,0.005859375,-0.03125,0.0,0.0,0.0
1721588877,1376077,0,1.00390625,-0.04296875,0.005859375,-0.037109375,0.0,0.0,0.0
1721590127,1376078,0,1.005859375,-0.0390625,0.00390625,-0.03515625,0.0,0.0,0.0
1721591377,1376079,0,1.001953125,-0.0390625,0.005859375,-0.033203125,0.0,0.0,0.0
1721592629,1376080,0,1.001953125,-0.03515625,-0.005859375,-0.041015625,0.0,0.0,0.0
1721593879,1376081,0,1.001953125,-0.03515625,0.005859375,-0.029296875,0.0,0.0,0.0
1721595130,1376082,0,1.0078125,-0.033203125,-0.00390625,-0.037109375,0.0,0.0,0.0
1721596381,1376083,0,1.009765625,-0.03125,-0.00390625,-0.03515625,0.0,0.0,0.0
1721597631,1376084,0,1.001953125,-0.029296875,0.005859375,-0.0234375,0.0,0.0,0.0
1721598882,1376085,0,1.00390625,-0.033203125,0.001953125,-0.03125,0.0,0.0,0.0
1721600133,1376086,0,1.0078125,-0.03125,0.0,-0.03125,0.0,0.0,0.0
1721601384,1376087,0,1.00390625,-0.02734375,0.00390625,-0.0234375,0.0,0.0,0.0
1721602635,1376088,0,1.01953125,-0.021484375,-0.009765625,-0.03125,0.0,0.0,0.0
1721603885,1376089,0,1.001953125,-0.021484375,0.001953125,-0.01953125,0.0,0.0,0.0
1721605136,1376090,0,1.001953125,-0.01171875,0.001953125,-0.009765625,0.0,0.0,0.0
1721606387,1376091,0,0.998046875,-0.01171875,0.0,-0.01171875,0.0,0.0,0.0
1721607638,1376092,0,1.0078125,-0.009765625,0.0078125,-0.001953125,0.0,0.0,0.0
1721608889,1376093,0,0.9921875,-0.0078125,0.001953125,-0.005859375,0.0,0.0,0.0
1721610140,1376094,0,1.0078125,-0.00390625,0.001953125,-0.001953125,0.0,0.0,0.0
1721611392,1376095,0,1.00390625,0.00390625,-0.001953125,0.001953125,0.0,0.0,0.0
1721612642,1376096,0,1.0078125,0.001953125,-0.00390625,-0.001953125,0.0,0.0,0.0
1721613894,1376097,0,1.009765625,0.005859375,-0.00390625,0.001953125,0.0,0.0,0.0
1721615145,1376098,0,1.001953125,0.005859375,0.001953125,0.0078125,0.0,0.0,0.0
1721616395,1376099,0,1.0078125,0.009765625,-0.001953125,0.0078125,0.0,0.0,0.0
1721617646,1376100,0,1.005859375,0.01171875,-0.001953125,0.009765625,0.0,0.0,0.0
1721618898,1376101,0,0.998046875,0.01171875,-0.005859375,0.005859375,0.0,0.0,0.0
1721620149,1376102,0,1.00390625,0.013671875,-0.001953125,0.01171875,0.0,0.0,0.0
1721621400,1376103,0,0.99609375,0.01171875,0.0,0.01171875,0.0,0.0,0.0
1721622651,1376104,0,1.001953125,0.01953125,-0.005859375,0.013671875,0.0,0.0,0.0
1721623902,1376105,0,1.00390625,0.015625,0.0,0.015625,0.0,0.0,0.0
1721625154,1376106,0,1.01171875,0.021484375,0.00390625,0.025390625,0.0,0.0,0.0
1721626405,1376107,0,0.99609375,0.013671875,-0.005859375,0.0078125,0.0,0.0,0.0
1721627657,1376108,0,1.001953125,0.017578125,-0.0078125,0.009765625,0.0,0.0,0.0
1721628907,1376109,0,1.01171875,0.017578125,-0.009765625,0.0078125,0.0,0.0,0.0
1721630158,1376110,0,1.00390625,0.017578125,-0.00390625,0.013671875,0.0,0.0,0.0
1721631409,1376111,0,1.005859375,0.017578125,-0.005859375,0.01171875,0.0,0.0,0.0
1721632660,1376112,0,1.00390625,0.009765625,-0.005859375,0.00390625,0.0,0.0,0.0
1721633911,1376113,0,1.0078125,0.01171875,-0.013671875,-0.001953125,0.0,0.0,0.0
1721635161,1376114,0,1.013671875,0.01171875,-0.001953125,0.009765625,0.0,0.0,0.0
1721636412,1376115,0,1.009765625,0.00390625,-0.00390625,0.0,0.0,0.0,0.0
1721637664,1376116,0,1.009765625,0.001953125,-0.0078125,-0.005859375,0.0,0.0,0.0
1721638915,1376117,0,1.001953125,0.0,-0.0078125,-0.0078125,0.0,0.0,0.0
1721640166,1376118,0,1.00390625,0.0,-0.005859375,-0.005859375,0.0,0.0,0.0
1721641417,1376119,0,1.00390625,-0.00390625,-0.0078125,-0.01171875,0.0,0.0,0.0
1721642668,1376120,0,1.005859375,-0.0078125,-0.00390625,-0.01171875,0.0,0.0,0.0
1721643920,1376121,0,1.00390625,-0.009765625,-0.0078125,-0.017578125,0.0,0.0,0.0
1721645172,1376122,0,1.0078125,-0.015625,-0.00390625,-0.01953125,0.0,0.0,0.0
1721646422,1376123,0,1.005859375,-0.015625,-0.001953125,-0.017578125,0.0,0.0,0.0
1721647673,1376124,0,1.00390625,-0.015625,-0.005859375,-0.021484375,0.0,0.0,0.0
1721648924,1376125,0,1.0078125,-0.01953125,-0.00390625,-0.0234375,0.0,0.0,0.0
1721650174,1376126,0,1.0078125,-0.021484375,-0.001953125,-0.0234375,0.0,0.0,0.0
1721651425,1376127,0,0.998046875,-0.021484375,-0.00390625,-0.025390625,0.0,0.0,0.0
1721652676,1376128,0,1.00390625,-0.03125,0.0,-0.03125,0.0,0.0,0.0
1721653927,1376129,0,1.00390625,-0.025390625,-0.00390625,-0.029296875,0.0,0.0,0.0
1721655177,1376130,0,1.0078125,-0.0234375,0.00390625,-0.01953125,0.0,0.0,0.0
1721656427,1376131,0,1.0078125,-0.03125,0.0078125,-0.0234375,0.0,0.0,0.0
1721657679,1376132,0,1.005859375,-0.033203125,-0.00390625,-0.037109375,0.0,0.0,0.0
1721658929,1376133,0,1.005859375,-0.025390625,-0.001953125,-0.02734375,0.0,0.0,0.0
1721660179,1376134,0,1.005859375,-0.02734375,-0.00390625,-0.03125,0.0,0.0,0.0
1721661431,1376135,0,1.0,-0.033203125,-0.00390625,-0.037109375,0.0,0.0,0.0
1721662681,1376136,0,1.00390625,-0.029296875,-0.001953125,-0.03125,0.0,0.0,0.0
1721663932,1376137,0,1.0078125,-0.02734375,0.00390625,-0.0234375,0.0,0.0,0.0
1721665182,1376138,0,1.00390625,-0.02734375,0.00390625,-0.0234375,0.0,0.0,0.0
1721666432,1376139,0,0.99609375,-0.03125,0.00390625,-0.02734375,0.0,0.0,0.0
1721667684,1376140,0,0.998046875,-0.02734375,-0.001953125,-0.029296875,0.0,0.0,0.0
1721668934,1376141,0,1.0078125,-0.0234375,0.005859375,-0.017578125,0.0,0.0,0.0
1721670184,1376142,0,1.005859375,-0.021484375,0.005859375,-0.015625,0.0,0.0,0.0
1721671436,1376143,0,1.001953125,-0.01953125,-0.001953125,-0.021484375,0.0,0.0,0.0
1721672686,1376144,0,1.009765625,-0.01953125,-0.00390625,-0.0234375,0.0,0.0,0.0
1721673938,1376145,0,1.001953125,-0.015625,0.0,-0.015625,0.0,0.0,0.0
1721675188,1376146,0,1.005859375,-0.013671875,0.001953125,-0.01171875,0.0,0.0,0.0
1721676438,1376147,0,1.00390625,-0.015625,-0.001953125,-0.017578125,0.0,0.0,0.0
1721677690,1376148,0,0.998046875,-0.013671875,0.00390625,-0.009765625,0.0,0.0,0.0
1721678940,1376149,0,0.994140625,-0.0078125,0.0,-0.0078125,0.0,0.0,0.0
1721680190,1376150,0,1.0078125,-0.009765625,-0.001953125,-0.01171875,0.0,0.0,0.0
1721681440,1376151,0,1.005859375,-0.00390625,-0.00390625,-0.0078125,0.0,0.0,0.0
1721682691,1376152,0,1.00390625,0.0,0.0,0.0,0.0,0.0,0.0
1721683943,1376153,0,0.998046875,0.001953125,0.00390625,0.005859375,0.0,0.0,0.0
1721685194,1376154,0,1.005859375,0.00390625,0.001953125,0.005859375,0.0,0.0,0.0
1721686445,1376155,0,1.00390625,0.0078125,0.0,0.0078125,0.0,0.0,0.0
1721687696,1376156,0,0.998046875,0.0078125,-0.001953125,0.005859375,0.0,0.0,0.0
1721688948,1376157,0,1.005859375,0.0078125,-0.00390625,0.00390625,0.0,0.0,0.0
1721690199,1376158,0,1.00390625,0.013671875,-0.00390625,0.009765625,0.0,0.0,0.0
1721691450,1376159,0,1.009765625,0.01171875,-0.001953125,0.009765625,0.0,0.0,0.0
1721692701,1376160,0,1.001953125,0.015625,-0.00390625,0.01171875,0.0,0.0,0.0
1721693953,1376161,0,1.0,0.015625,-0.001953125,0.013671875,0.0,0.0,0.0
1721695204,1376162,0,1.005859375,0.009765625,-0.00390625,0.005859375,0.0,0.0,0.0
1721696455,1376163,0,1.00390625,0.0078125,0.0,0.0078125,0.0,0.0,0.0
1721697707,1376164,0,0.998046875,0.01171875,-0.005859375,0.005859375,0.0,0.0,0.0
1721698957,1376165,0,1.00390625,0.01171875,-0.00390625,0.0078125,0.0,0.0,0.0
1721700207,1376166,0,1.001953125,0.009765625,-0.005859375,0.00390625,0.0,0.0,0.0
1721701459,1376167,0,1.00390625,0.009765625,-0.01171875,-0.001953125,0.0,0.0,0.0
1721702709,1376168,0,1.001953125,0.0078125,-0.005859375,0.001953125,0.0,0.0,0.0
1721703960,1376169,0,1.00390625,0.009765625,-0.005859375,0.00390625,0.0,0.0,0.0
1721705210,1376170,0,1.0,0.00390625,0.0,0.00390625,0.0,0.0,0.0
1721706461,1376171,0,0.99609375,0.00390625,0.0,0.00390625,0.0,0.0,0.0
1721707712,1376172,0,1.005859375,0.005859375,-0.009765625,-0.00390625,0.0,0.0,0.0
1721708962,1376173,0,1.001953125,-0.0078125,-0.005859375,-0.013671875,0.0,0.0,0.0
1721710212,1376174,0,1.013671875,-0.001953125,0.001953125,0.0,0.0,0.0,0.0
1721711463,1376175,0,1.001953125,-0.005859375,0.005859375,0.0,0.0,0.0,0.0
1721712713,1376176,0,1.00390625,-0.00390625,-0.005859375,-0.009765625,0.0,0.0,0.0
1721713965,1376177,0,1.013671875,-0.0078125,-0.015625,-0.0234375,0.0,0.0,0.0
1721715216,1376178,0,0.998046875,-0.013671875,-0.005859375,-0.01953125,0.0,0.0,0.0
1721716468,1376179,0,1.005859375,-0.01171875,-0.001953125,-0.013671875,0.0,0.0,0.0
1721717718,1376180,0,1.005859375,-0.013671875,-0.001953125,-0.015625,0.0,0.0,0.0
1721718970,1376181,0,1.00390625,-0.01953125,-0.001953125,-0.021484375,0.0,0.0,0.0
1721720221,1376182,0,1.00390625,-0.01953125,-0.00390625,-0.0234375,0.0,0.0,0.0
1721721471,1376183,0,1.001953125,-0.0234375,-0.005859375,-0.029296875,0.0,0.0,0.0
1721722722,1376184,0,0.998046875,-0.021484375,-0.00390625,-0.025390625,0.0,0.0,0.0
1721723973,1376185,0,1.005859375,-0.021484375,-0.00390625,-0.025390625,0.0,0.0,0.0
1721725225,1376186,0,1.0078125,-0.021484375,0.0,-0.021484375,0.0,0.0,0.0
1721726477,1376187,0,1.0078125,-0.025390625,0.001953125,-0.0234375,0.0,0.0,0.0
1721727728,1376188,0,1.0,-0.025390625,0.0,-0.025390625,0.0,0.0,0.0
1721728978,1376189,0,1.001953125,-0.025390625,-0.00390625,-0.029296875,0.0,0.0,0.0
1721730229,1376190,0,1.0078125,-0.021484375,0.001953125,-0.01953125,0.0,0.0,0.0
1721731481,1376191,0,1.0,-0.021484375,-0.001953125,-0.0234375,0.0,0.0,0.0
1721732731,1376192,0,1.017578125,-0.03125,-0.001953125,-0.033203125,0.0,0.0,0.0
1721733982,1376193,0,1.009765625,-0.02734375,-0.001953125,-0.029296875,0.0,0.0,0.0
1721735233,1376194,0,1.001953125,-0.01953125,0.00390625,-0.015625,0.0,0.0,0.0
1721736483,1376195,0,0.994140625,-0.0234375,0.001953125,-0.021484375,0.0,0.0,0.0
1721737734,1376196,0,1.005859375,-0.02734375,0.00390625,-0.0234375,0.0,0.0,0.0
1721738984,1376197,0,1.001953125,-0.021484375,0.005859375,-0.015625,0.0,0.0,0.0
1721740235,1376198,0,0.998046875,-0.017578125,0.0,-0.017578125,0.0,0.0,0.0
1721741486,1376199,0,1.00390625,-0.017578125,0.001953125,-0.015625,0.0,0.0,0.0
1721742736,1376200,0,1.00390625,-0.013671875,-0.00390625,-0.017578125,0.0,0.0,0.0
1721743987,1376201,0,1.00390625,-0.017578125,0.001953125,-0.015625,0.0,0.0,0.0
1721745238,1376202,0,1.0078125,-0.01953125,0.001953125,-0.017578125,0.0,0.0,0.0
1721746489,1376203,0,1.005859375,-0.013671875,-0.00390625,-0.017578125,0.0,0.0,0.0
1721747739,1376204,0,1.001953125,-0.0078125,0.001953125,-0.005859375,0.0,0.0,0.0
1721748990,1376205,0,1.009765625,-0.0078125,0.005859375,-0.001953125,0.0,0.0,0.0
1721750241,1376206,0,1.00390625,-0.00390625,0.00390625,0.0,0.0,0.0,0.0
1721751492,1376207,0,1.001953125,-0.00390625,0.0,-0.00390625,0.0,0.0,0.0
1721752742,1376208,0,1.005859375,-0.0078125,0.0,-0.0078125,0.0,0.0,0.0
1721753993,1376209,0,1.005859375,0.0,-0.001953125,-0.001953125,0.0,0.0,0.0
1721755244,1376210,0,1.0,0.00390625,0.001953125,0.005859375,0.0,0.0,0.0
1721756494,1376211,0,0.998046875,0.0,-0.001953125,-0.001953125,0.0,0.0,0.0
1721757746,1376212,0,1.00390625,0.001953125,0.00390625,0.005859375,0.0,0.0,0.0
1721758997,1376213,0,0.998046875,0.001953125,-0.001953125,0.0,0.0,0.0,0.0
1721760248,1376214,0,1.009765625,0.0078125,-0.005859375,0.001953125,0.0,0.0,0.0
1721761499,1376215,0,1.001953125,0.01171875,-0.00390625,0.0078125,0.0,0.0,0.0
1721762750,1376216,0,1.009765625,0.009765625,-0.00390625,0.005859375,0.0,0.0,0.0
1721764001,1376217,0,1.001953125,0.00390625,-0.0078125,-0.00390625,0.0,0.0,0.0
1721765252,1376218,0,1.005859375,0.009765625,-0.001953125,0.0078125,0.0,0.0,0.0
1721766502,1376219,0,1.005859375,0.009765625,-0.001953125,0.0078125,0.0,0.0,0.0
1721767753,1376220,0,1.001953125,0.0078125,-0.00390625,0.00390625,0.0,0.0,0.0
1721769004,1376221,0,0.994140625,0.009765625,-0.001953125,0.0078125,0.0,0.0,0.0
1721770255,1376222,0,1.0078125,0.005859375,-0.013671875,-0.0078125,0.0,0.0,0.0
1721771505,1376223,0,1.009765625,0.005859375,-0.015625,-0.009765625,0.0,0.0,0.0
1721772756,1376224,0,1.005859375,0.00390625,-0.0078125,-0.00390625,0.0,0.0,0.0
1721774008,1376225,0,1.00390625,0.0078125,-0.009765625,-0.001953125,0.0,0.0,0.0
1721775258,1376226,0,1.001953125,0.009765625,-0.0078125,0.001953125,0.0,0.0,0.0
1721776509,1376227,0,0.998046875,0.005859375,-0.01171875,-0.005859375,0.0,0.0,0.0
1721777759,1376228,0,1.001953125,-0.005859375,-0.005859375,-0.01171875,0.0,0.0,0.0
1721779010,1376229,0,0.998046875,-0.00390625,-0.001953125,-0.005859375,0.0,0.0,0.0
1721780261,1376230,0,1.0078125,-0.001953125,-0.0078125,-0.009765625,0.0,0.0,0.0
1721781513,1376231,0,1.001953125,-0.005859375,-0.001953125,-0.0078125,0.0,0.0,0.0
1721782764,1376232,0,1.00390625,-0.005859375,-0.0078125,-0.013671875,0.0,0.0,0.0
1721784015,1376233,0,0.998046875,-0.0078125,-0.015625,-0.0234375,0.0,0.0,0.0
1721785270,1376234,0,1.005859375,-0.01171875,-0.01171875,-0.0234375,0.0,0.0,0.0
1721786521,1376235,0,0.998046875,-0.015625,-0.005859375,-0.021484375,0.0,0.0,0.0
1721787772,1376236,0,1.0,-0.015625,-0.0078125,-0.0234375,0.0,0.0,0.0
1721789024,1376237,0,1.013671875,-0.017578125,-0.001953125,-0.01953125,0.0,0.0,0.0
1721790275,1376238,0,0.998046875,-0.01171875,0.0,-0.01171875,0.0,0.0,0.0
1721791527,1376239,0,1.005859375,-0.015625,0.001953125,-0.013671875,0.0,0.0,0.0
1721792778,1376240,0,1.00390625,-0.0234375,-0.001953125,-0.025390625,0.0,0.0,0.0
1721794028,1376241,0,1.00390625,-0.0234375,0.0,-0.0234375,0.0,0.0,0.0
1721795279,1376242,0,1.0078125,-0.0234375,-0.00390625,-0.02734375,0.0,0.0,0.0
1721796530,1376243,0,1.005859375,-0.021484375,-0.001953125,-0.0234375,0.0,0.0,0.0
1721797782,1376244,0,1.00390625,-0.0234375,0.00390625,-0.01953125,0.0,0.0,0.0
1721799032,1376245,0,1.005859375,-0.0234375,0.001953125,-0.021484375,0.0,0.0,0.0
1721800282,1376246,0,1.00390625,-0.0234375,-0.001953125,-0.025390625,0.0,0.0,0.0
1721801532,1376247,0,1.005859375,-0.01953125,0.00390625,-0.015625,0.0,0.0,0.0
1721802783,1376248,0,0.998046875,-0.01953125,0.0,-0.01953125,0.0,0.0,0.0
1721804034,1376249,0,1.009765625,-0.0234375,0.00390625,-0.01953125,0.0,0.0,0.0
1721805285,1376250,0,0.99609375,-0.021484375,0.005859375,-0.015625,0.0,0.0,0.0
1721806537,1376251,0,1.005859375,-0.0234375,0.0,-0.0234375,0.0,0.0,0.0
1721807789,1376252,0,1.00390625,-0.017578125,0.00390625,-0.013671875,0.0,0.0,0.0
1721809039,1376253,0,1.001953125,-0.01171875,0.005859375,-0.005859375,0.0,0.0,0.0
1721810290,1376254,0,1.009765625,-0.01953125,0.001953125,-0.017578125,0.0,0.0,0.0
1721811541,1376255,0,1.00390625,-0.01953125,0.0078125,-0.01171875,0.0,0.0,0.0
1721812792,1376256,0,1.00390625,-0.013671875,0.001953125,-0.01171875,0.0,0.0,0.0
1721814042,1376257,0,1.021484375,-0.017578125,0.005859375,-0.01171875,0.0,0.0,0.0
1721815294,1376258,0,1.001953125,-0.013671875,0.0078125,-0.005859375,0.0,0.0,0.0
1721816545,1376259,0,1.01171875,-0.009765625,0.005859375,-0.00390625,0.0,0.0,0.0
1721817795,1376260,0,1.005859375,-0.0078125,0.005859375,-0.001953125,0.0,0.0,0.0
1721819047,1376261,0,1.00390625,-0.00390625,0.00390625,0.0,0.0,0.0,0.0
1721820298,1376262,0,1.00390625,-0.009765625,0.0,-0.009765625,0.0,0.0,0.0
1721821549,1376263,0,1.001953125,-0.00390625,0.001953125,-0.001953125,0.0,0.0,0.0
1721822800,1376264,0,1.0078125,-0.001953125,0.001953125,0.0,0.0,0.0,0.0
1721824050,1376265,0,1.005859375,-0.001953125,0.00390625,0.001953125,0.0,0.0,0.0
1721825301,1376266,0,1.005859375,0.0,0.005859375,0.005859375,0.0,0.0,0.0
1721826552,1376267,0,1.0078125,-0.00390625,0.0,-0.00390625,0.0,0.0,0.0
1721827803,1376268,0,1.001953125,0.0,0.0,0.0,0.0,0.0,0.0
1721829053,1376269,0,1.00390625,-0.001953125,0.0,-0.001953125,0.0,0.0,0.0
1721830305,1376270,0,1.009765625,0.001953125,-0.001953125,0.0,0.0,0.0,0.0
1721831557,1376271,0,0.998046875,0.0,0.0,0.0,0.0,0.0,0.0
1721832808,1376272,0,1.001953125,0.0,-0.005859375,-0.005859375,0.0,0.0,0.0
1721834059,1376273,0,1.0,0.001953125,0.0,0.001953125,0.0,0.0,0.0
1721835310,1376274,0,1.005859375,0.005859375,-0.00390625,0.001953125,0.0,0.0,0.0
1721836562,1376275,0,1.001953125,0.0078125,-0.00390625,0.00390625,0.0,0.0,0.0
1721837812,1376276,0,1.005859375,0.0,-0.001953125,-0.001953125,0.0,0.0,0.0
1721839064,1376277,0,1.01171875,-0.001953125,-0.005859375,-0.0078125,0.0,0.0,0.0
1721840314,1376278,0,1.0078125,0.00390625,-0.009765625,-0.005859375,0.0,0.0,0.0
1721841565,1376279,0,1.00390625,-0.001953125,-0.015625,-0.017578125,0.0,0.0,0.0
1721842816,1376280,0,1.009765625,0.001953125,-0.005859375,-0.00390625,0.0,0.0,0.0
1721844066,1376281,0,1.0078125,0.001953125,-0.009765625,-0.0078125,0.0,0.0,0.0
1721845317,1376282,0,1.005859375,0.001953125,-0.005859375,-0.00390625,0.0,0.0,0.0
1721846569,1376283,0,1.001953125,-0.005859375,-0.009765625,-0.015625,0.0,0.0,0.0
1721847819,1376284,0,1.009765625,-0.0078125,-0.0078125,-0.015625,0.0,0.0,0.0
1721849070,1376285,0,1.00390625,-0.00390625,-0.005859375,-0.009765625,0.0,0.0,0.0
1721850321,1376286,0,1.009765625,-0.00390625,-0.0078125,-0.01171875,0.0,0.0,0.0
1721851571,1376287,0,1.001953125,-0.0078125,-0.00390625,-0.01171875,0.0,0.0,0.0
1721852822,1376288,0,1.001953125,-0.009765625,-0.00390625,-0.013671875,0.0,0.0,0.0
1721854074,1376289,0,1.001953125,-0.0078125,-0.001953125,-0.009765625,0.0,0.0,0.0
1721855324,1376290,0,1.009765625,-0.009765625,-0.0078125,-0.017578125,0.0,0.0,0.0
1721856575,1376291,0,1.0078125,-0.013671875,-0.00390625,-0.017578125,0.0,0.0,0.0
1721857827,1376292,0,1.0078125,-0.015625,-0.013671875,-0.029296875,0.0,0.0,0.0
1721859077,1376293,0,1.00390625,-0.01171875,-0.0078125,-0.01953125,0.0,0.0,0.0
1721860328,1376294,0,1.005859375,-0.015625,-0.005859375,-0.021484375,0.0,0.0,0.0
1721861580,1376295,0,1.005859375,-0.017578125,-0.005859375,-0.0234375,0.0,0.0,0.0
1721862832,1376296,0,1.0078125,-0.021484375,-0.0078125,-0.029296875,0.0,0.0,0.0
1721864082,1376297,0,1.015625,-0.01953125,-0.00390625,-0.0234375,0.0,0.0,0.0
1721865333,1376298,0,1.005859375,-0.013671875,-0.005859375,-0.01953125,0.0,0.0,0.0
1721866585,1376299,0,1.009765625,-0.01953125,0.005859375,-0.013671875,0.0,0.0,0.0
1721867835,1376300,0,0.998046875,-0.0234375,-0.001953125,-0.025390625,0.0,0.0,0.0
1721869086,1376301,0,1.005859375,-0.025390625,-0.005859375,-0.03125,0.0,0.0,0.0
1721870338,1376302,0,1.0078125,-0.01953125,0.001953125,-0.017578125,0.0,0.0,0.0
1721871589,1376303,0,1.005859375,-0.017578125,-0.00390625,-0.021484375,0.0,0.0,0.0
1721872840,1376304,0,1.0,-0.021484375,0.001953125,-0.01953125,0.0,0.0,0.0
1721874092,1376305,0,1.0078125,-0.017578125,0.00390625,-0.013671875,0.0,0.0,0.0
1721875343,1376306,0,1.001953125,-0.013671875,-0.00390625,-0.017578125,0.0,0.0,0.0
1721876594,1376307,0,1.00390625,-0.015625,0.0,-0.015625,0.0,0.0,0.0
1721877845,1376308,0,1.00390625,-0.01953125,0.00390625,-0.015625,0.0,0.0,0.0
1721879096,1376309,0,1.0078125,-0.01953125,0.001953125,-0.017578125,0.0,0.0,0.0
1721880346,1376310,0,1.01171875,-0.017578125,0.00390625,-0.013671875,0.0,0.0,0.0
1721881598,1376311,0,1.0,-0.01171875,0.0,-0.01171875,0.0,0.0,0.0
1721882849,1376312,0,0.998046875,-0.015625,0.001953125,-0.013671875,0.0,0.0,0.0
1721884099,1376313,0,1.0,-0.01171875,0.0078125,-0.00390625,0.0,0.0,0.0
1721885350,1376314,0,1.0078125,-0.009765625,0.005859375,-0.00390625,0.0,0.0,0.0
1721886601,1376315,0,1.005859375,-0.005859375,0.001953125,-0.00390625,0.0,0.0,0.0
1721887852,1376316,0,1.001953125,-0.005859375,-0.001953125,-0.0078125,0.0,0.0,0.0
1721889103,1376317,0,1.009765625,-0.009765625,0.001953125,-0.0078125,0.0,0.0,0.0
1721890354,1376318,0,1.001953125,0.001953125,-0.001953125,0.0,0.0,0.0,0.0
1721891605,1376319,0,1.001953125,-0.00390625,0.005859375,0.001953125,0.0,0.0,0.0
1721892855,1376320,0,1.005859375,-0.009765625,-0.001953125,-0.01171875,0.0,0.0,0.0
1721894107,1376321,0,0.994140625,-0.005859375,-0.001953125,-0.0078125,0.0,0.0,0.0
1721895357,1376322,0,1.005859375,-0.001953125,-0.001953125,-0.00390625,0.0,0.0,0.0
1721896607,1376323,0,1.009765625,0.00390625,-0.00390625,0.0,0.0,0.0,0.0
1721897859,1376324,0,1.009765625,-0.001953125,0.0,-0.001953125,0.0,0.0,0.0
1721899109,1376325,0,0.998046875,-0.001953125,0.0,-0.001953125,0.0,0.0,0.0
1721900361,1376326,0,0.99609375,0.0,-0.001953125,-0.001953125,0.0,0.0,0.0
1721901611,1376327,0,1.005859375,0.001953125,-0.00390625,-0.001953125,0.0,0.0,0.0
1721902861,1376328,0,1.009765625,0.001953125,0.0,0.001953125,0.0,0.0,0.0
1721904113,1376329,0,1.005859375,-0.00390625,-0.0078125,-0.01171875,0.0,0.0,0.0
1721905364,1376330,0,1.009765625,0.0,-0.005859375,-0.005859375,0.0,0.0,0.0
1721906616,1376331,0,1.001953125,0.0,-0.00390625,-0.00390625,0.0,0.0,0.0
1721907866,1376332,0,1.005859375,0.0,-0.0078125,-0.0078125,0.0,0.0,0.0
1721909118,1376333,0,1.0078125,-0.00390625,-0.00390625,-0.0078125,0.0,0.0,0.0
1721910368,1376334,0,1.001953125,0.00390625,0.0,0.00390625,0.0,0.0,0.0
1721911619,1376335,0,1.001953125,-0.001953125,-0.009765625,-0.01171875,0.0,0.0,0.0
1721912869,1376336,0,1.0,-0.00390625,-0.0078125,-0.01171875,0.0,0.0,0.0
1721914119,1376337,0,0.998046875,-0.00390625,-0.005859375,-0.009765625,0.0,0.0,0.0
1721915371,1376338,0,1.005859375,-0.0078125,-0.00390625,-0.01171875,0.0,0.0,0.0
1721916622,1376339,0,1.009765625,-0.005859375,-0.015625,-0.021484375,0.0,0.0,0.0
1721917874,1376340,0,1.005859375,-0.001953125,-0.005859375,-0.0078125,0.0,0.0,0.0
1721919124,1376341,0,0.994140625,-0.01171875,0.00390625,-0.0078125,0.0,0.0,0.0
1721920375,1376342,0,1.001953125,-0.0078125,-0.009765625,-0.017578125,0.0,0.0,0.0
1721921625,1376343,0,1.013671875,-0.0078125,-0.01171875,-0.01953125,0.0,0.0,0.0
1721922877,1376344,0,1.013671875,-0.015625,-0.0078125,-0.0234375,0.0,0.0,0.0
1721924127,1376345,0,1.0,-0.009765625,0.00390625,-0.005859375,0.0,0.0,0.0
1721925377,1376346,0,1.005859375,-0.005859375,-0.00390625,-0.009765625,0.0,0.0,0.0
1721926629,1376347,0,1.005859375,-0.013671875,-0.0078125,-0.021484375,0.0,0.0,0.0
1721927879,1376348,0,1.00390625,-0.015625,-0.00390625,-0.01953125,0.0,0.0,0.0
1721929130,1376349,0,1.00390625,-0.017578125,-0.001953125,-0.01953125,0.0,0.0,0.0
1721930381,1376350,0,0.998046875,-0.017578125,-0.00390625,-0.021484375,0.0,0.0,0.0
1721931631,1376351,0,1.005859375,-0.013671875,-0.005859375,-0.01953125,0.0,0.0,0.0
1721932882,1376352,0,1.0078125,-0.01953125,-0.001953125,-0.021484375,0.0,0.0,0.0
1721934133,1376353,0,1.00390625,-0.013671875,-0.001953125,-0.015625,0.0,0.0,0.0
1721935384,1376354,0,1.00390625,-0.01953125,-0.001953125,-0.021484375,0.0,0.0,0.0
1721936635,1376355,0,1.0078125,-0.01953125,-0.005859375,-0.025390625,0.0,0.0,0.0
1721937885,1376356,0,1.0,-0.01953125,-0.005859375,-0.025390625,0.0,0.0,0.0
1721939136,1376357,0,1.00390625,-0.017578125,-0.001953125,-0.01953125,0.0,0.0,0.0
1721940387,1376358,0,1.005859375,-0.015625,0.0,-0.015625,0.0,0.0,0.0
1721941638,1376359,0,1.005859375,-0.015625,-0.00390625,-0.01953125,0.0,0.0,0.0
1721942889,1376360,0,1.00390625,-0.013671875,-0.00390625,-0.017578125,0.0,0.0,0.0
1721944140,1376361,0,1.0078125,-0.015625,0.009765625,-0.005859375,0.0,0.0,0.0
1721945392,1376362,0,1.0078125,-0.01953125,-0.005859375,-0.025390625,0.0,0.0,0.0
1721946642,1376363,0,1.0078125,-0.01171875,-0.001953125,-0.013671875,0.0,0.0,0.0
1721947894,1376364,0,0.998046875,-0.015625,0.00390625,-0.01171875,0.0,0.0,0.0
1721949145,1376365,0,0.994140625,-0.013671875,0.001953125,-0.01171875,0.0,0.0,0.0
1721950395,1376366,0,1.0,-0.009765625,0.00390625,-0.005859375,0.0,0.0,0.0
1721951646,1376367,0,1.0,-0.005859375,0.001953125,-0.00390625,0.0,0.0,0.0
1721952898,1376368,0,1.005859375,-0.009765625,0.00390625,-0.005859375,0.0,0.0,0.0
1721954149,1376369,0,1.001953125,-0.009765625,0.0,-0.009765625,0.0,0.0,0.0
1721955400,1376370,0,1.0078125,-0.00390625,0.00390625,0.0,0.0,0.0,0.0
1721956651,1376371,0,1.0078125,-0.005859375,0.00390625,-0.001953125,0.0,0.0,0.0
1721957902,1376372,0,1.0078125,-0.001953125,0.005859375,0.00390625,0.0,0.0,0.0
1721959154,1376373,0,1.001953125,-0.005859375,0.0,-0.005859375,0.0,0.0,0.0
1721960405,1376374,0,1.00390625,-0.005859375,0.0,-0.005859375,0.0,0.0,0.0
1721961657,1376375,0,1.005859375,-0.00390625,0.0,-0.00390625,0.0,0.0,0.0
1721962907,1376376,0,1.00390625,0.0,0.001953125,0.001953125,0.0,0.0,0.0
1721964158,1376377,0,1.0078125,-0.001953125,-0.001953125,-0.00390625,0.0,0.0,0.0
1721965409,1376378,0,1.00390625,-0.00390625,0.0,-0.00390625,0.0,0.0,0.0
1721966660,1376379,0,1.00390625,-0.001953125,-0.00390625,-0.005859375,0.0,0.0,0.0
1721967911,1376380,0,1.00390625,0.0,0.0,0.0,0.0,0.0,0.0
1721969161,1376381,0,1.0078125,0.001953125,0.001953125,0.00390625,0.0,0.0,0.0
1721970412,1376382,0,0.994140625,0.0,-0.001953125,-0.001953125,0.0,0.0,0.0
1721971664,1376383,0,1.0078125,0.001953125,-0.005859375,-0.00390625,0.0,0.0,0.0
1721972915,1376384,0,1.00390625,0.0,0.001953125,0.001953125,0.0,0.0,0.0
1721974166,1376385,0,0.998046875,-0.00390625,-0.01171875,-0.015625,0.0,0.0,0.0
1721975417,1376386,0,1.01171875,-0.0078125,-0.00390625,-0.01171875,0.0,0.0,0.0
1721976668,1376387,0,1.001953125,0.001953125,-0.00390625,-0.001953125,0.0,0.0,0.0
1721977920,1376388,0,1.009765625,-0.001953125,-0.001953125,-0.00390625,0.0,0.0,0.0
1721979172,1376389,0,0.998046875,-0.00390625,-0.00390625,-0.0078125,0.0,0.0,0.0
1721980422,1376390,0,0.998046875,-0.001953125,-0.0078125,-0.009765625,0.0,0.0,0.0
1721981673,1376391,0,1.00390625,-0.00390625,-0.00390625,-0.0078125,0.0,0.0,0.0
1721982924,1376392,0,1.005859375,-0.00390625,0.001953125,-0.001953125,0.0,0.0,0.0
1721984174,1376393,0,1.0,-0.005859375,-0.005859375,-0.01171875,0.0,0.0,0.0
1721985425,1376394,0,1.0078125,-0.001953125,-0.005859375,-0.0078125,0.0,0.0,0.0
1721986676,1376395,0,0.998046875,-0.00390625,-0.00390625,-0.0078125,0.0,0.0,0.0
1721987927,1376396,0,1.005859375,-0.009765625,-0.00390625,-0.013671875,0.0,0.0,0.0
1721989177,1376397,0,1.001953125,-0.0078125,-0.00390625,-0.01171875,0.0,0.0,0.0
1721990427,1376398,0,1.0078125,-0.013671875,-0.009765625,-0.0234375,0.0,0.0,0.0
1721991679,1376399,0,1.001953125,-0.0078125,-0.00390625,-0.01171875,0.0,0.0,0.0
1721992929,1376400,0,1.00390625,-0.013671875,0.0,-0.013671875,0.0,0.0,0.0
1721994179,1376401,0,1.005859375,-0.017578125,0.0,-0.017578125,0.0,0.0,0.0
1721995431,1376402,0,1.0078125,-0.017578125,-0.001953125,-0.01953125,0.0,0.0,0.0
1721996681,1376403,0,1.00390625,-0.009765625,-0.00390625,-0.013671875,0.0,0.0,0.0
1721997932,1376404,0,1.00390625,-0.015625,-0.01171875,-0.02734375,0.0,0.0,0.0
1721999182,1376405,0,1.0078125,-0.021484375,-0.01171875,-0.033203125,0.0,0.0,0.0
1722000432,1376406,0,1.001953125,-0.015625,0.001953125,-0.013671875,0.0,0.0,0.0
1722001684,1376407,0,1.00390625,-0.017578125,-0.001953125,-0.01953125,0.0,0.0,0.0
1722002934,1376408,0,1.001953125,-0.017578125,-0.001953125,-0.01953125,0.0,0.0,0.0
1722004184,1376409,0,0.99609375,-0.017578125,-0.001953125,-0.01953125,0.0,0.0,0.0
1722005436,1376410,0,1.00390625,-0.017578125,0.0,-0.017578125,0.0,0.0,0.0
1722006686,1376411,0,1.0078125,-0.017578125,-0.001953125,-0.01953125,0.0,0.0,0.0
1722007937,1376412,0,1.00390625,-0.017578125,-0.001953125,-0.01953125,0.0,0.0,0.0
1722009188,1376413,0,1.001953125,-0.017578125,-0.00390625,-0.021484375,0.0,0.0,0.0
1722010439,1376414,0,1.009765625,-0.009765625,0.0,-0.009765625,0.0,0.0,0.0
1722011691,1376415,0,1.005859375,-0.01171875,-0.00390625,-0.015625,0.0,0.0,0.0
1722012942,1376416,0,1.009765625,-0.015625,0.0,-0.015625,0.0,0.0,0.0
1722014192,1376417,0,1.01171875,-0.0078125,-0.001953125,-0.009765625,0.0,0.0,0.0
1722015443,1376418,0,1.0078125,-0.009765625,0.0078125,-0.001953125,0.0,0.0,0.0
1722016695,1376419,0,1.0,-0.009765625,-0.001953125,-0.01171875,0.0,0.0,0.0
1722017945,1376420,0,1.009765625,-0.009765625,0.0,-0.009765625,0.0,0.0,0.0
1722019197,1376421,0,1.001953125,-0.009765625,0.00390625,-0.005859375,0.0,0.0,0.0
1722020448,1376422,0,1.01171875,-0.0078125,0.00390625,-0.00390625,0.0,0.0,0.0
1722021698,1376423,0,0.998046875,-0.005859375,-0.001953125,-0.0078125,0.0,0.0,0.0
1722022949,1376424,0,1.005859375,-0.01171875,0.001953125,-0.009765625,0.0,0.0,0.0
1722024199,1376425,0,1.001953125,-0.009765625,0.0,-0.009765625,0.0,0.0,0.0
1722025449,1376426,0,1.005859375,-0.001953125,0.005859375,0.00390625,0.0,0.0,0.0
1722026701,1376427,0,0.99609375,-0.00390625,0.005859375,0.001953125,0.0,0.0,0.0
1722027951,1376428,0,1.001953125,0.0,0.0,0.0,0.0,0.0,0.0
1722029202,1376429,0,1.009765625,-0.00390625,0.0,-0.00390625,0.0,0.0,0.0
1722030453,1376430,0,1.005859375,-0.001953125,0.0,-0.001953125,0.0,0.0,0.0
1722031704,1376431,0,1.009765625,-0.0078125,0.0,-0.0078125,0.0,0.0,0.0
1722032954,1376432,0,0.998046875,-0.001953125,0.0,-0.001953125,0.0,0.0,0.0
1722034205,1376433,0,1.00390625,0.0,0.00390625,0.00390625,0.0,0.0,0.0
1722035457,1376434,0,1.00390625,0.0,0.00390625,0.00390625,0.0,0.0,0.0
1722036707,1376435,0,1.005859375,-0.00390625,-0.001953125,-0.005859375,0.0,0.0,0.0
1722037959,1376436,0,1.0078125,-0.001953125,0.0,-0.001953125,0.0,0.0,0.0
1722039209,1376437,0,0.998046875,-0.00390625,-0.00390625,-0.0078125,0.0,0.0,0.0
1722040460,1376438,0,1.001953125,0.00390625,-0.001953125,0.001953125,0.0,0.0,0.0
1722041711,1376439,0,1.009765625,0.0,-0.001953125,-0.001953125,0.0,0.0,0.0
1722042961,1376440,0,1.005859375,-0.001953125,0.0,-0.001953125,0.0,0.0,0.0
1722044211,1376441,0,1.005859375,-0.00390625,0.0,-0.00390625,0.0,0.0,0.0
1722045461,1376442,0,1.009765625,0.0,-0.009765625,-0.009765625,0.0,0.0,0.0
1722046712,1376443,0,1.00390625,-0.00390625,-0.005859375,-0.009765625,0.0,0.0,0.0
1722047962,1376444,0,1.0078125,0.00390625,-0.005859375,-0.001953125,0.0,0.0,0.0
1722049212,1376445,0,1.005859375,-0.00390625,-0.005859375,-0.009765625,0.0,0.0,0.0
1722050463,1376446,0,0.99609375,-0.009765625,-0.005859375,-0.015625,0.0,0.0,0.0
1722051713,1376447,0,0.98828125,-0.005859375,-0.00390625,-0.009765625,0.0,0.0,0.0
1722052965,1376448,0,0.998046875,-0.01171875,-0.005859375,-0.017578125,0.0,0.0,0.0
1722054216,1376449,0,0.998046875,-0.0078125,-0.009765625,-0.017578125,0.0,0.0,0.0
1722055468,1376450,0,1.0,-0.01171875,-0.009765625,-0.021484375,0.0,0.0,0.0
1722056718,1376451,0,1.001953125,-0.01171875,-0.01171875,-0.0234375,0.0,0.0,0.0
1722057970,1376452,0,1.0,-0.009765625,-0.001953125,-0.01171875,0.0,0.0,0.0
1722059221,1376453,0,1.00390625,-0.01171875,0.001953125,-0.009765625,0.0,0.0,0.0
1722060471,1376454,0,1.001953125,-0.013671875,-0.005859375,-0.01953125,0.0,0.0,0.0
1722061722,1376455,0,1.005859375,-0.009765625,-0.0078125,-0.017578125,0.0,0.0,0.0
1722062973,1376456,0,1.00390625,-0.01171875,-0.00390625,-0.015625,0.0,0.0,0.0
1722064225,1376457,0,1.0,-0.015625,-0.005859375,-0.021484375,0.0,0.0,0.0
1722065477,1376458,0,1.005859375,-0.017578125,0.001953125,-0.015625,0.0,0.0,0.0
1722066728,1376459,0,1.005859375,-0.009765625,0.0,-0.009765625,0.0,0.0,0.0
1722067978,1376460,0,1.00390625,-0.015625,-0.00390625,-0.01953125,0.0,0.0,0.0
1722069229,1376461,0,1.001953125,-0.01171875,-0.001953125,-0.013671875,0.0,0.0,0.0
1722070481,1376462,0,1.0,-0.01171875,0.001953125,-0.009765625,0.0,0.0,0.0
1722071731,1376463,0,1.00390625,-0.017578125,0.0,-0.017578125,0.0,0.0,0.0
1722072982,1376464,0,1.0078125,-0.015625,-0.0078125,-0.0234375,0.0,0.0,0.0
1722074233,1376465,0,1.0078125,-0.021484375,0.001953125,-0.01953125,0.0,0.0,0.0
1722075483,1376466,0,1.0078125,-0.013671875,0.00390625,-0.009765625,0.0,0.0,0.0
1722076734,1376467,0,1.0,-0.01953125,-0.001953125,-0.021484375,0.0,0.0,0.0
1722077984,1376468,0,1.0078125,-0.0234375,-0.001953125,-0.025390625,0.0,0.0,0.0
1722079235,1376469,0,1.005859375,-0.01953125,0.0,-0.01953125,0.0,0.0,0.0
1722080486,1376470,0,1.00390625,-0.013671875,-0.001953125,-0.015625,0.0,0.0,0.0
1722081736,1376471,0,1.005859375,-0.009765625,0.009765625,0.0,0.0,0.0,0.0
1722082987,1376472,0,1.0,-0.01171875,0.0,-0.01171875,0.0,0.0,0.0
1722084238,1376473,0,1.009765625,-0.01171875,0.00390625,-0.0078125,0.0,0.0,0.0
1722085489,1376474,0,1.0078125,-0.0078125,0.0,-0.0078125,0.0,0.0,0.0
1722086739,1376475,0,1.0078125,-0.015625,-0.001953125,-0.017578125,0.0,0.0,0.0
1722087990,1376476,0,1.001953125,-0.0078125,0.001953125,-0.005859375,0.0,0.0,0.0
1722089241,1376477,0,1.001953125,-0.01171875,0.0,-0.01171875,0.0,0.0,0.0
1722090492,1376478,0,1.0,-0.001953125,0.0078125,0.005859375,0.0,0.0,0.0
1722091742,1376479,0,1.009765625,-0.01171875,0.0,-0.01171875,0.0,0.0,0.0
1722092993,1376480,0,1.00390625,-0.0078125,0.0078125,0.0,0.0,0.0,0.0
1722094244,1376481,0,1.001953125,-0.005859375,0.0078125,0.001953125,0.0,0.0,0.0
1722095494,1376482,0,1.001953125,-0.009765625,0.005859375,-0.00390625,0.0,0.0,0.0
1722096746,1376483,0,1.0,-0.0078125,0.005859375,-0.001953125,0.0,0.0,0.0
1722097997,1376484,0,1.00390625,-0.005859375,0.0,-0.005859375,0.0,0.0,0.0
1722099248,1376485,0,1.0,-0.005859375,-0.005859375,-0.01171875,0.0,0.0,0.0
1722100499,1376486,0,1.005859375,-0.001953125,0.0,-0.001953125,0.0,0.0,0.0
1722101750,1376487,0,1.005859375,-0.0078125,0.005859375,-0.001953125,0.0,0.0,0.0
1722103001,1376488,0,0.99609375,-0.005859375,0.0,-0.005859375,0.0,0.0,0.0
1722104252,1376489,0,1.005859375,-0.00390625,0.005859375,0.001953125,0.0,0.0,0.0
1722105502,1376490,0,1.001953125,-0.005859375,-0.001953125,-0.0078125,0.0,0.0,0.0
1722106753,1376491,0,1.00390625,-0.001953125,0.001953125,0.0,0.0,0.0,0.0
1722108004,1376492,0,1.001953125,-0.001953125,-0.005859375,-0.0078125,0.0,0.0,0.0
1722109255,1376493,0,0.998046875,0.0,-0.001953125,-0.001953125,0.0,0.0,0.0
1722110505,1376494,0,1.005859375,0.001953125,0.0,0.001953125,0.0,0.0,0.0
1722111756,1376495,0,1.0,0.0,-0.001953125,-0.001953125,0.0,0.0,0.0
1722113008,1376496,0,0.998046875,0.0,-0.00390625,-0.00390625,0.0,0.0,0.0
1722114258,1376497,0,1.0078125,0.00390625,-0.005859375,-0.001953125,0.0,0.0,0.0
1722115509,1376498,0,1.005859375,0.005859375,-0.01171875,-0.005859375,0.0,0.0,0.0
1722116759,1376499,0,0.998046875,0.001953125,-0.01171875,-0.009765625,0.0,0.0,0.0
1722118010,1376500,0,0.998046875,-0.001953125,-0.0078125,-0.009765625,0.0,0.0,0.0
1722119261,1376501,0,1.00390625,0.0,-0.00390625,-0.00390625,0.0,0.0,0.0
1722120513,1376502,0,1.005859375,-0.005859375,-0.01171875,-0.017578125,0.0,0.0,0.0
1722121764,1376503,0,1.00390625,-0.0078125,-0.009765625,-0.017578125,0.0,0.0,0.0
1722123015,1376504,0,1.0,-0.009765625,-0.00390625,-0.013671875,0.0,0.0,0.0
1722124270,1376505,0,1.00390625,-0.0078125,-0.001953125,-0.009765625,0.0,0.0,0.0
1722125521,1376506,0,1.009765625,-0.017578125,-0.001953125,-0.01953125,0.0,0.0,0.0
1722126772,1376507,0,1.00390625,-0.013671875,-0.0078125,-0.021484375,0.0,0.0,0.0
1722128024,1376508,0,1.0,-0.013671875,-0.009765625,-0.0234375,0.0,0.0,0.0
1722129275,1376509,0,1.015625,-0.021484375,0.001953125,-0.01953125,0.0,0.0,0.0
1722130527,1376510,0,1.009765625,-0.025390625,-0.00390625,-0.029296875,0.0,0.0,0.0
1722131778,1376511,0,1.00390625,-0.009765625,-0.001953125,-0.01171875,0.0,0.0,0.0
1722133028,1376512,0,1.001953125,-0.025390625,-0.0078125,-0.033203125,0.0,0.0,0.0
1722134279,1376513,0,1.001953125,-0.01953125,-0.001953125,-0.021484375,0.0,0.0,0.0
1722135530,1376514,0,1.0078125,-0.029296875,-0.005859375,-0.03515625,0.0,0.0,0.0
1722136782,1376515,0,1.001953125,-0.021484375,0.0,-0.021484375,0.0,0.0,0.0
1722138032,1376516,0,1.009765625,-0.015625,0.00390625,-0.01171875,0.0,0.0,0.0
1722139282,1376517,0,1.0078125,-0.017578125,0.001953125,-0.015625,0.0,0.0,0.0
1722140532,1376518,0,1.0078125,-0.017578125,0.005859375,-0.01171875,0.0,0.0,0.0
1722141783,1376519,0,1.001953125,-0.013671875,0.0,-0.013671875,0.0,0.0,0.0
1722143034,1376520,0,1.009765625,-0.009765625,-0.00390625,-0.013671875,0.0,0.0,0.0
1722144285,1376521,0,1.00390625,-0.017578125,-0.001953125,-0.01953125,0.0,0.0,0.0
1722145537,1376522,0,1.00390625,-0.0078125,0.001953125,-0.005859375,0.0,0.0,0.0
1722146789,1376523,0,1.005859375,-0.01171875,-0.00390625,-0.015625,0.0,0.0,0.0
1722148039,1376524,0,1.0078125,-0.00390625,0.0,-0.00390625,0.0,0.0,0.0
1722149290,1376525,0,1.005859375,-0.0078125,0.0,-0.0078125,0.0,0.0,0.0
1722150541,1376526,0,1.005859375,-0.005859375,0.001953125,-0.00390625,0.0,0.0,0.0
1722151792,1376527,0,1.009765625,-0.0078125,-0.001953125,-0.009765625,0.0,0.0,0.0
1722153042,1376528,0,1.001953125,-0.005859375,-0.001953125,-0.0078125,0.0,0.0,0.0
1722154294,1376529,0,1.005859375,-0.001953125,-0.00390625,-0.005859375,0.0,0.0,0.0
1722155545,1376530,0,1.015625,0.001953125,-0.0625,-0.060546875,0.0,0.0,0.0
1722156795,1376531,0,1.0078125,-0.001953125,-0.00390625,-0.005859375,0.0,0.0,0.0
1722158047,1376532,0,1.0,-0.005859375,0.001953125,-0.00390625,0.0,0.0,0.0
1722159298,1376533,0,1.00390625,-0.009765625,-0.01171875,-0.021484375,0.0,0.0,0.0
1722160549,1376534,0,1.0078125,-0.001953125,-0.00390625,-0.005859375,0.0,0.0,0.0
1722161800,1376535,0,1.001953125,-0.00390625,0.0,-0.00390625,0.0,0.0,0.0
1722163050,1376536,0,1.0078125,-0.001953125,-0.00390625,-0.005859375,0.0,0.0,0.0
1722164301,1376537,0,1.005859375,-0.0078125,0.0,-0.0078125,0.0,0.0,0.0
1722165552,1376538,0,1.001953125,-0.00390625,-0.009765625,-0.013671875,0.0,0.0,0.0
1722166803,1376539,0,1.0078125,-0.00390625,0.001953125,-0.001953125,0.0,0.0,0.0
1722168053,1376540,0,1.009765625,-0.0078125,0.005859375,-0.001953125,0.0,0.0,0.0
1722169305,1376541,0,1.0,-0.001953125,0.001953125,0.0,0.0,0.0,0.0
1722170557,1376542,0,1.0078125,-0.00390625,0.001953125,-0.001953125,0.0,0.0,0.0
1722171808,1376543,0,1.005859375,-0.00390625,-0.001953125,-0.005859375,0.0,0.0,0.0
1722173059,1376544,0,1.005859375,-0.00390625,-0.001953125,-0.005859375,0.0,0.0,0.0
1722174310,1376545,0,1.005859375,-0.00390625,-0.001953125,-0.005859375,0.0,0.0,0.0
1722175562,1376546,0,1.005859375,-0.001953125,0.0,-0.001953125,0.0,0.0,0.0
1722176812,1376547,0,1.00390625,-0.005859375,-0.00390625,-0.009765625,0.0,0.0,0.0
1722178064,1376548,0,1.001953125,-0.005859375,0.001953125,-0.00390625,0.0,0.0,0.0
1722179314,1376549,0,1.0,-0.005859375,-0.001953125,-0.0078125,0.0,0.0,0.0
1722180565,1376550,0,1.00390625,-0.00390625,-0.005859375,-0.009765625,0.0,0.0,0.0
1722181816,1376551,0,1.005859375,-0.00390625,-0.001953125,-0.005859375,0.0,0.0,0.0
1722183066,1376552,0,0.998046875,-0.0078125,0.0078125,0.0,0.0,0.0,0.0
1722184317,1376553,0,1.00390625,-0.009765625,-0.001953125,-0.01171875,0.0,0.0,0.0
1722185569,1376554,0,1.00390625,-0.005859375,-0.005859375,-0.01171875,0.0,0.0,0.0
1722186819,1376555,0,1.00390625,-0.0078125,-0.00390625,-0.01171875,0.0,0.0,0.0
1722188070,1376556,0,1.00390625,-0.01171875,-0.00390625,-0.015625,0.0,0.0,0.0
1722189321,1376557,0,0.99609375,-0.009765625,-0.017578125,-0.02734375,0.0,0.0,0.0
1722190571,1376558,0,1.00390625,-0.01171875,-0.00390625,-0.015625,0.0,0.0,0.0
1722191822,1376559,0,1.005859375,-0.0078125,-0.001953125,-0.009765625,0.0,0.0,0.0
1722193074,1376560,0,1.005859375,-0.0078125,-0.009765625,-0.017578125,0.0,0.0,0.0
1722194324,1376561,0,0.998046875,-0.009765625,-0.00390625,-0.013671875,0.0,0.0,0.0
1722195575,1376562,0,1.005859375,-0.013671875,-0.005859375,-0.01953125,0.0,0.0,0.0
1722196827,1376563,0,1.001953125,-0.01171875,-0.005859375,-0.017578125,0.0,0.0,0.0
1722198077,1376564,0,0.998046875,-0.013671875,-0.001953125,-0.015625,0.0,0.0,0.0
1722199328,1376565,0,1.00390625,-0.01171875,-0.001953125,-0.013671875,0.0,0.0,0.0
1722200580,1376566,0,1.005859375,-0.009765625,-0.005859375,-0.015625,0.0,0.0,0.0
1722201832,1376567,0,1.0078125,-0.0078125,-0.00390625,-0.01171875,0.0,0.0,0.0
1722203082,1376568,0,1.00390625,-0.01171875,-0.005859375,-0.017578125,0.0,0.0,0.0
1722204333,1376569,0,1.0,-0.009765625,-0.00390625,-0.013671875,0.0,0.0,0.0
1722205585,1376570,0,1.005859375,-0.005859375,-0.009765625,-0.015625,0.0,0.0,0.0
1722206835,1376571,0,1.00390625,-0.01171875,-0.00390625,-0.015625,0.0,0.0,0.0
1722208086,1376572,0,1.00390625,-0.005859375,-0.0078125,-0.013671875,0.0,0.0,0.0
1722209338,1376573,0,1.0078125,-0.0078125,-0.0078125,-0.015625,0.0,0.0,0.0
1722210589,1376574,0,0.99609375,-0.001953125,0.0,-0.001953125,0.0,0.0,0.0
1722211840,1376575,0,1.005859375,-0.009765625,-0.00390625,-0.013671875,0.0,0.0,0.0
1722213092,1376576,0,0.998046875,-0.009765625,-0.00390625,-0.013671875,0.0,0.0,0.0
1722214343,1376577,0,1.001953125,-0.005859375,-0.00390625,-0.009765625,0.0,0.0,0.0
1722215594,1376578,0,0.998046875,-0.009765625,-0.00390625,-0.013671875,0.0,0.0,0.0
1722216845,1376579,0,1.005859375,-0.0078125,-0.001953125,-0.009765625,0.0,0.0,0.0
1722218096,1376580,0,1.005859375,-0.0078125,-0.001953125,-0.009765625,0.0,0.0,0.0
1722219346,1376581,0,1.005859375,-0.0078125,0.0,-0.0078125,0.0,0.0,0.0
1722220598,1376582,0,1.005859375,-0.005859375,0.0,-0.005859375,0.0,0.0,0.0
1722221849,1376583,0,1.001953125,-0.005859375,-0.001953125,-0.0078125,0.0,0.0,0.0
1722223099,1376584,0,1.001953125,-0.0078125,0.0,-0.0078125,0.0,0.0,0.0
1722224350,1376585,0,1.0078125,-0.005859375,-0.001953125,-0.0078125,0.0,0.0,0.0
1722225601,1376586,0,0.998046875,-0.005859375,-0.00390625,-0.009765625,0.0,0.0,0.0
1722226852,1376587,0,1.00390625,-0.005859375,-0.001953125,-0.0078125,0.0,0.0,0.0
1722228103,1376588,0,1.00390625,-0.001953125,-0.001953125,-0.00390625,0.0,0.0,0.0
1722229354,1376589,0,1.00390625,-0.00390625,0.0,-0.00390625,0.0,0.0,0.0
1722230605,1376590,0,1.00390625,-0.0078125,-0.001953125,-0.009765625,0.0,0.0,0.0
1722231855,1376591,0,1.0078125,-0.00390625,0.001953125,-0.001953125,0.0,0.0,0.0
1722233107,1376592,0,0.998046875,0.0,0.001953125,0.001953125,0.0,0.0,0.0
1722234357,1376593,0,1.00390625,-0.00390625,0.005859375,0.001953125,0.0,0.0,0.0
1722235607,1376594,0,0.99609375,-0.005859375,0.009765625,0.00390625,0.0,0.0,0.0
1722236859,1376595,0,1.01171875,-0.005859375,-0.009765625,-0.015625,0.0,0.0,0.0
1722238109,1376596,0,0.998046875,-0.00390625,-0.001953125,-0.005859375,0.0,0.0,0.0
1722239361,1376597,0,1.01953125,-0.00390625,-0.001953125,-0.005859375,0.0,0.0,0.0
1722240611,1376598,0,1.00390625,-0.005859375,0.001953125,-0.00390625,0.0,0.0,0.0
1722241861,1376599,0,1.001953125,-0.0078125,-0.001953125,-0.009765625,0.0,0.0,0.0
1722243113,1376600,0,1.013671875,-0.005859375,-0.005859375,-0.01171875,0.0,0.0,0.0
1722244364,1376601,0,1.009765625,-0.0078125,-0.001953125,-0.009765625,0.0,0.0,0.0
1722245616,1376602,0,1.00390625,-0.005859375,-0.001953125,-0.0078125,0.0,0.0,0.0
1722246866,1376603,0,1.00390625,-0.01171875,-0.00390625,-0.015625,0.0,0.0,0.0
1722248118,1376604,0,1.0078125,-0.009765625,0.001953125,-0.0078125,0.0,0.0,0.0
1722249368,1376605,0,1.005859375,-0.01171875,0.001953125,-0.009765625,0.0,0.0,0.0
1722250619,1376606,0,1.005859375,-0.005859375,-0.00390625,-0.009765625,0.0,0.0,0.0
1722251869,1376607,0,1.0,-0.0078125,-0.00390625,-0.01171875,0.0,0.0,0.0
1722253119,1376608,0,1.0078125,-0.01171875,-0.001953125,-0.013671875,0.0,0.0,0.0
1722254371,1376609,0,1.001953125,-0.0078125,0.0,-0.0078125,0.0,0.0,0.0
1722255622,1376610,0,1.001953125,-0.009765625,-0.005859375,-0.015625,0.0,0.0,0.0
