t_us,frame_id,sensor_id,accX,accY,accZ,acc_sum_YZ,magX,magY,magZ
1724412209,1378334,0,0.998046875,-0.00390625,0.0078125,0.00390625,0.0,0.0,0.0
1724413460,1378335,0,1.00390625,0.00390625,0.00390625,0.0078125,0.0,0.0,0.0
1724414711,1378336,0,1.0078125,-0.0078125,0.001953125,-0.005859375,0.0,0.0,0.0
1724415961,1378337,0,1.01171875,-0.00390625,-0.009765625,-0.013671875,0.0,0.0,0.0
1724417211,1378338,0,1.00390625,-0.001953125,0.0,-0.001953125,0.0,0.0,0.0
1724418461,1378339,0,1.001953125,0.0,0.001953125,0.001953125,0.0,0.0,0.0
1724419712,1378340,0,1.0078125,0.001953125,0.001953125,0.00390625,0.0,0.0,0.0
1724420962,1378341,0,1.009765625,0.0,0.005859375,0.005859375,0.0,0.0,0.0
1724422212,1378342,0,1.005859375,-0.001953125,0.005859375,0.00390625,0.0,0.0,0.0
1724423463,1378343,0,1.00390625,-0.001953125,0.00390625,0.001953125,0.0,0.0,0.0
1724424713,1378344,0,0.998046875,0.0,0.0,0.0,0.0,0.0,0.0
1724425965,1378345,0,1.00390625,-0.00390625,0.001953125,-0.001953125,0.0,0.0,0.0
1724427216,1378346,0,1.0078125,-0.001953125,0.00390625,0.001953125,0.0,0.0,0.0
1724428468,1378347,0,1.005859375,-0.001953125,0.001953125,0.0,0.0,0.0,0.0
1724429718,1378348,0,1.00390625,0.001953125,-0.00390625,-0.001953125,0.0,0.0,0.0
1724430970,1378349,0,1.0078125,-0.001953125,0.001953125,0.0,0.0,0.0,0.0
1724432221,1378350,0,1.00390625,-0.00390625,-0.001953125,-0.005859375,0.0,0.0,0.0
1724433471,1378351,0,1.009765625,-0.00390625,0.001953125,-0.001953125,0.0,0.0,0.0
1724434722,1378352,0,1.001953125,-0.00390625,0.0,-0.00390625,0.0,0.0,0.0
1724435973,1378353,0,1.00390625,-0.005859375,0.0078125,0.001953125,0.0,0.0,0.0
1724437225,1378354,0,1.015625,0.001953125,-0.001953125,0.0,0.0,0.0,0.0
1724438477,1378355,0,1.001953125,-0.0078125,0.01171875,0.00390625,0.0,0.0,0.0
1724439728,1378356,0,1.0078125,0.0078125,0.0,0.0078125,0.0,0.0,0.0
1724440978,1378357,0,1.001953125,0.001953125,0.0,0.001953125,0.0,0.0,0.0
1724442229,1378358,0,0.998046875,0.001953125,-0.001953125,0.0,0.0,0.0,0.0
1724443481,1378359,0,1.001953125,-0.00390625,0.005859375,0.001953125,0.0,0.0,0.0
1724444731,1378360,0,0.998046875,-0.001953125,0.0078125,0.005859375,0.0,0.0,0.0
1724445982,1378361,0,1.0078125,-0.001953125,0.00390625,0.001953125,0.0,0.0,0.0
1724447233,1378362,0,1.005859375,-0.001953125,0.001953125,0.0,0.0,0.0,0.0
1724448483,1378363,0,1.005859375,0.0,0.0,0.0,0.0,0.0,0.0
1724449734,1378364,0,1.001953125,-0.00390625,0.001953125,-0.001953125,0.0,0.0,0.0
1724450984,1378365,0,1.001953125,-0.001953125,0.001953125,0.0,0.0,0.0,0.0
1724452235,1378366,0,1.0078125,-0.001953125,0.0,-0.001953125,0.0,0.0,0.0
1724453486,1378367,0,1.00390625,-0.005859375,0.0,-0.005859375,0.0,0.0,0.0
1724454736,1378368,0,1.0078125,-0.00390625,0.0078125,0.00390625,0.0,0.0,0.0
1724455987,1378369,0,1.0,-0.001953125,0.00390625,0.001953125,0.0,0.0,0.0
1724457238,1378370,0,1.001953125,0.0,0.005859375,0.005859375,0.0,0.0,0.0
1724458489,1378371,0,1.009765625,0.0,0.0,0.0,0.0,0.0,0.0
1724459739,1378372,0,1.009765625,-0.001953125,0.00390625,0.001953125,0.0,0.0,0.0
1724460990,1378373,0,1.00390625,0.0,0.005859375,0.005859375,0.0,0.0,0.0
1724462241,1378374,0,0.99609375,0.001953125,0.0,0.001953125,0.0,0.0,0.0
1724463492,1378375,0,0.99609375,-0.005859375,0.00390625,-0.001953125,0.0,0.0,0.0
1724464742,1378376,0,1.0,0.0,0.005859375,0.005859375,0.0,0.0,0.0
1724465993,1378377,0,1.0,-0.001953125,0.0078125,0.005859375,0.0,0.0,0.0
1724467244,1378378,0,1.0078125,0.001953125,0.009765625,0.01171875,0.0,0.0,0.0
1724468494,1378379,0,1.0078125,-0.001953125,0.0078125,0.005859375,0.0,0.0,0.0
1724469746,1378380,0,1.001953125,0.0,0.001953125,0.001953125,0.0,0.0,0.0
1724470997,1378381,0,1.0,-0.001953125,0.0,-0.001953125,0.0,0.0,0.0
1724472248,1378382,0,1.0078125,0.00390625,0.00390625,0.0078125,0.0,0.0,0.0
1724473499,1378383,0,1.0,-0.00390625,0.0,-0.00390625,0.0,0.0,0.0
1724474750,1378384,0,1.005859375,-0.005859375,0.0,-0.005859375,0.0,0.0,0.0
1724476001,1378385,0,1.00390625,-0.001953125,0.005859375,0.00390625,0.0,0.0,0.0
1724477252,1378386,0,1.00390625,-0.005859375,0.0078125,0.001953125,0.0,0.0,0.0
1724478502,1378387,0,1.009765625,-0.001953125,0.00390625,0.001953125,0.0,0.0,0.0
1724479753,1378388,0,1.005859375,-0.00390625,0.001953125,-0.001953125,0.0,0.0,0.0
1724481004,1378389,0,1.005859375,-0.005859375,0.00390625,-0.001953125,0.0,0.0,0.0
1724482255,1378390,0,0.998046875,-0.005859375,0.00390625,-0.001953125,0.0,0.0,0.0
1724483505,1378391,0,1.001953125,-0.00390625,0.00390625,0.0,0.0,0.0,0.0
1724484756,1378392,0,1.00390625,-0.001953125,0.001953125,0.0,0.0,0.0,0.0
1724486008,1378393,0,1.00390625,-0.00390625,0.001953125,-0.001953125,0.0,0.0,0.0
1724487258,1378394,0,1.009765625,-0.00390625,0.005859375,0.001953125,0.0,0.0,0.0
1724488509,1378395,0,1.0078125,-0.001953125,-0.001953125,-0.00390625,0.0,0.0,0.0
1724489759,1378396,0,1.00390625,-0.005859375,0.005859375,0.0,0.0,0.0,0.0
1724491010,1378397,0,1.00390625,0.0,0.001953125,0.001953125,0.0,0.0,0.0
1724492261,1378398,0,1.005859375,0.001953125,-0.005859375,-0.00390625,0.0,0.0,0.0
1724493513,1378399,0,1.009765625,-0.001953125,0.009765625,0.0078125,0.0,0.0,0.0
1724494764,1378400,0,1.005859375,-0.005859375,-0.001953125,-0.0078125,0.0,0.0,0.0
1724496015,1378401,0,0.998046875,0.0,0.005859375,0.005859375,0.0,0.0,0.0
1724497270,1378402,0,1.001953125,0.0,0.001953125,0.001953125,0.0,0.0,0.0
1724498521,1378403,0,1.0078125,0.0,0.001953125,0.001953125,0.0,0.0,0.0
1724499772,1378404,0,1.00390625,-0.00390625,-0.00390625,-0.0078125,0.0,0.0,0.0
1724501024,1378405,0,1.005859375,-0.00390625,0.0,-0.00390625,0.0,0.0,0.0
1724502275,1378406,0,1.005859375,0.0,0.001953125,0.001953125,0.0,0.0,0.0
1724503527,1378407,0,1.001953125,-0.00390625,-0.001953125,-0.005859375,0.0,0.0,0.0
1724504778,1378408,0,1.00390625,-0.001953125,0.009765625,0.0078125,0.0,0.0,0.0
1724506028,1378409,0,1.001953125,0.0,0.0078125,0.0078125,0.0,0.0,0.0
1724507279,1378410,0,1.005859375,-0.001953125,0.001953125,0.0,0.0,0.0,0.0
1724508530,1378411,0,1.005859375,0.0,0.00390625,0.00390625,0.0,0.0,0.0
1724509782,1378412,0,1.005859375,0.0,0.001953125,0.001953125,0.0,0.0,0.0
1724511032,1378413,0,1.009765625,-0.001953125,0.00390625,0.001953125,0.0,0.0,0.0
1724512282,1378414,0,1.009765625,-0.001953125,0.001953125,0.0,0.0,0.0,0.0
1724513532,1378415,0,1.00390625,-0.001953125,0.0078125,0.005859375,0.0,0.0,0.0
1724514783,1378416,0,1.001953125,0.001953125,0.009765625,0.01171875,0.0,0.0,0.0
1724516034,1378417,0,0.99609375,0.0,-0.001953125,-0.001953125,0.0,0.0,0.0
1724517285,1378418,0,1.0078125,0.001953125,0.0,0.001953125,0.0,0.0,0.0
1724518537,1378419,0,1.00390625,-0.001953125,-0.001953125,-0.00390625,0.0,0.0,0.0
1724519789,1378420,0,1.005859375,-0.001953125,0.00390625,0.001953125,0.0,0.0,0.0
1724521039,1378421,0,0.99609375,-0.001953125,0.00390625,0.001953125,0.0,0.0,0.0
1724522290,1378422,0,1.0,-0.005859375,0.013671875,0.0078125,0.0,0.0,0.0
1724523541,1378423,0,1.005859375,-0.00390625,-0.00390625,-0.0078125,0.0,0.0,0.0
1724524792,1378424,0,0.99609375,-0.001953125,0.001953125,0.0,0.0,0.0,0.0
1724526042,1378425,0,0.998046875,-0.00390625,0.005859375,0.001953125,0.0,0.0,0.0
1724527294,1378426,0,1.00390625,-0.00390625,0.009765625,0.005859375,0.0,0.0,0.0
1724528545,1378427,0,1.00390625,-0.001953125,0.0,-0.001953125,0.0,0.0,0.0
1724529795,1378428,0,1.0078125,-0.001953125,0.00390625,0.001953125,0.0,0.0,0.0
1724531047,1378429,0,1.005859375,-0.00390625,0.001953125,-0.001953125,0.0,0.0,0.0
1724532298,1378430,0,1.0,-0.00390625,0.001953125,-0.001953125,0.0,0.0,0.0
1724533549,1378431,0,1.00390625,0.0,-0.001953125,-0.001953125,0.0,0.0,0.0
1724534800,1378432,0,1.005859375,-0.00390625,0.001953125,-0.001953125,0.0,0.0,0.0
1724536050,1378433,0,1.00390625,-0.001953125,-0.001953125,-0.00390625,0.0,0.0,0.0
1724537301,1378434,0,1.00390625,-0.00390625,0.005859375,0.001953125,0.0,0.0,0.0
1724538552,1378435,0,1.009765625,-0.001953125,0.0078125,0.005859375,0.0,0.0,0.0
1724539803,1378436,0,1.001953125,0.00390625,0.001953125,0.005859375,0.0,0.0,0.0
1724541053,1378437,0,1.009765625,0.0,0.0,0.0,0.0,0.0,0.0
1724542305,1378438,0,1.009765625,-0.00390625,-0.001953125,-0.005859375,0.0,0.0,0.0
1724543557,1378439,0,1.00390625,0.0,-0.001953125,-0.001953125,0.0,0.0,0.0
1724544808,1378440,0,0.998046875,0.0,0.001953125,0.001953125,0.0,0.0,0.0
1724546059,1378441,0,1.0,0.005859375,0.001953125,0.0078125,0.0,0.0,0.0
1724547310,1378442,0,1.005859375,-0.00390625,0.0078125,0.00390625,0.0,0.0,0.0
1724548562,1378443,0,1.0,0.0,0.005859375,0.005859375,0.0,0.0,0.0
1724549812,1378444,0,1.00390625,0.0,0.0,0.0,0.0,0.0,0.0
1724551064,1378445,0,1.0078125,0.0,0.001953125,0.001953125,0.0,0.0,0.0
1724552314,1378446,0,1.001953125,-0.001953125,0.0,-0.001953125,0.0,0.0,0.0
1724553565,1378447,0,0.998046875,-0.001953125,0.0,-0.001953125,0.0,0.0,0.0
1724554816,1378448,0,1.005859375,-0.001953125,0.001953125,0.0,0.0,0.0,0.0
1724556066,1378449,0,1.00390625,0.005859375,0.005859375,0.01171875,0.0,0.0,0.0
1724557317,1378450,0,1.001953125,-0.00390625,0.00390625,0.0,0.0,0.0,0.0
1724558569,1378451,0,0.998046875,0.00390625,0.001953125,0.005859375,0.0,0.0,0.0
1724559819,1378452,0,1.001953125,0.0,0.00390625,0.00390625,0.0,0.0,0.0
1724561070,1378453,0,1.00390625,-0.00390625,0.00390625,0.0,0.0,0.0,0.0
1724562321,1378454,0,0.998046875,-0.001953125,0.00390625,0.001953125,0.0,0.0,0.0
1724563571,1378455,0,1.001953125,-0.001953125,0.00390625,0.001953125,0.0,0.0,0.0
1724564822,1378456,0,1.0,-0.001953125,0.001953125,0.0,0.0,0.0,0.0
1724566074,1378457,0,1.0078125,0.0,0.001953125,0.001953125,0.0,0.0,0.0
1724567324,1378458,0,1.0078125,0.0,-0.005859375,-0.005859375,0.0,0.0,0.0
1724568575,1378459,0,1.0078125,0.0,0.00390625,0.00390625,0.0,0.0,0.0
1724569827,1378460,0,1.009765625,-0.005859375,0.0,-0.005859375,0.0,0.0,0.0
1724571077,1378461,0,1.0078125,-0.0078125,-0.00390625,-0.01171875,0.0,0.0,0.0
1724572328,1378462,0,1.00390625,-0.001953125,0.0,-0.001953125,0.0,0.0,0.0
1724573580,1378463,0,1.005859375,-0.001953125,0.0,-0.001953125,0.0,0.0,0.0
1724574832,1378464,0,1.005859375,0.00390625,-0.005859375,-0.001953125,0.0,0.0,0.0
1724576082,1378465,0,1.015625,-0.00390625,0.0,-0.00390625,0.0,0.0,0.0
1724577333,1378466,0,1.009765625,-0.00390625,0.001953125,-0.001953125,0.0,0.0,0.0
1724578585,1378467,0,1.001953125,-0.001953125,0.00390625,0.001953125,0.0,0.0,0.0
1724579835,1378468,0,1.0078125,-0.005859375,0.005859375,0.0,0.0,0.0,0.0
1724581086,1378469,0,1.005859375,0.0,0.001953125,0.001953125,0.0,0.0,0.0
1724582338,1378470,0,1.001953125,-0.001953125,0.00390625,0.001953125,0.0,0.0,0.0
1724583589,1378471,0,1.00390625,-0.001953125,0.00390625,0.001953125,0.0,0.0,0.0
1724584840,1378472,0,1.0,-0.001953125,0.0,-0.001953125,0.0,0.0,0.0
1724586092,1378473,0,1.00390625,-0.001953125,0.005859375,0.00390625,0.0,0.0,0.0
1724587343,1378474,0,1.00390625,0.0,0.001953125,0.001953125,0.0,0.0,0.0
1724588594,1378475,0,1.001953125,-0.001953125,-0.001953125,-0.00390625,0.0,0.0,0.0
1724589845,1378476,0,1.00390625,-0.001953125,0.00390625,0.001953125,0.0,0.0,0.0
1724591096,1378477,0,1.0,-0.001953125,0.005859375,0.00390625,0.0,0.0,0.0
1724592346,1378478,0,1.009765625,0.001953125,0.0078125,0.009765625,0.0,0.0,0.0
1724593598,1378479,0,1.005859375,-0.001953125,0.001953125,0.0,0.0,0.0,0.0
1724594849,1378480,0,1.005859375,-0.009765625,0.0,-0.009765625,0.0,0.0,0.0
1724596099,1378481,0,1.015625,-0.00390625,0.009765625,0.005859375,0.0,0.0,0.0
1724597350,1378482,0,1.001953125,-0.00390625,0.0078125,0.00390625,0.0,0.0,0.0
1724598601,1378483,0,1.0078125,-0.00390625,0.005859375,0.001953125,0.0,0.0,0.0
1724599852,1378484,0,1.005859375,0.0,0.0078125,0.0078125,0.0,0.0,0.0
1724601103,1378485,0,1.00390625,0.00390625,0.001953125,0.005859375,0.0,0.0,0.0
1724602354,1378486,0,1.00390625,-0.001953125,0.001953125,0.0,0.0,0.0,0.0
1724603605,1378487,0,0.998046875,-0.00390625,0.001953125,-0.001953125,0.0,0.0,0.0
1724604855,1378488,0,1.0,-0.001953125,0.001953125,0.0,0.0,0.0,0.0
1724606107,1378489,0,1.0,-0.001953125,-0.00390625,-0.005859375,0.0,0.0,0.0
1724607357,1378490,0,1.0,0.001953125,-0.001953125,0.0,0.0,0.0,0.0
1724608607,1378491,0,1.001953125,-0.00390625,0.005859375,0.001953125,0.0,0.0,0.0
1724609859,1378492,0,0.998046875,-0.001953125,-0.005859375,-0.0078125,0.0,0.0,0.0
1724611109,1378493,0,1.00390625,0.001953125,0.001953125,0.00390625,0.0,0.0,0.0
1724612361,1378494,0,1.00390625,0.0,0.001953125,0.001953125,0.0,0.0,0.0
1724613611,1378495,0,1.0,-0.00390625,0.001953125,-0.001953125,0.0,0.0,0.0
1724614861,1378496,0,1.001953125,-0.001953125,0.0,-0.001953125,0.0,0.0,0.0
1724616113,1378497,0,1.0,0.0,0.005859375,0.005859375,0.0,0.0,0.0
1724617364,1378498,0,1.005859375,-0.00390625,-0.001953125,-0.005859375,0.0,0.0,0.0
1724618616,1378499,0,0.998046875,0.001953125,0.00390625,0.005859375,0.0,0.0,0.0
1724619866,1378500,0,1.005859375,-0.001953125,-0.001953125,-0.00390625,0.0,0.0,0.0
1724621118,1378501,0,1.0,0.001953125,0.0,0.001953125,0.0,0.0,0.0
1724622368,1378502,0,1.00390625,-0.0078125,0.0,-0.0078125,0.0,0.0,0.0
1724623619,1378503,0,1.0078125,-0.001953125,-0.001953125,-0.00390625,0.0,0.0,0.0
1724624869,1378504,0,1.001953125,-0.001953125,-0.001953125,-0.00390625,0.0,0.0,0.0
1724626119,1378505,0,0.998046875,0.0,0.0,0.0,0.0,0.0,0.0
1724627371,1378506,0,1.0,0.005859375,-0.001953125,0.00390625,0.0,0.0,0.0
1724628622,1378507,0,0.998046875,0.0,0.00390625,0.00390625,0.0,0.0,0.0
1724629874,1378508,0,1.00390625,-0.001953125,0.00390625,0.001953125,0.0,0.0,0.0
1724631124,1378509,0,1.005859375,-0.001953125,0.00390625,0.001953125,0.0,0.0,0.0
1724632375,1378510,0,1.00390625,-0.001953125,0.00390625,0.001953125,0.0,0.0,0.0
1724633625,1378511,0,1.00390625,-0.00390625,0.0,-0.00390625,0.0,0.0,0.0
1724634877,1378512,0,1.00390625,-0.001953125,-0.001953125,-0.00390625,0.0,0.0,0.0
1724636127,1378513,0,1.005859375,0.0,0.00390625,0.00390625,0.0,0.0,0.0
1724637377,1378514,0,1.0,-0.005859375,0.0,-0.005859375,0.0,0.0,0.0
1724638629,1378515,0,1.005859375,-0.00390625,0.001953125,-0.001953125,0.0,0.0,0.0
1724639879,1378516,0,1.005859375,-0.00390625,0.00390625,0.0,0.0,0.0,0.0
1724641130,1378517,0,1.0078125,-0.001953125,-0.001953125,-0.00390625,0.0,0.0,0.0
1724642381,1378518,0,0.998046875,-0.001953125,-0.001953125,-0.00390625,0.0,0.0,0.0
1724643631,1378519,0,1.00390625,-0.00390625,0.00390625,0.0,0.0,0.0,0.0
1724644882,1378520,0,1.01171875,-0.00390625,0.0,-0.00390625,0.0,0.0,0.0
1724646133,1378521,0,1.0078125,0.0,0.00390625,0.00390625,0.0,0.0,0.0
1724647384,1378522,0,1.00390625,-0.001953125,0.001953125,0.0,0.0,0.0,0.0
1724648635,1378523,0,1.001953125,0.0,0.00390625,0.00390625,0.0,0.0,0.0
1724649885,1378524,0,1.00390625,-0.001953125,-0.001953125,-0.00390625,0.0,0.0,0.0
1724651136,1378525,0,1.013671875,0.001953125,0.0,0.001953125,0.0,0.0,0.0
1724652387,1378526,0,1.013671875,0.0,0.00390625,0.00390625,0.0,0.0,0.0
1724653638,1378527,0,0.998046875,-0.00390625,-0.005859375,-0.009765625,0.0,0.0,0.0
1724654889,1378528,0,1.0078125,0.0,0.0,0.0,0.0,0.0,0.0
1724656140,1378529,0,1.0078125,0.0,0.001953125,0.001953125,0.0,0.0,0.0
1724657392,1378530,0,1.00390625,-0.005859375,0.005859375,0.0,0.0,0.0,0.0
1724658642,1378531,0,1.00390625,0.0,0.0,0.0,0.0,0.0,0.0
1724659894,1378532,0,1.001953125,0.0,0.001953125,0.001953125,0.0,0.0,0.0
1724661145,1378533,0,1.00390625,-0.001953125,0.005859375,0.00390625,0.0,0.0,0.0
1724662395,1378534,0,1.001953125,0.001953125,0.001953125,0.00390625,0.0,0.0,0.0
1724663646,1378535,0,1.0,-0.001953125,0.005859375,0.00390625,0.0,0.0,0.0
1724664898,1378536,0,1.00390625,0.0,-0.00390625,-0.00390625,0.0,0.0,0.0
1724666149,1378537,0,1.00390625,-0.00390625,0.001953125,-0.001953125,0.0,0.0,0.0
1724667400,1378538,0,1.001953125,-0.001953125,0.005859375,0.00390625,0.0,0.0,0.0
1724668651,1378539,0,1.001953125,0.005859375,0.00390625,0.009765625,0.0,0.0,0.0
1724669902,1378540,0,1.001953125,-0.00390625,0.00390625,0.0,0.0,0.0,0.0
1724671154,1378541,0,0.998046875,-0.00390625,-0.001953125,-0.005859375,0.0,0.0,0.0
1724672405,1378542,0,0.99609375,-0.001953125,0.00390625,0.001953125,0.0,0.0,0.0
1724673657,1378543,0,1.005859375,-0.005859375,0.01171875,0.005859375,0.0,0.0,0.0
1724674907,1378544,0,1.013671875,0.001953125,0.0,0.001953125,0.0,0.0,0.0
1724676158,1378545,0,1.015625,0.001953125,-0.001953125,0.0,0.0,0.0,0.0
1724677409,1378546,0,1.009765625,0.0,0.00390625,0.00390625,0.0,0.0,0.0
1724678660,1378547,0,0.998046875,-0.001953125,0.001953125,0.0,0.0,0.0,0.0
1724679911,1378548,0,0.998046875,-0.00390625,-0.00390625,-0.0078125,0.0,0.0,0.0
1724681161,1378549,0,1.017578125,-0.00390625,-0.001953125,-0.005859375,0.0,0.0,0.0
1724682412,1378550,0,1.0,-0.00390625,0.00390625,0.0,0.0,0.0,0.0
1724683664,1378551,0,1.00390625,0.0,0.0,0.0,0.0,0.0,0.0
1724684915,1378552,0,1.001953125,-0.001953125,0.0,-0.001953125,0.0,0.0,0.0
1724686166,1378553,0,0.998046875,-0.001953125,0.00390625,0.001953125,0.0,0.0,0.0
1724687417,1378554,0,1.001953125,-0.001953125,0.0,-0.001953125,0.0,0.0,0.0
1724688668,1378555,0,1.001953125,-0.001953125,0.005859375,0.00390625,0.0,0.0,0.0
1724689920,1378556,0,1.0,-0.00390625,0.0,-0.00390625,0.0,0.0,0.0
1724691172,1378557,0,1.00390625,-0.001953125,0.001953125,0.0,0.0,0.0,0.0
1724692422,1378558,0,1.00390625,-0.001953125,0.00390625,0.001953125,0.0,0.0,0.0
1724693673,1378559,0,1.005859375,0.001953125,0.0,0.001953125,0.0,0.0,0.0
1724694924,1378560,0,1.009765625,-0.001953125,0.001953125,0.0,0.0,0.0,0.0
1724696174,1378561,0,1.0078125,0.001953125,0.005859375,0.0078125,0.0,0.0,0.0
1724697425,1378562,0,1.0078125,-0.001953125,0.0,-0.001953125,0.0,0.0,0.0
1724698676,1378563,0,1.005859375,-0.00390625,0.0,-0.00390625,0.0,0.0,0.0
1724699927,1378564,0,1.001953125,-0.00390625,-0.001953125,-0.005859375,0.0,0.0,0.0
1724701177,1378565,0,1.005859375,-0.00390625,0.0,-0.00390625,0.0,0.0,0.0
1724702427,1378566,0,1.009765625,-0.001953125,-0.001953125,-0.00390625,0.0,0.0,0.0
1724703679,1378567,0,1.005859375,-0.00390625,0.009765625,0.005859375,0.0,0.0,0.0
1724704929,1378568,0,1.0078125,-0.001953125,0.005859375,0.00390625,0.0,0.0,0.0
1724706179,1378569,0,0.998046875,-0.005859375,-0.001953125,-0.0078125,0.0,0.0,0.0
1724707431,1378570,0,1.005859375,0.001953125,0.0,0.001953125,0.0,0.0,0.0
1724708681,1378571,0,1.0,0.001953125,-0.001953125,0.0,0.0,0.0,0.0
1724709932,1378572,0,1.00390625,0.0,0.001953125,0.001953125,0.0,0.0,0.0
1724711182,1378573,0,1.001953125,-0.001953125,0.0,-0.001953125,0.0,0.0,0.0
1724712432,1378574,0,1.009765625,-0.001953125,0.00390625,0.001953125,0.0,0.0,0.0
1724713684,1378575,0,1.0078125,0.00390625,0.00390625,0.0078125,0.0,0.0,0.0
1724714934,1378576,0,1.005859375,0.0,0.0,0.0,0.0,0.0,0.0
1724716184,1378577,0,0.998046875,-0.001953125,0.005859375,0.00390625,0.0,0.0,0.0
1724717436,1378578,0,0.998046875,-0.005859375,-0.005859375,-0.01171875,0.0,0.0,0.0
1724718686,1378579,0,1.0,0.0,0.0,0.0,0.0,0.0,0.0
1724719937,1378580,0,1.001953125,0.0,0.001953125,0.001953125,0.0,0.0,0.0
1724721188,1378581,0,1.001953125,0.0,0.00390625,0.00390625,0.0,0.0,0.0
1724722439,1378582,0,1.00390625,-0.001953125,0.001953125,0.0,0.0,0.0,0.0
1724723691,1378583,0,1.0078125,0.0,0.001953125,0.001953125,0.0,0.0,0.0
1724724942,1378584,0,1.00390625,-0.005859375,0.00390625,-0.001953125,0.0,0.0,0.0
1724726192,1378585,0,1.0078125,-0.005859375,0.001953125,-0.00390625,0.0,0.0,0.0
1724727443,1378586,0,1.0,-0.0078125,0.005859375,-0.001953125,0.0,0.0,0.0
1724728695,1378587,0,1.001953125,-0.00390625,0.00390625,0.0,0.0,0.0,0.0
1724729945,1378588,0,0.99609375,-0.00390625,-0.001953125,-0.005859375,0.0,0.0,0.0
1724731197,1378589,0,1.01171875,-0.001953125,-0.001953125,-0.00390625,0.0,0.0,0.0
1724732448,1378590,0,0.998046875,-0.001953125,0.001953125,0.0,0.0,0.0,0.0
1724733698,1378591,0,1.00390625,-0.001953125,0.0078125,0.005859375,0.0,0.0,0.0
1724734949,1378592,0,1.005859375,-0.00390625,0.00390625,0.0,0.0,0.0,0.0
1724736199,1378593,0,1.005859375,-0.001953125,0.005859375,0.00390625,0.0,0.0,0.0
1724737449,1378594,0,1.0,-0.001953125,0.005859375,0.00390625,0.0,0.0,0.0
1724738701,1378595,0,1.005859375,0.001953125,0.001953125,0.00390625,0.0,0.0,0.0
1724739951,1378596,0,1.00390625,-0.001953125,0.0078125,0.005859375,0.0,0.0,0.0
1724741202,1378597,0,1.009765625,0.005859375,0.00390625,0.009765625,0.0,0.0,0.0
1724742453,1378598,0,1.00390625,0.0,0.001953125,0.001953125,0.0,0.0,0.0
1724743704,1378599,0,0.998046875,0.0,0.00390625,0.00390625,0.0,0.0,0.0
1724744954,1378600,0,1.0,-0.00390625,0.00390625,0.0,0.0,0.0,0.0
1724746205,1378601,0,1.0078125,-0.00390625,0.0,-0.00390625,0.0,0.0,0.0
1724747457,1378602,0,1.0,-0.005859375,-0.00390625,-0.009765625,0.0,0.0,0.0
1724748707,1378603,0,1.001953125,-0.001953125,-0.00390625,-0.005859375,0.0,0.0,0.0
1724749959,1378604,0,1.0,0.0,0.005859375,0.005859375,0.0,0.0,0.0
1724751209,1378605,0,1.0078125,-0.00390625,0.005859375,0.001953125,0.0,0.0,0.0
1724752460,1378606,0,1.001953125,-0.009765625,-0.001953125,-0.01171875,0.0,0.0,0.0
1724753711,1378607,0,1.0078125,0.005859375,0.001953125,0.0078125,0.0,0.0,0.0
1724754961,1378608,0,1.021484375,0.00390625,0.0,0.00390625,0.0,0.0,0.0
1724756211,1378609,0,1.01171875,-0.005859375,0.0078125,0.001953125,0.0,0.0,0.0
1724757461,1378610,0,1.0,0.0,0.00390625,0.00390625,0.0,0.0,0.0
1724758712,1378611,0,0.99609375,0.0,-0.001953125,-0.001953125,0.0,0.0,0.0
1724759962,1378612,0,1.00390625,-0.005859375,0.005859375,0.0,0.0,0.0,0.0
1724761212,1378613,0,1.001953125,-0.001953125,0.00390625,0.001953125,0.0,0.0,0.0
1724762463,1378614,0,1.0,0.001953125,0.0,0.001953125,0.0,0.0,0.0
1724763713,1378615,0,0.998046875,0.0,0.0,0.0,0.0,0.0,0.0
1724764965,1378616,0,1.005859375,-0.00390625,-0.001953125,-0.005859375,0.0,0.0,0.0
1724766216,1378617,0,1.005859375,0.0,-0.00390625,-0.00390625,0.0,0.0,0.0
1724767468,1378618,0,1.005859375,-0.001953125,0.001953125,0.0,0.0,0.0,0.0
1724768718,1378619,0,1.0078125,0.0,0.00390625,0.00390625,0.0,0.0,0.0
1724769970,1378620,0,1.00390625,0.0,0.001953125,0.001953125,0.0,0.0,0.0
1724771221,1378621,0,1.005859375,-0.00390625,0.00390625,0.0,0.0,0.0,0.0
1724772471,1378622,0,1.001953125,-0.001953125,0.0,-0.001953125,0.0,0.0,0.0
1724773722,1378623,0,1.001953125,-0.00390625,0.005859375,0.001953125,0.0,0.0,0.0
1724774973,1378624,0,1.001953125,0.0,0.0078125,0.0078125,0.0,0.0,0.0
1724776225,1378625,0,1.001953125,-0.00390625,0.0,-0.00390625,0.0,0.0,0.0
1724777477,1378626,0,1.00390625,-0.001953125,0.001953125,0.0,0.0,0.0,0.0
1724778728,1378627,0,1.001953125,0.0,0.0,0.0,0.0,0.0,0.0
1724779978,1378628,0,1.0078125,0.0,0.005859375,0.005859375,0.0,0.0,0.0
1724781229,1378629,0,1.009765625,0.0,0.00390625,0.00390625,0.0,0.0,0.0
1724782481,1378630,0,0.998046875,0.001953125,0.013671875,0.015625,0.0,0.0,0.0
1724783731,1378631,0,1.00390625,-0.005859375,0.01171875,0.005859375,0.0,0.0,0.0
1724784982,1378632,0,1.0078125,-0.0078125,0.0,-0.0078125,0.0,0.0,0.0
1724786233,1378633,0,1.0,-0.00390625,0.0,-0.00390625,0.0,0.0,0.0
1724787483,1378634,0,1.001953125,-0.005859375,-0.013671875,-0.01953125,0.0,0.0,0.0
1724788734,1378635,0,1.001953125,-0.00390625,-0.005859375,-0.009765625,0.0,0.0,0.0
1724789984,1378636,0,1.01171875,0.0,-0.00390625,-0.00390625,0.0,0.0,0.0
1724791235,1378637,0,1.0078125,0.0,0.0,0.0,0.0,0.0,0.0
1724792486,1378638,0,1.0078125,-0.005859375,0.00390625,-0.001953125,0.0,0.0,0.0
1724793736,1378639,0,1.001953125,-0.00390625,0.00390625,0.0,0.0,0.0,0.0
1724794987,1378640,0,1.001953125,0.001953125,-0.001953125,0.0,0.0,0.0,0.0
1724796238,1378641,0,1.005859375,-0.001953125,-0.00390625,-0.005859375,0.0,0.0,0.0
1724797489,1378642,0,1.0,-0.001953125,0.00390625,0.001953125,0.0,0.0,0.0
1724798739,1378643,0,1.005859375,0.0,0.001953125,0.001953125,0.0,0.0,0.0
1724799990,1378644,0,1.005859375,0.0,-0.001953125,-0.001953125,0.0,0.0,0.0
1724801241,1378645,0,1.005859375,-0.00390625,0.005859375,0.001953125,0.0,0.0,0.0
1724802492,1378646,0,1.001953125,-0.001953125,0.001953125,0.0,0.0,0.0,0.0
1724803742,1378647,0,1.00390625,-0.00390625,-0.001953125,-0.005859375,0.0,0.0,0.0
1724804993,1378648,0,1.001953125,0.001953125,0.00390625,0.005859375,0.0,0.0,0.0
1724806244,1378649,0,1.009765625,0.001953125,0.0078125,0.009765625,0.0,0.0,0.0
1724807494,1378650,0,1.009765625,-0.00390625,0.0078125,0.00390625,0.0,0.0,0.0
1724808746,1378651,0,1.0,0.0,0.00390625,0.00390625,0.0,0.0,0.0
1724809997,1378652,0,0.994140625,-0.001953125,0.0078125,0.005859375,0.0,0.0,0.0
1724811248,1378653,0,1.00390625,-0.001953125,0.005859375,0.00390625,0.0,0.0,0.0
1724812499,1378654,0,1.017578125,0.005859375,0.01171875,0.017578125,0.0,0.0,0.0
1724813750,1378655,0,1.001953125,0.00390625,0.001953125,0.005859375,0.0,0.0,0.0
1724815001,1378656,0,1.00390625,-0.001953125,0.00390625,0.001953125,0.0,0.0,0.0
1724816252,1378657,0,1.001953125,-0.001953125,0.00390625,0.001953125,0.0,0.0,0.0
1724817502,1378658,0,1.00390625,0.0,0.0,0.0,0.0,0.0,0.0
1724818753,1378659,0,1.005859375,0.001953125,0.005859375,0.0078125,0.0,0.0,0.0
1724820004,1378660,0,1.0,0.0,0.001953125,0.001953125,0.0,0.0,0.0
1724821255,1378661,0,1.001953125,0.0,0.0,0.0,0.0,0.0,0.0
1724822505,1378662,0,1.005859375,-0.00390625,0.0,-0.00390625,0.0,0.0,0.0
1724823756,1378663,0,1.001953125,-0.005859375,-0.001953125,-0.0078125,0.0,0.0,0.0
1724825008,1378664,0,0.998046875,0.001953125,0.005859375,0.0078125,0.0,0.0,0.0
1724826258,1378665,0,0.998046875,-0.001953125,0.001953125,0.0,0.0,0.0,0.0
1724827509,1378666,0,1.0,-0.00390625,0.00390625,0.0,0.0,0.0,0.0
1724828759,1378667,0,1.005859375,-0.001953125,0.0,-0.001953125,0.0,0.0,0.0
1724830010,1378668,0,1.001953125,0.0,0.005859375,0.005859375,0.0,0.0,0.0
1724831261,1378669,0,1.00390625,-0.00390625,0.00390625,0.0,0.0,0.0,0.0
1724832513,1378670,0,1.01171875,-0.00390625,0.00390625,0.0,0.0,0.0,0.0
1724833764,1378671,0,0.99609375,-0.009765625,0.013671875,0.00390625,0.0,0.0,0.0
1724835015,1378672,0,1.001953125,-0.005859375,-0.00390625,-0.009765625,0.0,0.0,0.0
1724836270,1378673,0,1.0078125,-0.001953125,0.0,-0.001953125,0.0,0.0,0.0
1724837521,1378674,0,1.005859375,-0.00390625,0.005859375,0.001953125,0.0,0.0,0.0
1724838772,1378675,0,1.005859375,-0.001953125,0.0,-0.001953125,0.0,0.0,0.0
1724840024,1378676,0,1.0078125,-0.005859375,0.005859375,0.0,0.0,0.0,0.0
1724841275,1378677,0,0.998046875,0.0,0.0,0.0,0.0,0.0,0.0
1724842527,1378678,0,1.0078125,-0.00390625,0.0,-0.00390625,0.0,0.0,0.0
1724843778,1378679,0,1.005859375,0.001953125,0.0,0.001953125,0.0,0.0,0.0
1724845028,1378680,0,1.00390625,-0.001953125,0.005859375,0.00390625,0.0,0.0,0.0
1724846279,1378681,0,1.005859375,-0.00390625,0.001953125,-0.001953125,0.0,0.0,0.0
1724847530,1378682,0,1.005859375,-0.001953125,0.00390625,0.001953125,0.0,0.0,0.0
1724848782,1378683,0,1.009765625,-0.00390625,0.00390625,0.0,0.0,0.0,0.0
1724850032,1378684,0,1.0078125,0.001953125,0.00390625,0.005859375,0.0,0.0,0.0
1724851282,1378685,0,1.0078125,0.0,0.001953125,0.001953125,0.0,0.0,0.0
1724852532,1378686,0,1.00390625,0.001953125,0.001953125,0.00390625,0.0,0.0,0.0
1724853783,1378687,0,1.00390625,-0.001953125,0.001953125,0.0,0.0,0.0,0.0
1724855034,1378688,0,0.998046875,-0.001953125,0.001953125,0.0,0.0,0.0,0.0
1724856285,1378689,0,1.001953125,0.0,0.00390625,0.00390625,0.0,0.0,0.0
1724857537,1378690,0,1.001953125,0.0,0.001953125,0.001953125,0.0,0.0,0.0
1724858789,1378691,0,1.005859375,-0.00390625,0.005859375,0.001953125,0.0,0.0,0.0
1724860039,1378692,0,1.009765625,0.0,0.0,0.0,0.0,0.0,0.0
1724861290,1378693,0,1.00390625,0.00390625,-0.001953125,0.001953125,0.0,0.0,0.0
1724862541,1378694,0,1.01171875,0.001953125,0.005859375,0.0078125,0.0,0.0,0.0
1724863792,1378695,0,1.017578125,0.0,-0.0078125,-0.0078125,0.0,0.0,0.0
1724865042,1378696,0,1.0078125,-0.00390625,0.00390625,0.0,0.0,0.0,0.0
1724866294,1378697,0,1.0,-0.001953125,0.0078125,0.005859375,0.0,0.0,0.0
1724867545,1378698,0,1.001953125,0.0,-0.00390625,-0.00390625,0.0,0.0,0.0
1724868795,1378699,0,0.990234375,-0.00390625,0.009765625,0.005859375,0.0,0.0,0.0
1724870047,1378700,0,1.0078125,-0.001953125,0.0078125,0.005859375,0.0,0.0,0.0
1724871298,1378701,0,1.001953125,-0.001953125,0.01171875,0.009765625,0.0,0.0,0.0
1724872549,1378702,0,1.005859375,-0.00390625,0.0,-0.00390625,0.0,0.0,0.0
1724873800,1378703,0,1.0078125,0.0,0.00390625,0.00390625,0.0,0.0,0.0
1724875050,1378704,0,1.00390625,0.0,-0.001953125,-0.001953125,0.0,0.0,0.0
1724876301,1378705,0,1.00390625,-0.001953125,0.009765625,0.0078125,0.0,0.0,0.0
1724877552,1378706,0,1.005859375,0.001953125,0.001953125,0.00390625,0.0,0.0,0.0
1724878803,1378707,0,1.005859375,-0.001953125,0.00390625,0.001953125,0.0,0.0,0.0
1724880053,1378708,0,1.005859375,-0.00390625,0.001953125,-0.001953125,0.0,0.0,0.0
1724881305,1378709,0,1.0078125,-0.00390625,0.0078125,0.00390625,0.0,0.0,0.0
1724882557,1378710,0,1.005859375,0.0,0.001953125,0.001953125,0.0,0.0,0.0
1724883808,1378711,0,1.005859375,-0.001953125,0.005859375,0.00390625,0.0,0.0,0.0
1724885059,1378712,0,1.009765625,-0.00390625,0.005859375,0.001953125,0.0,0.0,0.0
1724886310,1378713,0,0.998046875,0.0,-0.00390625,-0.00390625,0.0,0.0,0.0
1724887562,1378714,0,1.005859375,-0.005859375,-0.00390625,-0.009765625,0.0,0.0,0.0
1724888812,1378715,0,1.009765625,-0.001953125,0.0,-0.001953125,0.0,0.0,0.0
1724890064,1378716,0,1.00390625,0.001953125,0.005859375,0.0078125,0.0,0.0,0.0
1724891314,1378717,0,1.00390625,0.001953125,0.005859375,0.0078125,0.0,0.0,0.0
1724892565,1378718,0,0.998046875,-0.0078125,-0.00390625,-0.01171875,0.0,0.0,0.0
1724893816,1378719,0,1.009765625,-0.005859375,-0.001953125,-0.0078125,0.0,0.0,0.0
1724895066,1378720,0,0.99609375,-0.00390625,0.00390625,0.0,0.0,0.0,0.0
1724896317,1378721,0,1.0078125,-0.001953125,0.001953125,0.0,0.0,0.0,0.0
1724897569,1378722,0,0.998046875,0.0,0.001953125,0.001953125,0.0,0.0,0.0
1724898819,1378723,0,1.00390625,-0.00390625,0.0,-0.00390625,0.0,0.0,0.0
1724900070,1378724,0,1.0,0.0,0.001953125,0.001953125,0.0,0.0,0.0
1724901321,1378725,0,1.0,-0.00390625,0.001953125,-0.001953125,0.0,0.0,0.0
1724902571,1378726,0,0.998046875,0.0,0.00390625,0.00390625,0.0,0.0,0.0
1724903822,1378727,0,1.01171875,-0.001953125,0.00390625,0.001953125,0.0,0.0,0.0
1724905074,1378728,0,1.001953125,-0.001953125,0.0,-0.001953125,0.0,0.0,0.0
1724906324,1378729,0,1.005859375,0.0,-0.001953125,-0.001953125,0.0,0.0,0.0
1724907575,1378730,0,1.005859375,0.0,0.005859375,0.005859375,0.0,0.0,0.0
1724908827,1378731,0,1.0078125,-0.005859375,0.00390625,-0.001953125,0.0,0.0,0.0
1724910077,1378732,0,1.0078125,0.0,0.005859375,0.005859375,0.0,0.0,0.0
1724911328,1378733,0,1.00390625,0.0,0.001953125,0.001953125,0.0,0.0,0.0
1724912580,1378734,0,1.00390625,-0.005859375,0.0078125,0.001953125,0.0,0.0,0.0
1724913832,1378735,0,1.009765625,-0.001953125,-0.005859375,-0.0078125,0.0,0.0,0.0
1724915082,1378736,0,1.001953125,-0.0078125,0.0,-0.0078125,0.0,0.0,0.0
1724916333,1378737,0,1.0078125,-0.0078125,0.001953125,-0.005859375,0.0,0.0,0.0
1724917585,1378738,0,0.998046875,0.005859375,0.00390625,0.009765625,0.0,0.0,0.0
1724918835,1378739,0,0.99609375,-0.001953125,0.00390625,0.001953125,0.0,0.0,0.0
1724920086,1378740,0,1.0,0.001953125,0.005859375,0.0078125,0.0,0.0,0.0
1724921338,1378741,0,1.005859375,-0.001953125,0.001953125,0.0,0.0,0.0,0.0
1724922589,1378742,0,1.0,-0.001953125,0.01171875,0.009765625,0.0,0.0,0.0
1724923840,1378743,0,1.001953125,0.0,0.001953125,0.001953125,0.0,0.0,0.0
1724925092,1378744,0,1.00390625,-0.001953125,0.0,-0.001953125,0.0,0.0,0.0
1724926343,1378745,0,1.001953125,-0.001953125,-0.001953125,-0.00390625,0.0,0.0,0.0
1724927594,1378746,0,1.001953125,-0.00390625,0.005859375,0.001953125,0.0,0.0,0.0
1724928845,1378747,0,0.998046875,-0.001953125,0.005859375,0.00390625,0.0,0.0,0.0
1724930096,1378748,0,1.0078125,-0.001953125,0.001953125,0.0,0.0,0.0,0.0
1724931346,1378749,0,1.00390625,-0.00390625,0.00390625,0.0,0.0,0.0,0.0
1724932598,1378750,0,1.00390625,-0.001953125,0.00390625,0.001953125,0.0,0.0,0.0
1724933849,1378751,0,1.001953125,-0.00390625,0.00390625,0.0,0.0,0.0,0.0
1724935099,1378752,0,1.00390625,-0.00390625,0.0,-0.00390625,0.0,0.0,0.0
1724936350,1378753,0,1.005859375,-0.001953125,0.001953125,0.0,0.0,0.0,0.0
1724937601,1378754,0,1.0,0.0,0.00390625,0.00390625,0.0,0.0,0.0
1724938852,1378755,0,1.0078125,-0.00390625,0.0,-0.00390625,0.0,0.0,0.0
1724940103,1378756,0,1.001953125,0.00390625,0.0,0.00390625,0.0,0.0,0.0
1724941354,1378757,0,1.001953125,0.0,0.00390625,0.00390625,0.0,0.0,0.0
1724942605,1378758,0,1.005859375,-0.00390625,0.009765625,0.005859375,0.0,0.0,0.0
1724943855,1378759,0,1.00390625,-0.001953125,0.0,-0.001953125,0.0,0.0,0.0
1724945107,1378760,0,1.00390625,0.0,-0.001953125,-0.001953125,0.0,0.0,0.0
1724946357,1378761,0,1.00390625,-0.001953125,0.00390625,0.001953125,0.0,0.0,0.0
1724947607,1378762,0,1.005859375,0.001953125,-0.001953125,0.0,0.0,0.0,0.0
1724948859,1378763,0,1.013671875,0.001953125,0.00390625,0.005859375,0.0,0.0,0.0
1724950109,1378764,0,1.00390625,-0.00390625,0.001953125,-0.001953125,0.0,0.0,0.0
1724951361,1378765,0,1.0,0.001953125,0.005859375,0.0078125,0.0,0.0,0.0
1724952611,1378766,0,1.0078125,-0.001953125,0.005859375,0.00390625,0.0,0.0,0.0
1724953861,1378767,0,0.99609375,0.0,0.005859375,0.005859375,0.0,0.0,0.0
1724955113,1378768,0,1.005859375,0.0,0.0,0.0,0.0,0.0,0.0
1724956364,1378769,0,1.0,-0.00390625,0.001953125,-0.001953125,0.0,0.0,0.0
1724957616,1378770,0,1.00390625,0.0,0.0078125,0.0078125,0.0,0.0,0.0
1724958866,1378771,0,1.001953125,-0.001953125,0.00390625,0.001953125,0.0,0.0,0.0
1724960118,1378772,0,1.00390625,0.001953125,0.005859375,0.0078125,0.0,0.0,0.0
1724961368,1378773,0,1.00390625,-0.005859375,0.00390625,-0.001953125,0.0,0.0,0.0
1724962619,1378774,0,1.0,-0.001953125,0.00390625,0.001953125,0.0,0.0,0.0
1724963869,1378775,0,0.998046875,-0.005859375,0.005859375,0.0,0.0,0.0,0.0
1724965119,1378776,0,1.00390625,-0.001953125,0.001953125,0.0,0.0,0.0,0.0
1724966371,1378777,0,1.005859375,-0.001953125,0.001953125,0.0,0.0,0.0,0.0
1724967622,1378778,0,1.0078125,-0.001953125,0.001953125,0.0,0.0,0.0,0.0
1724968874,1378779,0,1.0078125,-0.00390625,-0.005859375,-0.009765625,0.0,0.0,0.0
1724970124,1378780,0,1.0078125,-0.00390625,0.00390625,0.0,0.0,0.0,0.0
1724971375,1378781,0,1.013671875,-0.001953125,0.001953125,0.0,0.0,0.0,0.0
1724972625,1378782,0,1.001953125,0.00390625,0.00390625,0.0078125,0.0,0.0,0.0
1724973877,1378783,0,1.001953125,-0.001953125,0.00390625,0.001953125,0.0,0.0,0.0
1724975127,1378784,0,1.00390625,-0.00390625,0.005859375,0.001953125,0.0,0.0,0.0
1724976377,1378785,0,1.00390625,-0.00390625,0.005859375,0.001953125,0.0,0.0,0.0
1724977629,1378786,0,1.005859375,0.001953125,0.00390625,0.005859375,0.0,0.0,0.0
1724978879,1378787,0,1.00390625,-0.001953125,-0.001953125,-0.00390625,0.0,0.0,0.0
1724980130,1378788,0,1.0078125,-0.001953125,0.00390625,0.001953125,0.0,0.0,0.0
1724981381,1378789,0,1.00390625,-0.001953125,0.0,-0.001953125,0.0,0.0,0.0
1724982631,1378790,0,1.0078125,-0.001953125,0.00390625,0.001953125,0.0,0.0,0.0
1724983882,1378791,0,1.0078125,-0.00390625,0.0078125,0.00390625,0.0,0.0,0.0
1724985133,1378792,0,1.0078125,-0.005859375,0.001953125,-0.00390625,0.0,0.0,0.0
1724986384,1378793,0,1.005859375,-0.001953125,0.001953125,0.0,0.0,0.0,0.0
1724987635,1378794,0,1.005859375,-0.001953125,0.00390625,0.001953125,0.0,0.0,0.0
1724988885,1378795,0,1.0078125,0.001953125,0.0,0.001953125,0.0,0.0,0.0
1724990136,1378796,0,1.001953125,-0.005859375,0.00390625,-0.001953125,0.0,0.0,0.0
1724991387,1378797,0,1.005859375,-0.00390625,0.0,-0.00390625,0.0,0.0,0.0
1724992638,1378798,0,1.001953125,-0.005859375,0.001953125,-0.00390625,0.0,0.0,0.0
1724993889,1378799,0,1.005859375,-0.0078125,0.0,-0.0078125,0.0,0.0,0.0
1724995140,1378800,0,1.0078125,-0.001953125,0.00390625,0.001953125,0.0,0.0,0.0
1724996392,1378801,0,1.005859375,0.0078125,0.005859375,0.013671875,0.0,0.0,0.0
1724997642,1378802,0,0.99609375,0.0,-0.001953125,-0.001953125,0.0,0.0,0.0
1724998894,1378803,0,1.001953125,0.001953125,0.001953125,0.00390625,0.0,0.0,0.0
1725000145,1378804,0,1.001953125,-0.001953125,0.00390625,0.001953125,0.0,0.0,0.0
1725001395,1378805,0,1.005859375,-0.00390625,0.001953125,-0.001953125,0.0,0.0,0.0
1725002646,1378806,0,1.00390625,0.0,-0.001953125,-0.001953125,0.0,0.0,0.0
1725003898,1378807,0,1.001953125,0.001953125,0.001953125,0.00390625,0.0,0.0,0.0
1725005149,1378808,0,1.001953125,-0.001953125,0.0078125,0.005859375,0.0,0.0,0.0
1725006400,1378809,0,1.0078125,-0.00390625,0.005859375,0.001953125,0.0,0.0,0.0
1725007651,1378810,0,1.0078125,-0.001953125,0.001953125,0.0,0.0,0.0,0.0
1725008902,1378811,0,1.00390625,0.0,0.005859375,0.005859375,0.0,0.0,0.0
1725010154,1378812,0,0.998046875,0.001953125,0.00390625,0.005859375,0.0,0.0,0.0
1725011405,1378813,0,1.001953125,-0.001953125,0.001953125,0.0,0.0,0.0,0.0
1725012657,1378814,0,1.005859375,0.001953125,0.0,0.001953125,0.0,0.0,0.0
1725013907,1378815,0,1.00390625,-0.001953125,-0.001953125,-0.00390625,0.0,0.0,0.0
1725015158,1378816,0,1.005859375,-0.005859375,-0.001953125,-0.0078125,0.0,0.0,0.0
1725016409,1378817,0,1.009765625,-0.001953125,-0.001953125,-0.00390625,0.0,0.0,0.0
1725017660,1378818,0,1.009765625,0.00390625,0.00390625,0.0078125,0.0,0.0,0.0
1725018911,1378819,0,1.015625,-0.001953125,0.0,-0.001953125,0.0,0.0,0.0
1725020161,1378820,0,1.00390625,-0.00390625,0.0,-0.00390625,0.0,0.0,0.0
1725021412,1378821,0,1.001953125,0.001953125,0.001953125,0.00390625,0.0,0.0,0.0
1725022664,1378822,0,0.99609375,0.0,0.009765625,0.009765625,0.0,0.0,0.0
1725023915,1378823,0,1.001953125,-0.00390625,0.0,-0.00390625,0.0,0.0,0.0
1725025166,1378824,0,1.001953125,0.001953125,0.009765625,0.01171875,0.0,0.0,0.0
1725026417,1378825,0,1.001953125,0.0,-0.0078125,-0.0078125,0.0,0.0,0.0
1725027668,1378826,0,1.0,0.0,-0.005859375,-0.005859375,0.0,0.0,0.0
1725028920,1378827,0,1.001953125,-0.001953125,0.0,-0.001953125,0.0,0.0,0.0
1725030172,1378828,0,0.998046875,0.0,0.0,0.0,0.0,0.0,0.0
1725031422,1378829,0,1.005859375,-0.001953125,-0.001953125,-0.00390625,0.0,0.0,0.0
1725032673,1378830,0,1.00390625,0.0,0.00390625,0.00390625,0.0,0.0,0.0
1725033924,1378831,0,0.998046875,-0.001953125,0.001953125,0.0,0.0,0.0,0.0
1725035174,1378832,0,1.00390625,0.001953125,0.0,0.001953125,0.0,0.0,0.0
1725036425,1378833,0,1.001953125,0.001953125,0.001953125,0.00390625,0.0,0.0,0.0
1725037676,1378834,0,1.0078125,0.00390625,0.0,0.00390625,0.0,0.0,0.0
1725038927,1378835,0,1.00390625,-0.00390625,0.0,-0.00390625,0.0,0.0,0.0
1725040177,1378836,0,1.0,0.005859375,-0.001953125,0.00390625,0.0,0.0,0.0
1725041427,1378837,0,1.0,0.0,0.00390625,0.00390625,0.0,0.0,0.0
1725042679,1378838,0,1.0078125,0.0,-0.001953125,-0.001953125,0.0,0.0,0.0
1725043929,1378839,0,1.009765625,0.005859375,0.00390625,0.009765625,0.0,0.0,0.0
1725045179,1378840,0,1.0078125,0.001953125,0.00390625,0.005859375,0.0,0.0,0.0
1725046431,1378841,0,1.009765625,0.001953125,-0.001953125,0.0,0.0,0.0,0.0
1725047681,1378842,0,1.009765625,0.0,0.0,0.0,0.0,0.0,0.0
1725048932,1378843,0,1.0,0.01171875,0.001953125,0.013671875,0.0,0.0,0.0
1725050182,1378844,0,1.00390625,0.017578125,0.0,0.017578125,0.0,0.0,0.0
1725051432,1378845,0,0.994140625,0.029296875,-0.013671875,0.015625,0.0,0.0,0.0
1725052684,1378846,0,1.005859375,0.009765625,0.0,0.009765625,0.0,0.0,0.0
1725053934,1378847,0,1.0,0.013671875,-0.00390625,0.009765625,0.0,0.0,0.0
1725055184,1378848,0,1.0,0.013671875,-0.0078125,0.005859375,0.0,0.0,0.0
1725056436,1378849,0,1.00390625,0.0078125,-0.005859375,0.001953125,0.0,0.0,0.0
1725057686,1378850,0,1.0,0.0078125,-0.005859375,0.001953125,0.0,0.0,0.0
1725058937,1378851,0,1.005859375,0.005859375,0.001953125,0.0078125,0.0,0.0,0.0
1725060188,1378852,0,1.00390625,0.00390625,-0.001953125,0.001953125,0.0,0.0,0.0
1725061439,1378853,0,1.0,0.0,0.0,0.0,0.0,0.0,0.0
1725062691,1378854,0,1.00390625,0.0,-0.001953125,-0.001953125,0.0,0.0,0.0
1725063942,1378855,0,1.0,-0.005859375,-0.001953125,-0.0078125,0.0,0.0,0.0
1725065192,1378856,0,1.005859375,-0.001953125,0.00390625,0.001953125,0.0,0.0,0.0
1725066443,1378857,0,1.009765625,-0.009765625,0.00390625,-0.005859375,0.0,0.0,0.0
1725067695,1378858,0,1.00390625,-0.00390625,0.00390625,0.0,0.0,0.0,0.0
1725068945,1378859,0,1.005859375,-0.0078125,0.00390625,-0.00390625,0.0,0.0,0.0
1725070197,1378860,0,1.001953125,-0.001953125,0.0078125,0.005859375,0.0,0.0,0.0
1725071448,1378861,0,1.005859375,-0.00390625,0.009765625,0.005859375,0.0,0.0,0.0
1725072698,1378862,0,1.005859375,0.005859375,0.00390625,0.009765625,0.0,0.0,0.0
1725073949,1378863,0,1.0078125,0.0,0.0,0.0,0.0,0.0,0.0
1725075199,1378864,0,0.99609375,0.015625,-0.00390625,0.01171875,0.0,0.0,0.0
1725076449,1378865,0,1.009765625,0.029296875,-0.015625,0.013671875,0.0,0.0,0.0
1725077701,1378866,0,1.01171875,0.03125,-0.015625,0.015625,0.0,0.0,0.0
1725078951,1378867,0,1.0078125,0.029296875,-0.02734375,0.001953125,0.0,0.0,0.0
1725080202,1378868,0,1.0,0.05859375,-0.02734375,0.03125,0.0,0.0,0.0
1725081453,1378869,0,0.99609375,0.078125,-0.044921875,0.033203125,0.0,0.0,0.0
1725082704,1378870,0,1.009765625,0.09765625,-0.046875,0.05078125,0.0,0.0,0.0
1725083954,1378871,0,1.001953125,0.115234375,-0.056640625,0.05859375,0.0,0.0,0.0
1725085205,1378872,0,1.001953125,0.107421875,-0.060546875,0.046875,0.0,0.0,0.0
1725086457,1378873,0,1.0234375,0.138671875,-0.0546875,0.083984375,0.0,0.0,0.0
1725087707,1378874,0,1.0078125,0.205078125,-0.09375,0.111328125,0.0,0.0,0.0
1725088959,1378875,0,0.994140625,0.248046875,-0.11328125,0.134765625,0.0,0.0,0.0
1725090209,1378876,0,1.015625,0.318359375,-0.123046875,0.1953125,0.0,0.0,0.0
1725091460,1378877,0,1.017578125,0.6953125,-0.294921875,0.400390625,0.0,0.0,0.0
1725092711,1378878,0,1.0,1.0234375,-0.484375,0.5390625,0.0,0.0,0.0
1725093961,1378879,0,0.974609375,0.865234375,-0.529296875,0.3359375,0.0,0.0,0.0
1725095211,1378880,0,0.90625,1.26953125,-0.55859375,0.7109375,0.0,0.0,0.0
1725096461,1378881,0,1.08984375,0.716796875,-0.26953125,0.447265625,0.0,0.0,0.0
1725097712,1378882,0,1.1015625,0.60546875,-0.162109375,0.443359375,0.0,0.0,0.0
1725098962,1378883,0,0.93359375,0.048828125,0.01171875,0.060546875,0.0,0.0,0.0
1725100212,1378884,0,1.015625,0.654296875,-0.220703125,0.43359375,0.0,0.0,0.0
1725101463,1378885,0,0.974609375,0.923828125,-0.416015625,0.5078125,0.0,0.0,0.0
1725102713,1378886,0,1.013671875,1.443359375,-0.517578125,0.92578125,0.0,0.0,0.0
1725103965,1378887,0,1.140625,1.11328125,-0.28125,0.83203125,0.0,0.0,0.0
1725105216,1378888,0,0.92578125,0.623046875,-0.0546875,0.568359375,0.0,0.0,0.0
1725106468,1378889,0,0.90234375,0.431640625,0.021484375,0.453125,0.0,0.0,0.0
1725107718,1378890,0,1.05078125,0.25390625,0.17578125,0.4296875,0.0,0.0,0.0
1725108970,1378891,0,1.10546875,0.255859375,0.2265625,0.482421875,0.0,0.0,0.0
1725110221,1378892,0,1.13671875,0.353515625,0.234375,0.587890625,0.0,0.0,0.0
1725111471,1378893,0,1.0078125,0.44140625,0.099609375,0.541015625,0.0,0.0,0.0
1725112722,1378894,0,0.904296875,0.365234375,0.05078125,0.416015625,0.0,0.0,0.0
1725113973,1378895,0,0.900390625,0.01171875,0.2421875,0.25390625,0.0,0.0,0.0
1725115225,1378896,0,1.00390625,0.232421875,0.1796875,0.412109375,0.0,0.0,0.0
1725116477,1378897,0,0.884765625,-0.15625,0.240234375,0.083984375,0.0,0.0,0.0
1725117728,1378898,0,1.060546875,-0.27734375,0.40234375,0.125,0.0,0.0,0.0
1725118978,1378899,0,1.109375,-0.279296875,0.474609375,0.1953125,0.0,0.0,0.0
1725120229,1378900,0,1.04296875,-0.31640625,0.44140625,0.125,0.0,0.0,0.0
1725121481,1378901,0,0.966796875,-0.30859375,0.443359375,0.134765625,0.0,0.0,0.0
1725122731,1378902,0,0.966796875,-0.373046875,0.451171875,0.078125,0.0,0.0,0.0
1725123982,1378903,0,0.9765625,-0.404296875,0.416015625,0.01171875,0.0,0.0,0.0
1725125233,1378904,0,0.958984375,-0.51953125,0.419921875,-0.099609375,0.0,0.0,0.0
1725126483,1378905,0,0.95703125,-0.623046875,0.451171875,-0.171875,0.0,0.0,0.0
1725127734,1378906,0,1.001953125,-0.685546875,0.509765625,-0.17578125,0.0,0.0,0.0
1725128984,1378907,0,1.06640625,-0.75,0.599609375,-0.150390625,0.0,0.0,0.0
1725130235,1378908,0,1.07421875,-0.77734375,0.60546875,-0.171875,0.0,0.0,0.0
1725131486,1378909,0,1.021484375,-0.791015625,0.4921875,-0.298828125,0.0,0.0,0.0
1725132736,1378910,0,0.99609375,-0.810546875,0.486328125,-0.32421875,0.0,0.0,0.0
1725133987,1378911,0,0.9921875,-0.814453125,0.46484375,-0.349609375,0.0,0.0,0.0
1725135238,1378912,0,0.98046875,-0.806640625,0.46875,-0.337890625,0.0,0.0,0.0
1725136489,1378913,0,1.02734375,-0.798828125,0.49609375,-0.302734375,0.0,0.0,0.0
1725137739,1378914,0,1.0546875,-0.80078125,0.5078125,-0.29296875,0.0,0.0,0.0
1725138990,1378915,0,1.060546875,-0.783203125,0.498046875,-0.28515625,0.0,0.0,0.0
1725140241,1378916,0,1.0234375,-0.767578125,0.43359375,-0.333984375,0.0,0.0,0.0
1725141492,1378917,0,0.984375,-0.712890625,0.388671875,-0.32421875,0.0,0.0,0.0
1725142742,1378918,0,0.9765625,-0.646484375,0.37109375,-0.275390625,0.0,0.0,0.0
1725143993,1378919,0,0.97265625,-0.576171875,0.3359375,-0.240234375,0.0,0.0,0.0
1725145244,1378920,0,0.982421875,-0.509765625,0.314453125,-0.1953125,0.0,0.0,0.0
1725146494,1378921,0,1.033203125,-0.462890625,0.3203125,-0.142578125,0.0,0.0,0.0
1725147746,1378922,0,1.05078125,-0.416015625,0.314453125,-0.1015625,0.0,0.0,0.0
1725148997,1378923,0,1.044921875,-0.35546875,0.283203125,-0.072265625,0.0,0.0,0.0
1725150248,1378924,0,1.0234375,-0.283203125,0.228515625,-0.0546875,0.0,0.0,0.0
1725151499,1378925,0,0.98828125,-0.201171875,0.1640625,-0.037109375,0.0,0.0,0.0
1725152750,1378926,0,0.97265625,-0.12890625,0.126953125,-0.001953125,0.0,0.0,0.0
1725154001,1378927,0,0.97265625,-0.06640625,0.009765625,-0.056640625,0.0,0.0,0.0
1725155252,1378928,0,0.943359375,-0.005859375,-0.029296875,-0.03515625,0.0,0.0,0.0
1725156502,1378929,0,1.017578125,0.03515625,0.03515625,0.0703125,0.0,0.0,0.0
1725157753,1378930,0,1.05859375,0.099609375,0.029296875,0.12890625,0.0,0.0,0.0
1725159004,1378931,0,1.02734375,0.150390625,-0.009765625,0.140625,0.0,0.0,0.0
1725160255,1378932,0,1.013671875,0.1875,-0.044921875,0.142578125,0.0,0.0,0.0
1725161505,1378933,0,1.009765625,0.255859375,-0.091796875,0.1640625,0.0,0.0,0.0
1725162756,1378934,0,0.984375,0.2890625,-0.103515625,0.185546875,0.0,0.0,0.0
1725164008,1378935,0,0.9765625,0.33203125,-0.154296875,0.177734375,0.0,0.0,0.0
1725165258,1378936,0,0.958984375,0.380859375,-0.20703125,0.173828125,0.0,0.0,0.0
1725166509,1378937,0,1.0078125,0.4140625,-0.193359375,0.220703125,0.0,0.0,0.0
1725167759,1378938,0,1.052734375,0.439453125,-0.1484375,0.291015625,0.0,0.0,0.0
1725169010,1378939,0,1.052734375,0.451171875,-0.1640625,0.287109375,0.0,0.0,0.0
1725170261,1378940,0,1.029296875,0.47265625,-0.20703125,0.265625,0.0,0.0,0.0
1725171513,1378941,0,1.025390625,0.484375,-0.220703125,0.263671875,0.0,0.0,0.0
1725172764,1378942,0,1.001953125,0.494140625,-0.240234375,0.25390625,0.0,0.0,0.0
1725174015,1378943,0,0.984375,0.5,-0.263671875,0.236328125,0.0,0.0,0.0
1725175270,1378944,0,0.97265625,0.509765625,-0.283203125,0.2265625,0.0,0.0,0.0
1725176521,1378945,0,0.986328125,0.50390625,-0.26171875,0.2421875,0.0,0.0,0.0
1725177772,1378946,0,1.021484375,0.494140625,-0.234375,0.259765625,0.0,0.0,0.0
1725179024,1378947,0,1.02734375,0.470703125,-0.216796875,0.25390625,0.0,0.0,0.0
1725180275,1378948,0,1.025390625,0.46484375,-0.21875,0.24609375,0.0,0.0,0.0
1725181527,1378949,0,1.021484375,0.435546875,-0.216796875,0.21875,0.0,0.0,0.0
1725182778,1378950,0,1.017578125,0.423828125,-0.185546875,0.23828125,0.0,0.0,0.0
1725184028,1378951,0,0.990234375,0.40234375,-0.1953125,0.20703125,0.0,0.0,0.0
1725185279,1378952,0,0.984375,0.375,-0.1640625,0.2109375,0.0,0.0,0.0
1725186530,1378953,0,0.99609375,0.298828125,-0.12109375,0.177734375,0.0,0.0,0.0
1725187782,1378954,0,1.009765625,0.263671875,-0.09765625,0.166015625,0.0,0.0,0.0
1725189032,1378955,0,1.0234375,0.220703125,-0.076171875,0.14453125,0.0,0.0,0.0
1725190282,1378956,0,1.013671875,0.18359375,-0.0546875,0.12890625,0.0,0.0,0.0
1725191532,1378957,0,1.005859375,0.14453125,-0.0390625,0.10546875,0.0,0.0,0.0
1725192783,1378958,0,0.990234375,0.115234375,-0.025390625,0.08984375,0.0,0.0,0.0
1725194034,1378959,0,0.9921875,0.0703125,-0.01953125,0.05078125,0.0,0.0,0.0
1725195285,1378960,0,0.990234375,0.021484375,0.0,0.021484375,0.0,0.0,0.0
1725196537,1378961,0,1.005859375,-0.013671875,0.025390625,0.01171875,0.0,0.0,0.0
1725197789,1378962,0,1.01953125,-0.05859375,0.06640625,0.0078125,0.0,0.0,0.0
1725199039,1378963,0,1.017578125,-0.091796875,0.0859375,-0.005859375,0.0,0.0,0.0
1725200290,1378964,0,1.009765625,-0.123046875,0.095703125,-0.02734375,0.0,0.0,0.0
1725201541,1378965,0,1.001953125,-0.154296875,0.09765625,-0.056640625,0.0,0.0,0.0
1725202792,1378966,0,0.990234375,-0.1875,0.0859375,-0.1015625,0.0,0.0,0.0
1725204042,1378967,0,0.984375,-0.208984375,0.1015625,-0.107421875,0.0,0.0,0.0
1725205294,1378968,0,0.9921875,-0.224609375,0.126953125,-0.09765625,0.0,0.0,0.0
1725206545,1378969,0,0.998046875,-0.255859375,0.154296875,-0.1015625,0.0,0.0,0.0
1725207795,1378970,0,1.03125,-0.27734375,0.177734375,-0.099609375,0.0,0.0,0.0
1725209047,1378971,0,1.021484375,-0.29296875,0.181640625,-0.111328125,0.0,0.0,0.0
1725210298,1378972,0,1.0078125,-0.306640625,0.1796875,-0.126953125,0.0,0.0,0.0
1725211549,1378973,0,0.998046875,-0.322265625,0.1640625,-0.158203125,0.0,0.0,0.0
1725212800,1378974,0,0.99609375,-0.318359375,0.181640625,-0.13671875,0.0,0.0,0.0
1725214050,1378975,0,0.99609375,-0.3203125,0.16015625,-0.16015625,0.0,0.0,0.0
1725215301,1378976,0,1.0,-0.31640625,0.162109375,-0.154296875,0.0,0.0,0.0
1725216552,1378977,0,1.00390625,-0.31640625,0.171875,-0.14453125,0.0,0.0,0.0
1725217803,1378978,0,1.0234375,-0.310546875,0.173828125,-0.13671875,0.0,0.0,0.0
1725219053,1378979,0,1.025390625,-0.302734375,0.171875,-0.130859375,0.0,0.0,0.0
1725220305,1378980,0,1.017578125,-0.28515625,0.15234375,-0.1328125,0.0,0.0,0.0
1725221557,1378981,0,1.0078125,-0.271484375,0.142578125,-0.12890625,0.0,0.0,0.0
1725222808,1378982,0,0.998046875,-0.25390625,0.126953125,-0.126953125,0.0,0.0,0.0
1725224059,1378983,0,0.98828125,-0.228515625,0.109375,-0.119140625,0.0,0.0,0.0
1725225310,1378984,0,0.990234375,-0.201171875,0.09375,-0.107421875,0.0,0.0,0.0
1725226562,1378985,0,1.00390625,-0.181640625,0.0859375,-0.095703125,0.0,0.0,0.0
1725227812,1378986,0,1.009765625,-0.158203125,0.07421875,-0.083984375,0.0,0.0,0.0
1725229064,1378987,0,1.015625,-0.134765625,0.05859375,-0.076171875,0.0,0.0,0.0
1725230314,1378988,0,1.017578125,-0.111328125,0.04296875,-0.068359375,0.0,0.0,0.0
1725231565,1378989,0,1.005859375,-0.080078125,0.0390625,-0.041015625,0.0,0.0,0.0
1725232816,1378990,0,1.001953125,-0.0546875,0.01953125,-0.03515625,0.0,0.0,0.0
1725234066,1378991,0,0.9921875,-0.01953125,-0.001953125,-0.021484375,0.0,0.0,0.0
1725235317,1378992,0,0.994140625,0.0,-0.00390625,-0.00390625,0.0,0.0,0.0
1725236569,1378993,0,1.0078125,0.017578125,-0.0234375,-0.005859375,0.0,0.0,0.0
1725237819,1378994,0,1.0,0.05078125,-0.041015625,0.009765625,0.0,0.0,0.0
1725239070,1378995,0,1.00390625,0.078125,-0.041015625,0.037109375,0.0,0.0,0.0
1725240321,1378996,0,1.009765625,0.1171875,-0.0546875,0.0625,0.0,0.0,0.0
1725241571,1378997,0,1.005859375,0.138671875,-0.072265625,0.06640625,0.0,0.0,0.0
1725242822,1378998,0,0.99609375,0.146484375,-0.078125,0.068359375,0.0,0.0,0.0
1725244074,1378999,0,1.0,0.1640625,-0.080078125,0.083984375,0.0,0.0,0.0
1725245324,1379000,0,1.00390625,0.177734375,-0.08984375,0.087890625,0.0,0.0,0.0
1725246575,1379001,0,1.0,0.181640625,-0.087890625,0.09375,0.0,0.0,0.0
1725247827,1379002,0,1.005859375,0.1953125,-0.09375,0.1015625,0.0,0.0,0.0
1725249077,1379003,0,1.005859375,0.197265625,-0.091796875,0.10546875,0.0,0.0,0.0
1725250328,1379004,0,1.005859375,0.201171875,-0.091796875,0.109375,0.0,0.0,0.0
1725251580,1379005,0,1.0078125,0.201171875,-0.095703125,0.10546875,0.0,0.0,0.0
1725252832,1379006,0,0.998046875,0.201171875,-0.099609375,0.1015625,0.0,0.0,0.0
1725254082,1379007,0,0.99609375,0.19921875,-0.09765625,0.1015625,0.0,0.0,0.0
1725255333,1379008,0,1.005859375,0.1953125,-0.08984375,0.10546875,0.0,0.0,0.0
1725256585,1379009,0,1.0078125,0.18359375,-0.087890625,0.095703125,0.0,0.0,0.0
1725257835,1379010,0,1.0078125,0.177734375,-0.08203125,0.095703125,0.0,0.0,0.0
1725259086,1379011,0,1.00390625,0.1640625,-0.083984375,0.080078125,0.0,0.0,0.0
1725260338,1379012,0,1.005859375,0.15234375,-0.080078125,0.072265625,0.0,0.0,0.0
1725261589,1379013,0,1.0078125,0.142578125,-0.072265625,0.0703125,0.0,0.0,0.0
1725262840,1379014,0,1.0078125,0.130859375,-0.07421875,0.056640625,0.0,0.0,0.0
1725264092,1379015,0,1.00390625,0.1171875,-0.0625,0.0546875,0.0,0.0,0.0
1725265343,1379016,0,1.005859375,0.1015625,-0.046875,0.0546875,0.0,0.0,0.0
1725266594,1379017,0,1.001953125,0.080078125,-0.029296875,0.05078125,0.0,0.0,0.0
1725267845,1379018,0,1.001953125,0.05859375,-0.01953125,0.0390625,0.0,0.0,0.0
1725269096,1379019,0,1.009765625,0.041015625,-0.017578125,0.0234375,0.0,0.0,0.0
1725270346,1379020,0,1.00390625,0.01953125,-0.0078125,0.01171875,0.0,0.0,0.0
1725271598,1379021,0,0.998046875,0.001953125,-0.00390625,-0.001953125,0.0,0.0,0.0
1725272849,1379022,0,0.998046875,-0.0078125,0.0,-0.0078125,0.0,0.0,0.0
1725274099,1379023,0,1.0,-0.02734375,0.0078125,-0.01953125,0.0,0.0,0.0
1725275350,1379024,0,1.005859375,-0.0390625,0.01171875,-0.02734375,0.0,0.0,0.0
1725276601,1379025,0,1.0078125,-0.0546875,0.025390625,-0.029296875,0.0,0.0,0.0
1725277852,1379026,0,1.005859375,-0.076171875,0.037109375,-0.0390625,0.0,0.0,0.0
1725279103,1379027,0,1.009765625,-0.083984375,0.0390625,-0.044921875,0.0,0.0,0.0
1725280354,1379028,0,1.0078125,-0.099609375,0.044921875,-0.0546875,0.0,0.0,0.0
1725281605,1379029,0,1.0078125,-0.107421875,0.048828125,-0.05859375,0.0,0.0,0.0
1725282855,1379030,0,1.00390625,-0.12109375,0.04296875,-0.078125,0.0,0.0,0.0
1725284107,1379031,0,0.998046875,-0.12890625,0.041015625,-0.087890625,0.0,0.0,0.0
1725285357,1379032,0,1.00390625,-0.134765625,0.041015625,-0.09375,0.0,0.0,0.0
1725286607,1379033,0,1.0,-0.1328125,0.052734375,-0.080078125,0.0,0.0,0.0
1725287859,1379034,0,1.00390625,-0.140625,0.05078125,-0.08984375,0.0,0.0,0.0
1725289109,1379035,0,1.009765625,-0.138671875,0.056640625,-0.08203125,0.0,0.0,0.0
1725290361,1379036,0,1.015625,-0.140625,0.06640625,-0.07421875,0.0,0.0,0.0
1725291611,1379037,0,1.01171875,-0.13671875,0.05078125,-0.0859375,0.0,0.0,0.0
1725292861,1379038,0,1.00390625,-0.134765625,0.041015625,-0.09375,0.0,0.0,0.0
1725294113,1379039,0,1.009765625,-0.125,0.048828125,-0.076171875,0.0,0.0,0.0
1725295364,1379040,0,1.0,-0.115234375,0.04296875,-0.072265625,0.0,0.0,0.0
1725296616,1379041,0,1.00390625,-0.115234375,0.041015625,-0.07421875,0.0,0.0,0.0
1725297866,1379042,0,1.0078125,-0.103515625,0.046875,-0.056640625,0.0,0.0,0.0
1725299118,1379043,0,1.00390625,-0.09375,0.037109375,-0.056640625,0.0,0.0,0.0
1725300368,1379044,0,1.0078125,-0.083984375,0.03125,-0.052734375,0.0,0.0,0.0
1725301619,1379045,0,1.001953125,-0.07421875,0.021484375,-0.052734375,0.0,0.0,0.0
1725302869,1379046,0,1.001953125,-0.064453125,0.025390625,-0.0390625,0.0,0.0,0.0
1725304119,1379047,0,1.00390625,-0.05078125,0.01171875,-0.0390625,0.0,0.0,0.0
1725305371,1379048,0,1.001953125,-0.037109375,0.009765625,-0.02734375,0.0,0.0,0.0
1725306622,1379049,0,1.00390625,-0.02734375,0.0078125,-0.01953125,0.0,0.0,0.0
1725307874,1379050,0,1.00390625,-0.015625,0.0,-0.015625,0.0,0.0,0.0
1725309124,1379051,0,1.00390625,-0.0078125,0.0,-0.0078125,0.0,0.0,0.0
1725310375,1379052,0,1.00390625,0.0,0.0,0.0,0.0,0.0,0.0
1725311625,1379053,0,1.009765625,0.015625,-0.01171875,0.00390625,0.0,0.0,0.0
1725312877,1379054,0,0.994140625,0.03125,-0.009765625,0.021484375,0.0,0.0,0.0
1725314127,1379055,0,1.00390625,0.037109375,-0.03125,0.005859375,0.0,0.0,0.0
1725315377,1379056,0,0.998046875,0.046875,-0.021484375,0.025390625,0.0,0.0,0.0
1725316629,1379057,0,1.0,0.056640625,-0.025390625,0.03125,0.0,0.0,0.0
1725317879,1379058,0,1.001953125,0.05859375,-0.021484375,0.037109375,0.0,0.0,0.0
1725319130,1379059,0,1.005859375,0.07421875,-0.033203125,0.041015625,0.0,0.0,0.0
1725320381,1379060,0,0.994140625,0.07421875,-0.037109375,0.037109375,0.0,0.0,0.0
1725321631,1379061,0,1.0,0.08203125,-0.03515625,0.046875,0.0,0.0,0.0
1725322882,1379062,0,1.0,0.08203125,-0.033203125,0.048828125,0.0,0.0,0.0
1725324133,1379063,0,0.998046875,0.083984375,-0.037109375,0.046875,0.0,0.0,0.0
1725325384,1379064,0,1.0,0.08203125,-0.03515625,0.046875,0.0,0.0,0.0
1725326635,1379065,0,1.005859375,0.0859375,-0.033203125,0.052734375,0.0,0.0,0.0
1725327885,1379066,0,1.0078125,0.08203125,-0.03515625,0.046875,0.0,0.0,0.0
1725329136,1379067,0,1.009765625,0.078125,-0.02734375,0.05078125,0.0,0.0,0.0
1725330387,1379068,0,1.001953125,0.08203125,-0.03515625,0.046875,0.0,0.0,0.0
1725331638,1379069,0,1.005859375,0.072265625,-0.029296875,0.04296875,0.0,0.0,0.0
1725332889,1379070,0,1.005859375,0.0703125,-0.033203125,0.037109375,0.0,0.0,0.0
1725334140,1379071,0,1.00390625,0.0625,-0.025390625,0.037109375,0.0,0.0,0.0
1725335392,1379072,0,1.001953125,0.056640625,-0.03125,0.025390625,0.0,0.0,0.0
1725336642,1379073,0,1.00390625,0.04296875,-0.01953125,0.0234375,0.0,0.0,0.0
1725337894,1379074,0,1.0078125,0.044921875,-0.033203125,0.01171875,0.0,0.0,0.0
1725339145,1379075,0,1.005859375,0.029296875,-0.025390625,0.00390625,0.0,0.0,0.0
1725340395,1379076,0,1.001953125,0.03125,-0.01171875,0.01953125,0.0,0.0,0.0
1725341646,1379077,0,1.0,0.0234375,-0.01171875,0.01171875,0.0,0.0,0.0
1725342898,1379078,0,1.00390625,0.01171875,-0.013671875,-0.001953125,0.0,0.0,0.0
1725344149,1379079,0,1.001953125,0.00390625,-0.001953125,0.001953125,0.0,0.0,0.0
1725345400,1379080,0,1.009765625,-0.005859375,-0.00390625,-0.009765625,0.0,0.0,0.0
1725346651,1379081,0,1.0,-0.01953125,-0.001953125,-0.021484375,0.0,0.0,0.0
1725347902,1379082,0,1.005859375,-0.01953125,0.001953125,-0.017578125,0.0,0.0,0.0
1725349154,1379083,0,1.005859375,-0.029296875,-0.001953125,-0.03125,0.0,0.0,0.0
1725350405,1379084,0,1.005859375,-0.03515625,0.005859375,-0.029296875,0.0,0.0,0.0
1725351657,1379085,0,1.001953125,-0.044921875,0.009765625,-0.03515625,0.0,0.0,0.0
1725352907,1379086,0,1.00390625,-0.048828125,0.0078125,-0.041015625,0.0,0.0,0.0
1725354158,1379087,0,1.005859375,-0.052734375,0.0078125,-0.044921875,0.0,0.0,0.0
1725355409,1379088,0,1.0078125,-0.05859375,0.009765625,-0.048828125,0.0,0.0,0.0
1725356660,1379089,0,1.001953125,-0.05859375,0.015625,-0.04296875,0.0,0.0,0.0
1725357911,1379090,0,1.0,-0.060546875,0.01171875,-0.048828125,0.0,0.0,0.0
1725359161,1379091,0,1.00390625,-0.07421875,0.013671875,-0.060546875,0.0,0.0,0.0
1725360412,1379092,0,1.0,-0.06640625,0.015625,-0.05078125,0.0,0.0,0.0
1725361664,1379093,0,1.009765625,-0.068359375,0.01171875,-0.056640625,0.0,0.0,0.0
1725362915,1379094,0,1.0,-0.06640625,0.01953125,-0.046875,0.0,0.0,0.0
1725364166,1379095,0,1.0078125,-0.05859375,0.015625,-0.04296875,0.0,0.0,0.0
1725365417,1379096,0,1.00390625,-0.06640625,0.0078125,-0.05859375,0.0,0.0,0.0
1725366668,1379097,0,1.0078125,-0.072265625,0.009765625,-0.0625,0.0,0.0,0.0
1725367920,1379098,0,1.0,-0.060546875,0.01171875,-0.048828125,0.0,0.0,0.0
1725369172,1379099,0,1.0078125,-0.0546875,0.013671875,-0.041015625,0.0,0.0,0.0
1725370422,1379100,0,1.00390625,-0.060546875,0.009765625,-0.05078125,0.0,0.0,0.0
1725371673,1379101,0,1.0,-0.044921875,0.009765625,-0.03515625,0.0,0.0,0.0
1725372924,1379102,0,1.0078125,-0.04296875,0.0078125,-0.03515625,0.0,0.0,0.0
1725374174,1379103,0,1.0078125,-0.037109375,0.01171875,-0.025390625,0.0,0.0,0.0
1725375425,1379104,0,1.005859375,-0.033203125,0.0078125,-0.025390625,0.0,0.0,0.0
1725376676,1379105,0,1.009765625,-0.03125,0.0,-0.03125,0.0,0.0,0.0
1725377927,1379106,0,1.009765625,-0.025390625,0.00390625,-0.021484375,0.0,0.0,0.0
1725379177,1379107,0,1.005859375,-0.017578125,0.001953125,-0.015625,0.0,0.0,0.0
1725380427,1379108,0,1.001953125,-0.013671875,0.001953125,-0.01171875,0.0,0.0,0.0
1725381679,1379109,0,1.001953125,-0.009765625,0.0,-0.009765625,0.0,0.0,0.0
1725382929,1379110,0,1.001953125,0.0,-0.001953125,-0.001953125,0.0,0.0,0.0
1725384179,1379111,0,1.00390625,0.005859375,-0.001953125,0.00390625,0.0,0.0,0.0
1725385431,1379112,0,1.001953125,0.001953125,-0.001953125,0.0,0.0,0.0,0.0
1725386681,1379113,0,1.0,0.01953125,-0.00390625,0.015625,0.0,0.0,0.0
1725387932,1379114,0,1.005859375,0.013671875,-0.00390625,0.009765625,0.0,0.0,0.0
1725389182,1379115,0,1.009765625,0.021484375,-0.0078125,0.013671875,0.0,0.0,0.0
1725390432,1379116,0,1.00390625,0.029296875,-0.009765625,0.01953125,0.0,0.0,0.0
1725391684,1379117,0,1.005859375,0.02734375,-0.015625,0.01171875,0.0,0.0,0.0
1725392934,1379118,0,0.99609375,0.033203125,-0.001953125,0.03125,0.0,0.0,0.0
1725394184,1379119,0,1.0078125,0.033203125,-0.01171875,0.021484375,0.0,0.0,0.0
1725395436,1379120,0,1.00390625,0.0390625,-0.005859375,0.033203125,0.0,0.0,0.0
1725396686,1379121,0,1.017578125,0.037109375,-0.015625,0.021484375,0.0,0.0,0.0
1725397937,1379122,0,1.017578125,0.041015625,-0.0078125,0.033203125,0.0,0.0,0.0
1725399188,1379123,0,1.01171875,0.037109375,-0.009765625,0.02734375,0.0,0.0,0.0
1725400439,1379124,0,1.001953125,0.033203125,-0.005859375,0.02734375,0.0,0.0,0.0
1725401691,1379125,0,1.005859375,0.033203125,-0.0078125,0.025390625,0.0,0.0,0.0
1725402942,1379126,0,1.0,0.03515625,-0.015625,0.01953125,0.0,0.0,0.0
1725404192,1379127,0,1.00390625,0.02734375,-0.009765625,0.017578125,0.0,0.0,0.0
1725405443,1379128,0,1.0,0.02734375,-0.01171875,0.015625,0.0,0.0,0.0
1725406695,1379129,0,1.001953125,0.0234375,-0.0078125,0.015625,0.0,0.0,0.0
1725407945,1379130,0,1.005859375,0.017578125,-0.01171875,0.005859375,0.0,0.0,0.0
1725409197,1379131,0,1.0078125,0.013671875,-0.009765625,0.00390625,0.0,0.0,0.0
1725410448,1379132,0,1.0078125,0.01171875,-0.005859375,0.005859375,0.0,0.0,0.0
1725411698,1379133,0,1.001953125,0.005859375,-0.0078125,-0.001953125,0.0,0.0,0.0
1725412949,1379134,0,1.001953125,0.0,-0.0078125,-0.0078125,0.0,0.0,0.0
1725414199,1379135,0,0.998046875,-0.001953125,-0.013671875,-0.015625,0.0,0.0,0.0
1725415449,1379136,0,1.0,-0.001953125,-0.00390625,-0.005859375,0.0,0.0,0.0
1725416701,1379137,0,1.005859375,-0.013671875,-0.0078125,-0.021484375,0.0,0.0,0.0
1725417951,1379138,0,1.005859375,-0.013671875,-0.01171875,-0.025390625,0.0,0.0,0.0
1725419202,1379139,0,1.0078125,-0.0234375,-0.00390625,-0.02734375,0.0,0.0,0.0
1725420453,1379140,0,1.0,-0.021484375,0.001953125,-0.01953125,0.0,0.0,0.0
1725421704,1379141,0,1.005859375,-0.0234375,0.0,-0.0234375,0.0,0.0,0.0
1725422954,1379142,0,0.990234375,-0.0234375,0.0,-0.0234375,0.0,0.0,0.0
1725424205,1379143,0,0.998046875,-0.03125,0.0,-0.03125,0.0,0.0,0.0
1725425457,1379144,0,1.00390625,-0.029296875,-0.00390625,-0.033203125,0.0,0.0,0.0
1725426707,1379145,0,1.001953125,-0.037109375,-0.0078125,-0.044921875,0.0,0.0,0.0
1725427959,1379146,0,1.013671875,-0.037109375,0.0,-0.037109375,0.0,0.0,0.0
1725429209,1379147,0,1.00390625,-0.03515625,0.00390625,-0.03125,0.0,0.0,0.0
1725430460,1379148,0,1.001953125,-0.0390625,0.00390625,-0.03515625,0.0,0.0,0.0
1725431711,1379149,0,1.00390625,-0.03515625,0.00390625,-0.03125,0.0,0.0,0.0
1725432961,1379150,0,1.001953125,-0.0390625,0.00390625,-0.03515625,0.0,0.0,0.0
1725434211,1379151,0,1.001953125,-0.04296875,0.005859375,-0.037109375,0.0,0.0,0.0
1725435461,1379152,0,1.001953125,-0.04296875,0.005859375,-0.037109375,0.0,0.0,0.0
1725436712,1379153,0,1.0,-0.037109375,0.0,-0.037109375,0.0,0.0,0.0
1725437962,1379154,0,1.0078125,-0.03515625,0.001953125,-0.033203125,0.0,0.0,0.0
1725439212,1379155,0,1.005859375,-0.03515625,0.001953125,-0.033203125,0.0,0.0,0.0
1725440463,1379156,0,1.001953125,-0.03125,0.00390625,-0.02734375,0.0,0.0,0.0
1725441713,1379157,0,1.0078125,-0.03125,0.0078125,-0.0234375,0.0,0.0,0.0
1725442965,1379158,0,1.00390625,-0.033203125,0.005859375,-0.02734375,0.0,0.0,0.0
1725444216,1379159,0,1.00390625,-0.033203125,0.0,-0.033203125,0.0,0.0,0.0
1725445468,1379160,0,1.0078125,-0.025390625,0.001953125,-0.0234375,0.0,0.0,0.0
1725446718,1379161,0,0.99609375,-0.0234375,0.0078125,-0.015625,0.0,0.0,0.0
1725447970,1379162,0,0.99609375,-0.015625,0.00390625,-0.01171875,0.0,0.0,0.0
1725449221,1379163,0,0.99609375,-0.01953125,0.001953125,-0.017578125,0.0,0.0,0.0
1725450471,1379164,0,1.009765625,-0.015625,-0.005859375,-0.021484375,0.0,0.0,0.0
1725451722,1379165,0,1.017578125,-0.015625,0.001953125,-0.013671875,0.0,0.0,0.0
1725452973,1379166,0,1.0,-0.005859375,-0.001953125,-0.0078125,0.0,0.0,0.0
1725454225,1379167,0,1.001953125,-0.005859375,0.001953125,-0.00390625,0.0,0.0,0.0
1725455477,1379168,0,1.0078125,0.001953125,0.001953125,0.00390625,0.0,0.0,0.0
1725456728,1379169,0,1.00390625,0.00390625,-0.00390625,0.0,0.0,0.0,0.0
1725457978,1379170,0,1.0,0.0078125,0.0,0.0078125,0.0,0.0,0.0
1725459229,1379171,0,1.00390625,0.01171875,-0.001953125,0.009765625,0.0,0.0,0.0
1725460481,1379172,0,1.005859375,0.013671875,-0.00390625,0.009765625,0.0,0.0,0.0
1725461731,1379173,0,1.0078125,0.015625,-0.001953125,0.013671875,0.0,0.0,0.0
1725462982,1379174,0,1.0078125,0.01953125,-0.001953125,0.017578125,0.0,0.0,0.0
1725464233,1379175,0,0.998046875,0.013671875,-0.001953125,0.01171875,0.0,0.0,0.0
1725465483,1379176,0,1.0078125,0.013671875,-0.0078125,0.005859375,0.0,0.0,0.0
1725466734,1379177,0,1.005859375,0.015625,-0.009765625,0.005859375,0.0,0.0,0.0
1725467984,1379178,0,1.0078125,0.017578125,-0.0078125,0.009765625,0.0,0.0,0.0
1725469235,1379179,0,1.005859375,0.01953125,-0.00390625,0.015625,0.0,0.0,0.0
1725470486,1379180,0,1.005859375,0.017578125,0.0,0.017578125,0.0,0.0,0.0
1725471736,1379181,0,1.0078125,0.015625,-0.013671875,0.001953125,0.0,0.0,0.0
1725472987,1379182,0,1.013671875,0.01953125,-0.005859375,0.013671875,0.0,0.0,0.0
1725474238,1379183,0,1.005859375,0.01953125,-0.013671875,0.005859375,0.0,0.0,0.0
1725475489,1379184,0,0.998046875,0.01953125,-0.0078125,0.01171875,0.0,0.0,0.0
1725476739,1379185,0,1.001953125,0.009765625,0.0,0.009765625,0.0,0.0,0.0
1725477990,1379186,0,1.01171875,0.013671875,-0.00390625,0.009765625,0.0,0.0,0.0
1725479241,1379187,0,0.998046875,0.00390625,-0.00390625,0.0,0.0,0.0,0.0
1725480492,1379188,0,1.001953125,0.009765625,-0.009765625,0.0,0.0,0.0,0.0
1725481742,1379189,0,0.99609375,0.0,-0.001953125,-0.001953125,0.0,0.0,0.0
1725482993,1379190,0,1.0,0.001953125,-0.001953125,0.0,0.0,0.0,0.0
1725484244,1379191,0,1.00390625,-0.005859375,-0.00390625,-0.009765625,0.0,0.0,0.0
1725485494,1379192,0,1.0078125,-0.005859375,-0.0078125,-0.013671875,0.0,0.0,0.0
1725486746,1379193,0,1.005859375,-0.01171875,-0.001953125,-0.013671875,0.0,0.0,0.0
1725487997,1379194,0,0.998046875,-0.009765625,-0.00390625,-0.013671875,0.0,0.0,0.0
1725489248,1379195,0,1.005859375,-0.015625,-0.00390625,-0.01953125,0.0,0.0,0.0
1725490499,1379196,0,1.001953125,-0.017578125,0.0,-0.017578125,0.0,0.0,0.0
1725491750,1379197,0,1.0078125,-0.0234375,-0.00390625,-0.02734375,0.0,0.0,0.0
1725493001,1379198,0,1.001953125,-0.017578125,-0.001953125,-0.01953125,0.0,0.0,0.0
1725494252,1379199,0,1.0078125,-0.021484375,0.0,-0.021484375,0.0,0.0,0.0
1725495502,1379200,0,1.009765625,-0.029296875,0.0,-0.029296875,0.0,0.0,0.0
1725496753,1379201,0,1.0078125,-0.0234375,-0.00390625,-0.02734375,0.0,0.0,0.0
1725498004,1379202,0,1.009765625,-0.029296875,0.001953125,-0.02734375,0.0,0.0,0.0
1725499255,1379203,0,1.0078125,-0.03125,-0.001953125,-0.033203125,0.0,0.0,0.0
1725500505,1379204,0,1.005859375,-0.03515625,-0.001953125,-0.037109375,0.0,0.0,0.0
1725501756,1379205,0,1.015625,-0.033203125,-0.00390625,-0.037109375,0.0,0.0,0.0
1725503008,1379206,0,0.994140625,-0.03125,-0.005859375,-0.037109375,0.0,0.0,0.0
1725504258,1379207,0,1.001953125,-0.029296875,-0.009765625,-0.0390625,0.0,0.0,0.0
1725505509,1379208,0,1.0078125,-0.03125,-0.001953125,-0.033203125,0.0,0.0,0.0
1725506759,1379209,0,1.005859375,-0.03125,0.00390625,-0.02734375,0.0,0.0,0.0
1725508010,1379210,0,1.001953125,-0.029296875,0.005859375,-0.0234375,0.0,0.0,0.0
1725509261,1379211,0,1.00390625,-0.02734375,0.005859375,-0.021484375,0.0,0.0,0.0
1725510513,1379212,0,1.001953125,-0.025390625,0.001953125,-0.0234375,0.0,0.0,0.0
1725511764,1379213,0,1.0078125,-0.02734375,0.00390625,-0.0234375,0.0,0.0,0.0
1725513015,1379214,0,1.00390625,-0.021484375,0.00390625,-0.017578125,0.0,0.0,0.0
1725514270,1379215,0,1.00390625,-0.021484375,0.005859375,-0.015625,0.0,0.0,0.0
1725515521,1379216,0,1.005859375,-0.017578125,0.005859375,-0.01171875,0.0,0.0,0.0
1725516772,1379217,0,1.001953125,-0.01953125,0.001953125,-0.017578125,0.0,0.0,0.0
1725518024,1379218,0,1.0078125,-0.013671875,0.00390625,-0.009765625,0.0,0.0,0.0
1725519275,1379219,0,1.00390625,-0.013671875,0.0,-0.013671875,0.0,0.0,0.0
1725520527,1379220,0,1.00390625,-0.01171875,0.0078125,-0.00390625,0.0,0.0,0.0
1725521778,1379221,0,1.001953125,-0.005859375,0.0,-0.005859375,0.0,0.0,0.0
1725523028,1379222,0,1.0,-0.0078125,-0.00390625,-0.01171875,0.0,0.0,0.0
1725524279,1379223,0,1.001953125,-0.00390625,-0.005859375,-0.009765625,0.0,0.0,0.0
1725525530,1379224,0,1.009765625,-0.00390625,0.00390625,0.0,0.0,0.0,0.0
1725526782,1379225,0,0.99609375,-0.001953125,0.00390625,0.001953125,0.0,0.0,0.0
1725528032,1379226,0,1.013671875,-0.001953125,0.00390625,0.001953125,0.0,0.0,0.0
1725529282,1379227,0,1.005859375,0.00390625,0.0,0.00390625,0.0,0.0,0.0
1725530532,1379228,0,1.01171875,0.0078125,0.005859375,0.013671875,0.0,0.0,0.0
1725531783,1379229,0,1.0,0.00390625,-0.01171875,-0.0078125,0.0,0.0,0.0
1725533034,1379230,0,1.0,0.0078125,-0.009765625,-0.001953125,0.0,0.0,0.0
1725534285,1379231,0,1.0,0.01171875,-0.00390625,0.0078125,0.0,0.0,0.0
1725535537,1379232,0,1.005859375,0.015625,-0.001953125,0.013671875,0.0,0.0,0.0
1725536789,1379233,0,1.005859375,0.015625,-0.00390625,0.01171875,0.0,0.0,0.0
1725538039,1379234,0,1.005859375,0.0078125,-0.005859375,0.001953125,0.0,0.0,0.0
1725539290,1379235,0,1.00390625,0.009765625,-0.013671875,-0.00390625,0.0,0.0,0.0
1725540541,1379236,0,1.001953125,0.013671875,-0.001953125,0.01171875,0.0,0.0,0.0
1725541792,1379237,0,1.005859375,0.009765625,-0.005859375,0.00390625,0.0,0.0,0.0
1725543042,1379238,0,1.001953125,0.01171875,-0.00390625,0.0078125,0.0,0.0,0.0
1725544294,1379239,0,1.001953125,0.009765625,-0.001953125,0.0078125,0.0,0.0,0.0
1725545545,1379240,0,1.0,0.015625,-0.0078125,0.0078125,0.0,0.0,0.0
1725546795,1379241,0,0.998046875,0.01171875,-0.0078125,0.00390625,0.0,0.0,0.0
1725548047,1379242,0,1.00390625,0.005859375,-0.005859375,0.0,0.0,0.0,0.0
1725549298,1379243,0,1.0078125,0.0078125,-0.005859375,0.001953125,0.0,0.0,0.0
1725550549,1379244,0,1.005859375,0.001953125,-0.001953125,0.0,0.0,0.0,0.0
1725551800,1379245,0,1.00390625,0.00390625,-0.00390625,0.0,0.0,0.0,0.0
1725553050,1379246,0,1.00390625,0.0,-0.00390625,-0.00390625,0.0,0.0,0.0
1725554301,1379247,0,1.00390625,-0.00390625,-0.00390625,-0.0078125,0.0,0.0,0.0
1725555552,1379248,0,1.009765625,-0.00390625,-0.0078125,-0.01171875,0.0,0.0,0.0
1725556803,1379249,0,1.009765625,-0.01171875,-0.001953125,-0.013671875,0.0,0.0,0.0
1725558053,1379250,0,0.998046875,-0.009765625,-0.00390625,-0.013671875,0.0,0.0,0.0
1725559305,1379251,0,1.0078125,-0.015625,-0.005859375,-0.021484375,0.0,0.0,0.0
1725560557,1379252,0,1.001953125,-0.015625,0.0,-0.015625,0.0,0.0,0.0
1725561808,1379253,0,1.00390625,-0.017578125,-0.0078125,-0.025390625,0.0,0.0,0.0
1725563059,1379254,0,1.0078125,-0.01953125,-0.001953125,-0.021484375,0.0,0.0,0.0
1725564310,1379255,0,1.001953125,-0.01953125,-0.001953125,-0.021484375,0.0,0.0,0.0
1725565562,1379256,0,1.009765625,-0.01953125,-0.009765625,-0.029296875,0.0,0.0,0.0
1725566812,1379257,0,1.00390625,-0.01953125,0.00390625,-0.015625,0.0,0.0,0.0
1725568064,1379258,0,1.001953125,-0.021484375,-0.001953125,-0.0234375,0.0,0.0,0.0
1725569314,1379259,0,1.001953125,-0.02734375,-0.00390625,-0.03125,0.0,0.0,0.0
1725570565,1379260,0,1.001953125,-0.02734375,-0.001953125,-0.029296875,0.0,0.0,0.0
1725571816,1379261,0,1.0078125,-0.021484375,-0.001953125,-0.0234375,0.0,0.0,0.0
1725573066,1379262,0,1.001953125,-0.02734375,-0.0078125,-0.03515625,0.0,0.0,0.0
1725574317,1379263,0,1.0078125,-0.025390625,0.005859375,-0.01953125,0.0,0.0,0.0
1725575569,1379264,0,1.009765625,-0.0234375,0.0,-0.0234375,0.0,0.0,0.0
1725576819,1379265,0,1.009765625,-0.03125,0.00390625,-0.02734375,0.0,0.0,0.0
1725578070,1379266,0,0.998046875,-0.029296875,0.009765625,-0.01953125,0.0,0.0,0.0
1725579321,1379267,0,1.0078125,-0.02734375,0.0,-0.02734375,0.0,0.0,0.0
1725580571,1379268,0,1.005859375,-0.021484375,0.001953125,-0.01953125,0.0,0.0,0.0
1725581822,1379269,0,1.009765625,-0.02734375,0.0,-0.02734375,0.0,0.0,0.0
1725583074,1379270,0,1.005859375,-0.01953125,0.0078125,-0.01171875,0.0,0.0,0.0
1725584324,1379271,0,1.00390625,-0.021484375,0.00390625,-0.017578125,0.0,0.0,0.0
1725585575,1379272,0,1.009765625,-0.017578125,0.00390625,-0.013671875,0.0,0.0,0.0
1725586827,1379273,0,0.994140625,-0.013671875,0.0078125,-0.005859375,0.0,0.0,0.0
1725588077,1379274,0,1.005859375,-0.013671875,0.005859375,-0.0078125,0.0,0.0,0.0
1725589328,1379275,0,1.00390625,-0.009765625,0.005859375,-0.00390625,0.0,0.0,0.0
1725590580,1379276,0,1.005859375,-0.01171875,0.0,-0.01171875,0.0,0.0,0.0
1725591832,1379277,0,1.001953125,-0.00390625,-0.00390625,-0.0078125,0.0,0.0,0.0
1725593082,1379278,0,1.005859375,-0.0078125,0.001953125,-0.005859375,0.0,0.0,0.0
1725594333,1379279,0,1.005859375,-0.005859375,-0.001953125,-0.0078125,0.0,0.0,0.0
1725595585,1379280,0,1.001953125,-0.00390625,0.0,-0.00390625,0.0,0.0,0.0
1725596835,1379281,0,1.00390625,-0.00390625,0.0,-0.00390625,0.0,0.0,0.0
1725598086,1379282,0,1.005859375,-0.001953125,-0.00390625,-0.005859375,0.0,0.0,0.0
1725599338,1379283,0,1.005859375,-0.00390625,-0.001953125,-0.005859375,0.0,0.0,0.0
1725600589,1379284,0,0.998046875,0.001953125,-0.00390625,-0.001953125,0.0,0.0,0.0
1725601840,1379285,0,1.0,0.005859375,-0.0078125,-0.001953125,0.0,0.0,0.0
1725603092,1379286,0,1.001953125,0.001953125,-0.013671875,-0.01171875,0.0,0.0,0.0
1725604343,1379287,0,1.0078125,-0.001953125,-0.01171875,-0.013671875,0.0,0.0,0.0
1725605594,1379288,0,1.005859375,0.005859375,-0.005859375,0.0,0.0,0.0,0.0
1725606845,1379289,0,1.017578125,0.001953125,-0.0078125,-0.005859375,0.0,0.0,0.0
1725608096,1379290,0,1.001953125,0.0,-0.005859375,-0.005859375,0.0,0.0,0.0
1725609346,1379291,0,0.998046875,0.00390625,0.001953125,0.005859375,0.0,0.0,0.0
1725610598,1379292,0,0.99609375,0.0078125,-0.013671875,-0.005859375,0.0,0.0,0.0
1725611849,1379293,0,0.998046875,0.005859375,-0.001953125,0.00390625,0.0,0.0,0.0
1725613099,1379294,0,1.00390625,0.005859375,-0.0078125,-0.001953125,0.0,0.0,0.0
1725614350,1379295,0,1.005859375,0.0,-0.005859375,-0.005859375,0.0,0.0,0.0
1725615601,1379296,0,1.00390625,0.005859375,-0.01171875,-0.005859375,0.0,0.0,0.0
1725616852,1379297,0,1.001953125,0.005859375,-0.009765625,-0.00390625,0.0,0.0,0.0
1725618103,1379298,0,1.0078125,0.0,-0.005859375,-0.005859375,0.0,0.0,0.0
1725619354,1379299,0,1.00390625,-0.001953125,-0.009765625,-0.01171875,0.0,0.0,0.0
1725620605,1379300,0,1.01171875,-0.00390625,-0.0078125,-0.01171875,0.0,0.0,8.833648440850307e-32
1725623107,1379302,0,1.001953125,-0.005859375,-0.009765625,-0.015625,0.0,0.0,0.0
1725624357,1379303,0,1.00390625,-0.005859375,-0.0078125,-0.013671875,0.0,0.0,0.0
1725625607,1379304,0,1.0,-0.0078125,-0.01171875,-0.01953125,0.0,0.0,0.0
1725626859,1379305,0,1.001953125,-0.009765625,-0.005859375,-0.015625,0.0,0.0,0.0
1725628109,1379306,0,1.00390625,-0.013671875,-0.005859375,-0.01953125,0.0,0.0,0.0
1725629361,1379307,0,1.0078125,-0.013671875,-0.00390625,-0.017578125,0.0,0.0,0.0
1725630611,1379308,0,1.001953125,-0.017578125,0.001953125,-0.015625,0.0,0.0,0.0
1725631861,1379309,0,1.0078125,-0.01171875,-0.00390625,-0.015625,0.0,0.0,0.0
1725633113,1379310,0,1.001953125,-0.015625,-0.005859375,-0.021484375,0.0,0.0,0.0
1725634364,1379311,0,1.001953125,-0.01953125,-0.00390625,-0.0234375,0.0,0.0,0.0
1725635616,1379312,0,0.998046875,-0.025390625,-0.005859375,-0.03125,0.0,0.0,0.0
1725636866,1379313,0,1.01171875,-0.015625,-0.001953125,-0.017578125,0.0,0.0,0.0
1725638118,1379314,0,1.0,-0.01953125,-0.001953125,-0.021484375,0.0,0.0,0.0
1725639368,1379315,0,1.005859375,-0.0234375,-0.001953125,-0.025390625,0.0,0.0,0.0
1725640619,1379316,0,1.001953125,-0.017578125,0.001953125,-0.015625,0.0,0.0,0.0
1725641869,1379317,0,1.0078125,-0.02734375,0.001953125,-0.025390625,0.0,0.0,0.0
1725643119,1379318,0,1.0078125,-0.017578125,0.00390625,-0.013671875,0.0,0.0,0.0
1725644371,1379319,0,1.0,-0.025390625,-0.001953125,-0.02734375,0.0,0.0,0.0
1725645622,1379320,0,1.0078125,-0.021484375,-0.0078125,-0.029296875,0.0,0.0,0.0
1725646874,1379321,0,1.001953125,-0.025390625,0.001953125,-0.0234375,0.0,0.0,0.0
1725648124,1379322,0,0.998046875,-0.015625,0.001953125,-0.013671875,0.0,0.0,0.0
1725649375,1379323,0,1.009765625,-0.01953125,0.001953125,-0.017578125,0.0,0.0,0.0
1725650625,1379324,0,1.00390625,-0.01953125,-0.001953125,-0.021484375,0.0,0.0,0.0
1725651877,1379325,0,1.001953125,-0.017578125,0.001953125,-0.015625,0.0,0.0,0.0
1725653127,1379326,0,1.00390625,-0.01953125,0.00390625,-0.015625,0.0,0.0,0.0
1725654377,1379327,0,1.005859375,-0.013671875,0.001953125,-0.01171875,0.0,0.0,0.0
1725655629,1379328,0,1.005859375,-0.017578125,0.00390625,-0.013671875,0.0,0.0,0.0
1725656879,1379329,0,1.005859375,-0.01171875,0.00390625,-0.0078125,0.0,0.0,0.0
1725658130,1379330,0,1.005859375,-0.0078125,0.00390625,-0.00390625,0.0,0.0,0.0
1725659381,1379331,0,1.005859375,-0.009765625,0.005859375,-0.00390625,0.0,0.0,0.0
1725660631,1379332,0,1.00390625,-0.0078125,0.005859375,-0.001953125,0.0,0.0,0.0
1725661882,1379333,0,1.005859375,-0.0078125,0.001953125,-0.005859375,0.0,0.0,0.0
1725663133,1379334,0,1.009765625,-0.005859375,0.005859375,0.0,0.0,0.0,0.0
1725664384,1379335,0,1.0078125,-0.00390625,0.00390625,0.0,0.0,0.0,0.0
1725665635,1379336,0,1.00390625,-0.001953125,0.005859375,0.00390625,0.0,0.0,0.0
1725666885,1379337,0,1.005859375,-0.00390625,-0.00390625,-0.0078125,0.0,0.0,0.0
1725668136,1379338,0,1.005859375,0.0,0.001953125,0.001953125,0.0,0.0,0.0
1725669387,1379339,0,1.0,-0.001953125,-0.00390625,-0.005859375,0.0,0.0,0.0
1725670638,1379340,0,1.001953125,0.00390625,0.00390625,0.0078125,0.0,0.0,0.0
1725671889,1379341,0,1.0078125,0.001953125,0.0,0.001953125,0.0,0.0,0.0
1725673141,1379342,0,1.00390625,0.001953125,0.0,0.001953125,0.0,0.0,0.0
1725674392,1379343,0,1.0,0.0078125,-0.005859375,0.001953125,0.0,0.0,0.0
1725675642,1379344,0,1.005859375,0.005859375,-0.00390625,0.001953125,0.0,0.0,0.0
1725676893,1379345,0,1.00390625,0.00390625,-0.00390625,0.0,0.0,0.0,0.0
1725678143,1379346,0,1.009765625,0.005859375,-0.009765625,-0.00390625,0.0,0.0,0.0
1725679394,1379347,0,1.005859375,0.00390625,-0.0078125,-0.00390625,0.0,0.0,0.0
1725680645,1379348,0,1.005859375,0.0,-0.0078125,-0.0078125,0.0,0.0,0.0
1725681895,1379349,0,1.005859375,0.00390625,-0.00390625,0.0,0.0,0.0,0.0
1725683145,1379350,0,1.001953125,0.0078125,0.0,0.0078125,0.0,0.0,0.0
1725684395,1379351,0,1.005859375,-0.005859375,-0.0078125,-0.013671875,0.0,0.0,0.0
1725685646,1379352,0,1.0,0.001953125,-0.005859375,-0.00390625,0.0,0.0,0.0
1725686898,1379353,0,1.00390625,0.0,-0.015625,-0.015625,0.0,0.0,0.0
1725688149,1379354,0,1.005859375,-0.001953125,-0.0234375,-0.025390625,0.0,0.0,0.0
1725689400,1379355,0,1.0,0.0,-0.00390625,-0.00390625,0.0,0.0,0.0
1725690651,1379356,0,0.998046875,0.0,-0.001953125,-0.001953125,0.0,0.0,0.0
1725691902,1379357,0,1.0,0.0,-0.0078125,-0.0078125,0.0,0.0,0.0
1725693154,1379358,0,0.99609375,-0.0078125,-0.0078125,-0.015625,0.0,0.0,0.0
1725694405,1379359,0,1.001953125,-0.005859375,-0.005859375,-0.01171875,0.0,0.0,0.0
1725695657,1379360,0,1.001953125,-0.0078125,-0.0078125,-0.015625,0.0,0.0,0.0
1725696907,1379361,0,1.001953125,-0.0078125,-0.009765625,-0.017578125,0.0,0.0,0.0
1725698158,1379362,0,1.005859375,-0.0078125,-0.00390625,-0.01171875,0.0,0.0,0.0
1725699409,1379363,0,1.001953125,-0.013671875,-0.009765625,-0.0234375,0.0,0.0,0.0
1725700660,1379364,0,1.005859375,-0.015625,-0.0078125,-0.0234375,0.0,0.0,0.0
1725701911,1379365,0,1.00390625,-0.013671875,-0.009765625,-0.0234375,0.0,0.0,0.0
1725703161,1379366,0,1.0078125,-0.015625,-0.001953125,-0.017578125,0.0,0.0,0.0
1725704412,1379367,0,1.0,-0.015625,-0.005859375,-0.021484375,0.0,0.0,0.0
1725705664,1379368,0,1.005859375,-0.013671875,-0.01171875,-0.025390625,0.0,0.0,0.0
1725706915,1379369,0,1.0078125,-0.015625,-0.005859375,-0.021484375,0.0,0.0,0.0
1725708166,1379370,0,1.001953125,-0.01171875,0.0,-0.01171875,0.0,0.0,0.0
1725709417,1379371,0,1.0078125,-0.015625,-0.00390625,-0.01953125,0.0,0.0,0.0
1725710668,1379372,0,1.001953125,-0.015625,0.0,-0.015625,0.0,0.0,0.0
1725711920,1379373,0,1.005859375,-0.017578125,-0.001953125,-0.01953125,0.0,0.0,0.0
1725713172,1379374,0,0.998046875,-0.015625,0.0,-0.015625,0.0,0.0,0.0
1725714422,1379375,0,1.00390625,-0.021484375,-0.001953125,-0.0234375,0.0,0.0,0.0
1725715673,1379376,0,1.0078125,-0.013671875,-0.001953125,-0.015625,0.0,0.0,0.0
1725716924,1379377,0,1.01171875,-0.015625,0.009765625,-0.005859375,0.0,0.0,0.0
1725718174,1379378,0,1.005859375,-0.015625,0.001953125,-0.013671875,0.0,0.0,0.0
1725719425,1379379,0,1.00390625,-0.015625,-0.001953125,-0.017578125,0.0,0.0,0.0
1725720676,1379380,0,1.0078125,-0.013671875,0.0,-0.013671875,0.0,0.0,0.0
1725721927,1379381,0,1.00390625,-0.013671875,0.00390625,-0.009765625,0.0,0.0,0.0
1725723177,1379382,0,1.00390625,-0.0078125,0.0,-0.0078125,0.0,0.0,0.0
1725724427,1379383,0,0.998046875,-0.009765625,0.005859375,-0.00390625,0.0,0.0,0.0
1725725679,1379384,0,1.0078125,-0.01953125,0.005859375,-0.013671875,0.0,0.0,0.0
1725726929,1379385,0,1.0078125,-0.0078125,0.005859375,-0.001953125,0.0,0.0,0.0
1725728179,1379386,0,1.005859375,-0.009765625,0.0078125,-0.001953125,0.0,0.0,0.0
1725729431,1379387,0,1.0078125,-0.0078125,0.0078125,0.0,0.0,0.0,0.0
1725730681,1379388,0,1.001953125,-0.009765625,0.0078125,-0.001953125,0.0,0.0,0.0
1725731932,1379389,0,1.005859375,-0.00390625,0.005859375,0.001953125,0.0,0.0,0.0
1725733182,1379390,0,1.0,-0.005859375,0.001953125,-0.00390625,0.0,0.0,0.0
1725734432,1379391,0,1.00390625,-0.009765625,0.001953125,-0.0078125,0.0,0.0,0.0
1725735684,1379392,0,1.005859375,-0.00390625,0.0,-0.00390625,0.0,0.0,0.0
1725736934,1379393,0,1.0,-0.001953125,0.001953125,0.0,0.0,0.0,0.0
1725738184,1379394,0,1.0078125,0.0,-0.00390625,-0.00390625,0.0,0.0,0.0
1725739436,1379395,0,1.00390625,-0.001953125,0.0,-0.001953125,0.0,0.0,0.0
1725740686,1379396,0,1.0078125,0.0,0.001953125,0.001953125,0.0,0.0,0.0
1725741937,1379397,0,1.0,-0.001953125,-0.001953125,-0.00390625,0.0,0.0,0.0
1725743188,1379398,0,1.0078125,0.001953125,-0.009765625,-0.0078125,0.0,0.0,0.0
1725744439,1379399,0,1.0,-0.001953125,0.001953125,0.0,0.0,0.0,0.0
1725745691,1379400,0,1.0078125,0.0,-0.00390625,-0.00390625,0.0,0.0,0.0
1725746942,1379401,0,1.005859375,-0.001953125,0.001953125,0.0,0.0,0.0,0.0
1725748192,1379402,0,1.005859375,-0.001953125,-0.00390625,-0.005859375,0.0,0.0,0.0
1725749443,1379403,0,1.0,0.005859375,-0.017578125,-0.01171875,0.0,0.0,0.0
1725750695,1379404,0,1.005859375,0.0,-0.005859375,-0.005859375,0.0,0.0,0.0
1725751945,1379405,0,1.0078125,0.00390625,-0.001953125,0.001953125,0.0,0.0,0.0
1725753197,1379406,0,1.001953125,0.001953125,-0.0078125,-0.005859375,0.0,0.0,0.0
1725754448,1379407,0,1.0,-0.00390625,-0.005859375,-0.009765625,0.0,0.0,0.0
1725755698,1379408,0,1.001953125,0.0,-0.005859375,-0.005859375,0.0,0.0,0.0
1725756949,1379409,0,1.005859375,-0.00390625,-0.001953125,-0.005859375,0.0,0.0,0.0
1725758199,1379410,0,1.001953125,-0.001953125,-0.015625,-0.017578125,0.0,0.0,0.0
1725759449,1379411,0,1.005859375,-0.005859375,-0.0078125,-0.013671875,0.0,0.0,0.0
1725760701,1379412,0,1.005859375,-0.005859375,-0.0078125,-0.013671875,0.0,0.0,0.0
1725761951,1379413,0,1.005859375,-0.009765625,-0.009765625,-0.01953125,0.0,0.0,0.0
1725763202,1379414,0,0.998046875,-0.013671875,-0.005859375,-0.01953125,0.0,0.0,0.0
1725764453,1379415,0,1.0,-0.009765625,-0.00390625,-0.013671875,0.0,0.0,0.0
1725765704,1379416,0,1.0078125,-0.017578125,-0.01953125,-0.037109375,0.0,0.0,0.0
1725766954,1379417,0,1.001953125,-0.005859375,-0.005859375,-0.01171875,0.0,0.0,0.0
1725768205,1379418,0,1.0078125,-0.015625,-0.01171875,-0.02734375,0.0,0.0,0.0
1725769457,1379419,0,0.998046875,-0.013671875,-0.01171875,-0.025390625,0.0,0.0,0.0
1725770707,1379420,0,1.0078125,-0.009765625,-0.013671875,-0.0234375,0.0,0.0,0.0
1725771959,1379421,0,0.998046875,-0.015625,-0.009765625,-0.025390625,0.0,0.0,0.0
1725773209,1379422,0,1.013671875,-0.017578125,-0.005859375,-0.0234375,0.0,0.0,0.0
1725774460,1379423,0,1.005859375,-0.013671875,0.0,-0.013671875,0.0,0.0,0.0
1725775711,1379424,0,1.009765625,-0.01953125,-0.00390625,-0.0234375,0.0,0.0,0.0
1725776961,1379425,0,1.005859375,-0.017578125,0.001953125,-0.015625,0.0,0.0,0.0
1725778211,1379426,0,1.0078125,-0.017578125,0.00390625,-0.013671875,0.0,0.0,0.0
1725779461,1379427,0,1.001953125,-0.009765625,0.0,-0.009765625,0.0,0.0,0.0
1725780712,1379428,0,1.001953125,-0.01953125,-0.001953125,-0.021484375,0.0,0.0,0.0
1725781962,1379429,0,1.001953125,-0.01171875,0.001953125,-0.009765625,0.0,0.0,0.0
1725783212,1379430,0,1.005859375,-0.015625,-0.001953125,-0.017578125,0.0,0.0,0.0
1725784463,1379431,0,1.005859375,-0.015625,0.00390625,-0.01171875,0.0,0.0,0.0
1725785713,1379432,0,1.005859375,-0.015625,-0.001953125,-0.017578125,0.0,0.0,0.0
1725786965,1379433,0,1.005859375,-0.015625,0.005859375,-0.009765625,0.0,0.0,0.0
1725788216,1379434,0,1.001953125,-0.015625,-0.00390625,-0.01953125,0.0,0.0,0.0
1725789468,1379435,0,1.005859375,-0.005859375,0.001953125,-0.00390625,0.0,0.0,0.0
1725790718,1379436,0,1.00390625,-0.00390625,0.0,-0.00390625,0.0,0.0,0.0
1725791970,1379437,0,1.013671875,-0.0078125,0.001953125,-0.005859375,0.0,0.0,0.0
1725793221,1379438,0,1.001953125,-0.01171875,0.009765625,-0.001953125,0.0,0.0,0.0
1725794471,1379439,0,0.998046875,-0.01171875,0.0,-0.01171875,0.0,0.0,0.0
1725795722,1379440,0,1.001953125,-0.001953125,0.0,-0.001953125,0.0,0.0,0.0
1725796973,1379441,0,1.0,-0.013671875,0.01171875,-0.001953125,0.0,0.0,0.0
1725798225,1379442,0,1.0,-0.005859375,-0.00390625,-0.009765625,0.0,0.0,0.0
1725799477,1379443,0,1.00390625,-0.005859375,0.00390625,-0.001953125,0.0,0.0,0.0
1725800728,1379444,0,1.009765625,-0.0078125,0.0,-0.0078125,0.0,0.0,0.0
1725801978,1379445,0,1.009765625,-0.00390625,0.0,-0.00390625,0.0,0.0,0.0
1725803229,1379446,0,1.005859375,-0.0078125,0.001953125,-0.005859375,0.0,0.0,0.0
1725804481,1379447,0,1.001953125,-0.005859375,0.0,-0.005859375,0.0,0.0,0.0
1725805731,1379448,0,1.001953125,-0.00390625,0.0,-0.00390625,0.0,0.0,0.0
1725806982,1379449,0,1.005859375,-0.00390625,-0.001953125,-0.005859375,0.0,0.0,0.0
1725808233,1379450,0,1.005859375,-0.001953125,-0.00390625,-0.005859375,0.0,0.0,0.0
1725809483,1379451,0,1.001953125,-0.001953125,-0.009765625,-0.01171875,0.0,0.0,0.0
1725810734,1379452,0,1.005859375,-0.001953125,0.0,-0.001953125,0.0,0.0,0.0
1725811984,1379453,0,0.998046875,-0.001953125,0.001953125,0.0,0.0,0.0,0.0
1725813235,1379454,0,1.001953125,-0.001953125,-0.005859375,-0.0078125,0.0,0.0,0.0
1725814486,1379455,0,1.005859375,-0.001953125,-0.005859375,-0.0078125,0.0,0.0,0.0
1725815736,1379456,0,1.0,-0.00390625,-0.005859375,-0.009765625,0.0,0.0,0.0
1725816987,1379457,0,1.00390625,-0.005859375,-0.001953125,-0.0078125,0.0,0.0,0.0
1725818238,1379458,0,1.00390625,-0.00390625,-0.0078125,-0.01171875,0.0,0.0,0.0
1725819489,1379459,0,1.0078125,-0.0078125,-0.001953125,-0.009765625,0.0,0.0,0.0
1725820739,1379460,0,1.009765625,0.0,-0.009765625,-0.009765625,0.0,0.0,0.0
1725821990,1379461,0,1.005859375,-0.001953125,0.0,-0.001953125,0.0,0.0,0.0
1725823241,1379462,0,0.994140625,-0.001953125,-0.005859375,-0.0078125,0.0,0.0,0.0
1725824492,1379463,0,0.99609375,-0.005859375,-0.015625,-0.021484375,0.0,0.0,0.0
1725825742,1379464,0,1.005859375,-0.005859375,-0.001953125,-0.0078125,0.0,0.0,0.0
1725826993,1379465,0,1.005859375,-0.0078125,0.001953125,-0.005859375,0.0,0.0,0.0
1725828244,1379466,0,1.0078125,-0.005859375,-0.00390625,-0.009765625,0.0,0.0,0.0
1725829494,1379467,0,1.00390625,-0.005859375,-0.013671875,-0.01953125,0.0,0.0,0.0
1725830746,1379468,0,1.009765625,-0.0078125,-0.00390625,-0.01171875,0.0,0.0,0.0
1725831997,1379469,0,0.998046875,-0.009765625,0.0,-0.009765625,0.0,0.0,0.0
1725833248,1379470,0,1.005859375,-0.013671875,-0.009765625,-0.0234375,0.0,0.0,0.0
1725834499,1379471,0,1.00390625,-0.013671875,0.0,-0.013671875,0.0,0.0,0.0
1725835750,1379472,0,1.001953125,-0.0078125,-0.001953125,-0.009765625,0.0,0.0,0.0
1725837001,1379473,0,1.0,-0.01171875,-0.0078125,-0.01953125,0.0,0.0,0.0
1725838252,1379474,0,1.0,-0.013671875,-0.00390625,-0.017578125,0.0,0.0,0.0
1725839502,1379475,0,1.001953125,-0.017578125,-0.001953125,-0.01953125,0.0,0.0,0.0
1725840753,1379476,0,1.00390625,-0.013671875,-0.001953125,-0.015625,0.0,0.0,0.0
1725842004,1379477,0,0.99609375,-0.017578125,-0.001953125,-0.01953125,0.0,0.0,0.0
1725843255,1379478,0,1.00390625,-0.015625,-0.001953125,-0.017578125,0.0,0.0,0.0
1725844505,1379479,0,1.015625,-0.017578125,-0.005859375,-0.0234375,0.0,0.0,0.0
1725845756,1379480,0,1.00390625,-0.01953125,0.00390625,-0.015625,0.0,0.0,0.0
1725847008,1379481,0,0.99609375,-0.015625,0.0,-0.015625,0.0,0.0,0.0
1725848258,1379482,0,0.9921875,-0.013671875,0.0,-0.013671875,0.0,0.0,0.0
1725849509,1379483,0,1.001953125,-0.005859375,-0.0078125,-0.013671875,0.0,0.0,0.0
1725850759,1379484,0,1.0,-0.017578125,0.0,-0.017578125,0.0,0.0,0.0
1725852010,1379485,0,1.001953125,-0.01171875,0.0,-0.01171875,0.0,0.0,0.0
1725853261,1379486,0,1.001953125,-0.017578125,0.0,-0.017578125,0.0,0.0,0.0
1725854513,1379487,0,1.001953125,-0.015625,-0.001953125,-0.017578125,0.0,0.0,0.0
1725855764,1379488,0,1.001953125,-0.01171875,-0.009765625,-0.021484375,0.0,0.0,0.0
1725857015,1379489,0,0.998046875,-0.01171875,-0.00390625,-0.015625,0.0,0.0,0.0
1725858270,1379490,0,1.0,-0.009765625,-0.005859375,-0.015625,0.0,0.0,0.0
1725859521,1379491,0,1.001953125,-0.00390625,-0.005859375,-0.009765625,0.0,0.0,0.0
1725860772,1379492,0,1.005859375,-0.0078125,-0.001953125,-0.009765625,0.0,0.0,0.0
1725862024,1379493,0,1.001953125,-0.00390625,0.001953125,-0.001953125,0.0,0.0,0.0
1725863275,1379494,0,1.001953125,-0.001953125,-0.00390625,-0.005859375,0.0,0.0,0.0
1725864527,1379495,0,1.00390625,0.001953125,-0.001953125,0.0,0.0,0.0,0.0
1725865778,1379496,0,1.0078125,0.00390625,-0.001953125,0.001953125,0.0,0.0,0.0
1725867028,1379497,0,1.0078125,0.005859375,-0.00390625,0.001953125,0.0,0.0,0.0
1725868279,1379498,0,1.001953125,0.001953125,-0.00390625,-0.001953125,0.0,0.0,0.0
1725869530,1379499,0,1.01171875,0.01171875,-0.0078125,0.00390625,0.0,0.0,0.0
1725870782,1379500,0,1.005859375,0.0078125,0.0,0.0078125,0.0,0.0,0.0
1725872032,1379501,0,1.009765625,0.009765625,-0.001953125,0.0078125,0.0,0.0,0.0
1725873282,1379502,0,1.0,0.00390625,-0.005859375,-0.001953125,0.0,0.0,0.0
1725874532,1379503,0,0.998046875,0.00390625,-0.01171875,-0.0078125,0.0,0.0,0.0
1725875783,1379504,0,0.99609375,0.005859375,-0.001953125,0.00390625,0.0,0.0,0.0
1725877034,1379505,0,1.0078125,-0.001953125,-0.001953125,-0.00390625,0.0,0.0,0.0
1725878285,1379506,0,1.0,0.001953125,-0.001953125,0.0,0.0,0.0,0.0
1725879537,1379507,0,1.009765625,-0.00390625,0.00390625,0.0,0.0,0.0,0.0
1725880789,1379508,0,1.005859375,-0.00390625,0.0,-0.00390625,0.0,0.0,0.0
1725882039,1379509,0,1.001953125,-0.001953125,0.0,-0.001953125,0.0,0.0,0.0
1725883290,1379510,0,1.00390625,-0.005859375,-0.001953125,-0.0078125,0.0,0.0,0.0
1725884541,1379511,0,1.005859375,-0.005859375,0.001953125,-0.00390625,0.0,0.0,0.0
1725885792,1379512,0,1.0078125,-0.0078125,0.005859375,-0.001953125,0.0,0.0,0.0
1725887042,1379513,0,1.0078125,-0.01171875,0.0,-0.01171875,0.0,0.0,0.0
1725888294,1379514,0,1.00390625,-0.0078125,-0.00390625,-0.01171875,0.0,0.0,0.0
1725889545,1379515,0,1.00390625,-0.005859375,-0.001953125,-0.0078125,0.0,0.0,0.0
1725890795,1379516,0,1.0,-0.009765625,-0.00390625,-0.013671875,0.0,0.0,0.0
1725892047,1379517,0,1.005859375,-0.01171875,-0.001953125,-0.013671875,0.0,0.0,0.0
1725893298,1379518,0,1.0078125,-0.015625,0.0,-0.015625,0.0,0.0,0.0
1725894549,1379519,0,1.001953125,-0.0078125,0.0,-0.0078125,0.0,0.0,0.0
1725895800,1379520,0,1.005859375,-0.0078125,-0.001953125,-0.009765625,0.0,0.0,0.0
1725897050,1379521,0,0.99609375,-0.015625,-0.001953125,-0.017578125,0.0,0.0,0.0
1725898301,1379522,0,0.99609375,-0.017578125,0.0,-0.017578125,0.0,0.0,0.0
1725899552,1379523,0,1.001953125,-0.009765625,-0.00390625,-0.013671875,0.0,0.0,0.0
1725900803,1379524,0,1.01171875,-0.015625,-0.009765625,-0.025390625,0.0,0.0,0.0
1725902053,1379525,0,1.001953125,-0.013671875,-0.001953125,-0.015625,0.0,0.0,0.0
1725903305,1379526,0,0.99609375,-0.01953125,-0.001953125,-0.021484375,0.0,0.0,0.0
1725904557,1379527,0,1.0,-0.0078125,-0.00390625,-0.01171875,0.0,0.0,0.0
1725905808,1379528,0,1.01171875,-0.01953125,-0.00390625,-0.0234375,0.0,0.0,0.0
1725907059,1379529,0,1.0078125,-0.015625,-0.005859375,-0.021484375,0.0,0.0,0.0
1725908310,1379530,0,1.005859375,-0.01171875,-0.005859375,-0.017578125,0.0,0.0,0.0
1725909562,1379531,0,1.009765625,-0.017578125,-0.001953125,-0.01953125,0.0,0.0,0.0
1725910812,1379532,0,1.005859375,-0.01171875,-0.00390625,-0.015625,0.0,0.0,0.0
1725912064,1379533,0,1.0078125,-0.01171875,-0.015625,-0.02734375,0.0,0.0,0.0
1725913314,1379534,0,1.001953125,-0.01171875,-0.00390625,-0.015625,0.0,0.0,0.0
1725914565,1379535,0,0.998046875,-0.009765625,-0.00390625,-0.013671875,0.0,0.0,0.0
1725915816,1379536,0,1.00390625,-0.013671875,-0.001953125,-0.015625,0.0,0.0,0.0
1725917066,1379537,0,1.001953125,-0.013671875,0.0,-0.013671875,0.0,0.0,0.0
1725918317,1379538,0,1.001953125,-0.01171875,-0.001953125,-0.013671875,0.0,0.0,0.0
1725919569,1379539,0,1.005859375,-0.013671875,-0.00390625,-0.017578125,0.0,0.0,0.0
1725920819,1379540,0,1.0,-0.013671875,-0.001953125,-0.015625,0.0,0.0,0.0
1725922070,1379541,0,1.0078125,-0.009765625,0.00390625,-0.005859375,0.0,0.0,0.0
1725923321,1379542,0,1.009765625,-0.005859375,-0.005859375,-0.01171875,0.0,0.0,0.0
1725924571,1379543,0,1.015625,-0.005859375,0.00390625,-0.001953125,0.0,0.0,0.0
1725925822,1379544,0,1.0,-0.005859375,0.00390625,-0.001953125,0.0,0.0,0.0
1725927074,1379545,0,1.013671875,-0.009765625,0.0,-0.009765625,0.0,0.0,0.0
1725928324,1379546,0,1.0078125,-0.00390625,0.0,-0.00390625,0.0,0.0,0.0
1725929575,1379547,0,1.001953125,-0.009765625,0.00390625,-0.005859375,0.0,0.0,0.0
1725930827,1379548,0,1.001953125,-0.0078125,-0.00390625,-0.01171875,0.0,0.0,0.0
1725932077,1379549,0,1.00390625,-0.005859375,-0.001953125,-0.0078125,0.0,0.0,0.0
1725933328,1379550,0,1.005859375,0.0,-0.001953125,-0.001953125,0.0,0.0,0.0
1725934580,1379551,0,1.00390625,-0.0078125,0.00390625,-0.00390625,0.0,0.0,0.0
1725935832,1379552,0,1.001953125,-0.005859375,-0.001953125,-0.0078125,0.0,0.0,0.0
1725937082,1379553,0,1.0,-0.009765625,0.0,-0.009765625,0.0,0.0,0.0
1725938333,1379554,0,1.00390625,-0.00390625,-0.001953125,-0.005859375,0.0,0.0,0.0
1725939585,1379555,0,1.005859375,-0.005859375,-0.001953125,-0.0078125,0.0,0.0,0.0
1725940835,1379556,0,1.001953125,-0.001953125,0.00390625,0.001953125,0.0,0.0,0.0
1725942086,1379557,0,1.0078125,-0.005859375,0.00390625,-0.001953125,0.0,0.0,0.0
1725943338,1379558,0,1.0078125,-0.01171875,-0.001953125,-0.013671875,0.0,0.0,0.0
1725944589,1379559,0,1.005859375,-0.001953125,0.0,-0.001953125,0.0,0.0,0.0
1725945840,1379560,0,1.005859375,-0.0078125,0.0,-0.0078125,0.0,0.0,0.0
1725947092,1379561,0,1.001953125,-0.005859375,-0.001953125,-0.0078125,0.0,0.0,0.0
1725948343,1379562,0,1.00390625,-0.013671875,-0.001953125,-0.015625,0.0,0.0,0.0
1725949594,1379563,0,1.005859375,-0.009765625,0.001953125,-0.0078125,0.0,0.0,0.0
1725950845,1379564,0,1.0,-0.00390625,0.00390625,0.0,0.0,0.0,0.0
1725952096,1379565,0,1.005859375,-0.005859375,0.00390625,-0.001953125,0.0,0.0,0.0
1725953346,1379566,0,1.0078125,-0.013671875,0.0,-0.013671875,0.0,0.0,0.0
1725954598,1379567,0,1.00390625,-0.005859375,0.005859375,0.0,0.0,0.0,0.0
1725955849,1379568,0,1.00390625,-0.009765625,-0.009765625,-0.01953125,0.0,0.0,0.0
1725957099,1379569,0,1.0,-0.0078125,-0.00390625,-0.01171875,0.0,0.0,0.0
1725958350,1379570,0,1.0,-0.0078125,-0.0078125,-0.015625,0.0,0.0,0.0
1725959601,1379571,0,0.998046875,-0.01171875,-0.00390625,-0.015625,0.0,0.0,0.0
1725960852,1379572,0,1.0,-0.015625,-0.005859375,-0.021484375,0.0,0.0,0.0
1725962103,1379573,0,1.005859375,-0.0078125,0.0,-0.0078125,0.0,0.0,0.0
1725963354,1379574,0,1.00390625,-0.009765625,-0.0078125,-0.017578125,0.0,0.0,0.0
1725964605,1379575,0,1.00390625,-0.013671875,-0.0078125,-0.021484375,0.0,0.0,0.0
1725965855,1379576,0,0.998046875,-0.01171875,-0.0078125,-0.01953125,0.0,0.0,0.0
1725967107,1379577,0,1.0,-0.01171875,-0.001953125,-0.013671875,0.0,0.0,0.0
1725968357,1379578,0,1.00390625,-0.017578125,-0.005859375,-0.0234375,0.0,0.0,0.0
1725969607,1379579,0,1.005859375,-0.005859375,-0.00390625,-0.009765625,0.0,0.0,0.0
1725970859,1379580,0,1.00390625,-0.017578125,0.0,-0.017578125,0.0,0.0,0.0
1725972109,1379581,0,1.0078125,-0.017578125,0.0,-0.017578125,0.0,0.0,0.0
1725973361,1379582,0,1.0078125,-0.013671875,-0.001953125,-0.015625,0.0,0.0,0.0
1725974611,1379583,0,1.0,-0.017578125,0.001953125,-0.015625,0.0,0.0,0.0
1725975861,1379584,0,0.998046875,-0.015625,-0.009765625,-0.025390625,0.0,0.0,0.0
1725977113,1379585,0,1.021484375,-0.01171875,-0.00390625,-0.015625,0.0,0.0,0.0
1725978364,1379586,0,1.001953125,-0.013671875,0.001953125,-0.01171875,0.0,0.0,0.0
1725979616,1379587,0,1.00390625,-0.015625,-0.00390625,-0.01953125,0.0,0.0,0.0
1725980866,1379588,0,1.009765625,-0.009765625,-0.0078125,-0.017578125,0.0,0.0,0.0
1725982118,1379589,0,1.00390625,-0.01171875,-0.00390625,-0.015625,0.0,0.0,0.0
1725983368,1379590,0,1.00390625,-0.01171875,-0.013671875,-0.025390625,0.0,0.0,0.0
1725984619,1379591,0,1.001953125,-0.0078125,-0.001953125,-0.009765625,0.0,0.0,0.0
1725985869,1379592,0,1.0078125,-0.017578125,-0.00390625,-0.021484375,0.0,0.0,0.0
1725987119,1379593,0,1.005859375,-0.0078125,-0.001953125,-0.009765625,0.0,0.0,0.0
1725988371,1379594,0,1.0078125,-0.009765625,-0.001953125,-0.01171875,0.0,0.0,0.0
1725989622,1379595,0,1.001953125,-0.009765625,-0.001953125,-0.01171875,0.0,0.0,0.0
1725990874,1379596,0,1.001953125,-0.01171875,-0.001953125,-0.013671875,0.0,0.0,0.0
1725992124,1379597,0,1.009765625,-0.009765625,-0.001953125,-0.01171875,0.0,0.0,0.0
1725993375,1379598,0,1.00390625,-0.009765625,0.0,-0.009765625,0.0,0.0,0.0
1725994625,1379599,0,1.00390625,-0.0078125,-0.001953125,-0.009765625,0.0,0.0,0.0
1725995877,1379600,0,0.998046875,-0.001953125,-0.01171875,-0.013671875,0.0,0.0,0.0
1725997127,1379601,0,1.0078125,-0.0078125,-0.001953125,-0.009765625,0.0,0.0,0.0
1725998377,1379602,0,1.0,-0.005859375,0.00390625,-0.001953125,0.0,0.0,0.0
1725999629,1379603,0,1.0078125,-0.005859375,-0.00390625,-0.009765625,0.0,0.0,0.0
1726000879,1379604,0,1.005859375,-0.005859375,-0.001953125,-0.0078125,0.0,0.0,0.0
1726002130,1379605,0,1.001953125,-0.0078125,-0.00390625,-0.01171875,0.0,0.0,0.0
1726003381,1379606,0,1.005859375,-0.0078125,0.0078125,0.0,0.0,0.0,0.0
1726004631,1379607,0,0.99609375,-0.009765625,0.0,-0.009765625,0.0,0.0,0.0
1726005882,1379608,0,1.01171875,-0.0078125,-0.001953125,-0.009765625,0.0,0.0,0.0
1726007133,1379609,0,1.0,-0.001953125,-0.0078125,-0.009765625,0.0,0.0,0.0
1726008384,1379610,0,1.009765625,0.0,-0.005859375,-0.005859375,0.0,0.0,0.0
1726009635,1379611,0,1.01953125,0.0,0.001953125,0.001953125,0.0,0.0,0.0
1726010885,1379612,0,1.0,-0.001953125,-0.001953125,-0.00390625,0.0,0.0,0.0
1726012136,1379613,0,1.0,-0.00390625,-0.001953125,-0.005859375,0.0,0.0,0.0
1726013387,1379614,0,1.0078125,-0.005859375,0.0,-0.005859375,0.0,0.0,0.0
1726014638,1379615,0,1.0078125,-0.00390625,0.00390625,0.0,0.0,0.0,0.0
1726015889,1379616,0,1.005859375,-0.005859375,0.0078125,0.001953125,0.0,0.0,0.0
1726017140,1379617,0,1.00390625,-0.0078125,0.0,-0.0078125,0.0,0.0,0.0
1726018392,1379618,0,1.001953125,-0.0078125,0.0,-0.0078125,0.0,0.0,0.0
1726019642,1379619,0,1.001953125,-0.00390625,0.001953125,-0.001953125,0.0,0.0,0.0
1726020894,1379620,0,1.00390625,-0.0078125,0.001953125,-0.005859375,0.0,0.0,0.0
1726022145,1379621,0,1.0078125,-0.01171875,-0.00390625,-0.015625,0.0,0.0,0.0
1726023395,1379622,0,1.0,-0.0078125,-0.00390625,-0.01171875,0.0,0.0,0.0
1726024646,1379623,0,1.005859375,-0.009765625,-0.001953125,-0.01171875,0.0,0.0,0.0
1726025898,1379624,0,1.009765625,-0.009765625,0.0,-0.009765625,0.0,0.0,0.0
1726027149,1379625,0,1.0078125,-0.01171875,-0.001953125,-0.013671875,0.0,0.0,0.0
1726028400,1379626,0,1.005859375,-0.017578125,-0.001953125,-0.01953125,0.0,0.0,0.0
1726029651,1379627,0,1.015625,-0.0078125,0.0,-0.0078125,0.0,0.0,0.0
1726030902,1379628,0,1.005859375,-0.009765625,-0.001953125,-0.01171875,0.0,0.0,0.0
1726032154,1379629,0,0.998046875,-0.0078125,-0.001953125,-0.009765625,0.0,0.0,0.0
1726033405,1379630,0,1.00390625,-0.01171875,0.001953125,-0.009765625,0.0,0.0,0.0
1726034657,1379631,0,1.013671875,-0.015625,-0.009765625,-0.025390625,0.0,0.0,0.0
1726035907,1379632,0,0.994140625,-0.017578125,-0.001953125,-0.01953125,0.0,0.0,0.0
1726037158,1379633,0,1.00390625,-0.01171875,-0.001953125,-0.013671875,0.0,0.0,0.0
1726038409,1379634,0,1.00390625,-0.013671875,0.005859375,-0.0078125,0.0,0.0,0.0
1726039660,1379635,0,1.00390625,-0.015625,-0.0078125,-0.0234375,0.0,0.0,0.0
1726040911,1379636,0,1.00390625,-0.017578125,-0.001953125,-0.01953125,0.0,0.0,0.0
1726042161,1379637,0,1.001953125,-0.009765625,-0.00390625,-0.013671875,0.0,0.0,0.0
1726043412,1379638,0,1.005859375,-0.015625,-0.0078125,-0.0234375,0.0,0.0,0.0
1726044664,1379639,0,1.005859375,-0.01171875,-0.005859375,-0.017578125,0.0,0.0,0.0
1726045915,1379640,0,1.00390625,-0.009765625,-0.0078125,-0.017578125,0.0,0.0,0.0
1726047166,1379641,0,1.005859375,-0.0078125,-0.0078125,-0.015625,0.0,0.0,0.0
1726048417,1379642,0,1.0078125,-0.015625,-0.00390625,-0.01953125,0.0,0.0,0.0
1726049668,1379643,0,1.0078125,-0.009765625,0.001953125,-0.0078125,0.0,0.0,0.0
1726050920,1379644,0,1.0,-0.01171875,-0.005859375,-0.017578125,0.0,0.0,0.0
1726052172,1379645,0,1.009765625,-0.00390625,-0.01171875,-0.015625,0.0,0.0,0.0
1726053422,1379646,0,1.001953125,-0.009765625,-0.001953125,-0.01171875,0.0,0.0,0.0
1726054673,1379647,0,1.005859375,-0.005859375,-0.001953125,-0.0078125,0.0,0.0,0.0
1726055924,1379648,0,1.001953125,-0.005859375,0.0,-0.005859375,0.0,0.0,0.0
1726057174,1379649,0,1.005859375,-0.0078125,-0.015625,-0.0234375,0.0,0.0,0.0
1726058425,1379650,0,1.001953125,-0.00390625,0.0,-0.00390625,0.0,0.0,0.0
1726059676,1379651,0,1.0078125,-0.00390625,-0.001953125,-0.005859375,0.0,0.0,0.0
1726060927,1379652,0,0.99609375,-0.0078125,0.0,-0.0078125,0.0,0.0,0.0
1726062177,1379653,0,1.0078125,-0.009765625,-0.001953125,-0.01171875,0.0,0.0,0.0
1726063427,1379654,0,1.017578125,-0.00390625,-0.00390625,-0.0078125,0.0,0.0,0.0
1726064679,1379655,0,1.00390625,-0.00390625,0.0,-0.00390625,0.0,0.0,0.0
1726065929,1379656,0,1.0,-0.0078125,-0.00390625,-0.01171875,0.0,0.0,0.0
1726067179,1379657,0,0.99609375,-0.001953125,-0.001953125,-0.00390625,0.0,0.0,0.0
1726068431,1379658,0,1.001953125,-0.00390625,0.0,-0.00390625,0.0,0.0,0.0
1726069681,1379659,0,1.0078125,-0.001953125,-0.001953125,-0.00390625,0.0,0.0,0.0
1726070932,1379660,0,1.0,-0.001953125,0.0,-0.001953125,0.0,0.0,0.0
1726072182,1379661,0,1.005859375,-0.005859375,-0.00390625,-0.009765625,0.0,0.0,0.0
1726073432,1379662,0,1.005859375,-0.0078125,0.00390625,-0.00390625,0.0,0.0,0.0
1726074684,1379663,0,1.001953125,-0.001953125,-0.005859375,-0.0078125,0.0,0.0,0.0
1726075934,1379664,0,1.009765625,-0.00390625,0.001953125,-0.001953125,0.0,0.0,0.0
1726077184,1379665,0,1.0078125,-0.00390625,0.001953125,-0.001953125,0.0,0.0,0.0
1726078436,1379666,0,1.001953125,-0.001953125,0.001953125,0.0,0.0,0.0,0.0
1726079686,1379667,0,1.0,-0.00390625,0.0,-0.00390625,0.0,0.0,0.0
1726080937,1379668,0,1.001953125,-0.005859375,-0.00390625,-0.009765625,0.0,0.0,0.0
1726082188,1379669,0,0.99609375,-0.00390625,-0.001953125,-0.005859375,0.0,0.0,0.0
1726083439,1379670,0,1.009765625,0.0,0.0,0.0,0.0,0.0,0.0
1726084691,1379671,0,1.005859375,-0.0078125,0.0,-0.0078125,0.0,0.0,0.0
1726085942,1379672,0,1.005859375,0.0,0.0,0.0,0.0,0.0,0.0
1726087192,1379673,0,1.0078125,-0.005859375,-0.005859375,-0.01171875,0.0,0.0,0.0
1726088443,1379674,0,1.00390625,-0.001953125,-0.005859375,-0.0078125,0.0,0.0,0.0
1726089695,1379675,0,0.994140625,-0.0078125,0.0,-0.0078125,0.0,0.0,0.0
1726090945,1379676,0,1.001953125,-0.009765625,-0.001953125,-0.01171875,0.0,0.0,0.0
1726092197,1379677,0,1.00390625,-0.00390625,-0.00390625,-0.0078125,0.0,0.0,0.0
1726093448,1379678,0,0.998046875,-0.0078125,-0.013671875,-0.021484375,0.0,0.0,0.0
1726094698,1379679,0,1.001953125,-0.0078125,-0.001953125,-0.009765625,0.0,0.0,0.0
1726095949,1379680,0,1.001953125,-0.005859375,0.0,-0.005859375,0.0,0.0,0.0
1726097199,1379681,0,1.009765625,-0.01171875,-0.001953125,-0.013671875,0.0,0.0,0.0
