t_us,frame_id,sensor_id,accX,accY,accZ,acc_sum_YZ,magX,magY,magZ
1871364290,1495809,0,0.99609375,-0.001953125,0.005859375,0.00390625,0.0,0.0,0.0
1871365541,1495810,0,1.001953125,0.001953125,0.005859375,0.0078125,0.0,0.0,0.0
1871366792,1495811,0,1.001953125,0.001953125,0.001953125,0.00390625,0.0,0.0,0.0
1871368042,1495812,0,0.998046875,-0.00390625,0.005859375,0.001953125,0.0,0.0,0.0
1871369294,1495813,0,1.001953125,0.001953125,0.0,0.001953125,0.0,0.0,0.0
1871370545,1495814,0,0.998046875,0.001953125,0.0078125,0.009765625,0.0,0.0,0.0
1871371795,1495815,0,1.005859375,-0.001953125,0.001953125,0.0,0.0,0.0,23364622090240.0
1871374298,1495817,0,1.0078125,-0.001953125,0.009765625,0.0078125,0.0,0.0,0.0
1871375549,1495818,0,1.0,-0.00390625,0.005859375,0.001953125,0.0,0.0,0.0
1871376800,1495819,0,1.0078125,-0.00390625,-0.001953125,-0.005859375,0.0,0.0,0.0
1871378050,1495820,0,1.00390625,-0.001953125,0.001953125,0.0,0.0,0.0,0.0
1871379301,1495821,0,1.0,0.0,0.005859375,0.005859375,0.0,0.0,0.0
1871380552,1495822,0,1.001953125,-0.001953125,0.005859375,0.00390625,0.0,0.0,0.0
1871381803,1495823,0,1.0,0.0,0.00390625,0.00390625,0.0,0.0,0.0
1871383053,1495824,0,1.001953125,-0.001953125,0.001953125,0.0,0.0,0.0,0.0
1871384305,1495825,0,1.0078125,0.001953125,0.005859375,0.0078125,0.0,0.0,0.0
1871385557,1495826,0,1.0,-0.005859375,0.0,-0.005859375,0.0,0.0,0.0
1871386808,1495827,0,1.00390625,-0.001953125,0.00390625,0.001953125,0.0,0.0,0.0
1871388059,1495828,0,1.0078125,0.001953125,0.0,0.001953125,0.0,0.0,0.0
1871389310,1495829,0,1.009765625,-0.00390625,0.0,-0.00390625,0.0,0.0,0.0
1871390562,1495830,0,1.001953125,-0.001953125,0.00390625,0.001953125,0.0,0.0,0.0
1871391812,1495831,0,0.99609375,-0.001953125,0.013671875,0.01171875,0.0,0.0,0.0
1871393064,1495832,0,1.0,-0.001953125,0.0078125,0.005859375,0.0,0.0,0.0
1871394314,1495833,0,0.99609375,-0.00390625,-0.001953125,-0.005859375,0.0,0.0,0.0
1871395565,1495834,0,1.0,-0.001953125,-0.001953125,-0.00390625,0.0,0.0,0.0
1871396816,1495835,0,1.0078125,-0.001953125,0.01171875,0.009765625,0.0,0.0,0.0
1871398066,1495836,0,1.0078125,-0.001953125,0.001953125,0.0,0.0,0.0,0.0
1871399317,1495837,0,1.001953125,0.0,-0.00390625,-0.00390625,0.0,0.0,0.0
1871400569,1495838,0,1.001953125,-0.00390625,-0.001953125,-0.005859375,0.0,0.0,0.0
1871401819,1495839,0,1.005859375,-0.00390625,0.00390625,0.0,0.0,0.0,0.0
1871403070,1495840,0,1.0078125,-0.00390625,-0.001953125,-0.005859375,0.0,0.0,0.0
1871404321,1495841,0,1.005859375,-0.001953125,0.0078125,0.005859375,0.0,0.0,0.0
1871405571,1495842,0,1.0078125,-0.00390625,0.0,-0.00390625,0.0,0.0,0.0
1871406822,1495843,0,1.0,0.001953125,0.0,0.001953125,0.0,0.0,0.0
1871408074,1495844,0,1.0078125,-0.00390625,0.005859375,0.001953125,0.0,0.0,0.0
1871409324,1495845,0,1.0,-0.001953125,0.005859375,0.00390625,0.0,0.0,0.0
1871410575,1495846,0,1.001953125,0.0,0.0,0.0,0.0,0.0,0.0
1871411827,1495847,0,1.00390625,0.001953125,0.00390625,0.005859375,0.0,0.0,0.0
1871413077,1495848,0,1.005859375,0.0,0.00390625,0.00390625,0.0,0.0,0.0
1871414328,1495849,0,1.001953125,0.001953125,0.005859375,0.0078125,0.0,0.0,0.0
1871415580,1495850,0,1.0,0.0,0.00390625,0.00390625,0.0,0.0,0.0
1871416832,1495851,0,1.0078125,-0.00390625,0.0,-0.00390625,0.0,0.0,0.0
1871418082,1495852,0,1.001953125,0.0,0.0,0.0,0.0,0.0,0.0
1871419333,1495853,0,0.998046875,0.0,0.001953125,0.001953125,0.0,0.0,0.0
1871420585,1495854,0,1.0078125,-0.001953125,0.009765625,0.0078125,0.0,0.0,0.0
1871421835,1495855,0,1.005859375,-0.00390625,-0.001953125,-0.005859375,0.0,0.0,0.0
1871423086,1495856,0,1.013671875,-0.00390625,0.00390625,0.0,0.0,0.0,0.0
1871424338,1495857,0,1.0078125,0.0,0.001953125,0.001953125,0.0,0.0,0.0
1871425589,1495858,0,1.00390625,-0.00390625,0.005859375,0.001953125,0.0,0.0,0.0
1871426840,1495859,0,0.998046875,-0.001953125,0.001953125,0.0,0.0,0.0,0.0
1871428092,1495860,0,1.00390625,0.0,0.0,0.0,0.0,0.0,0.0
1871429343,1495861,0,1.00390625,-0.00390625,0.005859375,0.001953125,0.0,0.0,0.0
1871430594,1495862,0,1.005859375,0.001953125,0.0078125,0.009765625,0.0,0.0,0.0
1871431845,1495863,0,1.00390625,0.001953125,0.0,0.001953125,0.0,0.0,0.0
1871433096,1495864,0,1.001953125,-0.001953125,0.005859375,0.00390625,0.0,0.0,0.0
1871434346,1495865,0,1.005859375,0.0,0.0078125,0.0078125,0.0,0.0,0.0
1871435598,1495866,0,1.0,-0.00390625,0.0,-0.00390625,0.0,0.0,0.0
1871436849,1495867,0,1.00390625,0.0,0.00390625,0.00390625,0.0,0.0,0.0
1871438099,1495868,0,1.00390625,-0.001953125,0.00390625,0.001953125,0.0,0.0,0.0
1871439350,1495869,0,1.00390625,-0.001953125,0.0078125,0.005859375,0.0,0.0,0.0
1871440601,1495870,0,1.005859375,-0.001953125,0.001953125,0.0,0.0,0.0,0.0
1871441852,1495871,0,0.998046875,0.001953125,0.005859375,0.0078125,0.0,0.0,0.0
1871443103,1495872,0,0.99609375,0.0,0.00390625,0.00390625,0.0,0.0,0.0
1871444354,1495873,0,1.005859375,-0.001953125,-0.00390625,-0.005859375,0.0,0.0,0.0
1871445605,1495874,0,1.00390625,-0.009765625,-0.00390625,-0.013671875,0.0,0.0,0.0
1871446855,1495875,0,1.001953125,-0.00390625,0.001953125,-0.001953125,0.0,0.0,0.0
1871448107,1495876,0,1.001953125,-0.00390625,0.0,-0.00390625,0.0,0.0,0.0
1871449357,1495877,0,1.01171875,-0.00390625,0.005859375,0.001953125,0.0,0.0,0.0
1871450607,1495878,0,0.99609375,0.001953125,0.005859375,0.0078125,0.0,0.0,0.0
1871451859,1495879,0,1.005859375,-0.001953125,0.0078125,0.005859375,0.0,0.0,0.0
1871453109,1495880,0,1.005859375,0.0,0.0,0.0,0.0,0.0,0.0
1871454361,1495881,0,1.009765625,-0.00390625,0.00390625,0.0,0.0,0.0,0.0
1871455611,1495882,0,1.0078125,0.0,0.0078125,0.0078125,0.0,0.0,0.0
1871456861,1495883,0,1.005859375,-0.001953125,0.005859375,0.00390625,0.0,0.0,0.0
1871458113,1495884,0,1.005859375,0.001953125,0.009765625,0.01171875,0.0,0.0,0.0
1871459364,1495885,0,1.0,-0.001953125,-0.001953125,-0.00390625,0.0,0.0,0.0
1871460616,1495886,0,1.00390625,-0.001953125,0.00390625,0.001953125,0.0,0.0,0.0
1871461866,1495887,0,1.005859375,-0.001953125,0.0078125,0.005859375,0.0,0.0,0.0
1871463118,1495888,0,1.00390625,0.001953125,0.005859375,0.0078125,0.0,0.0,0.0
1871464368,1495889,0,1.009765625,-0.00390625,0.0,-0.00390625,0.0,0.0,0.0
1871465619,1495890,0,1.005859375,0.0,0.001953125,0.001953125,0.0,0.0,0.0
1871466869,1495891,0,1.001953125,-0.00390625,0.0,-0.00390625,0.0,0.0,0.0
1871468119,1495892,0,1.0078125,-0.001953125,0.00390625,0.001953125,0.0,0.0,0.0
1871469371,1495893,0,0.998046875,0.001953125,-0.0078125,-0.005859375,0.0,0.0,0.0
1871470622,1495894,0,1.0078125,-0.00390625,0.00390625,0.0,0.0,0.0,0.0
1871471874,1495895,0,1.01953125,0.0,-0.00390625,-0.00390625,0.0,0.0,0.0
1871473124,1495896,0,0.998046875,-0.001953125,0.0078125,0.005859375,0.0,0.0,0.0
1871474375,1495897,0,1.0,-0.00390625,0.009765625,0.005859375,0.0,0.0,0.0
1871475625,1495898,0,1.001953125,-0.001953125,0.001953125,0.0,0.0,0.0,0.0
1871476877,1495899,0,1.00390625,-0.001953125,-0.001953125,-0.00390625,0.0,0.0,0.0
1871478127,1495900,0,1.0078125,0.0,0.0,0.0,0.0,0.0,0.0
1871479377,1495901,0,0.998046875,-0.005859375,0.001953125,-0.00390625,0.0,0.0,0.0
1871480629,1495902,0,1.0,0.0,0.0,0.0,0.0,0.0,0.0
1871481879,1495903,0,0.998046875,-0.001953125,0.0078125,0.005859375,0.0,0.0,0.0
1871483130,1495904,0,0.998046875,-0.001953125,0.001953125,0.0,0.0,0.0,0.0
1871484381,1495905,0,1.001953125,-0.001953125,0.00390625,0.001953125,0.0,0.0,0.0
1871485631,1495906,0,1.00390625,0.0,0.00390625,0.00390625,0.0,0.0,0.0
1871486882,1495907,0,1.005859375,-0.005859375,0.00390625,-0.001953125,0.0,0.0,0.0
1871488133,1495908,0,1.00390625,-0.001953125,0.0,-0.001953125,0.0,0.0,0.0
1871489384,1495909,0,1.005859375,-0.00390625,0.0078125,0.00390625,0.0,0.0,0.0
1871490635,1495910,0,1.0078125,-0.00390625,0.0078125,0.00390625,0.0,0.0,0.0
1871491885,1495911,0,1.001953125,0.0,0.0078125,0.0078125,0.0,0.0,0.0
1871493136,1495912,0,1.005859375,0.00390625,0.001953125,0.005859375,0.0,0.0,0.0
1871494387,1495913,0,1.0,0.0,0.005859375,0.005859375,0.0,0.0,0.0
1871495638,1495914,0,1.00390625,-0.001953125,-0.001953125,-0.00390625,0.0,0.0,0.0
1871496889,1495915,0,1.00390625,-0.00390625,0.01171875,0.0078125,0.0,0.0,0.0
1871498140,1495916,0,1.005859375,0.0,0.005859375,0.005859375,0.0,0.0,0.0
1871499392,1495917,0,1.009765625,0.0078125,0.005859375,0.013671875,0.0,0.0,0.0
1871500642,1495918,0,0.998046875,0.0,0.009765625,0.009765625,0.0,0.0,0.0
1871501894,1495919,0,1.001953125,0.0,0.0078125,0.0078125,0.0,0.0,0.0
1871503145,1495920,0,1.00390625,0.0,0.00390625,0.00390625,0.0,0.0,0.0
1871504395,1495921,0,0.99609375,-0.001953125,0.005859375,0.00390625,0.0,0.0,0.0
1871505646,1495922,0,1.0078125,-0.001953125,0.00390625,0.001953125,0.0,0.0,0.0
1871506898,1495923,0,1.001953125,0.001953125,0.001953125,0.00390625,0.0,0.0,0.0
1871508149,1495924,0,1.0078125,-0.001953125,0.001953125,0.0,0.0,0.0,0.0
1871509400,1495925,0,1.00390625,-0.001953125,0.001953125,0.0,0.0,0.0,0.0
1871510651,1495926,0,1.0,-0.001953125,-0.00390625,-0.005859375,0.0,0.0,0.0
1871511902,1495927,0,1.0,-0.00390625,0.0,-0.00390625,0.0,0.0,0.0
1871513154,1495928,0,1.005859375,0.0,0.001953125,0.001953125,0.0,0.0,0.0
1871514405,1495929,0,1.005859375,0.0,-0.001953125,-0.001953125,0.0,0.0,0.0
1871515657,1495930,0,1.005859375,-0.00390625,0.005859375,0.001953125,0.0,0.0,0.0
1871516907,1495931,0,1.00390625,-0.001953125,0.00390625,0.001953125,0.0,0.0,0.0
1871518158,1495932,0,1.00390625,-0.001953125,0.00390625,0.001953125,0.0,0.0,0.0
1871519409,1495933,0,1.001953125,-0.00390625,0.00390625,0.0,0.0,0.0,0.0
1871520660,1495934,0,1.01171875,-0.001953125,0.001953125,0.0,0.0,0.0,0.0
1871521911,1495935,0,1.017578125,-0.005859375,0.01171875,0.005859375,0.0,0.0,0.0
1871523161,1495936,0,1.017578125,0.00390625,0.009765625,0.013671875,0.0,0.0,0.0
1871524412,1495937,0,1.001953125,-0.001953125,0.005859375,0.00390625,0.0,0.0,0.0
1871525664,1495938,0,1.013671875,0.0,0.001953125,0.001953125,0.0,0.0,0.0
1871526915,1495939,0,1.0078125,0.001953125,0.0078125,0.009765625,0.0,0.0,0.0
1871528166,1495940,0,1.005859375,-0.0078125,0.001953125,-0.005859375,0.0,0.0,0.0
1871529417,1495941,0,1.0078125,0.001953125,0.0,0.001953125,0.0,0.0,0.0
1871530668,1495942,0,1.00390625,-0.001953125,-0.001953125,-0.00390625,0.0,0.0,0.0
1871531920,1495943,0,1.001953125,0.0,0.005859375,0.005859375,0.0,0.0,0.0
1871533172,1495944,0,1.009765625,-0.00390625,0.0,-0.00390625,0.0,0.0,0.0
1871534422,1495945,0,1.0,-0.001953125,0.0078125,0.005859375,0.0,0.0,0.0
1871535673,1495946,0,1.001953125,-0.001953125,0.005859375,0.00390625,0.0,0.0,0.0
1871536924,1495947,0,1.00390625,-0.005859375,0.00390625,-0.001953125,0.0,0.0,0.0
1871538174,1495948,0,1.001953125,-0.001953125,0.005859375,0.00390625,0.0,0.0,0.0
1871539425,1495949,0,1.001953125,-0.005859375,0.0078125,0.001953125,0.0,0.0,0.0
1871540676,1495950,0,1.00390625,-0.00390625,0.005859375,0.001953125,0.0,0.0,0.0
1871541927,1495951,0,1.009765625,0.0,0.009765625,0.009765625,0.0,0.0,0.0
1871543177,1495952,0,1.0,-0.005859375,0.005859375,0.0,0.0,0.0,0.0
1871544427,1495953,0,1.00390625,-0.001953125,0.00390625,0.001953125,0.0,0.0,0.0
1871545679,1495954,0,1.005859375,-0.00390625,0.001953125,-0.001953125,0.0,0.0,0.0
1871546929,1495955,0,1.005859375,-0.001953125,0.001953125,0.0,0.0,0.0,0.0
1871548179,1495956,0,1.005859375,-0.001953125,0.005859375,0.00390625,0.0,0.0,0.0
1871549431,1495957,0,1.0078125,0.001953125,0.005859375,0.0078125,0.0,0.0,0.0
1871550681,1495958,0,1.005859375,-0.0078125,0.001953125,-0.005859375,0.0,0.0,0.0
1871551932,1495959,0,1.001953125,-0.00390625,0.001953125,-0.001953125,0.0,0.0,0.0
1871553182,1495960,0,1.005859375,-0.005859375,0.0078125,0.001953125,0.0,0.0,0.0
1871554432,1495961,0,0.99609375,-0.00390625,0.01171875,0.0078125,0.0,0.0,0.0
1871555684,1495962,0,1.0,-0.001953125,0.005859375,0.00390625,0.0,0.0,0.0
1871556934,1495963,0,0.998046875,-0.00390625,0.0078125,0.00390625,0.0,0.0,0.0
1871558184,1495964,0,0.990234375,0.0,0.0,0.0,0.0,0.0,0.0
1871559436,1495965,0,1.01171875,-0.00390625,0.0,-0.00390625,0.0,0.0,0.0
1871560686,1495966,0,0.998046875,-0.00390625,-0.00390625,-0.0078125,0.0,0.0,0.0
1871561937,1495967,0,1.00390625,0.001953125,0.005859375,0.0078125,0.0,0.0,0.0
1871563188,1495968,0,1.005859375,-0.00390625,0.005859375,0.001953125,0.0,0.0,0.0
1871564439,1495969,0,1.005859375,-0.00390625,0.0,-0.00390625,0.0,0.0,0.0
1871565691,1495970,0,1.0078125,-0.00390625,0.00390625,0.0,0.0,0.0,0.0
1871566942,1495971,0,0.99609375,0.0,0.00390625,0.00390625,0.0,0.0,0.0
1871568192,1495972,0,1.001953125,0.001953125,0.0,0.001953125,0.0,0.0,0.0
1871569443,1495973,0,1.005859375,-0.00390625,0.005859375,0.001953125,0.0,0.0,0.0
1871570695,1495974,0,1.00390625,-0.001953125,-0.00390625,-0.005859375,0.0,0.0,0.0
1871571945,1495975,0,1.00390625,0.0,0.001953125,0.001953125,0.0,0.0,0.0
1871573197,1495976,0,1.005859375,0.0,-0.00390625,-0.00390625,0.0,0.0,0.0
1871574448,1495977,0,1.005859375,-0.00390625,-0.005859375,-0.009765625,0.0,0.0,0.0
1871575698,1495978,0,1.001953125,-0.0078125,0.0078125,0.0,0.0,0.0,0.0
1871576949,1495979,0,1.015625,0.0,-0.001953125,-0.001953125,0.0,0.0,0.0
1871578199,1495980,0,1.013671875,0.001953125,-0.005859375,-0.00390625,0.0,0.0,0.0
1871579449,1495981,0,0.994140625,-0.00390625,0.001953125,-0.001953125,0.0,0.0,0.0
1871580701,1495982,0,1.0078125,-0.005859375,0.001953125,-0.00390625,0.0,0.0,0.0
1871581951,1495983,0,1.005859375,0.0,0.00390625,0.00390625,0.0,0.0,0.0
1871583202,1495984,0,1.001953125,-0.001953125,0.009765625,0.0078125,0.0,0.0,0.0
1871584453,1495985,0,0.99609375,-0.00390625,0.0,-0.00390625,0.0,0.0,0.0
1871585704,1495986,0,1.01171875,0.0,0.001953125,0.001953125,0.0,0.0,0.0
1871586954,1495987,0,1.005859375,-0.00390625,0.009765625,0.005859375,0.0,0.0,0.0
1871588205,1495988,0,1.001953125,-0.00390625,0.0,-0.00390625,0.0,0.0,0.0
1871589457,1495989,0,1.0,0.0,-0.00390625,-0.00390625,0.0,0.0,0.0
1871590707,1495990,0,1.0,-0.00390625,0.005859375,0.001953125,0.0,0.0,0.0
1871591959,1495991,0,1.0078125,-0.001953125,0.001953125,0.0,0.0,0.0,0.0
1871593209,1495992,0,1.00390625,0.001953125,0.0078125,0.009765625,0.0,0.0,0.0
1871594460,1495993,0,1.001953125,0.001953125,0.0078125,0.009765625,0.0,0.0,0.0
1871595711,1495994,0,1.005859375,-0.001953125,0.00390625,0.001953125,0.0,0.0,0.0
1871596961,1495995,0,1.00390625,0.0,-0.001953125,-0.001953125,0.0,0.0,0.0
1871598211,1495996,0,1.0,0.0,-0.001953125,-0.001953125,0.0,0.0,0.0
1871599461,1495997,0,0.998046875,0.001953125,0.0,0.001953125,0.0,0.0,0.0
1871600712,1495998,0,0.99609375,0.0,0.005859375,0.005859375,0.0,0.0,0.0
1871601962,1495999,0,1.00390625,0.0,-0.001953125,-0.001953125,0.0,0.0,0.0
1871603212,1496000,0,1.005859375,-0.001953125,-0.00390625,-0.005859375,0.0,0.0,0.0
1871604463,1496001,0,1.005859375,0.00390625,0.001953125,0.005859375,0.0,0.0,0.0
1871605713,1496002,0,1.009765625,-0.01171875,-0.005859375,-0.017578125,0.0,0.0,0.0
1871606965,1496003,0,1.0078125,-0.001953125,0.001953125,0.0,0.0,0.0,0.0
1871608216,1496004,0,0.998046875,0.0,0.0078125,0.0078125,0.0,0.0,0.0
1871609468,1496005,0,1.0,-0.001953125,0.00390625,0.001953125,0.0,0.0,0.0
1871610718,1496006,0,1.00390625,-0.001953125,0.0,-0.001953125,0.0,0.0,0.0
1871611970,1496007,0,1.001953125,0.005859375,0.001953125,0.0078125,0.0,0.0,0.0
1871613221,1496008,0,0.99609375,0.0,0.0,0.0,0.0,0.0,0.0
1871614471,1496009,0,1.00390625,-0.001953125,-0.00390625,-0.005859375,0.0,0.0,0.0
1871615722,1496010,0,1.005859375,0.0,0.00390625,0.00390625,0.0,0.0,0.0
1871616973,1496011,0,1.001953125,-0.00390625,0.001953125,-0.001953125,0.0,0.0,0.0
1871618225,1496012,0,1.005859375,-0.001953125,0.00390625,0.001953125,0.0,0.0,0.0
1871619477,1496013,0,1.00390625,-0.00390625,0.0,-0.00390625,0.0,0.0,0.0
1871620728,1496014,0,1.00390625,-0.001953125,0.0,-0.001953125,0.0,0.0,0.0
1871621978,1496015,0,1.00390625,-0.001953125,0.0,-0.001953125,0.0,0.0,0.0
1871623229,1496016,0,1.00390625,0.0,0.001953125,0.001953125,0.0,0.0,0.0
1871624481,1496017,0,1.0,-0.005859375,-0.00390625,-0.009765625,0.0,0.0,0.0
1871625731,1496018,0,1.00390625,0.001953125,0.00390625,0.005859375,0.0,0.0,0.0
1871626982,1496019,0,1.00390625,-0.00390625,0.0,-0.00390625,0.0,0.0,0.0
1871628233,1496020,0,1.00390625,-0.005859375,0.00390625,-0.001953125,0.0,0.0,0.0
1871629483,1496021,0,1.009765625,-0.005859375,0.0078125,0.001953125,0.0,0.0,0.0
1871630735,1496022,0,1.009765625,0.00390625,0.00390625,0.0078125,0.0,0.0,0.0
1871631986,1496023,0,1.0078125,0.0,0.0078125,0.0078125,0.0,0.0,0.0
1871633236,1496024,0,1.0,-0.001953125,0.00390625,0.001953125,0.0,0.0,0.0
1871634486,1496025,0,0.998046875,-0.00390625,0.00390625,0.0,0.0,0.0,0.0
1871635737,1496026,0,1.0078125,-0.00390625,0.00390625,0.0,0.0,0.0,0.0
1871636987,1496027,0,1.0,0.0,-0.001953125,-0.001953125,0.0,0.0,0.0
1871638238,1496028,0,1.015625,0.0,0.00390625,0.00390625,0.0,0.0,0.0
1871639489,1496029,0,1.001953125,-0.00390625,0.009765625,0.005859375,0.0,0.0,0.0
1871640740,1496030,0,1.001953125,-0.001953125,-0.001953125,-0.00390625,0.0,0.0,0.0
1871641990,1496031,0,1.001953125,-0.00390625,0.001953125,-0.001953125,0.0,0.0,0.0
1871643241,1496032,0,1.00390625,-0.00390625,0.001953125,-0.001953125,0.0,0.0,0.0
1871644492,1496033,0,1.0,-0.001953125,-0.001953125,-0.00390625,0.0,0.0,0.0
1871645742,1496034,0,1.005859375,0.0,0.001953125,0.001953125,0.0,0.0,0.0
1871646993,1496035,0,1.0078125,-0.001953125,0.00390625,0.001953125,0.0,0.0,0.0
1871648244,1496036,0,1.0078125,0.0,0.00390625,0.00390625,0.0,0.0,0.0
1871649494,1496037,0,1.005859375,0.0,0.001953125,0.001953125,0.0,0.0,0.0
1871650746,1496038,0,1.009765625,0.0,0.0078125,0.0078125,0.0,0.0,0.0
1871651997,1496039,0,1.0078125,-0.00390625,0.001953125,-0.001953125,0.0,0.0,0.0
1871653248,1496040,0,1.00390625,-0.001953125,0.005859375,0.00390625,0.0,0.0,0.0
1871654499,1496041,0,1.005859375,0.0,0.0,0.0,0.0,0.0,0.0
1871655750,1496042,0,1.0078125,-0.005859375,0.001953125,-0.00390625,0.0,0.0,0.0
1871657001,1496043,0,1.0078125,-0.001953125,0.0,-0.001953125,0.0,0.0,0.0
1871658252,1496044,0,1.00390625,0.00390625,-0.001953125,0.001953125,0.0,0.0,0.0
1871659502,1496045,0,1.0078125,-0.001953125,0.001953125,0.0,0.0,0.0,0.0
1871660753,1496046,0,1.001953125,0.001953125,-0.005859375,-0.00390625,0.0,0.0,0.0
1871662004,1496047,0,1.0,0.0,0.005859375,0.005859375,0.0,0.0,0.0
1871663255,1496048,0,1.009765625,-0.001953125,0.009765625,0.0078125,0.0,0.0,0.0
1871664505,1496049,0,1.001953125,-0.00390625,0.001953125,-0.001953125,0.0,0.0,0.0
1871665756,1496050,0,0.998046875,0.001953125,0.0,0.001953125,0.0,0.0,0.0
1871667008,1496051,0,1.00390625,0.0,0.001953125,0.001953125,0.0,0.0,0.0
1871668258,1496052,0,0.998046875,0.0,0.0078125,0.0078125,0.0,0.0,0.0
1871669509,1496053,0,1.001953125,-0.001953125,0.00390625,0.001953125,0.0,0.0,0.0
1871670759,1496054,0,1.00390625,0.0,0.001953125,0.001953125,0.0,0.0,0.0
1871672010,1496055,0,1.001953125,0.0,0.00390625,0.00390625,0.0,0.0,0.0
1871673261,1496056,0,1.00390625,0.0,0.0,0.0,0.0,0.0,0.0
1871674513,1496057,0,1.0,-0.00390625,0.0078125,0.00390625,0.0,0.0,0.0
1871675764,1496058,0,1.0,0.0,0.005859375,0.005859375,0.0,0.0,0.0
1871677015,1496059,0,1.001953125,-0.001953125,0.00390625,0.001953125,0.0,0.0,0.0
1871678270,1496060,0,0.998046875,-0.001953125,0.005859375,0.00390625,0.0,0.0,0.0
1871679521,1496061,0,1.001953125,-0.001953125,0.00390625,0.001953125,0.0,0.0,0.0
1871680772,1496062,0,1.0078125,-0.001953125,0.005859375,0.00390625,0.0,0.0,0.0
1871682024,1496063,0,1.001953125,-0.00390625,0.001953125,-0.001953125,0.0,0.0,0.0
1871683275,1496064,0,0.998046875,0.0,0.0078125,0.0078125,0.0,0.0,0.0
1871684527,1496065,0,1.00390625,-0.00390625,0.0,-0.00390625,0.0,0.0,0.0
1871685778,1496066,0,0.994140625,-0.001953125,0.00390625,0.001953125,0.0,0.0,0.0
1871687028,1496067,0,1.00390625,-0.00390625,0.0078125,0.00390625,0.0,0.0,0.0
1871688279,1496068,0,1.0,-0.001953125,0.001953125,0.0,0.0,0.0,0.0
1871689530,1496069,0,1.001953125,-0.001953125,0.0078125,0.005859375,0.0,0.0,0.0
1871690782,1496070,0,1.0078125,-0.005859375,0.00390625,-0.001953125,0.0,0.0,0.0
1871692032,1496071,0,1.00390625,0.0,0.001953125,0.001953125,0.0,0.0,0.0
1871693282,1496072,0,1.0078125,0.001953125,0.001953125,0.00390625,0.0,0.0,0.0
1871694532,1496073,0,1.0,-0.001953125,-0.001953125,-0.00390625,0.0,0.0,0.0
1871695783,1496074,0,1.0078125,-0.001953125,0.001953125,0.0,0.0,0.0,0.0
1871697034,1496075,0,1.00390625,0.0,0.01171875,0.01171875,0.0,0.0,0.0
1871698285,1496076,0,1.0078125,0.0,0.0,0.0,0.0,0.0,0.0
1871699537,1496077,0,1.00390625,-0.001953125,0.001953125,0.0,0.0,0.0,0.0
1871700789,1496078,0,1.005859375,0.0,0.005859375,0.005859375,0.0,0.0,0.0
1871702039,1496079,0,1.005859375,-0.001953125,0.001953125,0.0,0.0,0.0,0.0
1871703290,1496080,0,1.005859375,-0.00390625,0.00390625,0.0,0.0,0.0,0.0
1871704541,1496081,0,1.00390625,-0.001953125,-0.001953125,-0.00390625,0.0,0.0,0.0
1871705792,1496082,0,1.001953125,-0.001953125,0.0078125,0.005859375,0.0,0.0,0.0
1871707042,1496083,0,1.001953125,-0.005859375,0.009765625,0.00390625,0.0,0.0,0.0
1871708294,1496084,0,1.005859375,-0.001953125,0.013671875,0.01171875,0.0,0.0,0.0
1871709545,1496085,0,1.00390625,-0.00390625,0.0078125,0.00390625,0.0,0.0,0.0
1871710795,1496086,0,0.994140625,-0.0078125,-0.001953125,-0.009765625,0.0,0.0,0.0
1871712047,1496087,0,1.001953125,-0.0078125,0.00390625,-0.00390625,0.0,0.0,0.0
1871713298,1496088,0,1.0078125,0.0,-0.001953125,-0.001953125,0.0,0.0,0.0
1871714549,1496089,0,1.0,0.0,0.0,0.0,0.0,0.0,0.0
1871715800,1496090,0,1.001953125,0.0,0.001953125,0.001953125,0.0,0.0,0.0
1871717050,1496091,0,1.005859375,-0.001953125,-0.001953125,-0.00390625,0.0,0.0,0.0
1871718301,1496092,0,1.00390625,-0.001953125,0.00390625,0.001953125,0.0,0.0,0.0
1871719552,1496093,0,0.998046875,-0.00390625,0.00390625,0.0,0.0,0.0,0.0
1871720803,1496094,0,1.001953125,-0.00390625,0.001953125,-0.001953125,0.0,0.0,0.0
1871722053,1496095,0,1.00390625,-0.001953125,0.00390625,0.001953125,0.0,0.0,0.0
1871723305,1496096,0,1.00390625,0.001953125,-0.001953125,0.0,0.0,0.0,0.0
1871724557,1496097,0,1.00390625,0.0,0.01171875,0.01171875,0.0,0.0,0.0
1871725808,1496098,0,1.0078125,0.0,0.0,0.0,0.0,0.0,0.0
1871727059,1496099,0,1.0078125,0.0,0.00390625,0.00390625,0.0,0.0,0.0
1871728310,1496100,0,1.00390625,-0.00390625,0.001953125,-0.001953125,0.0,0.0,0.0
1871729562,1496101,0,1.001953125,-0.001953125,0.00390625,0.001953125,0.0,0.0,0.0
1871730812,1496102,0,1.00390625,0.00390625,0.001953125,0.005859375,0.0,0.0,0.0
1871732064,1496103,0,0.998046875,-0.001953125,-0.001953125,-0.00390625,0.0,0.0,0.0
1871733314,1496104,0,1.0078125,-0.001953125,0.00390625,0.001953125,0.0,0.0,0.0
1871734565,1496105,0,1.001953125,0.001953125,0.0,0.001953125,0.0,0.0,0.0
1871735816,1496106,0,1.009765625,0.0,0.001953125,0.001953125,0.0,0.0,0.0
1871737066,1496107,0,0.998046875,0.0,0.0078125,0.0078125,0.0,0.0,0.0
1871738317,1496108,0,0.9921875,-0.001953125,0.001953125,0.0,0.0,0.0,0.0
1871739569,1496109,0,1.005859375,-0.001953125,-0.001953125,-0.00390625,0.0,0.0,0.0
1871740819,1496110,0,0.99609375,-0.00390625,0.00390625,0.0,0.0,0.0,0.0
1871742070,1496111,0,1.015625,0.00390625,0.005859375,0.009765625,0.0,0.0,0.0
1871743321,1496112,0,1.001953125,0.0,0.00390625,0.00390625,0.0,0.0,0.0
1871744571,1496113,0,0.998046875,0.00390625,0.005859375,0.009765625,0.0,0.0,0.0
1871745822,1496114,0,1.001953125,-0.00390625,0.0,-0.00390625,0.0,0.0,0.0
1871747074,1496115,0,1.0078125,0.0,0.00390625,0.00390625,0.0,0.0,0.0
1871748324,1496116,0,1.001953125,-0.001953125,0.001953125,0.0,0.0,0.0,0.0
1871749575,1496117,0,1.001953125,-0.001953125,0.0,-0.001953125,0.0,0.0,0.0
1871750827,1496118,0,1.0,-0.00390625,0.0,-0.00390625,0.0,0.0,0.0
1871752077,1496119,0,1.00390625,0.0,0.00390625,0.00390625,0.0,0.0,0.0
1871753328,1496120,0,1.0,0.0,0.0078125,0.0078125,0.0,0.0,0.0
1871754580,1496121,0,1.009765625,-0.001953125,0.001953125,0.0,0.0,0.0,0.0
1871755832,1496122,0,1.001953125,-0.005859375,0.001953125,-0.00390625,0.0,0.0,0.0
1871757082,1496123,0,1.001953125,0.0,0.0,0.0,0.0,0.0,0.0
1871758333,1496124,0,1.00390625,0.0,0.009765625,0.009765625,0.0,0.0,0.0
1871759585,1496125,0,1.005859375,-0.001953125,0.001953125,0.0,0.0,0.0,0.0
1871760835,1496126,0,1.0078125,-0.00390625,0.005859375,0.001953125,0.0,0.0,0.0
1871762086,1496127,0,0.998046875,0.001953125,0.0,0.001953125,0.0,0.0,0.0
1871763338,1496128,0,1.009765625,-0.00390625,-0.00390625,-0.0078125,0.0,0.0,0.0
1871764589,1496129,0,1.0078125,-0.001953125,0.0,-0.001953125,0.0,0.0,0.0
1871765840,1496130,0,1.00390625,-0.001953125,0.0,-0.001953125,0.0,0.0,0.0
1871767092,1496131,0,1.001953125,-0.00390625,-0.00390625,-0.0078125,0.0,0.0,0.0
1871768343,1496132,0,1.001953125,-0.001953125,0.0,-0.001953125,0.0,0.0,0.0
1871769594,1496133,0,1.00390625,0.0,0.00390625,0.00390625,0.0,0.0,0.0
1871770845,1496134,0,1.0,-0.00390625,0.00390625,0.0,0.0,0.0,0.0
1871772096,1496135,0,1.001953125,-0.005859375,0.0078125,0.001953125,0.0,0.0,0.0
1871773346,1496136,0,1.0,-0.00390625,0.001953125,-0.001953125,0.0,0.0,0.0
1871774598,1496137,0,1.001953125,0.0,0.0,0.0,0.0,0.0,0.0
1871775849,1496138,0,1.00390625,-0.001953125,0.00390625,0.001953125,0.0,0.0,0.0
1871777099,1496139,0,1.00390625,-0.0078125,0.00390625,-0.00390625,0.0,0.0,0.0
1871778350,1496140,0,1.00390625,0.0,0.001953125,0.001953125,0.0,0.0,0.0
1871779601,1496141,0,1.0078125,-0.001953125,0.0078125,0.005859375,0.0,0.0,0.0
1871780852,1496142,0,1.00390625,-0.001953125,0.009765625,0.0078125,0.0,0.0,0.0
1871782103,1496143,0,1.001953125,-0.00390625,0.001953125,-0.001953125,0.0,0.0,0.0
1871783354,1496144,0,1.005859375,-0.00390625,0.00390625,0.0,0.0,0.0,0.0
1871784605,1496145,0,0.998046875,-0.00390625,-0.00390625,-0.0078125,0.0,0.0,0.0
1871785855,1496146,0,1.0078125,0.0,0.00390625,0.00390625,0.0,0.0,0.0
1871787107,1496147,0,1.005859375,0.0,-0.001953125,-0.001953125,0.0,0.0,0.0
1871788357,1496148,0,0.998046875,0.001953125,0.0078125,0.009765625,0.0,0.0,0.0
1871789607,1496149,0,1.0,-0.005859375,0.001953125,-0.00390625,0.0,0.0,0.0
1871790859,1496150,0,0.994140625,-0.001953125,0.005859375,0.00390625,0.0,0.0,0.0
1871792109,1496151,0,1.0078125,-0.005859375,-0.001953125,-0.0078125,0.0,0.0,0.0
1871793361,1496152,0,1.009765625,0.0,0.00390625,0.00390625,0.0,0.0,0.0
1871794611,1496153,0,1.005859375,0.001953125,0.00390625,0.005859375,0.0,0.0,0.0
1871795861,1496154,0,1.01171875,-0.00390625,0.001953125,-0.001953125,0.0,0.0,0.0
1871797113,1496155,0,1.001953125,-0.00390625,0.005859375,0.001953125,0.0,0.0,0.0
1871798364,1496156,0,1.001953125,-0.00390625,0.00390625,0.0,0.0,0.0,0.0
1871799616,1496157,0,1.001953125,-0.00390625,0.0078125,0.00390625,0.0,0.0,0.0
1871800866,1496158,0,1.00390625,0.0,0.005859375,0.005859375,0.0,0.0,0.0
1871802118,1496159,0,1.0078125,-0.001953125,0.0,-0.001953125,0.0,0.0,0.0
1871803368,1496160,0,0.998046875,-0.001953125,0.005859375,0.00390625,0.0,0.0,0.0
1871804619,1496161,0,1.0078125,-0.001953125,0.00390625,0.001953125,0.0,0.0,0.0
1871805869,1496162,0,1.00390625,-0.001953125,0.005859375,0.00390625,0.0,0.0,0.0
1871807119,1496163,0,1.0,-0.00390625,0.005859375,0.001953125,0.0,0.0,0.0
1871808371,1496164,0,1.001953125,-0.005859375,-0.001953125,-0.0078125,0.0,0.0,0.0
1871809622,1496165,0,0.998046875,0.001953125,0.001953125,0.00390625,0.0,0.0,0.0
1871810874,1496166,0,1.00390625,0.0,0.009765625,0.009765625,0.0,0.0,0.0
1871812124,1496167,0,1.0078125,-0.001953125,0.0,-0.001953125,0.0,0.0,0.0
1871813375,1496168,0,1.001953125,-0.005859375,0.009765625,0.00390625,0.0,0.0,0.0
1871814625,1496169,0,0.99609375,-0.00390625,0.00390625,0.0,0.0,0.0,0.0
1871815877,1496170,0,1.0078125,0.0,0.00390625,0.00390625,0.0,0.0,0.0
1871817127,1496171,0,1.00390625,0.0,0.005859375,0.005859375,0.0,0.0,0.0
1871818377,1496172,0,1.0,-0.001953125,0.005859375,0.00390625,0.0,0.0,0.0
1871819629,1496173,0,1.0,-0.001953125,0.0078125,0.005859375,0.0,0.0,0.0
1871820879,1496174,0,0.9921875,-0.00390625,0.001953125,-0.001953125,0.0,0.0,0.0
1871822130,1496175,0,1.00390625,-0.0078125,-0.001953125,-0.009765625,0.0,0.0,0.0
1871823381,1496176,0,1.001953125,0.0,-0.001953125,-0.001953125,0.0,0.0,0.0
1871824631,1496177,0,1.0078125,0.0,0.00390625,0.00390625,0.0,0.0,0.0
1871825882,1496178,0,1.001953125,0.0,0.0078125,0.0078125,0.0,0.0,0.0
1871827133,1496179,0,1.00390625,-0.001953125,0.0,-0.001953125,0.0,0.0,0.0
1871828384,1496180,0,1.001953125,-0.001953125,0.00390625,0.001953125,0.0,0.0,0.0
1871829635,1496181,0,1.005859375,-0.001953125,0.0,-0.001953125,0.0,0.0,0.0
1871830885,1496182,0,1.0078125,-0.001953125,0.005859375,0.00390625,0.0,0.0,0.0
1871832136,1496183,0,1.0078125,-0.001953125,0.0,-0.001953125,0.0,0.0,0.0
1871833387,1496184,0,1.005859375,-0.001953125,-0.00390625,-0.005859375,0.0,0.0,0.0
1871834638,1496185,0,0.99609375,0.001953125,0.0,0.001953125,0.0,0.0,0.0
1871835889,1496186,0,1.005859375,0.0,0.001953125,0.001953125,0.0,0.0,0.0
1871837140,1496187,0,1.001953125,-0.00390625,0.0,-0.00390625,0.0,0.0,0.0
1871838392,1496188,0,1.0,-0.00390625,0.0,-0.00390625,0.0,0.0,0.0
1871839642,1496189,0,1.00390625,0.005859375,0.001953125,0.0078125,0.0,0.0,0.0
1871840894,1496190,0,1.0078125,-0.001953125,0.005859375,0.00390625,0.0,0.0,0.0
1871842145,1496191,0,1.001953125,-0.005859375,0.009765625,0.00390625,0.0,0.0,0.0
1871843395,1496192,0,1.00390625,0.0078125,0.005859375,0.013671875,0.0,0.0,0.0
1871844646,1496193,0,1.001953125,-0.005859375,-0.00390625,-0.009765625,0.0,0.0,0.0
1871845898,1496194,0,1.001953125,-0.00390625,0.0,-0.00390625,0.0,0.0,0.0
1871847149,1496195,0,1.005859375,-0.00390625,-0.00390625,-0.0078125,0.0,0.0,0.0
1871848400,1496196,0,1.005859375,-0.00390625,-0.00390625,-0.0078125,0.0,0.0,0.0
1871849651,1496197,0,1.00390625,0.001953125,0.001953125,0.00390625,0.0,0.0,0.0
1871850902,1496198,0,0.998046875,0.0,0.001953125,0.001953125,0.0,0.0,0.0
1871852154,1496199,0,1.001953125,0.0,0.00390625,0.00390625,0.0,0.0,0.0
1871853405,1496200,0,1.001953125,-0.001953125,0.00390625,0.001953125,0.0,0.0,0.0
1871854657,1496201,0,1.0,-0.0078125,0.0,-0.0078125,0.0,0.0,0.0
1871855907,1496202,0,1.0,0.0,0.001953125,0.001953125,0.0,0.0,0.0
1871857158,1496203,0,1.00390625,0.001953125,0.00390625,0.005859375,0.0,0.0,0.0
1871858409,1496204,0,1.00390625,-0.001953125,0.00390625,0.001953125,0.0,0.0,0.0
1871859660,1496205,0,0.998046875,-0.001953125,0.00390625,0.001953125,0.0,0.0,0.0
1871860911,1496206,0,1.0,0.0,0.00390625,0.00390625,0.0,0.0,0.0
1871862161,1496207,0,1.0078125,-0.001953125,0.0,-0.001953125,0.0,0.0,0.0
1871863412,1496208,0,1.00390625,0.0,0.00390625,0.00390625,0.0,0.0,0.0
1871864664,1496209,0,1.005859375,0.001953125,0.00390625,0.005859375,0.0,0.0,0.0
1871865915,1496210,0,1.00390625,-0.001953125,0.005859375,0.00390625,0.0,0.0,0.0
1871867166,1496211,0,1.005859375,-0.0078125,0.0078125,0.0,0.0,0.0,0.0
1871868417,1496212,0,1.0,0.0,0.0078125,0.0078125,0.0,0.0,0.0
1871869668,1496213,0,1.001953125,-0.00390625,0.005859375,0.001953125,0.0,0.0,0.0
1871870920,1496214,0,1.0,0.001953125,-0.00390625,-0.001953125,0.0,0.0,0.0
1871872172,1496215,0,1.005859375,0.00390625,-0.001953125,0.001953125,0.0,0.0,0.0
1871873422,1496216,0,0.99609375,-0.0078125,-0.001953125,-0.009765625,0.0,0.0,0.0
1871874673,1496217,0,1.00390625,0.0,-0.001953125,-0.001953125,0.0,0.0,0.0
1871875924,1496218,0,1.00390625,0.0,-0.005859375,-0.005859375,0.0,0.0,0.0
1871877174,1496219,0,1.005859375,0.001953125,0.01171875,0.013671875,0.0,0.0,0.0
1871878425,1496220,0,1.009765625,-0.001953125,0.00390625,0.001953125,0.0,0.0,0.0
1871879676,1496221,0,1.005859375,0.00390625,0.0078125,0.01171875,0.0,0.0,0.0
1871880927,1496222,0,0.998046875,-0.005859375,0.00390625,-0.001953125,0.0,0.0,0.0
1871882177,1496223,0,1.005859375,-0.005859375,0.005859375,0.0,0.0,0.0,0.0
1871883427,1496224,0,1.005859375,-0.00390625,0.00390625,0.0,0.0,0.0,0.0
1871884679,1496225,0,1.00390625,0.0,0.0,0.0,0.0,0.0,0.0
1871885929,1496226,0,1.0,-0.001953125,0.0,-0.001953125,0.0,0.0,0.0
1871887179,1496227,0,1.00390625,0.0,0.00390625,0.00390625,0.0,0.0,0.0
1871888431,1496228,0,1.005859375,-0.001953125,0.00390625,0.001953125,0.0,0.0,0.0
1871889681,1496229,0,1.001953125,-0.001953125,-0.00390625,-0.005859375,0.0,0.0,0.0
1871890932,1496230,0,1.00390625,-0.00390625,0.009765625,0.005859375,0.0,0.0,0.0
1871892182,1496231,0,0.99609375,0.005859375,-0.001953125,0.00390625,0.0,0.0,0.0
1871893432,1496232,0,1.00390625,-0.001953125,0.001953125,0.0,0.0,0.0,0.0
1871894684,1496233,0,1.0078125,-0.001953125,0.0,-0.001953125,0.0,0.0,0.0
1871895934,1496234,0,1.01171875,-0.00390625,0.001953125,-0.001953125,0.0,0.0,0.0
1871897184,1496235,0,1.0,0.00390625,0.00390625,0.0078125,0.0,0.0,0.0
1871898436,1496236,0,0.9921875,-0.00390625,0.0078125,0.00390625,0.0,0.0,0.0
1871899686,1496237,0,1.017578125,-0.001953125,0.0078125,0.005859375,0.0,0.0,0.0
1871900937,1496238,0,1.001953125,-0.001953125,0.00390625,0.001953125,0.0,0.0,0.0
1871902188,1496239,0,1.001953125,0.001953125,0.00390625,0.005859375,0.0,0.0,0.0
1871903439,1496240,0,0.99609375,-0.001953125,0.0,-0.001953125,0.0,0.0,0.0
1871904691,1496241,0,1.005859375,0.0,0.00390625,0.00390625,0.0,0.0,0.0
1871905942,1496242,0,1.001953125,0.001953125,0.00390625,0.005859375,0.0,0.0,0.0
1871907192,1496243,0,1.00390625,0.001953125,-0.001953125,0.0,0.0,0.0,0.0
1871908443,1496244,0,1.0078125,-0.00390625,0.00390625,0.0,0.0,0.0,0.0
1871909695,1496245,0,0.998046875,-0.00390625,0.005859375,0.001953125,0.0,0.0,0.0
1871910945,1496246,0,1.0078125,-0.001953125,0.001953125,0.0,0.0,0.0,0.0
1871912197,1496247,0,1.00390625,-0.00390625,0.005859375,0.001953125,0.0,0.0,0.0
1871913448,1496248,0,1.0078125,-0.001953125,0.005859375,0.00390625,0.0,0.0,0.0
1871914698,1496249,0,1.00390625,-0.001953125,0.00390625,0.001953125,0.0,0.0,0.0
1871915949,1496250,0,1.001953125,-0.001953125,0.00390625,0.001953125,0.0,0.0,0.0
1871917199,1496251,0,1.005859375,0.0,0.00390625,0.00390625,0.0,0.0,0.0
1871918449,1496252,0,1.001953125,-0.001953125,0.001953125,0.0,0.0,0.0,0.0
1871919701,1496253,0,1.0078125,-0.00390625,0.0,-0.00390625,0.0,0.0,0.0
1871920951,1496254,0,1.001953125,0.0,-0.00390625,-0.00390625,0.0,0.0,0.0
1871922202,1496255,0,1.005859375,-0.001953125,0.001953125,0.0,0.0,0.0,0.0
1871923453,1496256,0,0.998046875,-0.001953125,0.0078125,0.005859375,0.0,0.0,0.0
1871924704,1496257,0,1.005859375,-0.00390625,0.0,-0.00390625,0.0,0.0,0.0
1871925954,1496258,0,1.013671875,-0.00390625,0.009765625,0.005859375,0.0,0.0,0.0
1871927205,1496259,0,1.0,0.009765625,-0.00390625,0.005859375,0.0,0.0,0.0
1871928457,1496260,0,1.0078125,0.001953125,0.0,0.001953125,0.0,0.0,0.0
1871929707,1496261,0,0.998046875,0.001953125,0.00390625,0.005859375,0.0,0.0,0.0
1871930959,1496262,0,1.00390625,-0.001953125,-0.00390625,-0.005859375,0.0,0.0,0.0
1871932209,1496263,0,1.005859375,0.0,0.0,0.0,0.0,0.0,0.0
1871933460,1496264,0,1.0,0.001953125,0.001953125,0.00390625,0.0,0.0,0.0
1871934711,1496265,0,1.005859375,0.0,0.0,0.0,0.0,0.0,0.0
1871935961,1496266,0,1.001953125,-0.001953125,0.00390625,0.001953125,0.0,0.0,0.0
1871937211,1496267,0,1.009765625,-0.001953125,0.001953125,0.0,0.0,0.0,0.0
1871938461,1496268,0,1.0,-0.00390625,0.00390625,0.0,0.0,0.0,0.0
1871939712,1496269,0,1.00390625,0.0,0.001953125,0.001953125,0.0,0.0,0.0
1871940962,1496270,0,1.005859375,-0.001953125,0.00390625,0.001953125,0.0,0.0,0.0
1871942212,1496271,0,1.009765625,0.001953125,0.005859375,0.0078125,0.0,0.0,0.0
1871943463,1496272,0,0.99609375,0.0,-0.001953125,-0.001953125,0.0,0.0,0.0
1871944713,1496273,0,1.005859375,0.001953125,0.0,0.001953125,0.0,0.0,0.0
1871945965,1496274,0,1.0,-0.005859375,0.0,-0.005859375,0.0,0.0,0.0
1871947216,1496275,0,1.01171875,-0.005859375,0.0078125,0.001953125,0.0,0.0,0.0
1871948468,1496276,0,1.00390625,0.001953125,0.00390625,0.005859375,0.0,0.0,0.0
1871949718,1496277,0,0.9921875,-0.00390625,0.0,-0.00390625,0.0,0.0,0.0
1871950970,1496278,0,1.00390625,0.005859375,0.001953125,0.0078125,0.0,0.0,0.0
1871952221,1496279,0,1.01171875,0.001953125,-0.00390625,-0.001953125,0.0,0.0,0.0
1871953471,1496280,0,1.001953125,0.0,0.001953125,0.001953125,0.0,0.0,0.0
1871954722,1496281,0,1.0,0.001953125,0.005859375,0.0078125,0.0,0.0,0.0
1871955973,1496282,0,1.0,0.0,0.005859375,0.005859375,0.0,0.0,0.0
1871957225,1496283,0,1.001953125,-0.005859375,-0.00390625,-0.009765625,0.0,0.0,0.0
1871958477,1496284,0,1.00390625,-0.001953125,0.0078125,0.005859375,0.0,0.0,0.0
1871959728,1496285,0,1.0078125,0.0,0.001953125,0.001953125,0.0,0.0,0.0
1871960978,1496286,0,1.009765625,-0.001953125,0.001953125,0.0,0.0,0.0,0.0
1871962229,1496287,0,1.001953125,0.0,0.00390625,0.00390625,0.0,0.0,0.0
1871963481,1496288,0,1.001953125,-0.00390625,-0.001953125,-0.005859375,0.0,0.0,0.0
1871964731,1496289,0,1.001953125,-0.001953125,0.0,-0.001953125,0.0,0.0,0.0
1871965982,1496290,0,0.998046875,0.001953125,0.0,0.001953125,0.0,0.0,0.0
1871967233,1496291,0,1.00390625,-0.001953125,0.005859375,0.00390625,0.0,0.0,0.0
1871968483,1496292,0,1.001953125,-0.001953125,0.0,-0.001953125,0.0,0.0,0.0
1871969734,1496293,0,1.0,-0.001953125,-0.001953125,-0.00390625,0.0,0.0,0.0
1871970984,1496294,0,1.001953125,0.001953125,-0.001953125,0.0,0.0,0.0,0.0
1871972235,1496295,0,1.001953125,0.0,0.005859375,0.005859375,0.0,0.0,0.0
1871973486,1496296,0,1.00390625,-0.00390625,0.001953125,-0.001953125,0.0,0.0,0.0
1871974736,1496297,0,1.00390625,0.0,0.005859375,0.005859375,0.0,0.0,0.0
1871975987,1496298,0,1.01171875,0.001953125,0.001953125,0.00390625,0.0,0.0,0.0
1871977238,1496299,0,1.013671875,-0.00390625,0.005859375,0.001953125,0.0,0.0,0.0
1871978489,1496300,0,1.001953125,0.01171875,0.001953125,0.013671875,0.0,0.0,0.0
1871979739,1496301,0,1.0,0.013671875,-0.001953125,0.01171875,0.0,0.0,0.0
1871980990,1496302,0,0.998046875,0.009765625,0.0,0.009765625,0.0,0.0,0.0
1871982241,1496303,0,1.0,0.0234375,-0.0078125,0.015625,0.0,0.0,0.0
1871983492,1496304,0,0.99609375,0.009765625,-0.001953125,0.0078125,0.0,0.0,0.0
1871984742,1496305,0,1.001953125,0.013671875,-0.001953125,0.01171875,0.0,0.0,0.0
1871985993,1496306,0,1.0078125,0.009765625,0.0,0.009765625,0.0,0.0,0.0
1871987244,1496307,0,1.001953125,0.009765625,0.0,0.009765625,0.0,0.0,0.0
1871988494,1496308,0,1.0,0.01171875,-0.00390625,0.0078125,0.0,0.0,0.0
1871989746,1496309,0,1.001953125,0.01171875,0.001953125,0.013671875,0.0,0.0,0.0
1871990997,1496310,0,1.00390625,0.015625,-0.005859375,0.009765625,0.0,0.0,0.0
1871992248,1496311,0,1.005859375,0.0078125,-0.005859375,0.001953125,0.0,0.0,0.0
1871993499,1496312,0,1.00390625,0.01953125,-0.0078125,0.01171875,0.0,0.0,0.0
1871994750,1496313,0,1.001953125,0.005859375,0.005859375,0.01171875,0.0,0.0,0.0
1871996001,1496314,0,1.00390625,0.009765625,0.005859375,0.015625,0.0,0.0,0.0
1871997252,1496315,0,1.00390625,0.015625,0.0,0.015625,0.0,0.0,0.0
1871998502,1496316,0,1.015625,0.009765625,-0.001953125,0.0078125,0.0,0.0,0.0
1871999753,1496317,0,1.015625,0.01171875,0.013671875,0.025390625,0.0,0.0,0.0
1872001004,1496318,0,1.005859375,0.0078125,0.0078125,0.015625,0.0,0.0,0.0
1872002255,1496319,0,1.0078125,0.03125,0.001953125,0.033203125,0.0,0.0,0.0
1872003505,1496320,0,1.025390625,0.0546875,-0.025390625,0.029296875,0.0,0.0,0.0
1872004756,1496321,0,1.03125,0.08203125,-0.04296875,0.0390625,0.0,0.0,0.0
1872006008,1496322,0,0.97265625,0.111328125,0.00390625,0.115234375,0.0,0.0,0.0
1872007258,1496323,0,1.146484375,0.037109375,-0.267578125,-0.23046875,0.0,0.0,0.0
1872008509,1496324,0,0.86328125,0.2890625,-0.2265625,0.0625,0.0,0.0,0.0
1872009759,1496325,0,0.947265625,0.22265625,-0.12109375,0.1015625,0.0,0.0,0.0
1872011010,1496326,0,1.046875,0.3671875,-0.1875,0.1796875,0.0,0.0,0.0
1872012261,1496327,0,0.970703125,0.25,-0.1328125,0.1171875,0.0,0.0,0.0
1872013513,1496328,0,0.951171875,0.0703125,0.23828125,0.30859375,0.0,0.0,0.0
1872014764,1496329,0,1.185546875,-0.205078125,-0.107421875,-0.3125,0.0,0.0,0.0
1872016015,1496330,0,0.814453125,3.15234375,-1.421875,1.73046875,0.0,0.0,0.0
1872017270,1496331,0,1.23046875,1.05859375,-0.484375,0.57421875,0.0,0.0,0.0
1872018521,1496332,0,1.0,0.763671875,-0.158203125,0.60546875,0.0,0.0,0.0
1872019772,1496333,0,1.029296875,0.8046875,-0.25390625,0.55078125,0.0,0.0,0.0
1872021024,1496334,0,0.935546875,0.591796875,-0.27734375,0.314453125,0.0,0.0,0.0
1872022275,1496335,0,0.927734375,0.64453125,-0.310546875,0.333984375,0.0,0.0,0.0
1872023527,1496336,0,1.20703125,0.888671875,-0.056640625,0.83203125,0.0,0.0,0.0
1872024778,1496337,0,1.0078125,1.044921875,-0.26953125,0.775390625,0.0,0.0,0.0
1872026028,1496338,0,0.77734375,1.01953125,-0.443359375,0.576171875,0.0,0.0,0.0
1872027279,1496339,0,0.96875,0.853515625,-0.15234375,0.701171875,0.0,0.0,0.0
1872028530,1496340,0,0.935546875,0.6015625,-0.001953125,0.599609375,0.0,0.0,0.0
1872029782,1496341,0,0.853515625,0.388671875,-0.001953125,0.38671875,0.0,0.0,0.0
1872031032,1496342,0,0.951171875,0.193359375,0.193359375,0.38671875,0.0,0.0,0.0
1872032282,1496343,0,1.08984375,0.072265625,0.505859375,0.578125,0.0,0.0,0.0
1872033532,1496344,0,1.107421875,0.14453125,0.4453125,0.58984375,0.0,0.0,0.0
1872034783,1496345,0,1.126953125,0.0625,0.443359375,0.505859375,0.0,0.0,0.0
1872036034,1496346,0,0.96484375,0.03125,0.3203125,0.3515625,0.0,0.0,0.0
1872037285,1496347,0,0.990234375,-0.025390625,0.33203125,0.306640625,0.0,0.0,0.0
1872038537,1496348,0,1.056640625,-0.13671875,0.326171875,0.189453125,0.0,0.0,0.0
1872039789,1496349,0,0.9453125,-0.244140625,0.228515625,-0.015625,0.0,0.0,0.0
1872041039,1496350,0,0.939453125,-0.384765625,0.44921875,0.064453125,0.0,0.0,0.0
1872042290,1496351,0,1.0546875,-0.501953125,0.640625,0.138671875,0.0,0.0,0.0
1872043541,1496352,0,1.078125,-0.58203125,0.67578125,0.09375,0.0,0.0,0.0
1872044792,1496353,0,1.021484375,-0.61328125,0.603515625,-0.009765625,0.0,0.0,0.0
1872046042,1496354,0,0.9921875,-0.658203125,0.525390625,-0.1328125,0.0,0.0,0.0
1872047294,1496355,0,0.962890625,-0.681640625,0.478515625,-0.203125,0.0,0.0,0.0
1872048545,1496356,0,0.955078125,-0.720703125,0.5,-0.220703125,0.0,0.0,0.0
1872049795,1496357,0,0.935546875,-0.76953125,0.478515625,-0.291015625,0.0,0.0,0.0
1872051047,1496358,0,0.943359375,-0.818359375,0.470703125,-0.34765625,0.0,0.0,0.0
1872052298,1496359,0,1.02734375,-0.865234375,0.580078125,-0.28515625,0.0,0.0,0.0
1872053549,1496360,0,1.08203125,-0.90234375,0.6328125,-0.26953125,0.0,0.0,0.0
1872054800,1496361,0,1.05859375,-0.91796875,0.587890625,-0.330078125,0.0,0.0,0.0
1872056050,1496362,0,1.02734375,-0.916015625,0.5390625,-0.376953125,0.0,0.0,0.0
1872057301,1496363,0,1.00390625,-0.8828125,0.513671875,-0.369140625,0.0,0.0,0.0
1872058552,1496364,0,0.9921875,-0.841796875,0.484375,-0.357421875,0.0,0.0,0.0
1872059803,1496365,0,0.990234375,-0.810546875,0.443359375,-0.3671875,0.0,0.0,0.0
1872061053,1496366,0,0.99609375,-0.755859375,0.474609375,-0.28125,0.0,0.0,0.0
1872062305,1496367,0,1.03125,-0.720703125,0.49609375,-0.224609375,0.0,0.0,0.0
1872063557,1496368,0,1.05078125,-0.666015625,0.453125,-0.212890625,0.0,0.0,0.0
1872064808,1496369,0,1.01953125,-0.599609375,0.380859375,-0.21875,0.0,0.0,0.0
1872066059,1496370,0,0.998046875,-0.51953125,0.341796875,-0.177734375,0.0,0.0,0.0
1872067310,1496371,0,0.974609375,-0.443359375,0.287109375,-0.15625,0.0,0.0,0.0
1872068562,1496372,0,0.962890625,-0.369140625,0.234375,-0.134765625,0.0,0.0,0.0
1872069812,1496373,0,0.97265625,-0.296875,0.197265625,-0.099609375,0.0,0.0,0.0
1872071064,1496374,0,1.001953125,-0.2265625,0.203125,-0.0234375,0.0,0.0,0.0
1872072314,1496375,0,1.037109375,-0.16015625,0.2109375,0.05078125,0.0,0.0,0.0
1872073565,1496376,0,1.037109375,-0.125,0.130859375,0.005859375,0.0,0.0,0.0
1872074816,1496377,0,0.98828125,-0.037109375,-0.013671875,-0.05078125,0.0,0.0,0.0
1872076066,1496378,0,0.9765625,0.021484375,0.015625,0.037109375,0.0,0.0,0.0
1872077317,1496379,0,0.994140625,0.1015625,-0.00390625,0.09765625,0.0,0.0,0.0
1872078569,1496380,0,0.947265625,0.15234375,-0.0546875,0.09765625,0.0,0.0,0.0
1872079819,1496381,0,0.96875,0.19140625,-0.076171875,0.115234375,0.0,0.0,0.0
1872081070,1496382,0,1.009765625,0.271484375,-0.072265625,0.19921875,0.0,0.0,0.0
1872082321,1496383,0,1.037109375,0.314453125,-0.0546875,0.259765625,0.0,0.0,0.0
1872083571,1496384,0,1.056640625,0.341796875,-0.0703125,0.271484375,0.0,0.0,0.0
1872084822,1496385,0,1.021484375,0.38671875,-0.1328125,0.25390625,0.0,0.0,0.0
1872086074,1496386,0,0.990234375,0.412109375,-0.185546875,0.2265625,0.0,0.0,0.0
1872087324,1496387,0,1.005859375,0.45703125,-0.189453125,0.267578125,0.0,0.0,0.0
1872088575,1496388,0,0.986328125,0.494140625,-0.23828125,0.255859375,0.0,0.0,0.0
1872089827,1496389,0,0.966796875,0.5,-0.263671875,0.236328125,0.0,0.0,0.0
1872091077,1496390,0,1.0078125,0.52734375,-0.25,0.27734375,0.0,0.0,0.0
1872092328,1496391,0,1.033203125,0.533203125,-0.234375,0.298828125,0.0,0.0,0.0
1872093580,1496392,0,1.037109375,0.533203125,-0.23828125,0.294921875,0.0,0.0,0.0
1872094832,1496393,0,1.01953125,0.537109375,-0.251953125,0.28515625,0.0,0.0,0.0
1872096082,1496394,0,1.0078125,0.5390625,-0.265625,0.2734375,0.0,0.0,0.0
1872097333,1496395,0,0.990234375,0.53515625,-0.263671875,0.271484375,0.0,0.0,0.0
1872098585,1496396,0,0.986328125,0.53515625,-0.26953125,0.265625,0.0,0.0,0.0
1872099835,1496397,0,0.9765625,0.513671875,-0.271484375,0.2421875,0.0,0.0,0.0
1872101086,1496398,0,0.994140625,0.48828125,-0.251953125,0.236328125,0.0,0.0,0.0
1872102338,1496399,0,1.021484375,0.46484375,-0.2109375,0.25390625,0.0,0.0,0.0
1872103589,1496400,0,1.033203125,0.431640625,-0.193359375,0.23828125,0.0,0.0,0.0
1872104840,1496401,0,1.015625,0.400390625,-0.1796875,0.220703125,0.0,0.0,0.0
1872106092,1496402,0,1.005859375,0.37109375,-0.162109375,0.208984375,0.0,0.0,0.0
1872107343,1496403,0,1.00390625,0.341796875,-0.1484375,0.193359375,0.0,0.0,0.0
1872108594,1496404,0,0.982421875,0.318359375,-0.134765625,0.18359375,0.0,0.0,0.0
1872109845,1496405,0,0.994140625,0.2734375,-0.123046875,0.150390625,0.0,0.0,0.0
1872111096,1496406,0,0.99609375,0.236328125,-0.0546875,0.181640625,0.0,0.0,0.0
1872112346,1496407,0,1.017578125,0.185546875,-0.01953125,0.166015625,0.0,0.0,0.0
1872113598,1496408,0,1.025390625,0.099609375,0.0,0.099609375,0.0,0.0,0.0
1872114849,1496409,0,1.015625,0.060546875,0.00390625,0.064453125,0.0,0.0,0.0
1872116099,1496410,0,0.9921875,0.0,0.00390625,0.00390625,0.0,0.0,0.0
1872117350,1496411,0,0.9921875,-0.025390625,0.01953125,-0.005859375,0.0,0.0,0.0
1872118601,1496412,0,0.9921875,-0.068359375,0.05078125,-0.017578125,0.0,0.0,0.0
1872119852,1496413,0,1.00390625,-0.099609375,0.078125,-0.021484375,0.0,0.0,0.0
1872121103,1496414,0,1.013671875,-0.138671875,0.1015625,-0.037109375,0.0,0.0,0.0
1872122354,1496415,0,1.005859375,-0.177734375,0.091796875,-0.0859375,0.0,0.0,0.0
1872123605,1496416,0,1.001953125,-0.203125,0.123046875,-0.080078125,0.0,0.0,0.0
1872124855,1496417,0,0.99609375,-0.234375,0.13671875,-0.09765625,0.0,0.0,0.0
1872126107,1496418,0,1.005859375,-0.26171875,0.154296875,-0.107421875,0.0,0.0,0.0
1872127357,1496419,0,0.9921875,-0.279296875,0.15625,-0.123046875,0.0,0.0,0.0
1872128607,1496420,0,0.994140625,-0.294921875,0.1640625,-0.130859375,0.0,0.0,0.0
1872129859,1496421,0,0.998046875,-0.30859375,0.17578125,-0.1328125,0.0,0.0,0.0
1872131109,1496422,0,1.0078125,-0.3359375,0.197265625,-0.138671875,0.0,0.0,0.0
1872132361,1496423,0,1.025390625,-0.34375,0.19140625,-0.15234375,0.0,0.0,0.0
1872133611,1496424,0,1.01171875,-0.34375,0.19921875,-0.14453125,0.0,0.0,0.0
1872134861,1496425,0,1.01953125,-0.357421875,0.193359375,-0.1640625,0.0,0.0,0.0
1872136113,1496426,0,1.005859375,-0.34375,0.173828125,-0.169921875,0.0,0.0,0.0
1872137364,1496427,0,1.001953125,-0.33984375,0.171875,-0.16796875,0.0,0.0,0.0
1872138616,1496428,0,0.982421875,-0.326171875,0.1640625,-0.162109375,0.0,0.0,0.0
1872139866,1496429,0,0.99609375,-0.31640625,0.16015625,-0.15625,0.0,0.0,0.0
1872141118,1496430,0,1.009765625,-0.30078125,0.1640625,-0.13671875,0.0,0.0,0.0
1872142368,1496431,0,1.021484375,-0.28515625,0.150390625,-0.134765625,0.0,0.0,0.0
1872143619,1496432,0,1.01953125,-0.26953125,0.15234375,-0.1171875,0.0,0.0,0.0
1872144869,1496433,0,1.01171875,-0.244140625,0.130859375,-0.11328125,0.0,0.0,0.0
1872146119,1496434,0,1.001953125,-0.220703125,0.1171875,-0.103515625,0.0,0.0,0.0
1872147371,1496435,0,1.001953125,-0.1875,0.1015625,-0.0859375,0.0,0.0,0.0
1872148622,1496436,0,1.00390625,-0.162109375,0.0703125,-0.091796875,0.0,0.0,0.0
1872149874,1496437,0,0.9921875,-0.13671875,0.05078125,-0.0859375,0.0,0.0,0.0
1872151124,1496438,0,1.001953125,-0.109375,0.03515625,-0.07421875,0.0,0.0,0.0
1872152375,1496439,0,1.0078125,-0.083984375,0.041015625,-0.04296875,0.0,0.0,0.0
1872153625,1496440,0,1.009765625,-0.0546875,0.033203125,-0.021484375,0.0,0.0,0.0
1872154877,1496441,0,1.009765625,-0.025390625,0.0234375,-0.001953125,0.0,0.0,0.0
1872156127,1496442,0,1.001953125,-0.005859375,-0.00390625,-0.009765625,0.0,0.0,0.0
1872157377,1496443,0,1.0078125,0.03125,-0.013671875,0.017578125,0.0,0.0,0.0
1872158629,1496444,0,1.0078125,0.0546875,-0.025390625,0.029296875,0.0,0.0,0.0
1872159879,1496445,0,1.0078125,0.087890625,-0.044921875,0.04296875,0.0,0.0,0.0
1872161130,1496446,0,1.013671875,0.1015625,-0.060546875,0.041015625,0.0,0.0,0.0
1872162381,1496447,0,1.00390625,0.12890625,-0.056640625,0.072265625,0.0,0.0,0.0
1872163631,1496448,0,1.017578125,0.146484375,-0.06640625,0.080078125,0.0,0.0,0.0
1872164882,1496449,0,1.001953125,0.15625,-0.0703125,0.0859375,0.0,0.0,0.0
1872166133,1496450,0,1.01171875,0.177734375,-0.08984375,0.087890625,0.0,0.0,0.0
1872167384,1496451,0,0.998046875,0.19921875,-0.099609375,0.099609375,0.0,0.0,0.0
1872168635,1496452,0,1.0,0.201171875,-0.099609375,0.1015625,0.0,0.0,0.0
1872169885,1496453,0,1.0,0.2109375,-0.099609375,0.111328125,0.0,0.0,0.0
1872171136,1496454,0,1.009765625,0.21484375,-0.09375,0.12109375,0.0,0.0,0.0
1872172387,1496455,0,1.017578125,0.208984375,-0.09765625,0.111328125,0.0,0.0,0.0
1872173638,1496456,0,1.001953125,0.212890625,-0.103515625,0.109375,0.0,0.0,0.0
1872174889,1496457,0,1.0078125,0.2109375,-0.099609375,0.111328125,0.0,0.0,0.0
1872176140,1496458,0,0.998046875,0.205078125,-0.103515625,0.1015625,0.0,0.0,0.0
1872177392,1496459,0,1.001953125,0.203125,-0.09375,0.109375,0.0,0.0,0.0
1872178642,1496460,0,1.005859375,0.189453125,-0.09375,0.095703125,0.0,0.0,0.0
1872179894,1496461,0,0.998046875,0.173828125,-0.091796875,0.08203125,0.0,0.0,0.0
1872181145,1496462,0,1.005859375,0.162109375,-0.08203125,0.080078125,0.0,0.0,0.0
1872182395,1496463,0,1.005859375,0.15234375,-0.07421875,0.078125,0.0,0.0,0.0
1872183646,1496464,0,1.005859375,0.13671875,-0.060546875,0.076171875,0.0,0.0,0.0
1872184898,1496465,0,1.005859375,0.12109375,-0.068359375,0.052734375,0.0,0.0,0.0
1872186149,1496466,0,1.005859375,0.099609375,-0.0625,0.037109375,0.0,0.0,0.0
1872187400,1496467,0,0.99609375,0.091796875,-0.048828125,0.04296875,0.0,0.0,0.0
1872188651,1496468,0,1.00390625,0.064453125,-0.03515625,0.029296875,0.0,0.0,0.0
1872189902,1496469,0,0.99609375,0.05078125,-0.02734375,0.0234375,0.0,0.0,0.0
1872191154,1496470,0,1.0,0.02734375,-0.01171875,0.015625,0.0,0.0,0.0
1872192405,1496471,0,1.013671875,0.0078125,-0.00390625,0.00390625,0.0,0.0,0.0
1872193657,1496472,0,1.0078125,-0.01171875,0.0,-0.01171875,0.0,0.0,0.0
1872194907,1496473,0,1.005859375,-0.03125,0.01171875,-0.01953125,0.0,0.0,0.0
1872196158,1496474,0,1.0,-0.044921875,0.015625,-0.029296875,0.0,0.0,0.0
1872197409,1496475,0,1.001953125,-0.060546875,0.01953125,-0.041015625,0.0,0.0,0.0
1872198660,1496476,0,1.001953125,-0.07421875,0.025390625,-0.048828125,0.0,0.0,0.0
1872199911,1496477,0,1.001953125,-0.0859375,0.033203125,-0.052734375,0.0,0.0,0.0
1872201161,1496478,0,1.00390625,-0.1015625,0.04296875,-0.05859375,0.0,0.0,0.0
1872202412,1496479,0,1.013671875,-0.11328125,0.046875,-0.06640625,0.0,0.0,0.0
1872203664,1496480,0,1.005859375,-0.125,0.05859375,-0.06640625,0.0,0.0,0.0
1872204915,1496481,0,1.00390625,-0.1328125,0.05859375,-0.07421875,0.0,0.0,0.0
1872206166,1496482,0,1.001953125,-0.134765625,0.05859375,-0.076171875,0.0,0.0,0.0
1872207417,1496483,0,1.001953125,-0.14453125,0.0546875,-0.08984375,0.0,0.0,0.0
1872208668,1496484,0,1.0,-0.140625,0.060546875,-0.080078125,0.0,0.0,0.0
1872209920,1496485,0,1.001953125,-0.146484375,0.064453125,-0.08203125,0.0,0.0,0.0
1872211172,1496486,0,1.009765625,-0.14453125,0.064453125,-0.080078125,0.0,0.0,0.0
1872212422,1496487,0,1.0,-0.154296875,0.07421875,-0.080078125,0.0,0.0,0.0
1872213673,1496488,0,1.0078125,-0.146484375,0.056640625,-0.08984375,0.0,0.0,0.0
1872214924,1496489,0,1.0078125,-0.140625,0.0546875,-0.0859375,0.0,0.0,0.0
1872216174,1496490,0,1.01171875,-0.13671875,0.0546875,-0.08203125,0.0,0.0,0.0
1872217425,1496491,0,1.01171875,-0.126953125,0.0390625,-0.087890625,0.0,0.0,0.0
1872218676,1496492,0,1.00390625,-0.11328125,0.04296875,-0.0703125,0.0,0.0,0.0
1872219927,1496493,0,0.998046875,-0.103515625,0.037109375,-0.06640625,0.0,0.0,0.0
1872221177,1496494,0,1.009765625,-0.095703125,0.033203125,-0.0625,0.0,0.0,0.0
1872222427,1496495,0,1.005859375,-0.08203125,0.03515625,-0.046875,0.0,0.0,0.0
1872223679,1496496,0,1.00390625,-0.0703125,0.033203125,-0.037109375,0.0,0.0,0.0
1872224929,1496497,0,1.001953125,-0.056640625,0.021484375,-0.03515625,0.0,0.0,0.0
1872226179,1496498,0,1.009765625,-0.046875,0.01171875,-0.03515625,0.0,0.0,0.0
1872227431,1496499,0,1.00390625,-0.033203125,0.013671875,-0.01953125,0.0,0.0,0.0
1872228681,1496500,0,1.0078125,-0.01953125,0.01171875,-0.0078125,0.0,0.0,0.0
1872229932,1496501,0,1.0078125,-0.0078125,0.001953125,-0.005859375,0.0,0.0,0.0
1872231182,1496502,0,1.001953125,0.001953125,-0.001953125,0.0,0.0,0.0,0.0
1872232432,1496503,0,1.005859375,0.01953125,-0.00390625,0.015625,0.0,0.0,0.0
1872233684,1496504,0,1.001953125,0.025390625,-0.00390625,0.021484375,0.0,0.0,0.0
1872234934,1496505,0,1.001953125,0.037109375,-0.013671875,0.0234375,0.0,0.0,0.0
1872236184,1496506,0,1.005859375,0.04296875,-0.025390625,0.017578125,0.0,0.0,0.0
1872237436,1496507,0,1.005859375,0.05859375,-0.02734375,0.03125,0.0,0.0,0.0
1872238686,1496508,0,1.0,0.06640625,-0.025390625,0.041015625,0.0,0.0,0.0
1872239937,1496509,0,1.005859375,0.07421875,-0.033203125,0.041015625,0.0,0.0,0.0
1872241188,1496510,0,1.0078125,0.076171875,-0.041015625,0.03515625,0.0,0.0,0.0
1872242439,1496511,0,1.005859375,0.080078125,-0.037109375,0.04296875,0.0,0.0,0.0
1872243691,1496512,0,1.01171875,0.08984375,-0.0390625,0.05078125,0.0,0.0,0.0
1872244942,1496513,0,0.998046875,0.083984375,-0.048828125,0.03515625,0.0,0.0,0.0
1872246192,1496514,0,1.0,0.08984375,-0.046875,0.04296875,0.0,0.0,0.0
1872247443,1496515,0,1.005859375,0.091796875,-0.0390625,0.052734375,0.0,0.0,0.0
1872248695,1496516,0,1.005859375,0.087890625,-0.044921875,0.04296875,0.0,0.0,0.0
1872249945,1496517,0,1.00390625,0.0859375,-0.037109375,0.048828125,0.0,0.0,0.0
1872251197,1496518,0,1.01171875,0.08203125,-0.033203125,0.048828125,0.0,0.0,0.0
1872252448,1496519,0,1.009765625,0.080078125,-0.041015625,0.0390625,0.0,0.0,0.0
1872253698,1496520,0,1.005859375,0.07421875,-0.033203125,0.041015625,0.0,0.0,0.0
1872254949,1496521,0,1.005859375,0.072265625,-0.03515625,0.037109375,0.0,0.0,0.0
1872256199,1496522,0,1.0078125,0.06640625,-0.03515625,0.03125,0.0,0.0,0.0
1872257449,1496523,0,1.005859375,0.0546875,-0.037109375,0.017578125,0.0,0.0,0.0
1872258701,1496524,0,1.00390625,0.05078125,-0.01953125,0.03125,0.0,0.0,0.0
1872259951,1496525,0,1.005859375,0.044921875,-0.02734375,0.017578125,0.0,0.0,0.0
1872261202,1496526,0,1.001953125,0.03125,-0.021484375,0.009765625,0.0,0.0,0.0
1872262453,1496527,0,1.0,0.0234375,-0.017578125,0.005859375,0.0,0.0,0.0
1872263704,1496528,0,1.009765625,0.015625,-0.013671875,0.001953125,0.0,0.0,0.0
1872264954,1496529,0,1.015625,0.009765625,-0.015625,-0.005859375,0.0,0.0,0.0
1872266205,1496530,0,1.0078125,0.0,-0.01171875,-0.01171875,0.0,0.0,0.0
1872267457,1496531,0,1.00390625,-0.0078125,-0.009765625,-0.017578125,0.0,0.0,0.0
1872268707,1496532,0,1.00390625,-0.017578125,-0.017578125,-0.03515625,0.0,0.0,0.0
1872269959,1496533,0,1.0,-0.02734375,-0.0078125,-0.03515625,0.0,0.0,0.0
1872271209,1496534,0,1.013671875,-0.02734375,0.0078125,-0.01953125,0.0,0.0,0.0
1872272460,1496535,0,1.0,-0.037109375,0.001953125,-0.03515625,0.0,0.0,0.0
1872273711,1496536,0,1.005859375,-0.052734375,0.009765625,-0.04296875,0.0,0.0,0.0
1872274961,1496537,0,1.001953125,-0.05078125,0.015625,-0.03515625,0.0,0.0,0.0
1872276211,1496538,0,1.005859375,-0.052734375,0.015625,-0.037109375,0.0,0.0,0.0
1872277461,1496539,0,1.00390625,-0.060546875,0.013671875,-0.046875,0.0,0.0,0.0
1872278712,1496540,0,1.00390625,-0.0703125,0.01171875,-0.05859375,0.0,0.0,0.0
1872279962,1496541,0,1.005859375,-0.0703125,0.015625,-0.0546875,0.0,0.0,0.0
1872281212,1496542,0,0.998046875,-0.0703125,0.015625,-0.0546875,0.0,0.0,0.0
1872282463,1496543,0,1.001953125,-0.068359375,0.015625,-0.052734375,0.0,0.0,0.0
1872283713,1496544,0,1.0078125,-0.072265625,0.015625,-0.056640625,0.0,0.0,0.0
1872284965,1496545,0,1.005859375,-0.068359375,0.017578125,-0.05078125,0.0,0.0,0.0
1872286216,1496546,0,1.005859375,-0.068359375,0.013671875,-0.0546875,0.0,0.0,0.0
1872287468,1496547,0,1.005859375,-0.0625,0.013671875,-0.048828125,0.0,0.0,0.0
1872288718,1496548,0,1.0,-0.0625,0.01953125,-0.04296875,0.0,0.0,0.0
1872289970,1496549,0,1.0078125,-0.056640625,0.0234375,-0.033203125,0.0,0.0,0.0
1872291221,1496550,0,1.0,-0.0546875,0.01171875,-0.04296875,0.0,0.0,0.0
1872292471,1496551,0,1.0078125,-0.05078125,0.017578125,-0.033203125,0.0,0.0,0.0
1872293722,1496552,0,1.01171875,-0.046875,0.0078125,-0.0390625,0.0,0.0,0.0
1872294973,1496553,0,1.0,-0.046875,0.013671875,-0.033203125,0.0,0.0,0.0
1872296225,1496554,0,0.99609375,-0.0390625,0.01171875,-0.02734375,0.0,0.0,0.0
1872297477,1496555,0,0.998046875,-0.033203125,0.005859375,-0.02734375,0.0,0.0,0.0
1872298728,1496556,0,0.994140625,-0.02734375,0.005859375,-0.021484375,0.0,0.0,0.0
1872299978,1496557,0,1.0,-0.0234375,0.0,-0.0234375,0.0,0.0,0.0
1872301229,1496558,0,1.00390625,-0.017578125,0.00390625,-0.013671875,0.0,0.0,0.0
1872302481,1496559,0,1.00390625,-0.009765625,0.00390625,-0.005859375,0.0,0.0,0.0
1872303731,1496560,0,1.001953125,0.001953125,0.0,0.001953125,0.0,0.0,0.0
1872304982,1496561,0,1.005859375,0.00390625,-0.00390625,0.0,0.0,0.0,0.0
1872306233,1496562,0,0.998046875,0.00390625,-0.0078125,-0.00390625,0.0,0.0,0.0
1872307483,1496563,0,1.005859375,0.01171875,-0.005859375,0.005859375,0.0,0.0,0.0
1872308734,1496564,0,1.0,0.013671875,-0.00390625,0.009765625,0.0,0.0,0.0
1872309984,1496565,0,1.0078125,0.0234375,-0.00390625,0.01953125,0.0,0.0,0.0
1872311235,1496566,0,1.005859375,0.02734375,-0.009765625,0.017578125,0.0,0.0,0.0
1872312486,1496567,0,1.0078125,0.029296875,-0.005859375,0.0234375,0.0,0.0,0.0
1872313736,1496568,0,1.001953125,0.02734375,-0.01171875,0.015625,0.0,0.0,0.0
1872314987,1496569,0,1.0078125,0.03515625,-0.0078125,0.02734375,0.0,0.0,0.0
1872316238,1496570,0,1.0078125,0.029296875,-0.015625,0.013671875,0.0,0.0,0.0
1872317489,1496571,0,1.009765625,0.046875,-0.021484375,0.025390625,0.0,0.0,0.0
1872318739,1496572,0,1.005859375,0.03125,-0.015625,0.015625,0.0,0.0,0.0
1872319990,1496573,0,1.005859375,0.0390625,-0.01953125,0.01953125,0.0,0.0,0.0
1872321241,1496574,0,1.00390625,0.041015625,-0.009765625,0.03125,0.0,0.0,0.0
1872322492,1496575,0,1.013671875,0.037109375,-0.0078125,0.029296875,0.0,0.0,0.0
1872323742,1496576,0,1.00390625,0.03515625,-0.013671875,0.021484375,0.0,0.0,-35551231082496.0
1872326244,1496578,0,0.998046875,0.02734375,-0.015625,0.01171875,0.0,0.0,0.0
1872327494,1496579,0,1.00390625,0.02734375,-0.009765625,0.017578125,0.0,0.0,0.0
1872328746,1496580,0,1.005859375,0.017578125,-0.01171875,0.005859375,0.0,0.0,0.0
1872329997,1496581,0,1.00390625,0.017578125,-0.01171875,0.005859375,0.0,0.0,0.0
1872331248,1496582,0,1.001953125,0.015625,-0.017578125,-0.001953125,0.0,0.0,0.0
1872332499,1496583,0,1.005859375,0.013671875,-0.009765625,0.00390625,0.0,0.0,0.0
1872333750,1496584,0,1.001953125,0.0078125,-0.0078125,0.0,0.0,0.0,0.0
1872335001,1496585,0,1.0,-0.001953125,-0.005859375,-0.0078125,0.0,0.0,0.0
1872336252,1496586,0,1.0078125,-0.00390625,-0.005859375,-0.009765625,0.0,0.0,0.0
1872337502,1496587,0,1.00390625,-0.005859375,-0.005859375,-0.01171875,0.0,0.0,0.0
1872338753,1496588,0,1.00390625,-0.013671875,-0.00390625,-0.017578125,0.0,0.0,0.0
1872340004,1496589,0,1.009765625,-0.015625,-0.00390625,-0.01953125,0.0,0.0,0.0
1872341255,1496590,0,1.00390625,-0.01171875,-0.00390625,-0.015625,0.0,0.0,0.0
1872342505,1496591,0,1.005859375,-0.0234375,-0.001953125,-0.025390625,0.0,0.0,0.0
1872343756,1496592,0,1.005859375,-0.02734375,-0.001953125,-0.029296875,0.0,0.0,0.0
1872345008,1496593,0,1.005859375,-0.02734375,-0.001953125,-0.029296875,0.0,0.0,0.0
1872346258,1496594,0,1.00390625,-0.029296875,-0.005859375,-0.03515625,0.0,0.0,0.0
1872347509,1496595,0,1.0078125,-0.037109375,-0.001953125,-0.0390625,0.0,0.0,0.0
1872348759,1496596,0,1.009765625,-0.03125,0.00390625,-0.02734375,0.0,0.0,0.0
1872350010,1496597,0,1.013671875,-0.033203125,-0.009765625,-0.04296875,0.0,0.0,0.0
1872351261,1496598,0,1.01171875,-0.0390625,0.009765625,-0.029296875,0.0,0.0,0.0
1872352513,1496599,0,1.005859375,-0.037109375,0.01171875,-0.025390625,0.0,0.0,0.0
1872353764,1496600,0,1.015625,-0.0390625,0.005859375,-0.033203125,0.0,0.0,0.0
1872355015,1496601,0,1.005859375,-0.037109375,0.005859375,-0.03125,0.0,0.0,0.0
1872356270,1496602,0,1.001953125,-0.041015625,0.005859375,-0.03515625,0.0,0.0,0.0
1872357521,1496603,0,1.0,-0.037109375,0.005859375,-0.03125,0.0,0.0,0.0
1872358772,1496604,0,1.005859375,-0.03515625,0.009765625,-0.025390625,0.0,0.0,0.0
1872360024,1496605,0,1.005859375,-0.037109375,0.005859375,-0.03125,0.0,0.0,0.0
1872361275,1496606,0,0.998046875,-0.033203125,0.005859375,-0.02734375,0.0,0.0,0.0
1872362527,1496607,0,1.005859375,-0.03515625,0.001953125,-0.033203125,0.0,0.0,0.0
1872363778,1496608,0,1.00390625,-0.033203125,0.001953125,-0.03125,0.0,0.0,0.0
1872365028,1496609,0,1.005859375,-0.029296875,0.009765625,-0.01953125,0.0,0.0,0.0
1872366279,1496610,0,1.0078125,-0.0234375,0.0,-0.0234375,0.0,0.0,0.0
1872367530,1496611,0,1.00390625,-0.0234375,0.005859375,-0.017578125,0.0,0.0,0.0
1872368782,1496612,0,1.005859375,-0.0234375,-0.001953125,-0.025390625,0.0,0.0,0.0
1872370032,1496613,0,1.0078125,-0.015625,-0.001953125,-0.017578125,0.0,0.0,0.0
1872371282,1496614,0,1.015625,-0.0078125,0.00390625,-0.00390625,0.0,0.0,0.0
1872372532,1496615,0,1.0078125,-0.0078125,0.0078125,0.0,0.0,0.0,0.0
1872373783,1496616,0,1.0078125,-0.01171875,0.00390625,-0.0078125,0.0,0.0,0.0
1872375034,1496617,0,1.013671875,-0.00390625,0.00390625,0.0,0.0,0.0,0.0
1872376285,1496618,0,1.005859375,0.00390625,0.005859375,0.009765625,0.0,0.0,0.0
1872377537,1496619,0,0.994140625,0.001953125,0.0,0.001953125,0.0,0.0,0.0
1872378789,1496620,0,1.00390625,0.005859375,-0.001953125,0.00390625,0.0,0.0,0.0
1872380039,1496621,0,1.005859375,0.0078125,-0.00390625,0.00390625,0.0,0.0,0.0
1872381290,1496622,0,1.00390625,0.01171875,-0.005859375,0.005859375,0.0,0.0,0.0
1872382541,1496623,0,1.00390625,0.013671875,-0.001953125,0.01171875,0.0,0.0,0.0
1872383792,1496624,0,1.00390625,0.013671875,-0.001953125,0.01171875,0.0,0.0,0.0
1872385042,1496625,0,1.001953125,0.01953125,-0.0078125,0.01171875,0.0,0.0,0.0
1872386294,1496626,0,1.005859375,0.017578125,-0.005859375,0.01171875,0.0,0.0,0.0
1872387545,1496627,0,1.001953125,0.013671875,-0.005859375,0.0078125,0.0,0.0,0.0
1872388795,1496628,0,1.005859375,0.017578125,-0.005859375,0.01171875,0.0,0.0,0.0
1872390047,1496629,0,1.00390625,0.021484375,-0.00390625,0.017578125,0.0,0.0,0.0
1872391298,1496630,0,1.005859375,0.017578125,-0.009765625,0.0078125,0.0,0.0,0.0
1872392549,1496631,0,1.005859375,0.01953125,-0.01171875,0.0078125,0.0,0.0,0.0
1872393800,1496632,0,1.01171875,0.017578125,-0.01171875,0.005859375,0.0,0.0,0.0
1872395050,1496633,0,1.005859375,0.01171875,-0.013671875,-0.001953125,0.0,0.0,0.0
1872396301,1496634,0,1.0078125,0.015625,-0.0078125,0.0078125,0.0,0.0,0.0
1872397552,1496635,0,1.0078125,0.013671875,-0.013671875,0.0,0.0,0.0,0.0
1872398803,1496636,0,1.005859375,0.0078125,-0.001953125,0.005859375,0.0,0.0,0.0
1872400053,1496637,0,1.001953125,0.0078125,-0.01171875,-0.00390625,0.0,0.0,0.0
1872401305,1496638,0,1.00390625,0.005859375,-0.01171875,-0.005859375,0.0,0.0,0.0
1872402557,1496639,0,1.009765625,0.00390625,0.00390625,0.0078125,0.0,0.0,0.0
1872403808,1496640,0,1.00390625,0.00390625,-0.009765625,-0.005859375,0.0,0.0,0.0
1872405059,1496641,0,1.0078125,0.001953125,-0.00390625,-0.001953125,0.0,0.0,0.0
1872406310,1496642,0,1.0,-0.005859375,-0.005859375,-0.01171875,0.0,0.0,0.0
1872407562,1496643,0,1.005859375,-0.0078125,-0.009765625,-0.017578125,0.0,0.0,0.0
1872408812,1496644,0,1.0,-0.0078125,0.0,-0.0078125,0.0,0.0,0.0
1872410064,1496645,0,1.001953125,-0.013671875,-0.001953125,-0.015625,0.0,0.0,0.0
1872411314,1496646,0,1.0078125,-0.009765625,-0.001953125,-0.01171875,0.0,0.0,0.0
1872412565,1496647,0,1.009765625,-0.015625,-0.001953125,-0.017578125,0.0,0.0,0.0
1872413816,1496648,0,1.00390625,-0.015625,-0.00390625,-0.01953125,0.0,0.0,0.0
1872415066,1496649,0,1.0078125,-0.015625,0.0,-0.015625,0.0,0.0,0.0
1872416317,1496650,0,1.00390625,-0.025390625,0.0,-0.025390625,0.0,0.0,0.0
1872417569,1496651,0,0.99609375,-0.0234375,-0.001953125,-0.025390625,0.0,0.0,0.0
1872418819,1496652,0,1.005859375,-0.02734375,-0.001953125,-0.029296875,0.0,0.0,0.0
1872420070,1496653,0,1.005859375,-0.025390625,0.005859375,-0.01953125,0.0,0.0,0.0
1872421321,1496654,0,1.009765625,-0.033203125,0.001953125,-0.03125,0.0,0.0,0.0
1872422571,1496655,0,1.005859375,-0.033203125,0.00390625,-0.029296875,0.0,0.0,0.0
1872423822,1496656,0,1.001953125,-0.02734375,0.009765625,-0.017578125,0.0,0.0,0.0
1872425074,1496657,0,1.0078125,-0.0234375,0.0078125,-0.015625,0.0,0.0,0.0
1872426324,1496658,0,1.005859375,-0.029296875,0.00390625,-0.025390625,0.0,0.0,0.0
1872427575,1496659,0,1.0,-0.033203125,-0.005859375,-0.0390625,0.0,0.0,0.0
1872428827,1496660,0,1.0078125,-0.03125,0.00390625,-0.02734375,0.0,0.0,0.0
1872430077,1496661,0,1.00390625,-0.025390625,0.001953125,-0.0234375,0.0,0.0,0.0
1872431328,1496662,0,1.0,-0.025390625,0.001953125,-0.0234375,0.0,0.0,0.0
1872432580,1496663,0,1.009765625,-0.0234375,0.001953125,-0.021484375,0.0,0.0,0.0
1872433832,1496664,0,1.001953125,-0.025390625,0.0078125,-0.017578125,0.0,0.0,0.0
1872435082,1496665,0,1.00390625,-0.01953125,0.001953125,-0.017578125,0.0,0.0,0.0
1872436333,1496666,0,0.99609375,-0.015625,0.005859375,-0.009765625,0.0,0.0,0.0
1872437585,1496667,0,1.001953125,-0.017578125,-0.001953125,-0.01953125,0.0,0.0,0.0
1872438835,1496668,0,1.001953125,-0.01953125,0.001953125,-0.017578125,0.0,0.0,0.0
1872440086,1496669,0,1.00390625,-0.009765625,0.0,-0.009765625,0.0,0.0,0.0
1872441338,1496670,0,1.005859375,-0.01171875,0.00390625,-0.0078125,0.0,0.0,0.0
1872442589,1496671,0,1.0,-0.005859375,0.001953125,-0.00390625,0.0,0.0,0.0
1872443840,1496672,0,1.001953125,-0.00390625,0.0,-0.00390625,0.0,0.0,0.0
1872445092,1496673,0,1.00390625,-0.001953125,-0.001953125,-0.00390625,0.0,0.0,0.0
1872446343,1496674,0,1.005859375,-0.001953125,0.0,-0.001953125,0.0,0.0,0.0
1872447594,1496675,0,1.001953125,-0.001953125,0.0,-0.001953125,0.0,0.0,0.0
1872448845,1496676,0,1.005859375,0.0,0.00390625,0.00390625,0.0,0.0,0.0
1872450096,1496677,0,1.0078125,0.005859375,0.009765625,0.015625,0.0,0.0,0.0
1872451346,1496678,0,0.998046875,0.001953125,-0.001953125,0.0,0.0,0.0,0.0
1872452598,1496679,0,1.0078125,0.001953125,-0.01171875,-0.009765625,0.0,0.0,0.0
1872453849,1496680,0,1.009765625,0.00390625,0.0,0.00390625,0.0,0.0,0.0
1872455099,1496681,0,1.0,0.00390625,-0.009765625,-0.005859375,0.0,0.0,0.0
1872456350,1496682,0,0.998046875,0.0078125,-0.001953125,0.005859375,0.0,0.0,0.0
1872457601,1496683,0,1.005859375,0.009765625,-0.005859375,0.00390625,0.0,0.0,0.0
1872458852,1496684,0,1.0078125,0.009765625,-0.01171875,-0.001953125,0.0,0.0,0.0
1872460103,1496685,0,1.005859375,0.0078125,-0.005859375,0.001953125,0.0,0.0,0.0
1872461354,1496686,0,1.0,0.0078125,-0.009765625,-0.001953125,0.0,0.0,0.0
1872462605,1496687,0,1.001953125,0.0078125,-0.005859375,0.001953125,0.0,0.0,0.0
1872463855,1496688,0,1.00390625,0.01171875,-0.00390625,0.0078125,0.0,0.0,0.0
1872465107,1496689,0,1.0078125,0.0078125,-0.01171875,-0.00390625,0.0,0.0,0.0
1872466357,1496690,0,1.00390625,0.01171875,-0.01171875,0.0,0.0,0.0,0.0
1872467607,1496691,0,1.00390625,0.0078125,-0.001953125,0.005859375,0.0,0.0,0.0
1872468859,1496692,0,1.001953125,0.0,-0.0078125,-0.0078125,0.0,0.0,0.0
1872470109,1496693,0,1.00390625,0.00390625,-0.0078125,-0.00390625,0.0,0.0,0.0
1872471361,1496694,0,1.0078125,-0.001953125,-0.01171875,-0.013671875,0.0,0.0,0.0
1872472611,1496695,0,1.009765625,0.001953125,-0.0078125,-0.005859375,0.0,0.0,0.0
1872473861,1496696,0,1.00390625,-0.00390625,-0.0078125,-0.01171875,0.0,0.0,0.0
1872475113,1496697,0,1.0,-0.00390625,-0.001953125,-0.005859375,0.0,0.0,0.0
1872476364,1496698,0,1.001953125,-0.001953125,-0.009765625,-0.01171875,0.0,0.0,0.0
1872477616,1496699,0,1.015625,-0.001953125,-0.01171875,-0.013671875,0.0,0.0,0.0
1872478866,1496700,0,1.005859375,-0.01171875,-0.00390625,-0.015625,0.0,0.0,0.0
1872480118,1496701,0,1.00390625,-0.0078125,0.0,-0.0078125,0.0,0.0,0.0
1872481368,1496702,0,1.0078125,-0.01171875,0.0,-0.01171875,0.0,0.0,0.0
1872482619,1496703,0,1.0,-0.01171875,0.0078125,-0.00390625,0.0,0.0,0.0
1872483869,1496704,0,0.998046875,-0.013671875,0.001953125,-0.01171875,0.0,0.0,0.0
1872485119,1496705,0,1.015625,-0.017578125,-0.001953125,-0.01953125,0.0,0.0,0.0
1872486371,1496706,0,1.0,-0.021484375,-0.00390625,-0.025390625,0.0,0.0,0.0
1872487622,1496707,0,1.00390625,-0.01953125,0.001953125,-0.017578125,0.0,0.0,0.0
1872488874,1496708,0,1.0,-0.015625,-0.001953125,-0.017578125,0.0,0.0,0.0
1872490124,1496709,0,1.00390625,-0.021484375,0.001953125,-0.01953125,0.0,0.0,0.0
1872491375,1496710,0,1.005859375,-0.0234375,-0.00390625,-0.02734375,0.0,0.0,0.0
1872492625,1496711,0,1.00390625,-0.0234375,0.001953125,-0.021484375,0.0,0.0,0.0
1872493877,1496712,0,1.005859375,-0.0234375,0.0,-0.0234375,0.0,0.0,0.0
1872495127,1496713,0,1.009765625,-0.0234375,0.001953125,-0.021484375,0.0,0.0,0.0
1872496377,1496714,0,1.0078125,-0.021484375,0.005859375,-0.015625,0.0,0.0,0.0
1872497629,1496715,0,1.001953125,-0.02734375,0.005859375,-0.021484375,0.0,0.0,0.0
1872498879,1496716,0,1.001953125,-0.0234375,0.005859375,-0.017578125,0.0,0.0,0.0
1872500130,1496717,0,1.001953125,-0.01953125,0.0,-0.01953125,0.0,0.0,0.0
1872501381,1496718,0,1.001953125,-0.01953125,0.001953125,-0.017578125,0.0,0.0,0.0
1872502631,1496719,0,1.005859375,-0.021484375,0.00390625,-0.017578125,0.0,0.0,0.0
1872503882,1496720,0,1.013671875,-0.017578125,0.00390625,-0.013671875,0.0,0.0,0.0
1872505133,1496721,0,1.001953125,-0.013671875,0.005859375,-0.0078125,0.0,0.0,0.0
1872506384,1496722,0,1.013671875,-0.017578125,0.00390625,-0.013671875,0.0,0.0,0.0
1872507635,1496723,0,1.005859375,-0.013671875,0.01171875,-0.001953125,0.0,0.0,0.0
1872508885,1496724,0,1.001953125,-0.015625,-0.00390625,-0.01953125,0.0,0.0,0.0
1872510136,1496725,0,0.998046875,-0.015625,0.00390625,-0.01171875,0.0,0.0,0.0
1872511387,1496726,0,1.001953125,-0.01171875,-0.00390625,-0.015625,0.0,0.0,0.0
1872512638,1496727,0,1.0078125,-0.0078125,-0.00390625,-0.01171875,0.0,0.0,0.0
1872513889,1496728,0,1.0,-0.00390625,0.0,-0.00390625,0.0,0.0,0.0
1872515140,1496729,0,1.005859375,-0.009765625,0.0,-0.009765625,0.0,0.0,0.0
1872516392,1496730,0,1.0,-0.00390625,0.00390625,0.0,0.0,0.0,0.0
1872517642,1496731,0,1.00390625,-0.001953125,-0.00390625,-0.005859375,0.0,0.0,0.0
1872518894,1496732,0,1.005859375,-0.00390625,-0.005859375,-0.009765625,0.0,0.0,0.0
1872520145,1496733,0,1.00390625,-0.001953125,-0.00390625,-0.005859375,0.0,0.0,0.0
1872521395,1496734,0,1.001953125,0.0,-0.00390625,-0.00390625,0.0,0.0,0.0
1872522646,1496735,0,1.0,0.0,0.001953125,0.001953125,0.0,0.0,0.0
1872523898,1496736,0,1.00390625,0.0078125,-0.001953125,0.005859375,0.0,0.0,0.0
1872525149,1496737,0,1.001953125,0.00390625,-0.00390625,0.0,0.0,0.0,0.0
1872526400,1496738,0,1.005859375,0.00390625,-0.005859375,-0.001953125,0.0,0.0,0.0
1872527651,1496739,0,1.009765625,0.0078125,-0.009765625,-0.001953125,0.0,0.0,0.0
1872528902,1496740,0,1.001953125,0.00390625,-0.0078125,-0.00390625,0.0,0.0,0.0
1872530154,1496741,0,1.00390625,0.01171875,-0.01171875,0.0,0.0,0.0,0.0
1872531405,1496742,0,1.0078125,0.00390625,-0.01953125,-0.015625,0.0,0.0,0.0
1872532657,1496743,0,1.005859375,-0.001953125,-0.01171875,-0.013671875,0.0,0.0,0.0
1872533907,1496744,0,1.01171875,0.00390625,-0.001953125,0.001953125,0.0,0.0,0.0
1872535158,1496745,0,0.994140625,-0.001953125,-0.009765625,-0.01171875,0.0,0.0,0.0
1872536409,1496746,0,1.0,0.005859375,-0.021484375,-0.015625,0.0,0.0,0.0
1872537660,1496747,0,1.009765625,0.001953125,-0.0078125,-0.005859375,0.0,0.0,0.0
1872538911,1496748,0,1.005859375,0.001953125,-0.017578125,-0.015625,0.0,0.0,0.0
1872540161,1496749,0,1.001953125,0.0,-0.01171875,-0.01171875,0.0,0.0,0.0
1872541412,1496750,0,0.998046875,-0.00390625,-0.005859375,-0.009765625,0.0,0.0,0.0
1872542664,1496751,0,1.0,-0.005859375,-0.00390625,-0.009765625,0.0,0.0,0.0
1872543915,1496752,0,0.998046875,-0.005859375,-0.017578125,-0.0234375,0.0,0.0,0.0
1872545166,1496753,0,1.00390625,-0.005859375,-0.009765625,-0.015625,0.0,0.0,0.0
1872546417,1496754,0,1.00390625,-0.00390625,-0.009765625,-0.013671875,0.0,0.0,0.0
1872547668,1496755,0,0.998046875,-0.009765625,-0.005859375,-0.015625,0.0,0.0,0.0
1872548920,1496756,0,0.99609375,-0.005859375,-0.001953125,-0.0078125,0.0,0.0,0.0
1872550172,1496757,0,1.0078125,-0.013671875,-0.005859375,-0.01953125,0.0,0.0,0.0
1872551422,1496758,0,1.005859375,-0.005859375,-0.00390625,-0.009765625,0.0,0.0,0.0
1872552673,1496759,0,1.009765625,-0.01171875,-0.00390625,-0.015625,0.0,0.0,0.0
1872553924,1496760,0,0.998046875,-0.017578125,-0.0078125,-0.025390625,0.0,0.0,0.0
1872555174,1496761,0,1.0,-0.009765625,-0.00390625,-0.013671875,0.0,0.0,0.0
1872556425,1496762,0,1.005859375,-0.013671875,-0.001953125,-0.015625,0.0,0.0,0.0
1872557676,1496763,0,0.99609375,-0.015625,-0.00390625,-0.01953125,0.0,0.0,0.0
1872558927,1496764,0,1.0,-0.017578125,-0.001953125,-0.01953125,0.0,0.0,0.0
1872560177,1496765,0,1.001953125,-0.015625,-0.00390625,-0.01953125,0.0,0.0,0.0
1872561427,1496766,0,1.00390625,-0.01953125,-0.00390625,-0.0234375,0.0,0.0,0.0
1872562679,1496767,0,1.0078125,-0.01953125,0.0,-0.01953125,0.0,0.0,0.0
1872563929,1496768,0,1.0,-0.01953125,-0.001953125,-0.021484375,0.0,0.0,0.0
1872565179,1496769,0,0.998046875,-0.021484375,0.001953125,-0.01953125,0.0,0.0,0.0
1872566431,1496770,0,1.001953125,-0.017578125,-0.001953125,-0.01953125,0.0,0.0,0.0
1872567681,1496771,0,1.01171875,-0.021484375,-0.001953125,-0.0234375,0.0,0.0,0.0
1872568932,1496772,0,1.00390625,-0.017578125,0.00390625,-0.013671875,0.0,0.0,0.0
1872570182,1496773,0,1.001953125,-0.015625,0.009765625,-0.005859375,0.0,0.0,0.0
1872571432,1496774,0,1.009765625,-0.015625,0.00390625,-0.01171875,0.0,0.0,0.0
1872572684,1496775,0,1.001953125,-0.013671875,0.0078125,-0.005859375,0.0,0.0,0.0
1872573934,1496776,0,1.00390625,-0.013671875,0.005859375,-0.0078125,0.0,0.0,0.0
1872575184,1496777,0,1.009765625,-0.01171875,0.013671875,0.001953125,0.0,0.0,0.0
1872576436,1496778,0,1.0078125,-0.015625,0.001953125,-0.013671875,0.0,0.0,0.0
1872577686,1496779,0,1.0078125,-0.0078125,0.00390625,-0.00390625,0.0,0.0,0.0
1872578937,1496780,0,1.005859375,-0.01171875,0.0,-0.01171875,0.0,0.0,0.0
1872580188,1496781,0,1.00390625,-0.013671875,0.00390625,-0.009765625,0.0,0.0,0.0
1872581439,1496782,0,1.005859375,-0.01171875,0.0,-0.01171875,0.0,0.0,0.0
1872582691,1496783,0,1.005859375,-0.009765625,0.009765625,0.0,0.0,0.0,0.0
1872583942,1496784,0,1.001953125,-0.00390625,0.009765625,0.005859375,0.0,0.0,0.0
1872585192,1496785,0,0.998046875,-0.005859375,0.001953125,-0.00390625,0.0,0.0,0.0
1872586443,1496786,0,1.009765625,-0.005859375,-0.001953125,-0.0078125,0.0,0.0,0.0
1872587695,1496787,0,0.99609375,-0.00390625,0.0,-0.00390625,0.0,0.0,0.0
1872588945,1496788,0,1.001953125,-0.005859375,0.0,-0.005859375,0.0,0.0,0.0
1872590197,1496789,0,1.01171875,0.0,0.001953125,0.001953125,0.0,0.0,0.0
1872591448,1496790,0,1.0,-0.001953125,0.0,-0.001953125,0.0,0.0,0.0
1872592698,1496791,0,0.99609375,-0.001953125,-0.001953125,-0.00390625,0.0,0.0,0.0
1872593949,1496792,0,1.001953125,0.0,-0.001953125,-0.001953125,0.0,0.0,0.0
1872595199,1496793,0,1.0078125,-0.001953125,-0.009765625,-0.01171875,0.0,0.0,0.0
1872596449,1496794,0,1.001953125,0.001953125,-0.001953125,0.0,0.0,0.0,0.0
1872597701,1496795,0,1.001953125,0.001953125,-0.001953125,0.0,0.0,0.0,0.0
1872598951,1496796,0,1.001953125,0.0,-0.005859375,-0.005859375,0.0,0.0,0.0
1872600202,1496797,0,1.005859375,0.001953125,-0.005859375,-0.00390625,0.0,0.0,0.0
1872601453,1496798,0,0.99609375,0.005859375,-0.0078125,-0.001953125,0.0,0.0,0.0
1872602704,1496799,0,1.001953125,-0.00390625,-0.005859375,-0.009765625,0.0,0.0,0.0
1872603954,1496800,0,1.001953125,0.0,-0.01171875,-0.01171875,0.0,0.0,0.0
1872605205,1496801,0,1.009765625,0.0,-0.005859375,-0.005859375,0.0,0.0,0.0
1872606457,1496802,0,1.00390625,0.001953125,-0.0078125,-0.005859375,0.0,0.0,0.0
1872607707,1496803,0,1.00390625,-0.001953125,-0.0078125,-0.009765625,0.0,0.0,0.0
1872608959,1496804,0,1.005859375,-0.00390625,-0.015625,-0.01953125,0.0,0.0,0.0
1872610209,1496805,0,1.015625,-0.005859375,-0.01171875,-0.017578125,0.0,0.0,0.0
1872611460,1496806,0,1.001953125,-0.001953125,-0.00390625,-0.005859375,0.0,0.0,0.0
1872612711,1496807,0,1.013671875,-0.005859375,-0.013671875,-0.01953125,0.0,0.0,0.0
1872613961,1496808,0,0.9921875,-0.005859375,-0.005859375,-0.01171875,0.0,0.0,0.0
1872615211,1496809,0,1.00390625,-0.0078125,-0.009765625,-0.017578125,0.0,0.0,0.0
1872616461,1496810,0,1.005859375,-0.0078125,-0.0078125,-0.015625,0.0,0.0,0.0
1872617712,1496811,0,1.015625,-0.013671875,-0.009765625,-0.0234375,0.0,0.0,0.0
1872618962,1496812,0,1.00390625,-0.013671875,-0.0078125,-0.021484375,0.0,0.0,0.0
1872620212,1496813,0,1.005859375,-0.0078125,-0.0078125,-0.015625,0.0,0.0,0.0
1872621463,1496814,0,1.00390625,-0.015625,-0.00390625,-0.01953125,0.0,0.0,0.0
1872622713,1496815,0,1.0078125,-0.017578125,0.001953125,-0.015625,0.0,0.0,0.0
1872623965,1496816,0,1.00390625,-0.01171875,-0.00390625,-0.015625,0.0,0.0,0.0
1872625216,1496817,0,1.001953125,-0.01171875,-0.00390625,-0.015625,0.0,0.0,0.0
1872626468,1496818,0,1.0078125,-0.013671875,-0.001953125,-0.015625,0.0,0.0,0.0
1872627718,1496819,0,1.005859375,-0.013671875,-0.001953125,-0.015625,0.0,0.0,0.0
1872628970,1496820,0,1.0078125,-0.009765625,-0.001953125,-0.01171875,0.0,0.0,0.0
1872630221,1496821,0,1.0,-0.01171875,-0.005859375,-0.017578125,0.0,0.0,0.0
1872631471,1496822,0,1.005859375,-0.01171875,-0.00390625,-0.015625,0.0,0.0,0.0
1872632722,1496823,0,1.0078125,-0.01171875,0.0078125,-0.00390625,0.0,0.0,0.0
1872633973,1496824,0,1.0078125,-0.01953125,0.001953125,-0.017578125,0.0,0.0,0.0
1872635225,1496825,0,1.009765625,-0.01171875,-0.001953125,-0.013671875,0.0,0.0,0.0
1872636477,1496826,0,1.013671875,-0.015625,0.0078125,-0.0078125,0.0,0.0,0.0
1872637728,1496827,0,1.005859375,-0.01171875,0.001953125,-0.009765625,0.0,0.0,0.0
1872638978,1496828,0,1.001953125,-0.01171875,-0.001953125,-0.013671875,0.0,0.0,0.0
1872640229,1496829,0,1.001953125,-0.017578125,-0.00390625,-0.021484375,0.0,0.0,0.0
1872641481,1496830,0,0.99609375,-0.01171875,0.005859375,-0.005859375,0.0,0.0,0.0
1872642731,1496831,0,0.998046875,-0.015625,-0.001953125,-0.017578125,0.0,0.0,0.0
1872643982,1496832,0,1.005859375,-0.0078125,0.00390625,-0.00390625,0.0,0.0,0.0
1872645233,1496833,0,1.00390625,-0.0078125,0.005859375,-0.001953125,0.0,0.0,0.0
1872646483,1496834,0,1.00390625,-0.009765625,-0.001953125,-0.01171875,0.0,0.0,0.0
1872647734,1496835,0,1.0078125,-0.013671875,0.00390625,-0.009765625,0.0,0.0,0.0
1872648984,1496836,0,1.005859375,-0.01171875,0.0,-0.01171875,0.0,0.0,0.0
1872650235,1496837,0,1.0078125,-0.0078125,0.00390625,-0.00390625,0.0,0.0,0.0
1872651486,1496838,0,1.0,-0.005859375,0.001953125,-0.00390625,0.0,0.0,0.0
1872652736,1496839,0,1.005859375,-0.0078125,0.001953125,-0.005859375,0.0,0.0,0.0
1872653987,1496840,0,1.005859375,-0.0078125,0.005859375,-0.001953125,0.0,0.0,0.0
1872655238,1496841,0,1.001953125,-0.001953125,-0.00390625,-0.005859375,0.0,0.0,0.0
1872656489,1496842,0,1.00390625,-0.0078125,-0.00390625,-0.01171875,0.0,0.0,0.0
1872657739,1496843,0,1.00390625,-0.001953125,-0.00390625,-0.005859375,0.0,0.0,0.0
1872658990,1496844,0,1.01171875,-0.001953125,-0.001953125,-0.00390625,0.0,0.0,0.0
1872660241,1496845,0,1.0078125,-0.01171875,-0.00390625,-0.015625,0.0,0.0,0.0
1872661492,1496846,0,1.005859375,-0.001953125,0.001953125,0.0,0.0,0.0,0.0
1872662742,1496847,0,1.009765625,-0.005859375,-0.001953125,-0.0078125,0.0,0.0,0.0
1872663993,1496848,0,0.994140625,0.0,-0.001953125,-0.001953125,0.0,0.0,0.0
1872665244,1496849,0,1.001953125,-0.001953125,-0.00390625,-0.005859375,0.0,0.0,0.0
1872666494,1496850,0,1.00390625,-0.00390625,-0.001953125,-0.005859375,0.0,0.0,0.0
1872667746,1496851,0,1.005859375,-0.001953125,-0.0078125,-0.009765625,0.0,0.0,0.0
1872668997,1496852,0,1.001953125,0.0,-0.00390625,-0.00390625,0.0,0.0,0.0
1872670248,1496853,0,0.998046875,0.0,0.0,0.0,0.0,0.0,0.0
1872671499,1496854,0,1.009765625,-0.00390625,-0.00390625,-0.0078125,0.0,0.0,0.0
1872672750,1496855,0,1.001953125,0.0,0.001953125,0.001953125,0.0,0.0,0.0
1872674001,1496856,0,1.009765625,-0.001953125,-0.001953125,-0.00390625,0.0,0.0,0.0
1872675252,1496857,0,0.998046875,0.0,-0.005859375,-0.005859375,0.0,0.0,0.0
1872676502,1496858,0,0.998046875,-0.005859375,-0.005859375,-0.01171875,0.0,0.0,0.0
1872677753,1496859,0,1.00390625,-0.01171875,-0.0078125,-0.01953125,0.0,0.0,0.0
1872679004,1496860,0,1.005859375,-0.005859375,-0.00390625,-0.009765625,0.0,0.0,0.0
1872680255,1496861,0,1.0078125,-0.009765625,-0.00390625,-0.013671875,0.0,0.0,0.0
1872681505,1496862,0,1.005859375,-0.01171875,-0.00390625,-0.015625,0.0,0.0,0.0
1872682756,1496863,0,1.00390625,-0.009765625,-0.001953125,-0.01171875,0.0,0.0,0.0
1872684008,1496864,0,1.005859375,-0.01171875,-0.0078125,-0.01953125,0.0,0.0,0.0
1872685258,1496865,0,1.0,-0.01171875,-0.01171875,-0.0234375,0.0,0.0,0.0
1872686509,1496866,0,1.001953125,-0.005859375,-0.00390625,-0.009765625,0.0,0.0,0.0
1872687759,1496867,0,1.00390625,-0.01171875,-0.001953125,-0.013671875,0.0,0.0,0.0
1872689010,1496868,0,1.0078125,-0.015625,-0.001953125,-0.017578125,0.0,0.0,0.0
1872690261,1496869,0,0.99609375,-0.01171875,0.005859375,-0.005859375,0.0,0.0,0.0
1872691513,1496870,0,1.00390625,-0.013671875,-0.0078125,-0.021484375,0.0,0.0,0.0
1872692764,1496871,0,1.009765625,-0.009765625,-0.00390625,-0.013671875,0.0,0.0,0.0
1872694015,1496872,0,1.009765625,-0.013671875,0.0,-0.013671875,0.0,0.0,0.0
1872695270,1496873,0,1.001953125,-0.01171875,0.001953125,-0.009765625,0.0,0.0,0.0
1872696521,1496874,0,1.0,-0.01171875,-0.00390625,-0.015625,0.0,0.0,0.0
1872697772,1496875,0,0.99609375,-0.01171875,-0.00390625,-0.015625,0.0,0.0,0.0
1872699024,1496876,0,1.0078125,-0.015625,-0.00390625,-0.01953125,0.0,0.0,0.0
1872700275,1496877,0,1.00390625,-0.013671875,0.0,-0.013671875,0.0,0.0,0.0
1872701527,1496878,0,1.0078125,-0.0078125,-0.00390625,-0.01171875,0.0,0.0,0.0
1872702778,1496879,0,1.00390625,-0.01171875,-0.00390625,-0.015625,0.0,0.0,0.0
1872704028,1496880,0,1.005859375,-0.009765625,0.00390625,-0.005859375,0.0,0.0,0.0
1872705279,1496881,0,1.00390625,-0.009765625,-0.001953125,-0.01171875,0.0,0.0,0.0
1872706530,1496882,0,1.005859375,-0.0078125,-0.001953125,-0.009765625,0.0,0.0,0.0
1872707782,1496883,0,1.005859375,-0.0078125,0.0,-0.0078125,0.0,0.0,0.0
1872709032,1496884,0,1.00390625,-0.009765625,0.0,-0.009765625,0.0,0.0,0.0
1872710282,1496885,0,1.005859375,-0.009765625,0.001953125,-0.0078125,0.0,0.0,0.0
1872711532,1496886,0,1.0078125,-0.009765625,0.001953125,-0.0078125,0.0,0.0,0.0
1872712783,1496887,0,1.0,-0.0078125,0.0,-0.0078125,0.0,0.0,0.0
1872714034,1496888,0,1.0078125,-0.009765625,-0.005859375,-0.015625,0.0,0.0,0.0
1872715285,1496889,0,1.0,-0.0078125,0.001953125,-0.005859375,0.0,0.0,0.0
1872716537,1496890,0,1.0078125,-0.005859375,-0.001953125,-0.0078125,0.0,0.0,0.0
1872717789,1496891,0,1.009765625,-0.0078125,-0.001953125,-0.009765625,0.0,0.0,0.0
1872719039,1496892,0,1.017578125,-0.0078125,0.0,-0.0078125,0.0,0.0,0.0
1872720290,1496893,0,1.009765625,-0.00390625,0.00390625,0.0,0.0,0.0,0.0
1872721541,1496894,0,1.009765625,-0.005859375,0.00390625,-0.001953125,0.0,0.0,0.0
1872722792,1496895,0,1.009765625,-0.009765625,-0.001953125,-0.01171875,0.0,0.0,0.0
1872724042,1496896,0,1.0,-0.001953125,-0.001953125,-0.00390625,0.0,0.0,0.0
1872725294,1496897,0,1.001953125,-0.00390625,-0.001953125,-0.005859375,0.0,0.0,0.0
1872726545,1496898,0,1.005859375,-0.0078125,0.0,-0.0078125,0.0,0.0,0.0
1872727795,1496899,0,1.00390625,-0.005859375,-0.001953125,-0.0078125,0.0,0.0,0.0
1872729047,1496900,0,1.001953125,-0.001953125,0.00390625,0.001953125,0.0,0.0,0.0
1872730298,1496901,0,1.00390625,0.0,0.0,0.0,0.0,0.0,0.0
1872731549,1496902,0,1.001953125,-0.001953125,-0.00390625,-0.005859375,0.0,0.0,0.0
1872732800,1496903,0,1.0,-0.005859375,-0.005859375,-0.01171875,0.0,0.0,0.0
1872734050,1496904,0,1.001953125,-0.00390625,-0.005859375,-0.009765625,0.0,0.0,0.0
1872735301,1496905,0,1.0,-0.00390625,-0.00390625,-0.0078125,0.0,0.0,0.0
1872736552,1496906,0,1.00390625,-0.00390625,-0.00390625,-0.0078125,0.0,0.0,0.0
1872737803,1496907,0,0.998046875,-0.005859375,-0.009765625,-0.015625,0.0,0.0,0.0
1872739053,1496908,0,1.0078125,0.001953125,0.001953125,0.00390625,0.0,0.0,0.0
1872740305,1496909,0,1.005859375,-0.01953125,0.00390625,-0.015625,0.0,0.0,0.0
1872741557,1496910,0,1.001953125,-0.013671875,-0.001953125,-0.015625,0.0,0.0,0.0
1872742808,1496911,0,1.0,-0.0078125,-0.01171875,-0.01953125,0.0,0.0,0.0
1872744059,1496912,0,1.01171875,0.001953125,-0.0078125,-0.005859375,0.0,0.0,0.0
1872745310,1496913,0,1.005859375,0.0,-0.005859375,-0.005859375,0.0,0.0,0.0
1872746562,1496914,0,1.01171875,0.0,-0.009765625,-0.009765625,0.0,0.0,0.0
1872747812,1496915,0,1.0,-0.0078125,-0.001953125,-0.009765625,0.0,0.0,0.0
1872749064,1496916,0,1.00390625,-0.0078125,0.005859375,-0.001953125,0.0,0.0,0.0
1872750314,1496917,0,1.0078125,-0.005859375,-0.009765625,-0.015625,0.0,0.0,0.0
1872751565,1496918,0,1.00390625,0.0,-0.001953125,-0.001953125,0.0,0.0,0.0
1872752816,1496919,0,1.0078125,-0.005859375,0.0,-0.005859375,0.0,0.0,0.0
1872754066,1496920,0,1.00390625,-0.00390625,-0.01171875,-0.015625,0.0,0.0,0.0
1872755317,1496921,0,0.99609375,-0.00390625,-0.015625,-0.01953125,0.0,0.0,0.0
1872756569,1496922,0,0.998046875,-0.013671875,-0.0078125,-0.021484375,0.0,0.0,0.0
1872757819,1496923,0,1.005859375,-0.015625,-0.00390625,-0.01953125,0.0,0.0,0.0
1872759070,1496924,0,1.00390625,-0.015625,0.0,-0.015625,0.0,0.0,0.0
1872760321,1496925,0,1.001953125,-0.015625,-0.00390625,-0.01953125,0.0,0.0,0.0
1872761571,1496926,0,1.005859375,-0.013671875,0.001953125,-0.01171875,0.0,0.0,0.0
1872762822,1496927,0,1.009765625,-0.013671875,0.001953125,-0.01171875,0.0,0.0,0.0
1872764074,1496928,0,1.00390625,-0.013671875,-0.001953125,-0.015625,0.0,0.0,0.0
1872765324,1496929,0,1.005859375,-0.013671875,0.0,-0.013671875,0.0,0.0,0.0
1872766575,1496930,0,1.00390625,-0.01953125,0.0,-0.01953125,0.0,0.0,0.0
1872767827,1496931,0,1.017578125,-0.01953125,0.00390625,-0.015625,0.0,0.0,0.0
1872769077,1496932,0,1.0078125,-0.021484375,0.0,-0.021484375,0.0,0.0,0.0
1872770328,1496933,0,0.998046875,-0.0078125,-0.001953125,-0.009765625,0.0,0.0,0.0
1872771580,1496934,0,0.9921875,-0.013671875,0.01171875,-0.001953125,0.0,0.0,0.0
1872772832,1496935,0,1.005859375,-0.01171875,0.00390625,-0.0078125,0.0,0.0,0.0
1872774082,1496936,0,1.001953125,-0.01171875,0.005859375,-0.005859375,0.0,0.0,0.0
1872775333,1496937,0,0.986328125,-0.0078125,0.001953125,-0.005859375,0.0,0.0,0.0
1872776585,1496938,0,1.00390625,-0.01171875,0.00390625,-0.0078125,0.0,0.0,0.0
1872777835,1496939,0,1.009765625,-0.013671875,-0.001953125,-0.015625,0.0,0.0,0.0
1872779086,1496940,0,1.0078125,-0.0078125,0.0,-0.0078125,0.0,0.0,0.0
1872780338,1496941,0,1.005859375,-0.001953125,0.0,-0.001953125,0.0,0.0,0.0
1872781589,1496942,0,0.998046875,-0.005859375,-0.00390625,-0.009765625,0.0,0.0,0.0
1872782840,1496943,0,1.0,-0.00390625,0.0,-0.00390625,0.0,0.0,0.0
1872784092,1496944,0,1.001953125,-0.00390625,-0.00390625,-0.0078125,0.0,0.0,0.0
1872785343,1496945,0,1.001953125,-0.005859375,0.0,-0.005859375,0.0,0.0,0.0
1872786594,1496946,0,1.0,-0.001953125,-0.001953125,-0.00390625,0.0,0.0,0.0
1872787845,1496947,0,1.009765625,0.001953125,0.0,0.001953125,0.0,0.0,0.0
1872789096,1496948,0,1.009765625,-0.001953125,-0.001953125,-0.00390625,0.0,0.0,0.0
1872790346,1496949,0,1.0078125,0.0,0.0,0.0,0.0,0.0,0.0
1872791598,1496950,0,1.0078125,0.00390625,-0.001953125,0.001953125,0.0,0.0,0.0
1872792849,1496951,0,1.001953125,0.001953125,-0.005859375,-0.00390625,0.0,0.0,0.0
1872794099,1496952,0,1.001953125,-0.001953125,-0.0078125,-0.009765625,0.0,0.0,0.0
1872795350,1496953,0,1.00390625,-0.001953125,0.005859375,0.00390625,0.0,0.0,0.0
1872796601,1496954,0,0.994140625,-0.00390625,0.0,-0.00390625,0.0,0.0,0.0
1872797852,1496955,0,1.015625,-0.001953125,0.0,-0.001953125,0.0,0.0,0.0
1872799103,1496956,0,1.005859375,0.001953125,0.001953125,0.00390625,0.0,0.0,0.0
1872800354,1496957,0,1.0078125,-0.001953125,-0.00390625,-0.005859375,0.0,0.0,0.0
1872801605,1496958,0,1.005859375,-0.001953125,0.00390625,0.001953125,0.0,0.0,0.0
1872802855,1496959,0,1.001953125,-0.005859375,-0.00390625,-0.009765625,0.0,0.0,0.0
1872804107,1496960,0,1.00390625,-0.01171875,0.001953125,-0.009765625,0.0,0.0,0.0
1872805357,1496961,0,0.998046875,-0.009765625,-0.00390625,-0.013671875,0.0,0.0,0.0
1872806607,1496962,0,1.00390625,-0.00390625,0.0,-0.00390625,0.0,0.0,0.0
1872807859,1496963,0,1.00390625,-0.01171875,-0.001953125,-0.013671875,0.0,0.0,0.0
1872809109,1496964,0,1.001953125,-0.009765625,0.00390625,-0.005859375,0.0,0.0,0.0
1872810361,1496965,0,1.005859375,-0.0078125,0.001953125,-0.005859375,0.0,0.0,0.0
1872811611,1496966,0,1.001953125,-0.01171875,-0.001953125,-0.013671875,0.0,0.0,0.0
1872812861,1496967,0,1.001953125,-0.009765625,-0.001953125,-0.01171875,0.0,0.0,0.0
1872814113,1496968,0,1.001953125,-0.009765625,0.0,-0.009765625,0.0,0.0,0.0
1872815364,1496969,0,0.99609375,-0.0078125,0.0,-0.0078125,0.0,0.0,0.0
1872816616,1496970,0,1.005859375,-0.009765625,0.0,-0.009765625,0.0,0.0,0.0
1872817866,1496971,0,1.005859375,-0.0078125,-0.00390625,-0.01171875,0.0,0.0,0.0
1872819118,1496972,0,1.009765625,-0.009765625,-0.00390625,-0.013671875,0.0,0.0,0.0
1872820368,1496973,0,1.005859375,-0.009765625,0.0,-0.009765625,0.0,0.0,0.0
1872821619,1496974,0,1.0078125,-0.01171875,-0.001953125,-0.013671875,0.0,0.0,0.0
1872822869,1496975,0,0.998046875,-0.01171875,-0.0078125,-0.01953125,0.0,0.0,0.0
1872824119,1496976,0,1.0,-0.0078125,-0.0078125,-0.015625,0.0,0.0,0.0
1872825371,1496977,0,1.0078125,-0.0078125,-0.0078125,-0.015625,0.0,0.0,0.0
1872826622,1496978,0,1.01171875,-0.015625,-0.001953125,-0.017578125,0.0,0.0,0.0
1872827874,1496979,0,1.0078125,-0.01171875,0.0,-0.01171875,0.0,0.0,0.0
1872829124,1496980,0,1.001953125,-0.013671875,-0.00390625,-0.017578125,0.0,0.0,0.0
1872830375,1496981,0,1.00390625,-0.015625,-0.001953125,-0.017578125,0.0,0.0,0.0
1872831625,1496982,0,1.00390625,-0.01171875,0.0,-0.01171875,0.0,0.0,0.0
1872832877,1496983,0,1.00390625,-0.009765625,0.0,-0.009765625,0.0,0.0,0.0
1872834127,1496984,0,1.001953125,-0.005859375,0.0,-0.005859375,0.0,0.0,0.0
1872835377,1496985,0,1.001953125,-0.009765625,-0.001953125,-0.01171875,0.0,0.0,0.0
1872836629,1496986,0,1.0078125,-0.0078125,-0.001953125,-0.009765625,0.0,0.0,0.0
1872837879,1496987,0,1.0078125,-0.01171875,0.0,-0.01171875,0.0,0.0,0.0
1872839130,1496988,0,1.009765625,-0.013671875,-0.0078125,-0.021484375,0.0,0.0,0.0
1872840381,1496989,0,1.001953125,-0.009765625,0.0,-0.009765625,0.0,0.0,0.0
1872841631,1496990,0,1.005859375,-0.009765625,-0.001953125,-0.01171875,0.0,0.0,0.0
1872842882,1496991,0,1.0078125,-0.0078125,0.005859375,-0.001953125,0.0,0.0,0.0
1872844133,1496992,0,1.00390625,-0.0078125,0.0,-0.0078125,0.0,0.0,0.0
1872845384,1496993,0,0.998046875,-0.009765625,-0.005859375,-0.015625,0.0,0.0,0.0
1872846635,1496994,0,1.005859375,-0.0078125,-0.005859375,-0.013671875,0.0,0.0,0.0
1872847885,1496995,0,0.9921875,-0.005859375,-0.001953125,-0.0078125,0.0,0.0,0.0
1872849136,1496996,0,1.005859375,-0.01171875,-0.005859375,-0.017578125,0.0,0.0,0.0
1872850387,1496997,0,1.001953125,-0.009765625,0.005859375,-0.00390625,0.0,0.0,0.0
1872851638,1496998,0,1.0078125,-0.001953125,-0.00390625,-0.005859375,0.0,0.0,0.0
1872852889,1496999,0,1.013671875,-0.00390625,0.0,-0.00390625,0.0,0.0,0.0
1872854140,1497000,0,1.001953125,-0.001953125,-0.00390625,-0.005859375,0.0,0.0,0.0
1872855392,1497001,0,1.005859375,-0.00390625,-0.00390625,-0.0078125,0.0,0.0,0.0
1872856642,1497002,0,1.0078125,-0.0078125,0.0,-0.0078125,0.0,0.0,0.0
1872857894,1497003,0,1.00390625,-0.0078125,-0.001953125,-0.009765625,0.0,0.0,0.0
1872859145,1497004,0,1.009765625,-0.005859375,-0.00390625,-0.009765625,0.0,0.0,0.0
1872860395,1497005,0,1.0078125,-0.0078125,-0.001953125,-0.009765625,0.0,0.0,0.0
1872861646,1497006,0,1.005859375,-0.005859375,0.001953125,-0.00390625,0.0,0.0,0.0
1872862898,1497007,0,1.005859375,-0.00390625,-0.01171875,-0.015625,0.0,0.0,0.0
1872864149,1497008,0,1.001953125,-0.005859375,0.001953125,-0.00390625,0.0,0.0,0.0
1872865400,1497009,0,1.0078125,-0.005859375,0.0,-0.005859375,0.0,0.0,0.0
1872866651,1497010,0,1.005859375,-0.005859375,-0.001953125,-0.0078125,0.0,0.0,0.0
1872867902,1497011,0,1.0,-0.005859375,-0.00390625,-0.009765625,0.0,0.0,0.0
1872869154,1497012,0,1.00390625,-0.0078125,0.001953125,-0.005859375,0.0,0.0,0.0
1872870405,1497013,0,1.00390625,-0.01171875,0.001953125,-0.009765625,0.0,0.0,0.0
1872871657,1497014,0,0.998046875,-0.0078125,0.00390625,-0.00390625,0.0,0.0,0.0
1872872907,1497015,0,0.998046875,-0.0078125,-0.00390625,-0.01171875,0.0,0.0,0.0
1872874158,1497016,0,1.001953125,-0.01171875,0.0,-0.01171875,0.0,0.0,0.0
1872875409,1497017,0,1.0078125,-0.005859375,0.0,-0.005859375,0.0,0.0,0.0
1872876660,1497018,0,1.0078125,-0.0078125,-0.005859375,-0.013671875,0.0,0.0,0.0
1872877911,1497019,0,1.013671875,-0.005859375,-0.005859375,-0.01171875,0.0,0.0,0.0
1872879161,1497020,0,0.99609375,-0.001953125,0.0,-0.001953125,0.0,0.0,0.0
1872880412,1497021,0,0.99609375,-0.0078125,-0.00390625,-0.01171875,0.0,0.0,0.0
1872881664,1497022,0,1.00390625,-0.0078125,0.0,-0.0078125,0.0,0.0,0.0
1872882915,1497023,0,1.013671875,-0.0078125,-0.001953125,-0.009765625,0.0,0.0,0.0
1872884166,1497024,0,1.0,-0.0078125,-0.001953125,-0.009765625,0.0,0.0,0.0
1872885417,1497025,0,1.0078125,-0.009765625,-0.00390625,-0.013671875,0.0,0.0,0.0
1872886668,1497026,0,1.005859375,-0.013671875,-0.001953125,-0.015625,0.0,0.0,0.0
1872887920,1497027,0,1.001953125,-0.009765625,-0.005859375,-0.015625,0.0,0.0,0.0
1872889172,1497028,0,1.005859375,-0.009765625,-0.0078125,-0.017578125,0.0,0.0,0.0
1872890422,1497029,0,1.001953125,-0.009765625,0.0,-0.009765625,0.0,0.0,0.0
1872891673,1497030,0,1.00390625,-0.009765625,-0.001953125,-0.01171875,0.0,0.0,0.0
1872892924,1497031,0,1.005859375,-0.01171875,-0.00390625,-0.015625,0.0,0.0,0.0
1872894174,1497032,0,1.0078125,-0.015625,-0.00390625,-0.01953125,0.0,0.0,0.0
1872895425,1497033,0,1.005859375,-0.01171875,0.0,-0.01171875,0.0,0.0,0.0
1872896676,1497034,0,1.001953125,-0.009765625,-0.00390625,-0.013671875,0.0,0.0,0.0
1872897927,1497035,0,1.001953125,-0.01171875,-0.001953125,-0.013671875,0.0,0.0,0.0
1872899177,1497036,0,1.0078125,-0.009765625,-0.009765625,-0.01953125,0.0,0.0,0.0
1872900427,1497037,0,1.009765625,-0.017578125,-0.001953125,-0.01953125,0.0,0.0,0.0
1872901679,1497038,0,1.001953125,-0.005859375,-0.005859375,-0.01171875,0.0,0.0,0.0
1872902929,1497039,0,1.005859375,-0.01171875,-0.00390625,-0.015625,0.0,0.0,0.0
1872904179,1497040,0,1.00390625,-0.005859375,0.013671875,0.0078125,0.0,0.0,0.0
1872905431,1497041,0,1.005859375,-0.013671875,0.0,-0.013671875,0.0,0.0,0.0
1872906681,1497042,0,0.994140625,-0.005859375,0.00390625,-0.001953125,0.0,0.0,0.0
1872907932,1497043,0,1.005859375,-0.0078125,-0.001953125,-0.009765625,0.0,0.0,0.0
1872909182,1497044,0,0.998046875,-0.01171875,-0.001953125,-0.013671875,0.0,0.0,0.0
1872910432,1497045,0,1.0078125,-0.013671875,0.0,-0.013671875,0.0,0.0,0.0
1872911684,1497046,0,1.0078125,-0.0078125,-0.001953125,-0.009765625,0.0,0.0,0.0
1872912934,1497047,0,1.00390625,-0.00390625,-0.001953125,-0.005859375,0.0,0.0,0.0
1872914184,1497048,0,1.00390625,-0.009765625,0.001953125,-0.0078125,0.0,0.0,0.0
1872915436,1497049,0,1.005859375,-0.0078125,-0.001953125,-0.009765625,0.0,0.0,0.0
1872916686,1497050,0,1.005859375,-0.009765625,-0.001953125,-0.01171875,0.0,0.0,0.0
1872917937,1497051,0,1.0,-0.005859375,0.00390625,-0.001953125,0.0,0.0,0.0
1872919188,1497052,0,1.00390625,-0.0078125,0.0,-0.0078125,0.0,0.0,0.0
1872920439,1497053,0,1.0,-0.0078125,0.001953125,-0.005859375,0.0,0.0,0.0
1872921691,1497054,0,1.00390625,-0.0078125,0.00390625,-0.00390625,0.0,0.0,0.0
1872922942,1497055,0,1.0078125,-0.01171875,0.00390625,-0.0078125,0.0,0.0,0.0
1872924192,1497056,0,1.001953125,-0.015625,0.001953125,-0.013671875,0.0,0.0,0.0
1872925443,1497057,0,1.005859375,-0.00390625,-0.001953125,-0.005859375,0.0,0.0,0.0
1872926695,1497058,0,1.009765625,-0.0078125,0.001953125,-0.005859375,0.0,0.0,0.0
1872927945,1497059,0,1.005859375,-0.0078125,0.00390625,-0.00390625,0.0,0.0,0.0
1872929197,1497060,0,1.009765625,-0.0078125,0.0,-0.0078125,0.0,0.0,0.0
1872930448,1497061,0,1.005859375,-0.0078125,0.0,-0.0078125,0.0,0.0,0.0
1872931698,1497062,0,1.00390625,-0.0078125,0.0,-0.0078125,0.0,0.0,0.0
1872932949,1497063,0,1.005859375,-0.013671875,0.005859375,-0.0078125,0.0,0.0,0.0
1872934199,1497064,0,1.001953125,-0.013671875,-0.001953125,-0.015625,0.0,0.0,0.0
1872935449,1497065,0,1.0,-0.00390625,0.0,-0.00390625,0.0,0.0,0.0
1872936701,1497066,0,1.001953125,-0.005859375,-0.00390625,-0.009765625,0.0,0.0,0.0
1872937951,1497067,0,0.998046875,-0.005859375,-0.0078125,-0.013671875,0.0,0.0,0.0
1872939202,1497068,0,1.005859375,-0.00390625,0.0,-0.00390625,0.0,0.0,0.0
1872940453,1497069,0,1.0078125,-0.00390625,-0.001953125,-0.005859375,0.0,0.0,0.0
1872941704,1497070,0,1.005859375,-0.0078125,-0.001953125,-0.009765625,0.0,0.0,0.0
1872942954,1497071,0,1.005859375,-0.009765625,0.001953125,-0.0078125,0.0,0.0,0.0
1872944205,1497072,0,1.0078125,-0.00390625,-0.0078125,-0.01171875,0.0,0.0,0.0
1872945457,1497073,0,1.005859375,-0.0078125,0.0,-0.0078125,0.0,0.0,0.0
1872946707,1497074,0,1.00390625,-0.0078125,-0.001953125,-0.009765625,0.0,0.0,0.0
1872947959,1497075,0,1.0,-0.0078125,-0.001953125,-0.009765625,0.0,0.0,0.0
1872949209,1497076,0,1.01171875,-0.013671875,-0.001953125,-0.015625,0.0,0.0,0.0
1872950460,1497077,0,1.001953125,-0.0078125,-0.00390625,-0.01171875,0.0,0.0,0.0
1872951711,1497078,0,1.00390625,-0.00390625,-0.005859375,-0.009765625,0.0,0.0,0.0
1872952961,1497079,0,1.0,-0.013671875,0.0,-0.013671875,0.0,0.0,0.0
1872954211,1497080,0,1.005859375,-0.00390625,-0.00390625,-0.0078125,0.0,0.0,0.0
1872955461,1497081,0,1.015625,-0.01171875,-0.0078125,-0.01953125,0.0,0.0,0.0
1872956712,1497082,0,1.001953125,-0.015625,-0.015625,-0.03125,0.0,0.0,0.0
1872957962,1497083,0,0.998046875,-0.00390625,-0.0078125,-0.01171875,0.0,0.0,0.0
1872959212,1497084,0,1.0078125,-0.009765625,-0.0078125,-0.017578125,0.0,0.0,0.0
1872960463,1497085,0,0.99609375,-0.01171875,0.0,-0.01171875,0.0,0.0,0.0
1872961713,1497086,0,1.005859375,-0.009765625,-0.0078125,-0.017578125,0.0,0.0,0.0
1872962965,1497087,0,1.0,-0.01171875,-0.005859375,-0.017578125,0.0,0.0,0.0
1872964216,1497088,0,1.005859375,-0.01171875,-0.001953125,-0.013671875,0.0,0.0,0.0
1872965468,1497089,0,1.005859375,-0.001953125,-0.00390625,-0.005859375,0.0,0.0,0.0
1872966718,1497090,0,1.001953125,-0.01171875,-0.00390625,-0.015625,0.0,0.0,0.0
1872967970,1497091,0,1.001953125,-0.0078125,0.005859375,-0.001953125,0.0,0.0,0.0
1872969221,1497092,0,1.00390625,-0.009765625,-0.001953125,-0.01171875,0.0,0.0,0.0
1872970471,1497093,0,1.001953125,-0.0078125,0.0,-0.0078125,0.0,0.0,0.0
1872971722,1497094,0,1.001953125,-0.005859375,0.0,-0.005859375,0.0,0.0,0.0
1872972973,1497095,0,1.009765625,-0.013671875,-0.001953125,-0.015625,0.0,0.0,0.0
1872974225,1497096,0,1.001953125,-0.0078125,-0.005859375,-0.013671875,0.0,0.0,0.0
1872975477,1497097,0,1.005859375,-0.0078125,-0.001953125,-0.009765625,0.0,0.0,0.0
1872976728,1497098,0,1.0078125,-0.0078125,0.0,-0.0078125,0.0,0.0,0.0
1872977978,1497099,0,1.00390625,-0.005859375,0.0,-0.005859375,0.0,0.0,0.0
1872979229,1497100,0,1.009765625,-0.009765625,0.0,-0.009765625,0.0,0.0,0.0
1872980481,1497101,0,1.013671875,-0.00390625,0.001953125,-0.001953125,0.0,0.0,0.0
1872981731,1497102,0,0.998046875,-0.0078125,0.001953125,-0.005859375,0.0,0.0,0.0
1872982982,1497103,0,1.0,-0.005859375,-0.001953125,-0.0078125,0.0,0.0,0.0
1872984233,1497104,0,1.0,-0.001953125,-0.001953125,-0.00390625,0.0,0.0,0.0
1872985483,1497105,0,0.9921875,-0.00390625,0.0,-0.00390625,0.0,0.0,0.0
1872986734,1497106,0,0.9921875,-0.005859375,-0.0078125,-0.013671875,0.0,0.0,0.0
1872987984,1497107,0,1.0078125,-0.009765625,-0.005859375,-0.015625,0.0,0.0,0.0
1872989235,1497108,0,1.009765625,-0.0078125,-0.001953125,-0.009765625,0.0,0.0,0.0
1872990486,1497109,0,1.009765625,-0.009765625,0.0,-0.009765625,0.0,0.0,0.0
1872991736,1497110,0,1.0078125,-0.0078125,-0.00390625,-0.01171875,0.0,0.0,0.0
1872992987,1497111,0,1.00390625,-0.00390625,-0.00390625,-0.0078125,0.0,0.0,0.0
1872994238,1497112,0,1.005859375,-0.0078125,-0.001953125,-0.009765625,0.0,0.0,0.0
1872995489,1497113,0,1.00390625,-0.005859375,0.0,-0.005859375,0.0,0.0,0.0
1872996739,1497114,0,1.00390625,-0.005859375,-0.005859375,-0.01171875,0.0,0.0,0.0
1872997990,1497115,0,1.009765625,-0.0078125,-0.001953125,-0.009765625,0.0,0.0,0.0
1872999241,1497116,0,1.0078125,-0.001953125,-0.00390625,-0.005859375,0.0,0.0,0.0
1873000492,1497117,0,1.005859375,-0.005859375,0.0,-0.005859375,0.0,0.0,0.0
1873001742,1497118,0,1.005859375,-0.0078125,-0.001953125,-0.009765625,0.0,0.0,0.0
1873002993,1497119,0,1.0078125,-0.009765625,-0.001953125,-0.01171875,0.0,0.0,0.0
1873004244,1497120,0,1.001953125,-0.009765625,-0.001953125,-0.01171875,0.0,0.0,0.0
1873005494,1497121,0,1.005859375,-0.0078125,-0.01171875,-0.01953125,0.0,0.0,0.0
1873006746,1497122,0,1.005859375,-0.005859375,-0.001953125,-0.0078125,0.0,0.0,0.0
1873007997,1497123,0,0.998046875,-0.009765625,-0.00390625,-0.013671875,0.0,0.0,0.0
1873009248,1497124,0,1.0078125,-0.009765625,0.0,-0.009765625,0.0,0.0,0.0
1873010499,1497125,0,1.0078125,-0.01171875,-0.005859375,-0.017578125,0.0,0.0,0.0
1873011750,1497126,0,1.001953125,-0.0078125,-0.0078125,-0.015625,0.0,0.0,0.0
1873013001,1497127,0,1.001953125,-0.01171875,-0.0078125,-0.01953125,0.0,0.0,0.0
1873014252,1497128,0,1.009765625,-0.009765625,-0.00390625,-0.013671875,0.0,0.0,0.0
1873015502,1497129,0,0.998046875,-0.005859375,0.0,-0.005859375,0.0,0.0,0.0
1873016753,1497130,0,1.001953125,-0.009765625,0.0,-0.009765625,0.0,0.0,0.0
