t_us,frame_id,sensor_id,accX,accY,accZ,acc_sum_YZ,magX,magY,magZ
1843508746,1473541,0,0.998046875,-0.009765625,0.0078125,-0.001953125,0.0,0.0,0.0
1843509997,1473542,0,1.01953125,0.0,0.009765625,0.009765625,0.0,0.0,0.0
1843511248,1473543,0,1.0078125,-0.001953125,0.0,-0.001953125,0.0,0.0,0.0
1843512499,1473544,0,1.001953125,-0.005859375,0.0,-0.005859375,0.0,0.0,0.0
1843513750,1473545,0,1.0078125,-0.005859375,-0.001953125,-0.0078125,0.0,0.0,0.0
1843515001,1473546,0,1.0078125,-0.0078125,0.001953125,-0.005859375,0.0,0.0,0.0
1843516252,1473547,0,1.0,-0.001953125,0.01171875,0.009765625,0.0,0.0,0.0
1843517502,1473548,0,1.00390625,0.0078125,-0.001953125,0.005859375,0.0,0.0,0.0
1843518753,1473549,0,0.99609375,0.01171875,-0.021484375,-0.009765625,0.0,0.0,0.0
1843520004,1473550,0,1.009765625,0.0078125,-0.0078125,0.0,0.0,0.0,0.0
1843521255,1473551,0,1.00390625,0.009765625,0.0,0.009765625,0.0,0.0,0.0
1843522505,1473552,0,1.001953125,0.005859375,-0.01171875,-0.005859375,0.0,0.0,0.0
1843523756,1473553,0,1.0078125,0.005859375,-0.0078125,-0.001953125,0.0,0.0,0.0
1843525008,1473554,0,1.001953125,-0.001953125,-0.001953125,-0.00390625,0.0,0.0,0.0
1843526258,1473555,0,1.01171875,0.0,0.005859375,0.005859375,0.0,0.0,0.0
1843527509,1473556,0,0.99609375,0.0,0.00390625,0.00390625,0.0,0.0,0.0
1843528759,1473557,0,0.99609375,-0.001953125,-0.005859375,-0.0078125,0.0,0.0,0.0
1843530010,1473558,0,1.0,-0.005859375,0.0,-0.005859375,0.0,0.0,0.0
1843531261,1473559,0,1.009765625,-0.01171875,0.00390625,-0.0078125,0.0,0.0,0.0
1843532513,1473560,0,0.99609375,-0.005859375,0.005859375,0.0,0.0,0.0,0.0
1843533764,1473561,0,1.0,-0.009765625,-0.0078125,-0.017578125,0.0,0.0,0.0
1843535015,1473562,0,1.005859375,-0.01171875,0.00390625,-0.0078125,0.0,0.0,0.0
1843536270,1473563,0,1.013671875,-0.013671875,0.00390625,-0.009765625,0.0,0.0,0.0
1843537521,1473564,0,1.0078125,-0.01171875,0.0078125,-0.00390625,0.0,0.0,0.0
1843538772,1473565,0,1.001953125,-0.0078125,0.0,-0.0078125,0.0,0.0,0.0
1843540024,1473566,0,1.009765625,-0.005859375,-0.001953125,-0.0078125,0.0,0.0,0.0
1843541275,1473567,0,1.005859375,-0.00390625,0.00390625,0.0,0.0,0.0,0.0
1843542527,1473568,0,1.001953125,0.001953125,-0.00390625,-0.001953125,0.0,0.0,0.0
1843543778,1473569,0,1.001953125,-0.001953125,-0.001953125,-0.00390625,0.0,0.0,0.0
1843545028,1473570,0,1.0078125,-0.001953125,0.0,-0.001953125,0.0,0.0,0.0
1843546279,1473571,0,1.0078125,-0.001953125,0.001953125,0.0,0.0,0.0,0.0
1843547530,1473572,0,1.00390625,-0.001953125,-0.00390625,-0.005859375,0.0,0.0,0.0
1843548782,1473573,0,1.0,0.00390625,0.001953125,0.005859375,0.0,0.0,0.0
1843550032,1473574,0,0.998046875,0.0078125,0.0,0.0078125,0.0,0.0,0.0
1843551282,1473575,0,1.001953125,0.00390625,-0.00390625,0.0,0.0,0.0,0.0
1843552532,1473576,0,1.0078125,0.009765625,-0.00390625,0.005859375,0.0,0.0,0.0
1843553783,1473577,0,1.00390625,0.013671875,-0.005859375,0.0078125,0.0,0.0,0.0
1843555034,1473578,0,1.009765625,0.00390625,-0.009765625,-0.005859375,0.0,0.0,0.0
1843556285,1473579,0,1.001953125,0.0,-0.015625,-0.015625,0.0,0.0,0.0
1843557537,1473580,0,1.001953125,0.001953125,-0.005859375,-0.00390625,0.0,0.0,0.0
1843558789,1473581,0,0.994140625,0.005859375,-0.00390625,0.001953125,0.0,0.0,0.0
1843560039,1473582,0,1.009765625,0.0,-0.013671875,-0.013671875,0.0,0.0,0.0
1843561290,1473583,0,0.998046875,0.001953125,-0.00390625,-0.001953125,0.0,0.0,0.0
1843562541,1473584,0,0.998046875,0.001953125,-0.01171875,-0.009765625,0.0,0.0,0.0
1843563792,1473585,0,1.00390625,-0.001953125,0.0,-0.001953125,0.0,0.0,0.0
1843565042,1473586,0,1.005859375,0.0,-0.001953125,-0.001953125,0.0,0.0,0.0
1843566294,1473587,0,1.00390625,-0.005859375,0.00390625,-0.001953125,0.0,0.0,0.0
1843567545,1473588,0,1.0078125,0.0,0.0,0.0,0.0,0.0,0.0
1843568795,1473589,0,1.005859375,0.0,0.001953125,0.001953125,0.0,0.0,0.0
1843570047,1473590,0,1.001953125,-0.001953125,0.0078125,0.005859375,0.0,0.0,0.0
1843571298,1473591,0,1.00390625,-0.005859375,0.0078125,0.001953125,0.0,0.0,0.0
1843572549,1473592,0,1.001953125,0.0,0.00390625,0.00390625,0.0,0.0,0.0
1843573800,1473593,0,1.00390625,-0.005859375,0.0,-0.005859375,0.0,0.0,0.0
1843575050,1473594,0,1.00390625,-0.00390625,0.0,-0.00390625,0.0,0.0,0.0
1843576301,1473595,0,1.00390625,-0.00390625,0.0,-0.00390625,0.0,0.0,0.0
1843577552,1473596,0,1.001953125,-0.0078125,0.0,-0.0078125,0.0,0.0,0.0
1843578803,1473597,0,0.998046875,-0.001953125,0.001953125,0.0,0.0,0.0,0.0
1843580053,1473598,0,0.998046875,-0.001953125,0.0,-0.001953125,0.0,0.0,0.0
1843581305,1473599,0,1.00390625,-0.001953125,0.00390625,0.001953125,0.0,0.0,0.0
1843582557,1473600,0,0.99609375,-0.00390625,-0.001953125,-0.005859375,0.0,0.0,0.0
1843583808,1473601,0,1.005859375,-0.001953125,0.00390625,0.001953125,0.0,0.0,0.0
1843585059,1473602,0,1.00390625,0.001953125,-0.00390625,-0.001953125,0.0,0.0,0.0
1843586310,1473603,0,0.99609375,-0.00390625,0.009765625,0.005859375,0.0,0.0,0.0
1843587562,1473604,0,1.0078125,0.0,0.00390625,0.00390625,0.0,0.0,0.0
1843588812,1473605,0,1.00390625,0.0,0.0,0.0,0.0,0.0,0.0
1843590064,1473606,0,1.0,-0.00390625,-0.0078125,-0.01171875,0.0,0.0,0.0
1843591314,1473607,0,1.0078125,-0.00390625,0.0,-0.00390625,0.0,0.0,0.0
1843592565,1473608,0,1.00390625,-0.001953125,-0.001953125,-0.00390625,0.0,0.0,0.0
1843593816,1473609,0,1.0078125,0.00390625,0.0,0.00390625,0.0,0.0,0.0
1843595066,1473610,0,1.0078125,0.0,0.0,0.0,0.0,0.0,0.0
1843596317,1473611,0,1.00390625,0.0,-0.00390625,-0.00390625,0.0,0.0,0.0
1843597569,1473612,0,1.005859375,0.0,-0.005859375,-0.005859375,0.0,0.0,0.0
1843598819,1473613,0,1.00390625,0.0,-0.00390625,-0.00390625,0.0,0.0,0.0
1843600070,1473614,0,1.001953125,0.005859375,-0.005859375,0.0,0.0,0.0,0.0
1843601321,1473615,0,1.0078125,0.0078125,-0.001953125,0.005859375,0.0,0.0,0.0
1843602571,1473616,0,1.001953125,0.0,-0.001953125,-0.001953125,0.0,0.0,0.0
1843603822,1473617,0,1.005859375,0.00390625,-0.00390625,0.0,0.0,0.0,0.0
1843605074,1473618,0,1.001953125,0.001953125,-0.001953125,0.0,0.0,0.0,0.0
1843606324,1473619,0,1.005859375,0.001953125,0.0,0.001953125,0.0,0.0,0.0
1843607575,1473620,0,0.998046875,0.001953125,-0.005859375,-0.00390625,0.0,0.0,0.0
1843608827,1473621,0,1.0078125,0.00390625,-0.001953125,0.001953125,0.0,0.0,0.0
1843610077,1473622,0,1.0078125,-0.00390625,-0.013671875,-0.017578125,0.0,0.0,0.0
1843611328,1473623,0,1.00390625,0.001953125,-0.0078125,-0.005859375,0.0,0.0,0.0
1843612580,1473624,0,1.0078125,0.0078125,0.0,0.0078125,0.0,0.0,0.0
1843613832,1473625,0,1.001953125,0.009765625,-0.00390625,0.005859375,0.0,0.0,0.0
1843615082,1473626,0,1.00390625,0.0,0.001953125,0.001953125,0.0,0.0,0.0
1843616333,1473627,0,1.0,0.0,-0.013671875,-0.013671875,0.0,0.0,0.0
1843617585,1473628,0,0.998046875,0.001953125,-0.005859375,-0.00390625,0.0,0.0,0.0
1843618835,1473629,0,0.998046875,0.005859375,-0.00390625,0.001953125,0.0,0.0,0.0
1843620086,1473630,0,0.998046875,0.00390625,0.001953125,0.005859375,0.0,0.0,0.0
1843621338,1473631,0,1.0,0.001953125,-0.001953125,0.0,0.0,0.0,0.0
1843622589,1473632,0,1.00390625,0.0,0.0,0.0,0.0,0.0,0.0
1843623840,1473633,0,1.001953125,0.0,0.001953125,0.001953125,0.0,0.0,0.0
1843625092,1473634,0,1.005859375,0.001953125,-0.005859375,-0.00390625,0.0,0.0,0.0
1843626343,1473635,0,1.005859375,0.00390625,-0.001953125,0.001953125,0.0,0.0,0.0
1843627594,1473636,0,1.005859375,0.00390625,-0.00390625,0.0,0.0,0.0,0.0
1843628845,1473637,0,1.005859375,0.001953125,0.0,0.001953125,0.0,0.0,0.0
1843630096,1473638,0,1.0,-0.001953125,-0.005859375,-0.0078125,0.0,0.0,0.0
1843631346,1473639,0,1.001953125,0.00390625,0.0,0.00390625,0.0,0.0,0.0
1843632598,1473640,0,1.0078125,-0.001953125,0.001953125,0.0,0.0,0.0,0.0
1843633849,1473641,0,1.009765625,-0.001953125,0.0,-0.001953125,0.0,0.0,0.0
1843635099,1473642,0,1.0078125,0.0,-0.001953125,-0.001953125,0.0,0.0,0.0
1843636350,1473643,0,1.0,-0.005859375,-0.001953125,-0.0078125,0.0,0.0,0.0
1843637601,1473644,0,1.001953125,-0.00390625,-0.005859375,-0.009765625,0.0,0.0,0.0
1843638852,1473645,0,1.001953125,0.0,-0.001953125,-0.001953125,0.0,0.0,0.0
1843640103,1473646,0,0.99609375,-0.005859375,0.001953125,-0.00390625,0.0,0.0,0.0
1843641354,1473647,0,1.013671875,-0.00390625,-0.001953125,-0.005859375,0.0,0.0,0.0
1843642605,1473648,0,0.994140625,0.001953125,0.0078125,0.009765625,0.0,0.0,0.0
1843643855,1473649,0,1.0,-0.005859375,-0.00390625,-0.009765625,0.0,0.0,0.0
1843645107,1473650,0,1.0,-0.00390625,-0.005859375,-0.009765625,0.0,0.0,0.0
1843646357,1473651,0,1.001953125,0.0,0.0078125,0.0078125,0.0,0.0,0.0
1843647607,1473652,0,0.998046875,0.0,0.001953125,0.001953125,0.0,0.0,0.0
1843648859,1473653,0,1.0078125,-0.00390625,0.00390625,0.0,0.0,0.0,0.0
1843650109,1473654,0,0.998046875,-0.001953125,0.0,-0.001953125,0.0,0.0,0.0
1843651361,1473655,0,1.005859375,0.0,-0.001953125,-0.001953125,0.0,0.0,0.0
1843652611,1473656,0,1.00390625,0.001953125,0.001953125,0.00390625,0.0,0.0,0.0
1843653861,1473657,0,1.005859375,-0.001953125,-0.001953125,-0.00390625,0.0,0.0,0.0
1843655113,1473658,0,1.00390625,-0.00390625,-0.001953125,-0.005859375,0.0,0.0,0.0
1843656364,1473659,0,1.005859375,-0.001953125,0.001953125,0.0,0.0,0.0,0.0
1843657616,1473660,0,1.0078125,-0.009765625,0.00390625,-0.005859375,0.0,0.0,0.0
1843658866,1473661,0,1.0078125,-0.00390625,0.00390625,0.0,0.0,0.0,0.0
1843660118,1473662,0,1.0,-0.0078125,0.00390625,-0.00390625,0.0,0.0,0.0
1843661368,1473663,0,1.001953125,-0.0078125,0.01171875,0.00390625,0.0,0.0,0.0
1843662619,1473664,0,1.005859375,-0.0078125,0.0,-0.0078125,0.0,0.0,0.0
1843663869,1473665,0,1.009765625,-0.013671875,0.00390625,-0.009765625,0.0,0.0,0.0
1843665119,1473666,0,1.001953125,-0.01953125,0.01171875,-0.0078125,0.0,0.0,0.0
1843666371,1473667,0,1.00390625,-0.017578125,0.0,-0.017578125,0.0,0.0,0.0
1843667622,1473668,0,1.005859375,-0.021484375,0.015625,-0.005859375,0.0,0.0,0.0
1843668874,1473669,0,1.0,-0.0234375,0.00390625,-0.01953125,0.0,0.0,0.0
1843670124,1473670,0,1.005859375,-0.017578125,0.005859375,-0.01171875,0.0,0.0,0.0
1843671375,1473671,0,1.005859375,-0.01953125,0.009765625,-0.009765625,0.0,0.0,0.0
1843672625,1473672,0,1.009765625,-0.01171875,0.0078125,-0.00390625,0.0,0.0,0.0
1843673877,1473673,0,1.009765625,-0.013671875,0.005859375,-0.0078125,0.0,0.0,0.0
1843675127,1473674,0,1.00390625,-0.013671875,0.005859375,-0.0078125,0.0,0.0,0.0
1843676377,1473675,0,1.009765625,-0.01171875,0.00390625,-0.0078125,0.0,0.0,0.0
1843677629,1473676,0,1.00390625,-0.009765625,0.005859375,-0.00390625,0.0,0.0,0.0
1843678879,1473677,0,1.005859375,-0.00390625,0.0078125,0.00390625,0.0,0.0,0.0
1843680130,1473678,0,1.00390625,-0.00390625,-0.001953125,-0.005859375,0.0,0.0,0.0
1843681381,1473679,0,1.0,-0.005859375,0.00390625,-0.001953125,0.0,0.0,0.0
1843682631,1473680,0,1.0,-0.00390625,0.0,-0.00390625,0.0,0.0,0.0
1843683882,1473681,0,1.00390625,-0.00390625,0.00390625,0.0,0.0,0.0,0.0
1843685133,1473682,0,1.00390625,-0.009765625,0.00390625,-0.005859375,0.0,0.0,0.0
1843686384,1473683,0,1.00390625,-0.0078125,0.001953125,-0.005859375,0.0,0.0,0.0
1843687635,1473684,0,1.001953125,-0.0078125,-0.005859375,-0.013671875,0.0,0.0,0.0
1843688885,1473685,0,1.001953125,-0.0078125,0.0078125,0.0,0.0,0.0,0.0
1843690136,1473686,0,1.0078125,-0.005859375,0.01171875,0.005859375,0.0,0.0,0.0
1843691387,1473687,0,0.998046875,-0.001953125,0.005859375,0.00390625,0.0,0.0,0.0
1843692638,1473688,0,1.0,-0.01171875,0.005859375,-0.005859375,0.0,0.0,0.0
1843693889,1473689,0,1.005859375,-0.0078125,0.005859375,-0.001953125,0.0,0.0,0.0
1843695140,1473690,0,1.009765625,-0.0078125,0.01171875,0.00390625,0.0,0.0,0.0
1843696392,1473691,0,1.00390625,-0.0078125,0.01171875,0.00390625,0.0,0.0,0.0
1843697642,1473692,0,1.0078125,-0.013671875,0.005859375,-0.0078125,0.0,0.0,0.0
1843698894,1473693,0,1.01171875,-0.005859375,0.00390625,-0.001953125,0.0,0.0,0.0
1843700145,1473694,0,1.0078125,-0.009765625,0.00390625,-0.005859375,0.0,0.0,0.0
1843701395,1473695,0,1.009765625,-0.009765625,0.001953125,-0.0078125,0.0,0.0,0.0
1843702646,1473696,0,1.0078125,-0.0078125,0.005859375,-0.001953125,0.0,0.0,0.0
1843703898,1473697,0,1.005859375,-0.005859375,0.0078125,0.001953125,0.0,0.0,0.0
1843705149,1473698,0,1.0078125,-0.009765625,0.009765625,0.0,0.0,0.0,0.0
1843706400,1473699,0,1.0,-0.01171875,0.009765625,-0.001953125,0.0,0.0,0.0
1843707651,1473700,0,1.0078125,-0.009765625,0.0078125,-0.001953125,0.0,0.0,0.0
1843708902,1473701,0,1.005859375,-0.00390625,0.001953125,-0.001953125,0.0,0.0,0.0
1843710154,1473702,0,1.005859375,-0.0078125,0.0078125,0.0,0.0,0.0,0.0
1843711405,1473703,0,1.005859375,-0.009765625,0.001953125,-0.0078125,0.0,0.0,0.0
1843712657,1473704,0,1.001953125,-0.001953125,0.0078125,0.005859375,0.0,0.0,0.0
1843713907,1473705,0,0.998046875,-0.005859375,0.005859375,0.0,0.0,0.0,0.0
1843715158,1473706,0,1.0,-0.00390625,0.00390625,0.0,0.0,0.0,0.0
1843716409,1473707,0,1.0078125,-0.01171875,0.005859375,-0.005859375,0.0,0.0,0.0
1843717660,1473708,0,0.990234375,-0.005859375,0.00390625,-0.001953125,0.0,0.0,0.0
1843718911,1473709,0,1.013671875,-0.00390625,0.01171875,0.0078125,0.0,0.0,0.0
1843720161,1473710,0,1.0,-0.005859375,0.009765625,0.00390625,0.0,0.0,0.0
1843721412,1473711,0,1.0078125,-0.0078125,0.001953125,-0.005859375,0.0,0.0,0.0
1843722664,1473712,0,1.0078125,-0.009765625,0.00390625,-0.005859375,0.0,0.0,0.0
1843723915,1473713,0,1.0,-0.009765625,0.0078125,-0.001953125,0.0,0.0,0.0
1843725166,1473714,0,1.00390625,-0.00390625,0.00390625,0.0,0.0,0.0,0.0
1843726417,1473715,0,1.0,0.0,0.00390625,0.00390625,0.0,0.0,0.0
1843727668,1473716,0,0.998046875,-0.00390625,0.0,-0.00390625,0.0,0.0,0.0
1843728920,1473717,0,1.0078125,0.0,0.0,0.0,0.0,0.0,0.0
1843730172,1473718,0,1.00390625,-0.00390625,0.001953125,-0.001953125,0.0,0.0,0.0
1843731422,1473719,0,1.005859375,-0.00390625,-0.001953125,-0.005859375,0.0,0.0,0.0
1843732673,1473720,0,1.0078125,-0.005859375,0.00390625,-0.001953125,0.0,0.0,0.0
1843733924,1473721,0,1.005859375,-0.001953125,-0.00390625,-0.005859375,0.0,0.0,0.0
1843735174,1473722,0,1.00390625,0.0,0.005859375,0.005859375,0.0,0.0,0.0
1843736425,1473723,0,1.001953125,-0.00390625,0.001953125,-0.001953125,0.0,0.0,0.0
1843737676,1473724,0,1.005859375,-0.00390625,0.00390625,0.0,0.0,0.0,0.0
1843738927,1473725,0,1.005859375,-0.009765625,-0.00390625,-0.013671875,0.0,0.0,0.0
1843740177,1473726,0,0.99609375,-0.005859375,0.005859375,0.0,0.0,0.0,0.0
1843741427,1473727,0,0.998046875,-0.005859375,0.001953125,-0.00390625,0.0,0.0,0.0
1843742679,1473728,0,1.0078125,0.00390625,0.00390625,0.0078125,0.0,0.0,0.0
1843743929,1473729,0,0.998046875,-0.01171875,0.005859375,-0.005859375,0.0,0.0,0.0
1843745179,1473730,0,0.998046875,0.0,0.005859375,0.005859375,0.0,0.0,0.0
1843746431,1473731,0,1.009765625,-0.005859375,0.005859375,0.0,0.0,0.0,0.0
1843747681,1473732,0,1.001953125,-0.005859375,-0.013671875,-0.01953125,0.0,0.0,0.0
1843748932,1473733,0,0.99609375,-0.00390625,0.0,-0.00390625,0.0,0.0,0.0
1843750182,1473734,0,1.0078125,-0.001953125,0.001953125,0.0,0.0,0.0,0.0
1843751432,1473735,0,0.998046875,0.0,0.0078125,0.0078125,0.0,0.0,0.0
1843752684,1473736,0,1.005859375,-0.00390625,0.005859375,0.001953125,0.0,0.0,0.0
1843753934,1473737,0,1.005859375,-0.001953125,0.00390625,0.001953125,0.0,0.0,0.0
1843755184,1473738,0,1.001953125,0.0,0.0,0.0,0.0,0.0,0.0
1843756436,1473739,0,1.00390625,0.0,0.0,0.0,0.0,0.0,0.0
1843757686,1473740,0,1.005859375,-0.00390625,0.005859375,0.001953125,0.0,0.0,0.0
1843758937,1473741,0,1.001953125,-0.001953125,0.00390625,0.001953125,0.0,0.0,0.0
1843760188,1473742,0,1.00390625,0.001953125,-0.00390625,-0.001953125,0.0,0.0,0.0
1843761439,1473743,0,1.0,0.005859375,-0.00390625,0.001953125,0.0,0.0,0.0
1843762691,1473744,0,1.0078125,0.001953125,0.001953125,0.00390625,0.0,0.0,0.0
1843763942,1473745,0,1.005859375,-0.001953125,-0.001953125,-0.00390625,0.0,0.0,0.0
1843765192,1473746,0,0.998046875,-0.00390625,0.0,-0.00390625,0.0,0.0,0.0
1843766443,1473747,0,1.0078125,0.0078125,0.009765625,0.017578125,0.0,0.0,0.0
1843767695,1473748,0,1.00390625,-0.00390625,0.009765625,0.005859375,0.0,0.0,0.0
1843768945,1473749,0,1.001953125,-0.00390625,-0.001953125,-0.005859375,0.0,0.0,0.0
1843770197,1473750,0,0.998046875,-0.00390625,0.001953125,-0.001953125,0.0,0.0,0.0
1843771448,1473751,0,1.001953125,-0.009765625,-0.0078125,-0.017578125,0.0,0.0,0.0
1843772698,1473752,0,1.00390625,-0.00390625,0.015625,0.01171875,0.0,0.0,0.0
1843773949,1473753,0,1.001953125,-0.00390625,0.0,-0.00390625,0.0,0.0,0.0
1843775199,1473754,0,0.998046875,-0.0078125,0.005859375,-0.001953125,0.0,0.0,0.0
1843776449,1473755,0,1.00390625,-0.005859375,0.005859375,0.0,0.0,0.0,0.0
1843777701,1473756,0,1.005859375,-0.0078125,0.0078125,0.0,0.0,0.0,0.0
1843778951,1473757,0,0.998046875,-0.0078125,0.01171875,0.00390625,0.0,0.0,0.0
1843780202,1473758,0,1.0078125,-0.005859375,0.009765625,0.00390625,0.0,0.0,0.0
1843781453,1473759,0,0.998046875,-0.001953125,0.009765625,0.0078125,0.0,0.0,0.0
1843782704,1473760,0,1.005859375,-0.00390625,0.00390625,0.0,0.0,0.0,0.0
1843783954,1473761,0,1.005859375,-0.005859375,-0.001953125,-0.0078125,0.0,0.0,0.0
1843785205,1473762,0,1.001953125,-0.009765625,0.01171875,0.001953125,0.0,0.0,0.0
1843786457,1473763,0,1.0078125,-0.00390625,-0.00390625,-0.0078125,0.0,0.0,0.0
1843787707,1473764,0,1.005859375,-0.005859375,0.0,-0.005859375,0.0,0.0,0.0
1843788959,1473765,0,1.009765625,-0.00390625,0.005859375,0.001953125,0.0,0.0,0.0
1843790209,1473766,0,1.001953125,-0.005859375,0.00390625,-0.001953125,0.0,0.0,0.0
1843791460,1473767,0,1.0078125,-0.001953125,0.0078125,0.005859375,0.0,0.0,0.0
1843792711,1473768,0,1.001953125,-0.001953125,0.00390625,0.001953125,0.0,0.0,0.0
1843793961,1473769,0,1.0,0.0,-0.0078125,-0.0078125,0.0,0.0,0.0
1843795211,1473770,0,1.001953125,-0.001953125,0.0,-0.001953125,0.0,0.0,0.0
1843796461,1473771,0,1.00390625,-0.00390625,0.00390625,0.0,0.0,0.0,0.0
1843797712,1473772,0,1.005859375,0.001953125,0.001953125,0.00390625,0.0,0.0,0.0
1843798962,1473773,0,0.99609375,-0.0078125,0.0,-0.0078125,0.0,0.0,0.0
1843800212,1473774,0,0.998046875,0.0,0.0,0.0,0.0,0.0,0.0
1843801463,1473775,0,1.0078125,-0.001953125,0.0078125,0.005859375,0.0,0.0,0.0
1843802713,1473776,0,0.998046875,-0.005859375,0.005859375,0.0,0.0,0.0,0.0
1843803965,1473777,0,1.00390625,-0.005859375,0.001953125,-0.00390625,0.0,0.0,0.0
1843805216,1473778,0,1.001953125,-0.005859375,0.001953125,-0.00390625,0.0,0.0,0.0
1843806468,1473779,0,1.0,-0.005859375,0.0,-0.005859375,0.0,0.0,0.0
1843807718,1473780,0,1.001953125,-0.00390625,0.001953125,-0.001953125,0.0,0.0,0.0
1843808970,1473781,0,1.00390625,-0.00390625,0.00390625,0.0,0.0,0.0,0.0
1843810221,1473782,0,1.001953125,-0.00390625,0.0078125,0.00390625,0.0,0.0,0.0
1843811471,1473783,0,1.005859375,-0.001953125,0.0,-0.001953125,0.0,0.0,0.0
1843812722,1473784,0,1.00390625,-0.001953125,0.001953125,0.0,0.0,0.0,0.0
1843813973,1473785,0,1.005859375,-0.00390625,0.0,-0.00390625,0.0,0.0,0.0
1843815225,1473786,0,1.001953125,0.0,0.0,0.0,0.0,0.0,0.0
1843816477,1473787,0,1.001953125,-0.001953125,0.001953125,0.0,0.0,0.0,0.0
1843817728,1473788,0,1.005859375,0.00390625,0.0,0.00390625,0.0,0.0,0.0
1843818978,1473789,0,1.005859375,0.001953125,-0.001953125,0.0,0.0,0.0,0.0
1843820229,1473790,0,1.0078125,0.005859375,0.0,0.005859375,0.0,0.0,0.0
1843821481,1473791,0,0.998046875,0.005859375,0.0,0.005859375,0.0,0.0,0.0
1843822731,1473792,0,1.0,0.0,0.0,0.0,0.0,0.0,0.0
1843823982,1473793,0,1.001953125,0.0078125,-0.005859375,0.001953125,0.0,0.0,0.0
1843825233,1473794,0,0.99609375,0.005859375,-0.00390625,0.001953125,0.0,0.0,0.0
1843826483,1473795,0,1.001953125,0.0,-0.00390625,-0.00390625,0.0,0.0,0.0
1843827734,1473796,0,1.001953125,0.00390625,0.00390625,0.0078125,0.0,0.0,0.0
1843828984,1473797,0,0.998046875,0.0,0.0,0.0,0.0,0.0,0.0
1843830235,1473798,0,1.009765625,0.00390625,0.001953125,0.005859375,0.0,0.0,0.0
1843831486,1473799,0,1.0,0.0,-0.001953125,-0.001953125,0.0,0.0,0.0
1843832736,1473800,0,0.998046875,-0.001953125,0.0,-0.001953125,0.0,0.0,0.0
1843833987,1473801,0,1.00390625,0.001953125,-0.00390625,-0.001953125,0.0,0.0,0.0
1843835238,1473802,0,0.99609375,0.0,0.00390625,0.00390625,0.0,0.0,0.0
1843836489,1473803,0,1.0078125,-0.001953125,0.0,-0.001953125,0.0,0.0,0.0
1843837739,1473804,0,1.0078125,0.001953125,0.00390625,0.005859375,0.0,0.0,0.0
1843838990,1473805,0,1.005859375,0.0,0.001953125,0.001953125,0.0,0.0,0.0
1843840241,1473806,0,1.001953125,0.0,0.0,0.0,0.0,0.0,0.0
1843841492,1473807,0,1.0,0.0,0.001953125,0.001953125,0.0,0.0,0.0
1843842742,1473808,0,1.001953125,0.00390625,-0.001953125,0.001953125,0.0,0.0,0.0
1843843993,1473809,0,1.005859375,0.001953125,-0.001953125,0.0,0.0,0.0,0.0
1843845244,1473810,0,0.998046875,0.001953125,0.0,0.001953125,0.0,0.0,0.0
1843846494,1473811,0,1.001953125,0.0,-0.001953125,-0.001953125,0.0,0.0,0.0
1843847746,1473812,0,1.01171875,0.00390625,0.0078125,0.01171875,0.0,0.0,0.0
1843848997,1473813,0,1.001953125,-0.001953125,-0.01171875,-0.013671875,0.0,0.0,0.0
1843850248,1473814,0,1.009765625,0.0,0.005859375,0.005859375,0.0,0.0,0.0
1843851499,1473815,0,1.00390625,-0.001953125,0.001953125,0.0,0.0,0.0,0.0
1843852750,1473816,0,0.990234375,0.0,0.0,0.0,0.0,0.0,0.0
1843854001,1473817,0,1.005859375,-0.001953125,-0.001953125,-0.00390625,0.0,0.0,0.0
1843855252,1473818,0,1.001953125,-0.001953125,0.001953125,0.0,0.0,0.0,0.0
1843856502,1473819,0,1.009765625,0.0,-0.001953125,-0.001953125,0.0,0.0,0.0
1843857753,1473820,0,1.0,-0.001953125,0.0,-0.001953125,0.0,0.0,0.0
1843859004,1473821,0,1.005859375,-0.001953125,0.001953125,0.0,0.0,0.0,0.0
1843860255,1473822,0,1.001953125,-0.001953125,0.00390625,0.001953125,0.0,0.0,0.0
1843861505,1473823,0,1.005859375,0.0,0.005859375,0.005859375,0.0,0.0,0.0
1843862756,1473824,0,1.01171875,-0.00390625,0.0,-0.00390625,0.0,0.0,0.0
1843864008,1473825,0,0.99609375,-0.001953125,0.001953125,0.0,0.0,0.0,0.0
1843865258,1473826,0,1.005859375,-0.0078125,0.005859375,-0.001953125,0.0,0.0,0.0
1843866509,1473827,0,1.001953125,-0.005859375,0.001953125,-0.00390625,0.0,0.0,0.0
1843867759,1473828,0,1.0,-0.009765625,0.009765625,0.0,0.0,0.0,0.0
1843869010,1473829,0,1.005859375,-0.01171875,0.005859375,-0.005859375,0.0,0.0,0.0
1843870261,1473830,0,1.005859375,-0.0078125,0.005859375,-0.001953125,0.0,0.0,0.0
1843871513,1473831,0,1.005859375,-0.01171875,0.005859375,-0.005859375,0.0,0.0,0.0
1843872764,1473832,0,1.0,-0.01171875,0.0078125,-0.00390625,0.0,0.0,0.0
1843874015,1473833,0,0.998046875,-0.01171875,0.009765625,-0.001953125,0.0,0.0,0.0
1843875270,1473834,0,1.013671875,-0.009765625,0.009765625,0.0,0.0,0.0,0.0
1843876521,1473835,0,1.015625,-0.00390625,0.009765625,0.005859375,0.0,0.0,0.0
1843877772,1473836,0,1.0078125,-0.005859375,0.009765625,0.00390625,0.0,0.0,0.0
1843879024,1473837,0,1.001953125,-0.01171875,0.0,-0.01171875,0.0,0.0,0.0
1843880275,1473838,0,0.998046875,-0.005859375,0.0078125,0.001953125,0.0,0.0,0.0
1843881527,1473839,0,1.009765625,-0.001953125,0.0,-0.001953125,0.0,0.0,0.0
1843882778,1473840,0,1.021484375,0.0,0.0,0.0,0.0,0.0,0.0
1843884028,1473841,0,1.005859375,0.0,0.00390625,0.00390625,0.0,0.0,0.0
1843885279,1473842,0,1.00390625,0.0,0.00390625,0.00390625,0.0,0.0,0.0
1843886530,1473843,0,1.00390625,0.001953125,0.001953125,0.00390625,0.0,0.0,0.0
1843887782,1473844,0,1.005859375,0.00390625,0.001953125,0.005859375,0.0,0.0,0.0
1843889032,1473845,0,1.0078125,0.0,0.00390625,0.00390625,0.0,0.0,0.0
1843890282,1473846,0,1.005859375,0.001953125,0.009765625,0.01171875,0.0,0.0,0.0
1843891532,1473847,0,0.998046875,0.0,0.00390625,0.00390625,0.0,0.0,0.0
1843892783,1473848,0,1.001953125,0.00390625,0.005859375,0.009765625,0.0,0.0,0.0
1843894034,1473849,0,0.99609375,0.00390625,0.005859375,0.009765625,0.0,0.0,0.0
1843895285,1473850,0,1.005859375,0.0,0.0078125,0.0078125,0.0,0.0,0.0
1843896537,1473851,0,1.00390625,0.001953125,-0.00390625,-0.001953125,0.0,0.0,0.0
1843897789,1473852,0,1.0078125,0.00390625,-0.001953125,0.001953125,0.0,0.0,0.0
1843899039,1473853,0,1.00390625,0.0,0.0,0.0,0.0,0.0,0.0
1843900290,1473854,0,0.99609375,0.0,-0.00390625,-0.00390625,0.0,0.0,0.0
1843901541,1473855,0,0.99609375,0.001953125,0.009765625,0.01171875,0.0,0.0,0.0
1843902792,1473856,0,1.00390625,0.005859375,0.005859375,0.01171875,0.0,0.0,0.0
1843904042,1473857,0,1.005859375,0.001953125,-0.001953125,0.0,0.0,0.0,0.0
1843905294,1473858,0,1.005859375,0.0,-0.00390625,-0.00390625,0.0,0.0,0.0
1843906545,1473859,0,1.00390625,0.001953125,0.001953125,0.00390625,0.0,0.0,0.0
1843907795,1473860,0,0.994140625,0.005859375,0.00390625,0.009765625,0.0,0.0,0.0
1843909047,1473861,0,1.0078125,0.01171875,0.009765625,0.021484375,0.0,0.0,0.0
1843910298,1473862,0,1.009765625,0.001953125,-0.001953125,0.0,0.0,0.0,0.0
1843911549,1473863,0,1.0,0.00390625,-0.001953125,0.001953125,0.0,0.0,0.0
1843912800,1473864,0,0.99609375,0.00390625,0.0,0.00390625,0.0,0.0,0.0
1843914050,1473865,0,1.0,0.005859375,0.0,0.005859375,0.0,0.0,0.0
1843915301,1473866,0,1.0078125,0.0078125,-0.00390625,0.00390625,0.0,0.0,0.0
1843916552,1473867,0,1.009765625,0.00390625,-0.00390625,0.0,0.0,0.0,0.0
1843917803,1473868,0,1.0078125,0.00390625,0.001953125,0.005859375,0.0,0.0,0.0
1843919053,1473869,0,1.001953125,0.0078125,0.001953125,0.009765625,0.0,0.0,0.0
1843920305,1473870,0,1.0078125,0.005859375,-0.005859375,0.0,0.0,0.0,0.0
1843921557,1473871,0,1.00390625,0.005859375,-0.001953125,0.00390625,0.0,0.0,0.0
1843922808,1473872,0,1.001953125,0.0,0.0,0.0,0.0,0.0,0.0
1843924059,1473873,0,1.0,0.005859375,0.005859375,0.01171875,0.0,0.0,0.0
1843925310,1473874,0,1.0078125,0.0,0.0,0.0,0.0,0.0,0.0
1843926562,1473875,0,1.0,0.0,-0.009765625,-0.009765625,0.0,0.0,0.0
1843927812,1473876,0,1.001953125,-0.005859375,0.001953125,-0.00390625,0.0,0.0,0.0
1843929064,1473877,0,1.00390625,-0.001953125,0.00390625,0.001953125,0.0,0.0,0.0
1843930314,1473878,0,1.0,-0.00390625,0.01171875,0.0078125,0.0,0.0,0.0
1843931565,1473879,0,0.9921875,-0.00390625,0.001953125,-0.001953125,0.0,0.0,0.0
1843932816,1473880,0,1.00390625,-0.00390625,0.0,-0.00390625,0.0,0.0,0.0
1843934066,1473881,0,1.0,0.001953125,0.005859375,0.0078125,0.0,0.0,0.0
1843935317,1473882,0,1.0078125,-0.00390625,0.001953125,-0.001953125,0.0,0.0,0.0
1843936569,1473883,0,1.00390625,-0.0078125,0.0078125,0.0,0.0,0.0,0.0
1843937819,1473884,0,1.00390625,-0.00390625,0.01171875,0.0078125,0.0,0.0,0.0
1843939070,1473885,0,1.0078125,-0.00390625,0.0078125,0.00390625,0.0,0.0,0.0
1843940321,1473886,0,1.005859375,-0.001953125,-0.001953125,-0.00390625,0.0,0.0,0.0
1843941571,1473887,0,1.0078125,-0.001953125,0.005859375,0.00390625,0.0,0.0,0.0
1843942822,1473888,0,1.005859375,0.0,0.005859375,0.005859375,0.0,0.0,0.0
1843944074,1473889,0,0.998046875,-0.00390625,0.0,-0.00390625,0.0,0.0,0.0
1843945324,1473890,0,1.0,-0.005859375,0.017578125,0.01171875,0.0,0.0,0.0
1843946575,1473891,0,1.00390625,-0.005859375,0.00390625,-0.001953125,0.0,0.0,0.0
1843947827,1473892,0,1.00390625,-0.00390625,0.0078125,0.00390625,0.0,0.0,0.0
1843949077,1473893,0,1.00390625,-0.005859375,0.005859375,0.0,0.0,0.0,0.0
1843950328,1473894,0,1.00390625,-0.009765625,0.00390625,-0.005859375,0.0,0.0,0.0
1843951580,1473895,0,1.0078125,-0.001953125,0.001953125,0.0,0.0,0.0,0.0
1843952832,1473896,0,1.0078125,0.0,-0.001953125,-0.001953125,0.0,0.0,0.0
1843954082,1473897,0,1.0078125,-0.001953125,0.005859375,0.00390625,0.0,0.0,0.0
1843955333,1473898,0,1.005859375,0.00390625,-0.001953125,0.001953125,0.0,0.0,0.0
1843956585,1473899,0,1.001953125,-0.00390625,0.009765625,0.005859375,0.0,0.0,0.0
1843957835,1473900,0,1.0078125,-0.001953125,-0.00390625,-0.005859375,0.0,0.0,0.0
1843959086,1473901,0,1.005859375,-0.00390625,0.0078125,0.00390625,0.0,0.0,0.0
1843960338,1473902,0,1.001953125,-0.001953125,0.0078125,0.005859375,0.0,0.0,0.0
1843961589,1473903,0,1.001953125,0.001953125,-0.001953125,0.0,0.0,0.0,0.0
1843962840,1473904,0,1.001953125,0.0,0.00390625,0.00390625,0.0,0.0,0.0
1843964092,1473905,0,1.001953125,-0.00390625,0.00390625,0.0,0.0,0.0,0.0
1843965343,1473906,0,1.0078125,0.00390625,0.005859375,0.009765625,0.0,0.0,0.0
1843966594,1473907,0,1.0,-0.005859375,0.00390625,-0.001953125,0.0,0.0,0.0
1843967845,1473908,0,1.0,-0.00390625,0.0078125,0.00390625,0.0,0.0,0.0
1843969096,1473909,0,1.00390625,-0.001953125,0.005859375,0.00390625,0.0,0.0,0.0
1843970346,1473910,0,1.001953125,0.0,0.001953125,0.001953125,0.0,0.0,0.0
1843971598,1473911,0,0.998046875,0.0,0.00390625,0.00390625,0.0,0.0,0.0
1843972849,1473912,0,0.998046875,0.0,-0.00390625,-0.00390625,0.0,0.0,0.0
1843974099,1473913,0,1.00390625,0.0,0.001953125,0.001953125,0.0,0.0,0.0
1843975350,1473914,0,1.0,0.00390625,0.0,0.00390625,0.0,0.0,0.0
1843976601,1473915,0,1.005859375,0.001953125,0.009765625,0.01171875,0.0,0.0,0.0
1843977852,1473916,0,1.009765625,-0.005859375,0.00390625,-0.001953125,0.0,0.0,0.0
1843979103,1473917,0,1.00390625,0.00390625,0.00390625,0.0078125,0.0,0.0,0.0
1843980354,1473918,0,1.0,0.0,0.0078125,0.0078125,0.0,0.0,0.0
1843981605,1473919,0,0.99609375,0.00390625,0.00390625,0.0078125,0.0,0.0,0.0
1843982855,1473920,0,1.009765625,0.005859375,0.005859375,0.01171875,0.0,0.0,0.0
1843984107,1473921,0,1.005859375,-0.001953125,0.0,-0.001953125,0.0,0.0,0.0
1843985357,1473922,0,1.005859375,0.005859375,-0.001953125,0.00390625,0.0,0.0,0.0
1843986607,1473923,0,1.0,0.001953125,-0.001953125,0.0,0.0,0.0,0.0
1843987859,1473924,0,1.0078125,0.0,-0.001953125,-0.001953125,0.0,0.0,0.0
1843989109,1473925,0,1.0,-0.001953125,0.001953125,0.0,0.0,0.0,0.0
1843990361,1473926,0,1.00390625,-0.00390625,0.005859375,0.001953125,0.0,0.0,0.0
1843991611,1473927,0,1.005859375,0.0,0.0,0.0,0.0,0.0,0.0
1843992861,1473928,0,1.0,0.0,0.001953125,0.001953125,0.0,0.0,0.0
1843994113,1473929,0,1.00390625,0.00390625,0.00390625,0.0078125,0.0,0.0,0.0
1843995364,1473930,0,1.005859375,-0.001953125,0.005859375,0.00390625,0.0,0.0,0.0
1843996616,1473931,0,1.0078125,0.0,0.00390625,0.00390625,0.0,0.0,0.0
1843997866,1473932,0,1.00390625,0.001953125,0.001953125,0.00390625,0.0,0.0,0.0
1843999118,1473933,0,0.998046875,-0.00390625,0.005859375,0.001953125,0.0,0.0,0.0
1844000368,1473934,0,1.00390625,-0.001953125,0.005859375,0.00390625,0.0,0.0,0.0
1844001619,1473935,0,1.001953125,0.0,0.00390625,0.00390625,0.0,0.0,0.0
1844002869,1473936,0,1.0,0.00390625,0.001953125,0.005859375,0.0,0.0,0.0
1844004119,1473937,0,1.0078125,-0.00390625,0.0,-0.00390625,0.0,0.0,0.0
1844005371,1473938,0,1.0078125,-0.001953125,0.00390625,0.001953125,0.0,0.0,0.0
1844006622,1473939,0,1.005859375,-0.00390625,-0.00390625,-0.0078125,0.0,0.0,0.0
1844007874,1473940,0,1.009765625,0.00390625,0.005859375,0.009765625,0.0,0.0,0.0
1844009124,1473941,0,1.0,0.0,0.005859375,0.005859375,0.0,0.0,0.0
1844010375,1473942,0,1.00390625,0.001953125,0.00390625,0.005859375,0.0,0.0,0.0
1844011625,1473943,0,1.0078125,-0.00390625,-0.001953125,-0.005859375,0.0,0.0,0.0
1844012877,1473944,0,1.0,0.0,0.00390625,0.00390625,0.0,0.0,0.0
1844014127,1473945,0,1.001953125,-0.001953125,-0.00390625,-0.005859375,0.0,0.0,0.0
1844015377,1473946,0,0.998046875,-0.001953125,-0.001953125,-0.00390625,0.0,0.0,0.0
1844016629,1473947,0,0.998046875,-0.005859375,0.001953125,-0.00390625,0.0,0.0,0.0
1844017879,1473948,0,1.001953125,0.00390625,0.005859375,0.009765625,0.0,0.0,0.0
1844019130,1473949,0,1.0078125,-0.001953125,0.005859375,0.00390625,0.0,0.0,0.0
1844020381,1473950,0,1.001953125,0.0,0.001953125,0.001953125,0.0,0.0,0.0
1844021631,1473951,0,1.001953125,-0.00390625,0.001953125,-0.001953125,0.0,0.0,0.0
1844022882,1473952,0,1.001953125,-0.001953125,0.00390625,0.001953125,0.0,0.0,0.0
1844024133,1473953,0,1.00390625,-0.00390625,0.005859375,0.001953125,0.0,0.0,0.0
1844025384,1473954,0,1.0078125,-0.00390625,0.005859375,0.001953125,0.0,0.0,0.0
1844026635,1473955,0,1.005859375,-0.00390625,0.00390625,0.0,0.0,0.0,0.0
1844027885,1473956,0,1.0078125,-0.001953125,0.00390625,0.001953125,0.0,0.0,0.0
1844029136,1473957,0,1.00390625,-0.005859375,0.005859375,0.0,0.0,0.0,0.0
1844030387,1473958,0,1.0,-0.001953125,0.005859375,0.00390625,0.0,0.0,0.0
1844031638,1473959,0,1.0078125,-0.001953125,0.001953125,0.0,0.0,0.0,0.0
1844032889,1473960,0,1.009765625,-0.005859375,0.001953125,-0.00390625,0.0,0.0,0.0
1844034140,1473961,0,0.998046875,-0.001953125,0.01171875,0.009765625,0.0,0.0,0.0
1844035392,1473962,0,1.0078125,0.001953125,0.0078125,0.009765625,0.0,0.0,0.0
1844036642,1473963,0,1.01953125,-0.001953125,0.013671875,0.01171875,0.0,0.0,0.0
1844037894,1473964,0,0.99609375,0.001953125,0.005859375,0.0078125,0.0,0.0,0.0
1844039145,1473965,0,1.005859375,0.0,0.0078125,0.0078125,0.0,0.0,0.0
1844040395,1473966,0,1.015625,0.001953125,-0.001953125,0.0,0.0,0.0,0.0
1844041646,1473967,0,1.00390625,-0.001953125,0.005859375,0.00390625,0.0,0.0,0.0
1844042898,1473968,0,1.005859375,0.0,0.0,0.0,0.0,0.0,0.0
1844044149,1473969,0,1.0078125,0.00390625,0.005859375,0.009765625,0.0,0.0,0.0
1844045400,1473970,0,1.009765625,-0.001953125,0.0078125,0.005859375,0.0,0.0,0.0
1844046651,1473971,0,0.998046875,0.0,-0.001953125,-0.001953125,0.0,0.0,0.0
1844047902,1473972,0,1.0,0.001953125,0.0078125,0.009765625,0.0,0.0,0.0
1844049154,1473973,0,1.00390625,0.0,0.01171875,0.01171875,0.0,0.0,0.0
1844050405,1473974,0,1.001953125,0.0,0.0078125,0.0078125,0.0,0.0,0.0
1844051657,1473975,0,1.009765625,0.0,0.0,0.0,0.0,0.0,0.0
1844052907,1473976,0,1.0,0.0,0.00390625,0.00390625,0.0,0.0,0.0
1844054158,1473977,0,1.00390625,-0.005859375,0.009765625,0.00390625,0.0,0.0,0.0
1844055409,1473978,0,1.0078125,-0.001953125,0.005859375,0.00390625,0.0,0.0,0.0
1844056660,1473979,0,1.001953125,0.0,0.0078125,0.0078125,0.0,0.0,0.0
1844057911,1473980,0,1.0,-0.001953125,0.00390625,0.001953125,0.0,0.0,0.0
1844059161,1473981,0,1.0078125,-0.00390625,0.00390625,0.0,0.0,0.0,0.0
1844060412,1473982,0,0.998046875,-0.005859375,0.009765625,0.00390625,0.0,0.0,0.0
1844061664,1473983,0,1.013671875,-0.009765625,0.005859375,-0.00390625,0.0,0.0,0.0
1844062915,1473984,0,1.013671875,0.0,0.001953125,0.001953125,0.0,0.0,0.0
1844064166,1473985,0,1.001953125,0.00390625,0.005859375,0.009765625,0.0,0.0,0.0
1844065417,1473986,0,1.005859375,-0.001953125,0.001953125,0.0,0.0,0.0,0.0
1844066668,1473987,0,0.99609375,-0.0078125,0.0078125,0.0,0.0,0.0,0.0
1844067920,1473988,0,1.001953125,-0.001953125,0.005859375,0.00390625,0.0,0.0,0.0
1844069172,1473989,0,1.0,0.0,0.0078125,0.0078125,0.0,0.0,0.0
1844070422,1473990,0,1.00390625,-0.00390625,0.009765625,0.005859375,0.0,0.0,0.0
1844071673,1473991,0,1.005859375,-0.001953125,0.001953125,0.0,0.0,0.0,0.0
1844072924,1473992,0,1.0,0.001953125,0.001953125,0.00390625,0.0,0.0,0.0
1844074174,1473993,0,1.005859375,-0.001953125,0.0,-0.001953125,0.0,0.0,0.0
1844075425,1473994,0,1.005859375,-0.00390625,0.001953125,-0.001953125,0.0,0.0,0.0
1844076676,1473995,0,1.00390625,-0.00390625,0.00390625,0.0,0.0,0.0,0.0
1844077927,1473996,0,1.009765625,-0.00390625,0.01171875,0.0078125,0.0,0.0,0.0
1844079177,1473997,0,1.00390625,-0.00390625,0.005859375,0.001953125,0.0,0.0,0.0
1844080427,1473998,0,1.00390625,-0.00390625,0.001953125,-0.001953125,0.0,0.0,0.0
1844081679,1473999,0,1.001953125,0.0,0.00390625,0.00390625,0.0,0.0,0.0
1844082929,1474000,0,1.0078125,-0.001953125,0.001953125,0.0,0.0,0.0,0.0
1844084179,1474001,0,1.00390625,0.0,0.005859375,0.005859375,0.0,0.0,0.0
1844085431,1474002,0,1.00390625,-0.005859375,0.009765625,0.00390625,0.0,0.0,0.0
1844086681,1474003,0,1.00390625,-0.00390625,-0.005859375,-0.009765625,0.0,0.0,0.0
1844087932,1474004,0,1.005859375,-0.0078125,0.001953125,-0.005859375,0.0,0.0,0.0
1844089182,1474005,0,1.0,-0.005859375,0.001953125,-0.00390625,0.0,0.0,0.0
1844090432,1474006,0,1.0,0.00390625,0.00390625,0.0078125,0.0,0.0,0.0
1844091684,1474007,0,1.001953125,0.001953125,0.01171875,0.013671875,0.0,0.0,0.0
1844092934,1474008,0,1.00390625,0.001953125,0.00390625,0.005859375,0.0,0.0,0.0
1844094184,1474009,0,1.005859375,-0.005859375,0.0078125,0.001953125,0.0,0.0,0.0
1844095436,1474010,0,1.009765625,-0.001953125,0.001953125,0.0,0.0,0.0,0.0
1844096686,1474011,0,1.0,-0.001953125,-0.001953125,-0.00390625,0.0,0.0,0.0
1844097937,1474012,0,1.009765625,-0.001953125,0.009765625,0.0078125,0.0,0.0,0.0
1844099188,1474013,0,1.00390625,0.001953125,-0.001953125,0.0,0.0,0.0,0.0
1844100439,1474014,0,1.009765625,0.0,0.005859375,0.005859375,0.0,0.0,0.0
1844101691,1474015,0,1.00390625,-0.001953125,0.001953125,0.0,0.0,0.0,0.0
1844102942,1474016,0,1.005859375,0.0,0.0,0.0,0.0,0.0,0.0
1844104192,1474017,0,1.001953125,0.0,0.0,0.0,0.0,0.0,0.0
1844105443,1474018,0,1.009765625,0.001953125,0.0078125,0.009765625,0.0,0.0,0.0
1844106695,1474019,0,1.001953125,0.0,0.00390625,0.00390625,0.0,0.0,0.0
1844107945,1474020,0,1.001953125,0.001953125,0.001953125,0.00390625,0.0,0.0,0.0
1844109197,1474021,0,1.009765625,0.0,0.0,0.0,0.0,0.0,0.0
1844110448,1474022,0,0.998046875,-0.001953125,0.0078125,0.005859375,0.0,0.0,0.0
1844111698,1474023,0,1.0078125,0.00390625,0.0,0.00390625,0.0,0.0,0.0
1844112949,1474024,0,1.0,-0.001953125,0.009765625,0.0078125,0.0,0.0,0.0
1844114199,1474025,0,1.0078125,-0.001953125,-0.001953125,-0.00390625,0.0,0.0,0.0
1844115449,1474026,0,0.99609375,0.0,0.005859375,0.005859375,0.0,0.0,0.0
1844116701,1474027,0,1.009765625,0.001953125,0.005859375,0.0078125,0.0,0.0,0.0
1844117951,1474028,0,1.009765625,-0.001953125,0.005859375,0.00390625,0.0,0.0,0.0
1844119202,1474029,0,0.998046875,-0.005859375,0.01171875,0.005859375,0.0,0.0,0.0
1844120453,1474030,0,1.005859375,0.0,-0.001953125,-0.001953125,0.0,0.0,0.0
1844121704,1474031,0,1.005859375,0.0,0.0,0.0,0.0,0.0,0.0
1844122954,1474032,0,1.005859375,0.001953125,0.00390625,0.005859375,0.0,0.0,0.0
1844124205,1474033,0,1.001953125,0.0,0.00390625,0.00390625,0.0,0.0,0.0
1844125457,1474034,0,1.00390625,0.0,0.0,0.0,0.0,0.0,0.0
1844126707,1474035,0,1.00390625,0.00390625,0.01171875,0.015625,0.0,0.0,0.0
1844127959,1474036,0,1.001953125,0.0,-0.001953125,-0.001953125,0.0,0.0,0.0
1844129209,1474037,0,1.001953125,0.001953125,0.00390625,0.005859375,0.0,0.0,0.0
1844130460,1474038,0,1.001953125,0.0,-0.001953125,-0.001953125,0.0,0.0,0.0
1844131711,1474039,0,1.001953125,-0.001953125,0.001953125,0.0,0.0,0.0,0.0
1844132961,1474040,0,0.998046875,-0.001953125,0.00390625,0.001953125,0.0,0.0,0.0
1844134211,1474041,0,1.001953125,0.0,0.00390625,0.00390625,0.0,0.0,0.0
1844135461,1474042,0,1.00390625,0.0,0.0,0.0,0.0,0.0,0.0
1844136712,1474043,0,1.005859375,0.0,0.005859375,0.005859375,0.0,0.0,0.0
1844137962,1474044,0,1.0,0.005859375,0.0078125,0.013671875,0.0,0.0,0.0
1844139212,1474045,0,1.005859375,0.0,0.0,0.0,0.0,0.0,0.0
1844140463,1474046,0,1.009765625,-0.005859375,0.00390625,-0.001953125,0.0,0.0,0.0
1844141713,1474047,0,1.0078125,-0.005859375,0.0078125,0.001953125,0.0,0.0,0.0
1844142965,1474048,0,1.005859375,0.005859375,0.005859375,0.01171875,0.0,0.0,0.0
1844144216,1474049,0,1.0,-0.00390625,0.005859375,0.001953125,0.0,0.0,0.0
1844145468,1474050,0,1.00390625,-0.0078125,-0.00390625,-0.01171875,0.0,0.0,0.0
1844146718,1474051,0,1.001953125,0.0,0.0078125,0.0078125,0.0,0.0,0.0
1844147970,1474052,0,1.00390625,-0.001953125,0.00390625,0.001953125,0.0,0.0,0.0
1844149221,1474053,0,1.00390625,-0.001953125,0.0078125,0.005859375,0.0,0.0,0.0
1844150471,1474054,0,1.005859375,0.0,0.0,0.0,0.0,0.0,0.0
1844151722,1474055,0,1.001953125,-0.00390625,0.005859375,0.001953125,0.0,0.0,0.0
1844152973,1474056,0,1.0,-0.001953125,0.00390625,0.001953125,0.0,0.0,0.0
1844154225,1474057,0,1.005859375,0.0,0.001953125,0.001953125,0.0,0.0,0.0
1844155477,1474058,0,1.00390625,0.0,0.001953125,0.001953125,0.0,0.0,0.0
1844156728,1474059,0,1.009765625,-0.005859375,0.0,-0.005859375,0.0,0.0,0.0
1844157978,1474060,0,1.0078125,-0.001953125,-0.001953125,-0.00390625,0.0,0.0,0.0
1844159229,1474061,0,1.005859375,0.0,0.0,0.0,0.0,0.0,0.0
1844160481,1474062,0,1.00390625,-0.00390625,0.001953125,-0.001953125,0.0,0.0,0.0
1844161731,1474063,0,1.005859375,0.0,0.0078125,0.0078125,0.0,0.0,0.0
1844162982,1474064,0,1.0078125,-0.001953125,0.001953125,0.0,0.0,0.0,0.0
1844164233,1474065,0,1.005859375,-0.005859375,0.00390625,-0.001953125,0.0,0.0,0.0
1844165483,1474066,0,1.01171875,-0.005859375,0.00390625,-0.001953125,0.0,0.0,0.0
1844166734,1474067,0,1.0078125,-0.005859375,0.0,-0.005859375,0.0,0.0,0.0
1844167984,1474068,0,1.015625,-0.001953125,0.001953125,0.0,0.0,0.0,0.0
1844169235,1474069,0,0.998046875,-0.00390625,0.0078125,0.00390625,0.0,0.0,0.0
1844170486,1474070,0,1.015625,-0.01171875,0.00390625,-0.0078125,0.0,0.0,5.028955515153259e+37
1844172987,1474072,0,1.0078125,-0.00390625,0.0,-0.00390625,0.0,0.0,0.0
1844174238,1474073,0,1.005859375,0.0,0.00390625,0.00390625,0.0,0.0,0.0
1844175489,1474074,0,1.015625,-0.00390625,0.0,-0.00390625,0.0,0.0,0.0
1844176739,1474075,0,1.0,-0.001953125,-0.001953125,-0.00390625,0.0,0.0,0.0
1844177990,1474076,0,1.001953125,-0.001953125,-0.00390625,-0.005859375,0.0,0.0,0.0
1844179241,1474077,0,1.0078125,-0.001953125,0.0,-0.001953125,0.0,0.0,0.0
1844180492,1474078,0,1.001953125,0.00390625,0.00390625,0.0078125,0.0,0.0,0.0
1844181742,1474079,0,1.0078125,-0.001953125,0.00390625,0.001953125,0.0,0.0,0.0
1844182993,1474080,0,1.005859375,0.0,0.0078125,0.0078125,0.0,0.0,0.0
1844184244,1474081,0,1.001953125,-0.001953125,0.0,-0.001953125,0.0,0.0,0.0
1844185494,1474082,0,1.0078125,-0.001953125,0.00390625,0.001953125,0.0,0.0,0.0
1844186746,1474083,0,1.001953125,-0.005859375,0.00390625,-0.001953125,0.0,0.0,0.0
1844187997,1474084,0,1.001953125,0.0,0.001953125,0.001953125,0.0,0.0,0.0
1844189248,1474085,0,1.00390625,0.0,0.0078125,0.0078125,0.0,0.0,0.0
1844190499,1474086,0,1.001953125,0.001953125,0.0078125,0.009765625,0.0,0.0,0.0
1844191750,1474087,0,1.005859375,-0.00390625,0.0078125,0.00390625,0.0,0.0,0.0
1844193001,1474088,0,1.005859375,0.00390625,0.0078125,0.01171875,0.0,0.0,0.0
1844194252,1474089,0,1.005859375,0.001953125,0.00390625,0.005859375,0.0,0.0,0.0
1844195502,1474090,0,1.001953125,-0.001953125,-0.00390625,-0.005859375,0.0,0.0,0.0
1844196753,1474091,0,0.99609375,0.009765625,0.001953125,0.01171875,0.0,0.0,0.0
1844198004,1474092,0,1.0078125,-0.001953125,0.001953125,0.0,0.0,0.0,0.0
1844199255,1474093,0,1.0,0.001953125,0.005859375,0.0078125,0.0,0.0,0.0
1844200505,1474094,0,1.0,-0.00390625,0.001953125,-0.001953125,0.0,0.0,0.0
1844201756,1474095,0,1.005859375,-0.001953125,0.001953125,0.0,0.0,0.0,0.0
1844203008,1474096,0,1.005859375,-0.001953125,0.001953125,0.0,0.0,0.0,0.0
1844204258,1474097,0,1.001953125,0.0,0.00390625,0.00390625,0.0,0.0,0.0
1844205509,1474098,0,1.005859375,0.0,0.001953125,0.001953125,0.0,0.0,0.0
1844206759,1474099,0,1.00390625,0.0,0.00390625,0.00390625,0.0,0.0,0.0
1844208010,1474100,0,1.005859375,-0.00390625,0.005859375,0.001953125,0.0,0.0,0.0
1844209261,1474101,0,1.001953125,-0.001953125,0.01171875,0.009765625,0.0,0.0,0.0
1844210513,1474102,0,1.0078125,0.0,0.001953125,0.001953125,0.0,0.0,0.0
1844211764,1474103,0,1.0,0.0,0.005859375,0.005859375,0.0,0.0,0.0
1844213015,1474104,0,1.0078125,-0.001953125,0.005859375,0.00390625,0.0,0.0,0.0
1844214270,1474105,0,1.001953125,0.0,0.0,0.0,0.0,0.0,0.0
1844215521,1474106,0,0.998046875,-0.001953125,0.00390625,0.001953125,0.0,0.0,0.0
1844216772,1474107,0,1.009765625,-0.001953125,0.0,-0.001953125,0.0,0.0,0.0
1844218024,1474108,0,1.0078125,-0.009765625,0.00390625,-0.005859375,0.0,0.0,0.0
1844219275,1474109,0,1.005859375,-0.001953125,0.0,-0.001953125,0.0,0.0,0.0
1844220527,1474110,0,0.998046875,-0.001953125,-0.005859375,-0.0078125,0.0,0.0,0.0
1844221778,1474111,0,1.00390625,-0.001953125,0.001953125,0.0,0.0,0.0,0.0
1844223028,1474112,0,1.0,-0.001953125,0.009765625,0.0078125,0.0,0.0,0.0
1844224279,1474113,0,1.009765625,-0.001953125,0.017578125,0.015625,0.0,0.0,0.0
1844225530,1474114,0,1.0,0.0,0.001953125,0.001953125,0.0,0.0,0.0
1844226782,1474115,0,1.0,-0.00390625,0.005859375,0.001953125,0.0,0.0,0.0
1844228032,1474116,0,1.00390625,-0.001953125,0.001953125,0.0,0.0,0.0,0.0
1844229282,1474117,0,1.0078125,-0.001953125,0.005859375,0.00390625,0.0,0.0,0.0
1844230532,1474118,0,1.0078125,0.0,0.005859375,0.005859375,0.0,0.0,0.0
1844231783,1474119,0,1.001953125,-0.001953125,-0.00390625,-0.005859375,0.0,0.0,0.0
1844233034,1474120,0,1.00390625,-0.001953125,0.0,-0.001953125,0.0,0.0,0.0
1844234285,1474121,0,1.005859375,0.0,0.001953125,0.001953125,0.0,0.0,0.0
1844235537,1474122,0,1.001953125,0.0,0.01171875,0.01171875,0.0,0.0,0.0
1844236789,1474123,0,1.0078125,0.001953125,0.001953125,0.00390625,0.0,0.0,0.0
1844238039,1474124,0,1.005859375,0.0,0.001953125,0.001953125,0.0,0.0,0.0
1844239290,1474125,0,1.001953125,-0.001953125,-0.00390625,-0.005859375,0.0,0.0,0.0
1844240541,1474126,0,1.001953125,-0.001953125,0.001953125,0.0,0.0,0.0,0.0
1844241792,1474127,0,1.005859375,-0.001953125,0.00390625,0.001953125,0.0,0.0,0.0
1844243042,1474128,0,1.001953125,-0.00390625,0.00390625,0.0,0.0,0.0,0.0
1844244294,1474129,0,1.0078125,-0.001953125,0.00390625,0.001953125,0.0,0.0,0.0
1844245545,1474130,0,1.001953125,0.005859375,-0.00390625,0.001953125,0.0,0.0,0.0
1844246795,1474131,0,1.005859375,-0.00390625,0.009765625,0.005859375,0.0,0.0,0.0
1844248047,1474132,0,1.00390625,-0.00390625,-0.001953125,-0.005859375,0.0,0.0,0.0
1844249298,1474133,0,1.00390625,0.005859375,0.00390625,0.009765625,0.0,0.0,0.0
1844250549,1474134,0,1.0078125,0.0,0.005859375,0.005859375,0.0,0.0,0.0
1844251800,1474135,0,1.0078125,0.0,0.0078125,0.0078125,0.0,0.0,0.0
1844253050,1474136,0,1.001953125,-0.001953125,0.0,-0.001953125,0.0,0.0,0.0
1844254301,1474137,0,0.99609375,-0.001953125,0.001953125,0.0,0.0,0.0,0.0
1844255552,1474138,0,1.0,-0.00390625,0.001953125,-0.001953125,0.0,0.0,0.0
1844256803,1474139,0,1.0,-0.005859375,0.001953125,-0.00390625,0.0,0.0,0.0
1844258053,1474140,0,1.0078125,0.0,0.00390625,0.00390625,0.0,0.0,0.0
1844259305,1474141,0,1.001953125,0.0,0.005859375,0.005859375,0.0,0.0,0.0
1844260557,1474142,0,1.0078125,-0.001953125,0.00390625,0.001953125,0.0,0.0,0.0
1844261808,1474143,0,1.005859375,-0.0078125,0.001953125,-0.005859375,0.0,0.0,0.0
1844263059,1474144,0,1.001953125,0.005859375,0.005859375,0.01171875,0.0,0.0,0.0
1844264310,1474145,0,1.005859375,-0.001953125,0.0,-0.001953125,0.0,0.0,0.0
1844265562,1474146,0,1.00390625,-0.001953125,0.005859375,0.00390625,0.0,0.0,0.0
1844266812,1474147,0,1.005859375,0.001953125,0.0078125,0.009765625,0.0,0.0,0.0
1844268064,1474148,0,1.005859375,-0.00390625,-0.00390625,-0.0078125,0.0,0.0,0.0
1844269314,1474149,0,1.001953125,-0.005859375,0.005859375,0.0,0.0,0.0,0.0
1844270565,1474150,0,1.01171875,-0.00390625,0.0,-0.00390625,0.0,0.0,0.0
1844271816,1474151,0,0.998046875,0.0,0.0078125,0.0078125,0.0,0.0,0.0
1844273066,1474152,0,1.01171875,0.001953125,0.005859375,0.0078125,0.0,0.0,0.0
1844274317,1474153,0,1.01171875,0.001953125,-0.009765625,-0.0078125,0.0,0.0,0.0
1844275569,1474154,0,0.99609375,-0.001953125,0.00390625,0.001953125,0.0,0.0,0.0
1844276819,1474155,0,1.001953125,0.00390625,0.001953125,0.005859375,0.0,0.0,0.0
1844278070,1474156,0,1.009765625,-0.001953125,0.0078125,0.005859375,0.0,0.0,0.0
1844279321,1474157,0,0.9921875,-0.00390625,0.0078125,0.00390625,0.0,0.0,0.0
1844280571,1474158,0,1.005859375,0.0,-0.001953125,-0.001953125,0.0,0.0,0.0
1844281822,1474159,0,1.013671875,-0.001953125,0.001953125,0.0,0.0,0.0,0.0
1844283074,1474160,0,1.005859375,-0.001953125,0.00390625,0.001953125,0.0,0.0,0.0
1844284324,1474161,0,1.00390625,0.0,0.00390625,0.00390625,0.0,0.0,0.0
1844285575,1474162,0,1.005859375,0.001953125,0.001953125,0.00390625,0.0,0.0,0.0
1844286827,1474163,0,0.998046875,-0.00390625,0.0,-0.00390625,0.0,0.0,0.0
1844288077,1474164,0,1.00390625,0.001953125,-0.001953125,0.0,0.0,0.0,0.0
1844289328,1474165,0,1.0078125,-0.001953125,0.0,-0.001953125,0.0,0.0,0.0
1844290580,1474166,0,1.005859375,-0.001953125,0.0078125,0.005859375,0.0,0.0,0.0
1844291832,1474167,0,1.0078125,-0.00390625,0.00390625,0.0,0.0,0.0,0.0
1844293082,1474168,0,1.005859375,-0.00390625,0.001953125,-0.001953125,0.0,0.0,0.0
1844294333,1474169,0,1.005859375,0.001953125,0.0078125,0.009765625,0.0,0.0,0.0
1844295585,1474170,0,1.0078125,-0.00390625,0.001953125,-0.001953125,0.0,0.0,0.0
1844296835,1474171,0,1.0,-0.005859375,0.00390625,-0.001953125,0.0,0.0,0.0
1844298086,1474172,0,1.001953125,-0.001953125,0.00390625,0.001953125,0.0,0.0,0.0
1844299338,1474173,0,1.0,-0.001953125,0.013671875,0.01171875,0.0,0.0,0.0
1844300589,1474174,0,1.001953125,-0.005859375,0.00390625,-0.001953125,0.0,0.0,0.0
1844301840,1474175,0,1.001953125,0.0,0.013671875,0.013671875,0.0,0.0,0.0
1844303092,1474176,0,1.005859375,-0.001953125,0.009765625,0.0078125,0.0,0.0,0.0
1844304343,1474177,0,1.0,-0.0078125,-0.001953125,-0.009765625,0.0,0.0,0.0
1844305594,1474178,0,1.0078125,-0.001953125,0.0,-0.001953125,0.0,0.0,0.0
1844306845,1474179,0,1.00390625,-0.00390625,0.001953125,-0.001953125,0.0,0.0,0.0
1844308096,1474180,0,1.0078125,-0.001953125,0.013671875,0.01171875,0.0,0.0,0.0
1844309346,1474181,0,1.005859375,-0.00390625,0.005859375,0.001953125,0.0,0.0,0.0
1844310598,1474182,0,1.0078125,-0.005859375,0.009765625,0.00390625,0.0,0.0,0.0
1844311849,1474183,0,1.00390625,-0.001953125,0.001953125,0.0,0.0,0.0,0.0
1844313099,1474184,0,1.005859375,-0.001953125,0.001953125,0.0,0.0,0.0,0.0
1844314350,1474185,0,1.005859375,-0.001953125,0.00390625,0.001953125,0.0,0.0,0.0
1844315601,1474186,0,1.001953125,0.001953125,0.0078125,0.009765625,0.0,0.0,0.0
1844316852,1474187,0,1.0078125,0.0,0.0078125,0.0078125,0.0,0.0,0.0
1844318103,1474188,0,1.001953125,0.0,0.0,0.0,0.0,0.0,0.0
1844319354,1474189,0,1.00390625,-0.001953125,0.001953125,0.0,0.0,0.0,0.0
1844320605,1474190,0,1.0078125,-0.00390625,0.0078125,0.00390625,0.0,0.0,0.0
1844321855,1474191,0,1.01171875,-0.00390625,0.00390625,0.0,0.0,0.0,0.0
1844323107,1474192,0,1.01171875,0.0,0.0078125,0.0078125,0.0,0.0,0.0
1844324357,1474193,0,1.0078125,-0.001953125,-0.00390625,-0.005859375,0.0,0.0,0.0
1844325607,1474194,0,1.0,-0.00390625,0.0,-0.00390625,0.0,0.0,0.0
1844326859,1474195,0,1.00390625,-0.001953125,0.0,-0.001953125,0.0,0.0,0.0
1844328109,1474196,0,1.005859375,0.001953125,0.001953125,0.00390625,0.0,0.0,0.0
1844329361,1474197,0,1.0,-0.005859375,0.005859375,0.0,0.0,0.0,0.0
1844330611,1474198,0,1.005859375,-0.001953125,0.01171875,0.009765625,0.0,0.0,0.0
1844331861,1474199,0,1.01171875,0.0,0.005859375,0.005859375,0.0,0.0,0.0
1844333113,1474200,0,1.001953125,0.0,0.00390625,0.00390625,0.0,0.0,0.0
1844334364,1474201,0,0.994140625,-0.001953125,0.00390625,0.001953125,0.0,0.0,0.0
1844335616,1474202,0,1.005859375,0.001953125,0.001953125,0.00390625,0.0,0.0,0.0
1844336866,1474203,0,1.001953125,0.0,0.005859375,0.005859375,0.0,0.0,0.0
1844338118,1474204,0,1.001953125,0.0,0.0,0.0,0.0,0.0,0.0
1844339368,1474205,0,1.00390625,-0.0078125,0.001953125,-0.005859375,0.0,0.0,0.0
1844340619,1474206,0,1.0,0.0,0.0,0.0,0.0,0.0,0.0
1844341869,1474207,0,1.001953125,-0.00390625,0.00390625,0.0,0.0,0.0,0.0
1844343119,1474208,0,1.00390625,0.0,0.001953125,0.001953125,0.0,0.0,0.0
1844344371,1474209,0,1.001953125,-0.001953125,-0.001953125,-0.00390625,0.0,0.0,0.0
1844345622,1474210,0,1.0078125,-0.00390625,0.0078125,0.00390625,0.0,0.0,0.0
1844346874,1474211,0,1.009765625,0.0,0.005859375,0.005859375,0.0,0.0,0.0
1844348124,1474212,0,1.01171875,-0.00390625,0.001953125,-0.001953125,0.0,0.0,0.0
1844349375,1474213,0,1.005859375,-0.001953125,0.00390625,0.001953125,0.0,0.0,0.0
1844350625,1474214,0,1.00390625,-0.00390625,-0.00390625,-0.0078125,0.0,0.0,0.0
1844351877,1474215,0,1.005859375,-0.001953125,0.00390625,0.001953125,0.0,0.0,0.0
1844353127,1474216,0,1.00390625,-0.00390625,0.001953125,-0.001953125,0.0,0.0,0.0
1844354377,1474217,0,1.009765625,-0.00390625,0.00390625,0.0,0.0,0.0,0.0
1844355629,1474218,0,1.00390625,-0.00390625,-0.001953125,-0.005859375,0.0,0.0,0.0
1844356879,1474219,0,1.015625,0.0,0.001953125,0.001953125,0.0,0.0,0.0
1844358130,1474220,0,1.009765625,0.001953125,-0.001953125,0.0,0.0,0.0,0.0
1844359381,1474221,0,1.001953125,-0.001953125,0.0,-0.001953125,0.0,0.0,0.0
1844360631,1474222,0,0.994140625,-0.001953125,0.0,-0.001953125,0.0,0.0,0.0
1844361882,1474223,0,1.009765625,-0.001953125,0.001953125,0.0,0.0,0.0,0.0
1844363133,1474224,0,1.001953125,-0.001953125,0.0078125,0.005859375,0.0,0.0,0.0
1844364384,1474225,0,1.00390625,-0.00390625,0.001953125,-0.001953125,0.0,0.0,0.0
1844365635,1474226,0,1.005859375,-0.00390625,0.0,-0.00390625,0.0,0.0,0.0
1844366885,1474227,0,0.99609375,-0.005859375,0.001953125,-0.00390625,0.0,0.0,0.0
1844368136,1474228,0,1.001953125,-0.005859375,0.0,-0.005859375,0.0,0.0,0.0
1844369387,1474229,0,1.00390625,-0.00390625,0.005859375,0.001953125,0.0,0.0,0.0
1844370638,1474230,0,1.0078125,-0.001953125,-0.001953125,-0.00390625,0.0,0.0,0.0
1844371889,1474231,0,1.005859375,0.0,0.001953125,0.001953125,0.0,0.0,0.0
1844373140,1474232,0,1.0,-0.001953125,0.0078125,0.005859375,0.0,0.0,0.0
1844374392,1474233,0,1.001953125,-0.001953125,-0.001953125,-0.00390625,0.0,0.0,0.0
1844375642,1474234,0,1.0,-0.005859375,0.0,-0.005859375,0.0,0.0,0.0
1844376894,1474235,0,1.001953125,-0.005859375,0.00390625,-0.001953125,0.0,0.0,0.0
1844378145,1474236,0,1.00390625,-0.00390625,0.00390625,0.0,0.0,0.0,0.0
1844379395,1474237,0,0.998046875,0.0,0.005859375,0.005859375,0.0,0.0,0.0
1844380646,1474238,0,1.009765625,0.0,0.00390625,0.00390625,0.0,0.0,0.0
1844381898,1474239,0,1.001953125,-0.001953125,0.00390625,0.001953125,0.0,0.0,0.0
1844383149,1474240,0,1.0,-0.005859375,0.001953125,-0.00390625,0.0,0.0,0.0
1844384400,1474241,0,1.0078125,0.0078125,0.001953125,0.009765625,0.0,0.0,0.0
1844385651,1474242,0,1.005859375,0.00390625,0.00390625,0.0078125,0.0,0.0,0.0
1844386902,1474243,0,1.001953125,-0.005859375,0.005859375,0.0,0.0,0.0,0.0
1844388154,1474244,0,1.005859375,-0.001953125,0.005859375,0.00390625,0.0,0.0,0.0
1844389405,1474245,0,1.001953125,0.0,0.001953125,0.001953125,0.0,0.0,0.0
1844390657,1474246,0,1.005859375,-0.00390625,0.005859375,0.001953125,0.0,0.0,0.0
1844391907,1474247,0,1.009765625,-0.001953125,0.001953125,0.0,0.0,0.0,0.0
1844393158,1474248,0,1.001953125,-0.001953125,0.001953125,0.0,0.0,0.0,0.0
1844394409,1474249,0,1.00390625,0.001953125,0.005859375,0.0078125,0.0,0.0,0.0
1844395660,1474250,0,1.005859375,-0.001953125,0.0,-0.001953125,0.0,0.0,0.0
1844396911,1474251,0,1.00390625,-0.001953125,0.00390625,0.001953125,0.0,0.0,0.0
1844398161,1474252,0,1.0078125,0.0,0.00390625,0.00390625,0.0,0.0,0.0
1844399412,1474253,0,1.0078125,-0.001953125,0.0078125,0.005859375,0.0,0.0,0.0
1844400664,1474254,0,1.00390625,0.001953125,0.001953125,0.00390625,0.0,0.0,0.0
1844401915,1474255,0,1.009765625,-0.001953125,0.005859375,0.00390625,0.0,0.0,0.0
1844403166,1474256,0,0.998046875,-0.001953125,0.0,-0.001953125,0.0,0.0,0.0
1844404417,1474257,0,1.009765625,0.00390625,0.0,0.00390625,0.0,0.0,0.0
1844405668,1474258,0,1.0234375,0.001953125,0.0,0.001953125,0.0,0.0,0.0
1844406920,1474259,0,1.001953125,-0.00390625,0.005859375,0.001953125,0.0,0.0,0.0
1844408172,1474260,0,1.00390625,0.0,0.0078125,0.0078125,0.0,0.0,0.0
1844409422,1474261,0,1.005859375,-0.001953125,0.009765625,0.0078125,0.0,0.0,0.0
1844410673,1474262,0,1.001953125,-0.001953125,0.005859375,0.00390625,0.0,0.0,0.0
1844411924,1474263,0,1.005859375,-0.00390625,-0.0078125,-0.01171875,0.0,0.0,0.0
1844413174,1474264,0,1.013671875,0.001953125,0.005859375,0.0078125,0.0,0.0,0.0
1844414425,1474265,0,1.009765625,0.0,0.0,0.0,0.0,0.0,0.0
1844415676,1474266,0,1.00390625,-0.001953125,0.001953125,0.0,0.0,0.0,0.0
1844416927,1474267,0,1.00390625,-0.001953125,0.0,-0.001953125,0.0,0.0,0.0
1844418177,1474268,0,1.0078125,-0.001953125,0.0,-0.001953125,0.0,0.0,0.0
1844419427,1474269,0,1.001953125,-0.001953125,0.001953125,0.0,0.0,0.0,0.0
1844420679,1474270,0,1.005859375,0.0,0.001953125,0.001953125,0.0,0.0,0.0
1844421929,1474271,0,1.0078125,-0.001953125,0.001953125,0.0,0.0,0.0,0.0
1844423179,1474272,0,1.005859375,-0.001953125,0.0,-0.001953125,0.0,0.0,0.0
1844424431,1474273,0,0.998046875,0.001953125,0.005859375,0.0078125,0.0,0.0,0.0
1844425681,1474274,0,1.00390625,-0.001953125,0.00390625,0.001953125,0.0,0.0,0.0
1844426932,1474275,0,1.005859375,-0.00390625,-0.001953125,-0.005859375,0.0,0.0,0.0
1844428182,1474276,0,1.001953125,-0.00390625,0.00390625,0.0,0.0,0.0,0.0
1844429432,1474277,0,1.0078125,-0.001953125,0.001953125,0.0,0.0,0.0,0.0
1844430684,1474278,0,1.001953125,0.005859375,0.001953125,0.0078125,0.0,0.0,0.0
1844431934,1474279,0,0.998046875,-0.005859375,-0.001953125,-0.0078125,0.0,0.0,0.0
1844433184,1474280,0,1.0,-0.001953125,0.0078125,0.005859375,0.0,0.0,0.0
1844434436,1474281,0,1.005859375,-0.001953125,0.005859375,0.00390625,0.0,0.0,0.0
1844435686,1474282,0,1.00390625,-0.001953125,0.001953125,0.0,0.0,0.0,0.0
1844436937,1474283,0,1.00390625,0.0,0.005859375,0.005859375,0.0,0.0,0.0
1844438188,1474284,0,0.99609375,-0.001953125,0.001953125,0.0,0.0,0.0,0.0
1844439439,1474285,0,1.001953125,-0.001953125,0.0078125,0.005859375,0.0,0.0,0.0
1844440691,1474286,0,0.9921875,-0.00390625,0.00390625,0.0,0.0,0.0,0.0
1844441942,1474287,0,0.994140625,-0.00390625,-0.00390625,-0.0078125,0.0,0.0,0.0
1844443192,1474288,0,1.001953125,0.0,0.00390625,0.00390625,0.0,0.0,0.0
1844444443,1474289,0,1.00390625,0.001953125,0.00390625,0.005859375,0.0,0.0,0.0
1844445695,1474290,0,1.005859375,-0.001953125,0.005859375,0.00390625,0.0,0.0,0.0
1844446945,1474291,0,1.0,-0.001953125,0.009765625,0.0078125,0.0,0.0,0.0
1844448197,1474292,0,1.005859375,-0.00390625,0.005859375,0.001953125,0.0,0.0,0.0
1844449448,1474293,0,1.005859375,-0.00390625,0.005859375,0.001953125,0.0,0.0,0.0
1844450698,1474294,0,1.005859375,-0.005859375,0.00390625,-0.001953125,0.0,0.0,0.0
1844451949,1474295,0,1.001953125,-0.009765625,0.00390625,-0.005859375,0.0,0.0,0.0
1844453199,1474296,0,1.005859375,0.00390625,0.001953125,0.005859375,0.0,0.0,0.0
1844454449,1474297,0,1.0078125,-0.001953125,0.001953125,0.0,0.0,0.0,0.0
1844455701,1474298,0,1.005859375,-0.00390625,0.0,-0.00390625,0.0,0.0,0.0
1844456951,1474299,0,1.00390625,-0.001953125,0.001953125,0.0,0.0,0.0,0.0
1844458202,1474300,0,1.001953125,0.0,0.0,0.0,0.0,0.0,0.0
1844459453,1474301,0,1.0078125,-0.00390625,-0.00390625,-0.0078125,0.0,0.0,0.0
1844460704,1474302,0,1.00390625,-0.001953125,0.01171875,0.009765625,0.0,0.0,0.0
1844461954,1474303,0,0.99609375,-0.0078125,0.0078125,0.0,0.0,0.0,0.0
1844463205,1474304,0,1.001953125,-0.001953125,0.00390625,0.001953125,0.0,0.0,0.0
1844464457,1474305,0,1.009765625,0.0,0.005859375,0.005859375,0.0,0.0,0.0
1844465707,1474306,0,0.998046875,0.0,0.00390625,0.00390625,0.0,0.0,0.0
1844466959,1474307,0,1.005859375,-0.001953125,0.001953125,0.0,0.0,0.0,0.0
1844468209,1474308,0,1.0,-0.001953125,0.009765625,0.0078125,0.0,0.0,0.0
1844469460,1474309,0,1.005859375,-0.00390625,0.0,-0.00390625,0.0,0.0,0.0
1844470711,1474310,0,1.005859375,0.0,0.0,0.0,0.0,0.0,0.0
1844471961,1474311,0,1.009765625,-0.001953125,0.0,-0.001953125,0.0,0.0,0.0
1844473211,1474312,0,1.005859375,-0.001953125,0.001953125,0.0,0.0,0.0,0.0
1844474461,1474313,0,1.009765625,0.001953125,0.001953125,0.00390625,0.0,0.0,0.0
1844475712,1474314,0,1.005859375,-0.00390625,0.00390625,0.0,0.0,0.0,0.0
1844476962,1474315,0,1.005859375,-0.00390625,0.005859375,0.001953125,0.0,0.0,0.0
1844478212,1474316,0,0.99609375,-0.001953125,0.005859375,0.00390625,0.0,0.0,0.0
1844479463,1474317,0,1.00390625,-0.001953125,0.00390625,0.001953125,0.0,0.0,0.0
1844480713,1474318,0,1.00390625,0.0,0.00390625,0.00390625,0.0,0.0,0.0
1844481965,1474319,0,1.001953125,-0.001953125,0.005859375,0.00390625,0.0,0.0,0.0
1844483216,1474320,0,1.00390625,-0.001953125,0.001953125,0.0,0.0,0.0,0.0
1844484468,1474321,0,1.009765625,-0.005859375,0.005859375,0.0,0.0,0.0,0.0
1844485718,1474322,0,1.001953125,0.0,0.005859375,0.005859375,0.0,0.0,0.0
1844486970,1474323,0,1.013671875,-0.00390625,-0.0078125,-0.01171875,0.0,0.0,0.0
1844488221,1474324,0,1.005859375,0.0,0.005859375,0.005859375,0.0,0.0,0.0
1844489471,1474325,0,1.005859375,0.00390625,0.0,0.00390625,0.0,0.0,0.0
1844490722,1474326,0,1.0078125,-0.009765625,-0.00390625,-0.013671875,0.0,0.0,0.0
1844491973,1474327,0,1.0,-0.00390625,0.001953125,-0.001953125,0.0,0.0,0.0
1844493225,1474328,0,1.00390625,-0.00390625,-0.001953125,-0.005859375,0.0,0.0,0.0
1844494477,1474329,0,1.00390625,0.0,0.0078125,0.0078125,0.0,0.0,0.0
1844495728,1474330,0,1.00390625,0.0,0.0,0.0,0.0,0.0,0.0
1844496978,1474331,0,1.005859375,-0.001953125,0.0,-0.001953125,0.0,0.0,0.0
1844498229,1474332,0,1.00390625,0.0,0.00390625,0.00390625,0.0,0.0,0.0
1844499481,1474333,0,1.0,0.0,0.0,0.0,0.0,0.0,0.0
1844500731,1474334,0,1.0078125,0.001953125,0.001953125,0.00390625,0.0,0.0,0.0
1844501982,1474335,0,1.005859375,0.0,0.0,0.0,0.0,0.0,0.0
1844503233,1474336,0,1.005859375,0.0,0.00390625,0.00390625,0.0,0.0,0.0
1844504483,1474337,0,1.0078125,-0.001953125,-0.001953125,-0.00390625,0.0,0.0,0.0
1844505734,1474338,0,1.00390625,-0.001953125,0.005859375,0.00390625,0.0,0.0,0.0
1844506984,1474339,0,1.005859375,0.001953125,0.005859375,0.0078125,0.0,0.0,0.0
1844508235,1474340,0,1.009765625,0.0,0.005859375,0.005859375,0.0,0.0,0.0
1844509486,1474341,0,1.00390625,-0.001953125,0.005859375,0.00390625,0.0,0.0,0.0
1844510736,1474342,0,1.00390625,0.009765625,0.001953125,0.01171875,0.0,0.0,0.0
1844511987,1474343,0,1.0078125,0.0,0.001953125,0.001953125,0.0,0.0,0.0
1844513238,1474344,0,1.01171875,0.0,0.005859375,0.005859375,0.0,0.0,0.0
1844514489,1474345,0,1.001953125,0.0,0.00390625,0.00390625,0.0,0.0,0.0
1844515739,1474346,0,1.001953125,0.0,-0.001953125,-0.001953125,0.0,0.0,0.0
1844516990,1474347,0,1.0078125,-0.001953125,0.0,-0.001953125,0.0,0.0,0.0
1844518241,1474348,0,0.998046875,-0.00390625,0.0078125,0.00390625,0.0,0.0,0.0
1844519492,1474349,0,1.0,-0.001953125,0.005859375,0.00390625,0.0,0.0,0.0
1844520742,1474350,0,1.005859375,-0.001953125,0.005859375,0.00390625,0.0,0.0,0.0
1844521993,1474351,0,1.009765625,-0.001953125,0.00390625,0.001953125,0.0,0.0,0.0
1844523244,1474352,0,1.005859375,0.0,-0.001953125,-0.001953125,0.0,0.0,0.0
1844524494,1474353,0,1.001953125,-0.001953125,0.00390625,0.001953125,0.0,0.0,0.0
1844525746,1474354,0,0.99609375,0.0,0.0,0.0,0.0,0.0,0.0
1844526997,1474355,0,1.0,0.0,0.001953125,0.001953125,0.0,0.0,0.0
1844528248,1474356,0,1.001953125,-0.001953125,0.01171875,0.009765625,0.0,0.0,0.0
1844529499,1474357,0,1.00390625,-0.00390625,0.00390625,0.0,0.0,0.0,0.0
1844530750,1474358,0,1.0078125,0.0,0.00390625,0.00390625,0.0,0.0,0.0
1844532001,1474359,0,1.0,-0.001953125,0.001953125,0.0,0.0,0.0,0.0
1844533252,1474360,0,1.0078125,0.0,0.005859375,0.005859375,0.0,0.0,0.0
1844534502,1474361,0,1.00390625,-0.00390625,0.005859375,0.001953125,0.0,0.0,0.0
1844535753,1474362,0,1.005859375,-0.00390625,0.01171875,0.0078125,0.0,0.0,0.0
1844537004,1474363,0,1.005859375,0.001953125,0.0,0.001953125,0.0,0.0,0.0
1844538255,1474364,0,1.009765625,0.0,0.0078125,0.0078125,0.0,0.0,0.0
1844539505,1474365,0,1.009765625,0.00390625,0.0,0.00390625,0.0,0.0,0.0
1844540756,1474366,0,1.005859375,-0.001953125,0.00390625,0.001953125,0.0,0.0,0.0
1844542008,1474367,0,1.00390625,-0.001953125,-0.001953125,-0.00390625,0.0,0.0,0.0
1844543258,1474368,0,1.001953125,0.0,-0.001953125,-0.001953125,0.0,0.0,0.0
1844544509,1474369,0,1.009765625,0.0,-0.0078125,-0.0078125,0.0,0.0,0.0
1844545759,1474370,0,1.0,-0.001953125,0.001953125,0.0,0.0,0.0,0.0
1844547010,1474371,0,0.99609375,-0.001953125,0.001953125,0.0,0.0,0.0,0.0
1844548261,1474372,0,0.998046875,0.001953125,0.005859375,0.0078125,0.0,0.0,0.0
1844549513,1474373,0,1.0078125,-0.001953125,0.001953125,0.0,0.0,0.0,0.0
1844550764,1474374,0,1.005859375,0.001953125,0.005859375,0.0078125,0.0,0.0,0.0
1844552015,1474375,0,1.005859375,0.0,0.001953125,0.001953125,0.0,0.0,0.0
1844553270,1474376,0,1.005859375,-0.001953125,0.005859375,0.00390625,0.0,0.0,0.0
1844554521,1474377,0,1.0078125,-0.00390625,-0.001953125,-0.005859375,0.0,0.0,0.0
1844555772,1474378,0,1.00390625,-0.001953125,0.0,-0.001953125,0.0,0.0,0.0
1844557024,1474379,0,0.998046875,-0.00390625,0.0,-0.00390625,0.0,0.0,0.0
1844558275,1474380,0,1.001953125,-0.001953125,0.00390625,0.001953125,0.0,0.0,0.0
1844559527,1474381,0,1.0,-0.001953125,0.0078125,0.005859375,0.0,0.0,0.0
1844560778,1474382,0,1.005859375,-0.001953125,0.0,-0.001953125,0.0,0.0,0.0
1844562028,1474383,0,0.998046875,-0.001953125,0.00390625,0.001953125,0.0,0.0,0.0
1844563279,1474384,0,1.00390625,-0.009765625,0.00390625,-0.005859375,0.0,0.0,0.0
1844564530,1474385,0,1.013671875,-0.005859375,0.005859375,0.0,0.0,0.0,0.0
1844565782,1474386,0,1.001953125,-0.00390625,-0.005859375,-0.009765625,0.0,0.0,0.0
1844567032,1474387,0,1.001953125,-0.001953125,0.01171875,0.009765625,0.0,0.0,0.0
1844568282,1474388,0,0.998046875,0.0,0.005859375,0.005859375,0.0,0.0,0.0
1844569532,1474389,0,1.017578125,-0.001953125,0.001953125,0.0,0.0,0.0,0.0
1844570783,1474390,0,1.0078125,0.0078125,-0.00390625,0.00390625,0.0,0.0,0.0
1844572034,1474391,0,1.0078125,-0.00390625,0.005859375,0.001953125,0.0,0.0,0.0
1844573285,1474392,0,1.0,0.0,0.0,0.0,0.0,0.0,0.0
1844574537,1474393,0,1.00390625,0.0,0.00390625,0.00390625,0.0,0.0,0.0
1844575789,1474394,0,1.00390625,0.001953125,0.005859375,0.0078125,0.0,0.0,0.0
1844577039,1474395,0,1.001953125,0.001953125,0.00390625,0.005859375,0.0,0.0,0.0
1844578290,1474396,0,1.00390625,0.0,0.00390625,0.00390625,0.0,0.0,0.0
1844579541,1474397,0,1.005859375,-0.001953125,0.001953125,0.0,0.0,0.0,0.0
1844580792,1474398,0,1.0078125,-0.001953125,-0.001953125,-0.00390625,0.0,0.0,0.0
1844582042,1474399,0,1.0078125,-0.001953125,0.001953125,0.0,0.0,0.0,0.0
1844583294,1474400,0,1.005859375,-0.001953125,0.005859375,0.00390625,0.0,0.0,0.0
1844584545,1474401,0,1.0,-0.001953125,0.00390625,0.001953125,0.0,0.0,0.0
1844585795,1474402,0,1.00390625,0.001953125,0.00390625,0.005859375,0.0,0.0,0.0
1844587047,1474403,0,1.005859375,-0.001953125,-0.001953125,-0.00390625,0.0,0.0,0.0
1844588298,1474404,0,1.005859375,0.001953125,-0.005859375,-0.00390625,0.0,0.0,0.0
1844589549,1474405,0,1.001953125,-0.00390625,-0.001953125,-0.005859375,0.0,0.0,0.0
1844590800,1474406,0,1.01171875,0.0,0.0,0.0,0.0,0.0,0.0
1844592050,1474407,0,0.994140625,-0.005859375,0.001953125,-0.00390625,0.0,0.0,0.0
1844593301,1474408,0,1.021484375,-0.0078125,0.00390625,-0.00390625,0.0,0.0,0.0
1844594552,1474409,0,0.998046875,-0.00390625,0.00390625,0.0,0.0,0.0,0.0
1844595803,1474410,0,1.0078125,-0.00390625,0.0,-0.00390625,0.0,0.0,0.0
1844597053,1474411,0,1.001953125,-0.001953125,0.00390625,0.001953125,0.0,0.0,0.0
1844598305,1474412,0,1.005859375,-0.001953125,0.005859375,0.00390625,0.0,0.0,0.0
1844599557,1474413,0,1.001953125,0.0,-0.00390625,-0.00390625,0.0,0.0,0.0
1844600808,1474414,0,1.005859375,0.0,0.005859375,0.005859375,0.0,0.0,0.0
1844602059,1474415,0,1.001953125,-0.001953125,0.009765625,0.0078125,0.0,0.0,0.0
1844603310,1474416,0,1.001953125,0.001953125,0.001953125,0.00390625,0.0,0.0,0.0
1844604562,1474417,0,1.00390625,-0.001953125,0.0,-0.001953125,0.0,0.0,0.0
1844605812,1474418,0,1.005859375,0.0,0.0,0.0,0.0,0.0,0.0
1844607064,1474419,0,1.0078125,0.001953125,0.00390625,0.005859375,0.0,0.0,0.0
1844608314,1474420,0,1.0078125,0.0,0.0,0.0,0.0,0.0,0.0
1844609565,1474421,0,1.00390625,0.0,0.0078125,0.0078125,0.0,0.0,0.0
1844610816,1474422,0,1.001953125,0.0,0.0,0.0,0.0,0.0,0.0
1844612066,1474423,0,0.998046875,-0.001953125,0.0,-0.001953125,0.0,0.0,0.0
1844613317,1474424,0,1.0,-0.001953125,0.009765625,0.0078125,0.0,0.0,0.0
1844614569,1474425,0,0.998046875,-0.00390625,0.005859375,0.001953125,0.0,0.0,0.0
1844615819,1474426,0,1.00390625,0.0,-0.0078125,-0.0078125,0.0,0.0,0.0
1844617070,1474427,0,0.99609375,0.001953125,-0.001953125,0.0,0.0,0.0,0.0
1844618321,1474428,0,0.998046875,-0.001953125,0.0,-0.001953125,0.0,0.0,0.0
1844619571,1474429,0,1.0,-0.00390625,0.00390625,0.0,0.0,0.0,0.0
1844620822,1474430,0,1.001953125,-0.001953125,0.0078125,0.005859375,0.0,0.0,0.0
1844622074,1474431,0,1.009765625,-0.005859375,0.0,-0.005859375,0.0,0.0,0.0
1844623324,1474432,0,1.017578125,-0.001953125,0.00390625,0.001953125,0.0,0.0,0.0
1844624575,1474433,0,1.009765625,-0.001953125,0.01171875,0.009765625,0.0,0.0,0.0
1844625827,1474434,0,1.01171875,-0.001953125,0.001953125,0.0,0.0,0.0,0.0
1844627077,1474435,0,1.0,-0.001953125,0.00390625,0.001953125,0.0,0.0,0.0
1844628328,1474436,0,1.00390625,-0.005859375,0.005859375,0.0,0.0,0.0,0.0
1844629580,1474437,0,1.00390625,-0.005859375,0.001953125,-0.00390625,0.0,0.0,0.0
1844630832,1474438,0,1.005859375,-0.001953125,0.0,-0.001953125,0.0,0.0,0.0
1844632082,1474439,0,1.001953125,-0.00390625,0.001953125,-0.001953125,0.0,0.0,0.0
1844633333,1474440,0,1.009765625,-0.001953125,0.001953125,0.0,0.0,0.0,0.0
1844634585,1474441,0,1.001953125,0.0,0.00390625,0.00390625,0.0,0.0,0.0
1844635835,1474442,0,1.001953125,-0.00390625,0.001953125,-0.001953125,0.0,0.0,0.0
1844637087,1474443,0,0.998046875,-0.001953125,0.0,-0.001953125,0.0,0.0,0.0
1844638337,1474444,0,1.005859375,-0.001953125,-0.001953125,-0.00390625,0.0,0.0,0.0
1844639588,1474445,0,1.001953125,-0.00390625,0.001953125,-0.001953125,0.0,0.0,0.0
1844640839,1474446,0,1.00390625,-0.005859375,0.0,-0.005859375,0.0,0.0,0.0
1844642089,1474447,0,1.00390625,-0.005859375,0.005859375,0.0,0.0,0.0,0.0
1844643339,1474448,0,1.001953125,0.0,0.001953125,0.001953125,0.0,0.0,0.0
1844644589,1474449,0,1.00390625,0.001953125,0.005859375,0.0078125,0.0,0.0,0.0
1844645840,1474450,0,0.99609375,0.001953125,-0.001953125,0.0,0.0,0.0,0.0
1844647092,1474451,0,1.01171875,0.005859375,-0.001953125,0.00390625,0.0,0.0,0.0
1844648343,1474452,0,0.998046875,-0.001953125,0.0,-0.001953125,0.0,0.0,0.0
1844649594,1474453,0,1.009765625,-0.00390625,-0.001953125,-0.005859375,0.0,0.0,0.0
1844650845,1474454,0,1.001953125,-0.00390625,0.00390625,0.0,0.0,0.0,0.0
1844652096,1474455,0,1.005859375,-0.001953125,0.001953125,0.0,0.0,0.0,0.0
1844653346,1474456,0,1.009765625,0.0,-0.001953125,-0.001953125,0.0,0.0,0.0
1844654598,1474457,0,1.0078125,-0.00390625,0.001953125,-0.001953125,0.0,0.0,0.0
1844655849,1474458,0,1.001953125,-0.001953125,0.00390625,0.001953125,0.0,0.0,0.0
1844657099,1474459,0,1.0078125,0.0,0.00390625,0.00390625,0.0,0.0,0.0
1844658350,1474460,0,1.001953125,-0.001953125,0.00390625,0.001953125,0.0,0.0,0.0
1844659601,1474461,0,1.005859375,-0.00390625,-0.001953125,-0.005859375,0.0,0.0,0.0
1844660852,1474462,0,1.00390625,0.0,0.00390625,0.00390625,0.0,0.0,0.0
1844662103,1474463,0,1.0078125,-0.00390625,0.00390625,0.0,0.0,0.0,0.0
1844663354,1474464,0,1.001953125,-0.00390625,0.001953125,-0.001953125,0.0,0.0,0.0
1844664605,1474465,0,1.005859375,-0.001953125,-0.00390625,-0.005859375,0.0,0.0,0.0
1844665855,1474466,0,0.998046875,-0.001953125,0.00390625,0.001953125,0.0,0.0,0.0
1844667107,1474467,0,1.001953125,-0.001953125,-0.001953125,-0.00390625,0.0,0.0,0.0
1844668357,1474468,0,1.0,-0.00390625,-0.001953125,-0.005859375,0.0,0.0,0.0
1844669607,1474469,0,1.005859375,-0.00390625,0.001953125,-0.001953125,0.0,0.0,0.0
1844670859,1474470,0,1.00390625,-0.001953125,-0.001953125,-0.00390625,0.0,0.0,0.0
1844672109,1474471,0,1.013671875,-0.0078125,-0.01171875,-0.01953125,0.0,0.0,0.0
1844673361,1474472,0,1.001953125,-0.001953125,-0.001953125,-0.00390625,0.0,0.0,0.0
1844674611,1474473,0,1.013671875,0.001953125,0.0,0.001953125,0.0,0.0,0.0
1844675861,1474474,0,1.005859375,0.0,-0.005859375,-0.005859375,0.0,0.0,0.0
1844677113,1474475,0,1.00390625,-0.001953125,0.001953125,0.0,0.0,0.0,0.0
1844678364,1474476,0,1.00390625,-0.001953125,0.001953125,0.0,0.0,0.0,0.0
1844679616,1474477,0,0.998046875,0.0,0.001953125,0.001953125,0.0,0.0,0.0
1844680866,1474478,0,1.0,0.0,-0.001953125,-0.001953125,0.0,0.0,0.0
1844682118,1474479,0,1.0,0.001953125,0.00390625,0.005859375,0.0,0.0,0.0
1844683368,1474480,0,1.00390625,0.00390625,-0.001953125,0.001953125,0.0,0.0,0.0
1844684619,1474481,0,1.00390625,0.001953125,0.001953125,0.00390625,0.0,0.0,0.0
1844685869,1474482,0,0.998046875,0.0,0.00390625,0.00390625,0.0,0.0,0.0
1844687119,1474483,0,1.0,-0.001953125,-0.001953125,-0.00390625,0.0,0.0,0.0
1844688371,1474484,0,1.001953125,0.001953125,-0.001953125,0.0,0.0,0.0,0.0
1844689622,1474485,0,1.00390625,-0.00390625,0.001953125,-0.001953125,0.0,0.0,0.0
1844690874,1474486,0,0.99609375,-0.00390625,0.0,-0.00390625,0.0,0.0,0.0
1844692124,1474487,0,0.998046875,0.0,0.00390625,0.00390625,0.0,0.0,0.0
1844693375,1474488,0,1.0078125,-0.00390625,0.00390625,0.0,0.0,0.0,0.0
1844694625,1474489,0,1.00390625,-0.005859375,0.001953125,-0.00390625,0.0,0.0,0.0
1844695877,1474490,0,1.001953125,-0.005859375,0.0,-0.005859375,0.0,0.0,0.0
1844697127,1474491,0,1.0,-0.00390625,0.001953125,-0.001953125,0.0,0.0,0.0
1844698377,1474492,0,1.009765625,0.005859375,0.00390625,0.009765625,0.0,0.0,0.0
1844699629,1474493,0,1.017578125,-0.001953125,-0.001953125,-0.00390625,0.0,0.0,0.0
1844700879,1474494,0,1.00390625,-0.00390625,0.00390625,0.0,0.0,0.0,0.0
1844702130,1474495,0,1.015625,-0.005859375,0.00390625,-0.001953125,0.0,0.0,0.0
1844703381,1474496,0,1.013671875,0.00390625,0.001953125,0.005859375,0.0,0.0,0.0
1844704631,1474497,0,0.998046875,0.001953125,-0.00390625,-0.001953125,0.0,0.0,0.0
1844705882,1474498,0,1.001953125,-0.001953125,-0.00390625,-0.005859375,0.0,0.0,0.0
1844707133,1474499,0,1.0,0.001953125,-0.001953125,0.0,0.0,0.0,0.0
1844708384,1474500,0,1.009765625,0.0,0.0,0.0,0.0,0.0,0.0
1844709635,1474501,0,1.001953125,0.0,0.005859375,0.005859375,0.0,0.0,0.0
1844710885,1474502,0,1.0,0.0,0.0,0.0,0.0,0.0,0.0
1844712136,1474503,0,1.00390625,0.00390625,0.00390625,0.0078125,0.0,0.0,0.0
1844713387,1474504,0,1.0078125,-0.001953125,0.00390625,0.001953125,0.0,0.0,0.0
1844714638,1474505,0,1.00390625,-0.001953125,-0.001953125,-0.00390625,0.0,0.0,0.0
1844715889,1474506,0,1.005859375,-0.001953125,0.0,-0.001953125,0.0,0.0,0.0
1844717140,1474507,0,1.0,0.00390625,-0.00390625,0.0,0.0,0.0,0.0
1844718392,1474508,0,1.001953125,-0.001953125,0.00390625,0.001953125,0.0,0.0,0.0
1844719642,1474509,0,0.998046875,0.00390625,0.00390625,0.0078125,0.0,0.0,0.0
1844720894,1474510,0,1.009765625,0.001953125,0.005859375,0.0078125,0.0,0.0,0.0
1844722145,1474511,0,1.0078125,0.0,0.0,0.0,0.0,0.0,0.0
1844723395,1474512,0,1.0,0.0,0.00390625,0.00390625,0.0,0.0,0.0
1844724646,1474513,0,1.0,0.001953125,0.0,0.001953125,0.0,0.0,0.0
1844725898,1474514,0,1.0078125,-0.001953125,0.0,-0.001953125,0.0,0.0,0.0
1844727149,1474515,0,1.00390625,0.0,-0.00390625,-0.00390625,0.0,0.0,0.0
1844728400,1474516,0,1.005859375,-0.00390625,0.001953125,-0.001953125,0.0,0.0,0.0
1844729651,1474517,0,1.009765625,0.005859375,0.0,0.005859375,0.0,0.0,0.0
1844730902,1474518,0,1.0078125,-0.001953125,-0.00390625,-0.005859375,0.0,0.0,0.0
1844732154,1474519,0,0.99609375,0.0,0.001953125,0.001953125,0.0,0.0,0.0
1844733405,1474520,0,1.005859375,-0.001953125,0.0,-0.001953125,0.0,0.0,0.0
1844734657,1474521,0,1.009765625,-0.001953125,0.01171875,0.009765625,0.0,0.0,0.0
1844735907,1474522,0,1.001953125,-0.00390625,0.005859375,0.001953125,0.0,0.0,0.0
1844737158,1474523,0,1.009765625,0.0,0.001953125,0.001953125,0.0,0.0,0.0
1844738409,1474524,0,1.005859375,0.0,-0.001953125,-0.001953125,0.0,0.0,0.0
1844739660,1474525,0,1.00390625,-0.005859375,-0.001953125,-0.0078125,0.0,0.0,0.0
1844740911,1474526,0,1.005859375,-0.00390625,0.0,-0.00390625,0.0,0.0,0.0
1844742161,1474527,0,1.0,0.0,-0.001953125,-0.001953125,0.0,0.0,0.0
1844743412,1474528,0,1.005859375,-0.001953125,0.001953125,0.0,0.0,0.0,0.0
1844744664,1474529,0,1.009765625,0.001953125,0.00390625,0.005859375,0.0,0.0,0.0
1844745915,1474530,0,1.009765625,-0.001953125,0.005859375,0.00390625,0.0,0.0,0.0
1844747166,1474531,0,1.0078125,0.001953125,0.00390625,0.005859375,0.0,0.0,0.0
1844748417,1474532,0,1.009765625,0.009765625,0.0,0.009765625,0.0,0.0,0.0
1844749668,1474533,0,1.01171875,-0.00390625,0.009765625,0.005859375,0.0,0.0,0.0
1844750920,1474534,0,1.01953125,0.0,0.009765625,0.009765625,0.0,0.0,0.0
1844752172,1474535,0,1.017578125,0.00390625,0.015625,0.01953125,0.0,0.0,0.0
1844753422,1474536,0,0.994140625,0.013671875,-0.02734375,-0.013671875,0.0,0.0,0.0
1844754673,1474537,0,0.939453125,0.103515625,-0.1015625,0.001953125,0.0,0.0,0.0
1844755924,1474538,0,1.03125,0.052734375,0.02734375,0.080078125,0.0,0.0,0.0
1844757174,1474539,0,1.091796875,0.001953125,0.19921875,0.201171875,0.0,0.0,0.0
1844758425,1474540,0,1.107421875,-0.24609375,0.142578125,-0.103515625,0.0,0.0,0.0
1844759676,1474541,0,0.759765625,0.462890625,-0.42578125,0.037109375,0.0,0.0,0.0
1844760927,1474542,0,0.943359375,0.46875,-0.451171875,0.017578125,0.0,0.0,0.0
1844762177,1474543,0,0.9921875,0.46875,-0.03515625,0.43359375,0.0,0.0,0.0
1844763427,1474544,0,1.443359375,-0.10546875,-0.095703125,-0.201171875,0.0,0.0,0.0
1844764679,1474545,0,0.3515625,3.794921875,-1.646484375,2.1484375,0.0,0.0,0.0
1844765929,1474546,0,1.064453125,1.333984375,-0.86328125,0.470703125,0.0,0.0,0.0
1844767179,1474547,0,1.240234375,0.654296875,0.068359375,0.72265625,0.0,0.0,0.0
1844768431,1474548,0,1.228515625,1.083984375,-0.279296875,0.8046875,0.0,0.0,0.0
1844769681,1474549,0,0.974609375,0.724609375,-0.333984375,0.390625,0.0,0.0,0.0
1844770932,1474550,0,0.884765625,0.927734375,-0.423828125,0.50390625,0.0,0.0,0.0
1844772182,1474551,0,1.287109375,0.966796875,0.001953125,0.96875,0.0,0.0,0.0
1844773432,1474552,0,1.0703125,1.33203125,-0.279296875,1.052734375,0.0,0.0,0.0
1844774684,1474553,0,0.646484375,1.26171875,-0.701171875,0.560546875,0.0,0.0,0.0
1844775934,1474554,0,0.857421875,1.0234375,-0.30078125,0.72265625,0.0,0.0,0.0
1844777184,1474555,0,1.08203125,0.78125,0.09765625,0.87890625,0.0,0.0,0.0
1844778436,1474556,0,0.921875,0.443359375,0.10546875,0.548828125,0.0,0.0,0.0
1844779686,1474557,0,0.896484375,0.328125,0.125,0.453125,0.0,0.0,0.0
1844780937,1474558,0,1.060546875,0.197265625,0.462890625,0.66015625,0.0,0.0,0.0
1844782188,1474559,0,1.1015625,0.1484375,0.50390625,0.65234375,0.0,0.0,0.0
1844783439,1474560,0,1.1015625,0.271484375,0.271484375,0.54296875,0.0,0.0,0.0
1844784691,1474561,0,0.94140625,0.04296875,0.255859375,0.298828125,0.0,0.0,0.0
1844785942,1474562,0,1.10546875,-0.07421875,0.498046875,0.423828125,0.0,0.0,0.0
1844787192,1474563,0,1.01171875,-0.18359375,0.341796875,0.158203125,0.0,0.0,0.0
1844788443,1474564,0,0.90234375,-0.373046875,0.4765625,0.103515625,0.0,0.0,0.0
1844789695,1474565,0,1.037109375,-0.49609375,0.6953125,0.19921875,0.0,0.0,0.0
1844790945,1474566,0,1.126953125,-0.5703125,0.787109375,0.216796875,0.0,0.0,0.0
1844792197,1474567,0,1.017578125,-0.662109375,0.689453125,0.02734375,0.0,0.0,0.0
1844793448,1474568,0,0.96484375,-0.6796875,0.58203125,-0.09765625,0.0,0.0,0.0
1844794698,1474569,0,0.966796875,-0.7421875,0.5703125,-0.171875,0.0,0.0,0.0
1844795949,1474570,0,1.025390625,-0.765625,0.66015625,-0.10546875,0.0,0.0,0.0
1844797199,1474571,0,1.00390625,-0.849609375,0.650390625,-0.19921875,0.0,0.0,0.0
1844798449,1474572,0,0.9609375,-0.931640625,0.576171875,-0.35546875,0.0,0.0,0.0
1844799701,1474573,0,1.01171875,-0.98828125,0.63671875,-0.3515625,0.0,0.0,0.0
1844800951,1474574,0,1.05078125,-1.060546875,0.693359375,-0.3671875,0.0,0.0,0.0
1844802202,1474575,0,1.001953125,-1.0703125,0.630859375,-0.439453125,0.0,0.0,0.0
1844803453,1474576,0,0.97265625,-1.052734375,0.56640625,-0.486328125,0.0,0.0,0.0
1844804704,1474577,0,0.98828125,-1.015625,0.58203125,-0.43359375,0.0,0.0,0.0
1844805954,1474578,0,1.029296875,-0.974609375,0.595703125,-0.37890625,0.0,0.0,0.0
1844807205,1474579,0,1.029296875,-0.931640625,0.603515625,-0.328125,0.0,0.0,0.0
1844808457,1474580,0,1.03515625,-0.92578125,0.55078125,-0.375,0.0,0.0,0.0
1844809707,1474581,0,1.04296875,-0.892578125,0.541015625,-0.3515625,0.0,0.0,0.0
1844810959,1474582,0,1.056640625,-0.84765625,0.546875,-0.30078125,0.0,0.0,0.0
1844812209,1474583,0,1.009765625,-0.7890625,0.490234375,-0.298828125,0.0,0.0,0.0
1844813460,1474584,0,0.97265625,-0.716796875,0.4140625,-0.302734375,0.0,0.0,0.0
1844814711,1474585,0,0.970703125,-0.630859375,0.388671875,-0.2421875,0.0,0.0,0.0
1844815961,1474586,0,0.990234375,-0.53125,0.375,-0.15625,0.0,0.0,0.0
1844817211,1474587,0,1.001953125,-0.455078125,0.34765625,-0.107421875,0.0,0.0,0.0
1844818461,1474588,0,1.015625,-0.359375,0.310546875,-0.048828125,0.0,0.0,0.0
1844819712,1474589,0,1.0390625,-0.267578125,0.283203125,0.015625,0.0,0.0,0.0
1844820962,1474590,0,1.046875,-0.185546875,0.26171875,0.076171875,0.0,0.0,0.0
1844822212,1474591,0,1.01953125,-0.12109375,0.2109375,0.08984375,0.0,0.0,0.0
1844823463,1474592,0,0.974609375,-0.0703125,0.07421875,0.00390625,0.0,0.0,0.0
1844824713,1474593,0,0.927734375,0.0,-0.07421875,-0.07421875,0.0,0.0,0.0
1844825965,1474594,0,0.9765625,0.076171875,-0.0078125,0.068359375,0.0,0.0,0.0
1844827216,1474595,0,0.96875,0.154296875,-0.025390625,0.12890625,0.0,0.0,0.0
1844828468,1474596,0,0.982421875,0.208984375,-0.037109375,0.171875,0.0,0.0,0.0
1844829718,1474597,0,1.009765625,0.283203125,-0.025390625,0.2578125,0.0,0.0,0.0
1844830970,1474598,0,1.03125,0.359375,-0.064453125,0.294921875,0.0,0.0,0.0
1844832221,1474599,0,1.0390625,0.392578125,-0.08203125,0.310546875,0.0,0.0,0.0
1844833471,1474600,0,1.02734375,0.447265625,-0.119140625,0.328125,0.0,0.0,0.0
1844834722,1474601,0,0.994140625,0.48828125,-0.197265625,0.291015625,0.0,0.0,0.0
1844835973,1474602,0,0.990234375,0.525390625,-0.224609375,0.30078125,0.0,0.0,0.0
1844837225,1474603,0,1.01171875,0.578125,-0.26171875,0.31640625,0.0,0.0,0.0
1844838477,1474604,0,0.994140625,0.595703125,-0.2734375,0.322265625,0.0,0.0,0.0
1844839728,1474605,0,1.029296875,0.61328125,-0.263671875,0.349609375,0.0,0.0,0.0
1844840978,1474606,0,1.03515625,0.611328125,-0.26953125,0.341796875,0.0,0.0,0.0
1844842229,1474607,0,1.025390625,0.623046875,-0.291015625,0.33203125,0.0,0.0,0.0
1844843481,1474608,0,1.00390625,0.626953125,-0.30859375,0.318359375,0.0,0.0,0.0
1844844731,1474609,0,0.99609375,0.62109375,-0.314453125,0.306640625,0.0,0.0,0.0
1844845982,1474610,0,0.994140625,0.607421875,-0.302734375,0.3046875,0.0,0.0,0.0
1844847233,1474611,0,1.0,0.591796875,-0.302734375,0.2890625,0.0,0.0,0.0
1844848483,1474612,0,0.9921875,0.568359375,-0.291015625,0.27734375,0.0,0.0,0.0
1844849734,1474613,0,1.005859375,0.544921875,-0.26171875,0.283203125,0.0,0.0,0.0
1844850984,1474614,0,1.017578125,0.509765625,-0.23828125,0.271484375,0.0,0.0,0.0
1844852235,1474615,0,1.009765625,0.482421875,-0.22265625,0.259765625,0.0,0.0,0.0
1844853486,1474616,0,1.009765625,0.45703125,-0.201171875,0.255859375,0.0,0.0,0.0
1844854736,1474617,0,1.001953125,0.421875,-0.16796875,0.25390625,0.0,0.0,0.0
1844855987,1474618,0,1.009765625,0.384765625,-0.138671875,0.24609375,0.0,0.0,0.0
1844857238,1474619,0,1.01171875,0.3359375,-0.12109375,0.21484375,0.0,0.0,0.0
1844858489,1474620,0,1.005859375,0.29296875,-0.099609375,0.193359375,0.0,0.0,0.0
1844859739,1474621,0,1.00390625,0.228515625,-0.06640625,0.162109375,0.0,0.0,0.0
1844860990,1474622,0,1.01171875,0.1796875,-0.041015625,0.138671875,0.0,0.0,0.0
1844862241,1474623,0,0.9921875,0.138671875,-0.01953125,0.119140625,0.0,0.0,0.0
1844863492,1474624,0,0.990234375,0.087890625,-0.0078125,0.080078125,0.0,0.0,0.0
1844864742,1474625,0,0.99609375,0.0234375,-0.0078125,0.015625,0.0,0.0,0.0
1844865993,1474626,0,1.001953125,-0.017578125,0.01953125,0.001953125,0.0,0.0,0.0
1844867244,1474627,0,1.01171875,-0.0625,0.06640625,0.00390625,0.0,0.0,0.0
1844868494,1474628,0,1.0234375,-0.09375,0.11328125,0.01953125,0.0,0.0,0.0
1844869746,1474629,0,1.017578125,-0.14453125,0.125,-0.01953125,0.0,0.0,0.0
1844870997,1474630,0,0.994140625,-0.189453125,0.08984375,-0.099609375,0.0,0.0,0.0
1844872248,1474631,0,0.990234375,-0.22265625,0.109375,-0.11328125,0.0,0.0,0.0
1844873499,1474632,0,0.986328125,-0.263671875,0.158203125,-0.10546875,0.0,0.0,0.0
1844874750,1474633,0,0.99609375,-0.2890625,0.18359375,-0.10546875,0.0,0.0,0.0
1844876001,1474634,0,0.990234375,-0.318359375,0.17578125,-0.142578125,0.0,0.0,0.0
1844877252,1474635,0,1.005859375,-0.33984375,0.1953125,-0.14453125,0.0,0.0,0.0
1844878502,1474636,0,1.01171875,-0.359375,0.21875,-0.140625,0.0,0.0,0.0
1844879753,1474637,0,1.0234375,-0.376953125,0.228515625,-0.1484375,0.0,0.0,0.0
1844881004,1474638,0,1.0234375,-0.384765625,0.23828125,-0.146484375,0.0,0.0,0.0
1844882255,1474639,0,1.01171875,-0.40625,0.21875,-0.1875,0.0,0.0,0.0
1844883505,1474640,0,1.0078125,-0.404296875,0.22265625,-0.181640625,0.0,0.0,0.0
1844884756,1474641,0,0.99609375,-0.408203125,0.21484375,-0.193359375,0.0,0.0,0.0
1844886008,1474642,0,1.001953125,-0.396484375,0.203125,-0.193359375,0.0,0.0,0.0
1844887258,1474643,0,0.994140625,-0.388671875,0.201171875,-0.1875,0.0,0.0,0.0
1844888509,1474644,0,1.005859375,-0.37890625,0.193359375,-0.185546875,0.0,0.0,0.0
1844889759,1474645,0,1.013671875,-0.369140625,0.189453125,-0.1796875,0.0,0.0,0.0
1844891010,1474646,0,1.017578125,-0.318359375,0.173828125,-0.14453125,0.0,0.0,0.0
1844892261,1474647,0,1.0078125,-0.2890625,0.16015625,-0.12890625,0.0,0.0,0.0
1844893513,1474648,0,0.99609375,-0.259765625,0.142578125,-0.1171875,0.0,0.0,0.0
1844894764,1474649,0,0.994140625,-0.23046875,0.119140625,-0.111328125,0.0,0.0,0.0
1844896015,1474650,0,0.994140625,-0.19921875,0.10546875,-0.09375,0.0,0.0,0.0
1844897270,1474651,0,0.994140625,-0.169921875,0.09375,-0.076171875,0.0,0.0,0.0
1844898521,1474652,0,1.01953125,-0.138671875,0.064453125,-0.07421875,0.0,0.0,0.0
1844899772,1474653,0,0.990234375,-0.10546875,0.04296875,-0.0625,0.0,0.0,0.0
1844901024,1474654,0,1.001953125,-0.064453125,0.025390625,-0.0390625,0.0,0.0,0.0
1844902275,1474655,0,1.009765625,-0.033203125,0.025390625,-0.0078125,0.0,0.0,0.0
1844903527,1474656,0,1.005859375,-0.001953125,0.015625,0.013671875,0.0,0.0,0.0
1844904778,1474657,0,1.00390625,0.029296875,-0.005859375,0.0234375,0.0,0.0,0.0
1844906028,1474658,0,0.99609375,0.05859375,-0.03515625,0.0234375,0.0,0.0,0.0
1844907279,1474659,0,0.998046875,0.09765625,-0.041015625,0.056640625,0.0,0.0,0.0
1844908530,1474660,0,1.0078125,0.11328125,-0.05078125,0.0625,0.0,0.0,0.0
1844909782,1474661,0,1.00390625,0.138671875,-0.07421875,0.064453125,0.0,0.0,0.0
1844911032,1474662,0,0.994140625,0.1640625,-0.078125,0.0859375,0.0,0.0,0.0
1844912282,1474663,0,1.015625,0.18359375,-0.078125,0.10546875,0.0,0.0,0.0
1844913532,1474664,0,1.0078125,0.203125,-0.0859375,0.1171875,0.0,0.0,0.0
1844914783,1474665,0,1.0,0.224609375,-0.09765625,0.126953125,0.0,0.0,0.0
1844916034,1474666,0,1.0078125,0.228515625,-0.103515625,0.125,0.0,0.0,0.0
1844917285,1474667,0,1.0078125,0.234375,-0.10546875,0.12890625,0.0,0.0,0.0
1844918537,1474668,0,1.0078125,0.25,-0.109375,0.140625,0.0,0.0,0.0
1844919789,1474669,0,1.005859375,0.265625,-0.1171875,0.1484375,0.0,0.0,0.0
1844921039,1474670,0,0.998046875,0.255859375,-0.11328125,0.142578125,0.0,0.0,0.0
1844922290,1474671,0,1.0078125,0.25390625,-0.123046875,0.130859375,0.0,0.0,0.0
1844923541,1474672,0,1.0,0.255859375,-0.1171875,0.138671875,0.0,0.0,0.0
1844924792,1474673,0,1.00390625,0.24609375,-0.12109375,0.125,0.0,0.0,0.0
1844926042,1474674,0,1.001953125,0.240234375,-0.111328125,0.12890625,0.0,0.0,0.0
1844927294,1474675,0,1.00390625,0.23046875,-0.103515625,0.126953125,0.0,0.0,0.0
1844928545,1474676,0,1.005859375,0.212890625,-0.1015625,0.111328125,0.0,0.0,0.0
1844929795,1474677,0,1.01171875,0.201171875,-0.09375,0.107421875,0.0,0.0,0.0
1844931047,1474678,0,1.005859375,0.19140625,-0.091796875,0.099609375,0.0,0.0,0.0
1844932298,1474679,0,1.0078125,0.162109375,-0.080078125,0.08203125,0.0,0.0,0.0
1844933549,1474680,0,1.005859375,0.14453125,-0.078125,0.06640625,0.0,0.0,0.0
1844934800,1474681,0,0.98828125,0.12890625,-0.07421875,0.0546875,0.0,0.0,0.0
1844936050,1474682,0,0.99609375,0.103515625,-0.0625,0.041015625,0.0,0.0,0.0
1844937301,1474683,0,1.00390625,0.08984375,-0.05078125,0.0390625,0.0,0.0,0.0
1844938552,1474684,0,1.01171875,0.06640625,-0.03125,0.03515625,0.0,0.0,0.0
1844939803,1474685,0,1.013671875,0.04296875,-0.021484375,0.021484375,0.0,0.0,0.0
1844941053,1474686,0,1.0,0.01171875,0.0,0.01171875,0.0,0.0,0.0
1844942305,1474687,0,1.021484375,0.00390625,0.00390625,0.0078125,0.0,0.0,0.0
1844943557,1474688,0,1.0,-0.041015625,0.013671875,-0.02734375,0.0,0.0,0.0
1844944808,1474689,0,1.0,-0.0625,0.021484375,-0.041015625,0.0,0.0,0.0
1844946059,1474690,0,1.0,-0.080078125,0.033203125,-0.046875,0.0,0.0,0.0
1844947310,1474691,0,1.0078125,-0.1015625,0.046875,-0.0546875,0.0,0.0,0.0
1844948562,1474692,0,1.0078125,-0.11328125,0.044921875,-0.068359375,0.0,0.0,0.0
1844949812,1474693,0,1.009765625,-0.12890625,0.056640625,-0.072265625,0.0,0.0,0.0
1844951064,1474694,0,1.005859375,-0.142578125,0.060546875,-0.08203125,0.0,0.0,0.0
1844952314,1474695,0,1.00390625,-0.146484375,0.064453125,-0.08203125,0.0,0.0,0.0
1844953565,1474696,0,1.00390625,-0.15625,0.05859375,-0.09765625,0.0,0.0,0.0
1844954816,1474697,0,1.00390625,-0.1640625,0.068359375,-0.095703125,0.0,0.0,0.0
1844956066,1474698,0,0.998046875,-0.171875,0.0703125,-0.1015625,0.0,0.0,0.0
1844957317,1474699,0,1.005859375,-0.169921875,0.076171875,-0.09375,0.0,0.0,0.0
1844958569,1474700,0,1.00390625,-0.17578125,0.072265625,-0.103515625,0.0,0.0,0.0
1844959819,1474701,0,1.001953125,-0.171875,0.072265625,-0.099609375,0.0,0.0,0.0
1844961070,1474702,0,1.0078125,-0.16796875,0.080078125,-0.087890625,0.0,0.0,0.0
1844962321,1474703,0,1.0078125,-0.166015625,0.07421875,-0.091796875,0.0,0.0,0.0
1844963571,1474704,0,1.00390625,-0.158203125,0.07421875,-0.083984375,0.0,0.0,0.0
1844964822,1474705,0,1.009765625,-0.150390625,0.06640625,-0.083984375,0.0,0.0,0.0
1844966074,1474706,0,1.00390625,-0.14453125,0.060546875,-0.083984375,0.0,0.0,0.0
1844967324,1474707,0,1.0,-0.13671875,0.0625,-0.07421875,0.0,0.0,0.0
1844968575,1474708,0,1.001953125,-0.119140625,0.044921875,-0.07421875,0.0,0.0,0.0
1844969827,1474709,0,1.005859375,-0.107421875,0.033203125,-0.07421875,0.0,0.0,0.0
1844971077,1474710,0,1.005859375,-0.09765625,0.04296875,-0.0546875,0.0,0.0,0.0
1844972328,1474711,0,1.0078125,-0.0859375,0.037109375,-0.048828125,0.0,0.0,0.0
1844973580,1474712,0,1.0,-0.06640625,0.029296875,-0.037109375,0.0,0.0,0.0
1844974832,1474713,0,1.00390625,-0.048828125,0.025390625,-0.0234375,0.0,0.0,0.0
1844976082,1474714,0,0.998046875,-0.0390625,0.015625,-0.0234375,0.0,0.0,0.0
1844977333,1474715,0,1.00390625,-0.021484375,0.017578125,-0.00390625,0.0,0.0,0.0
1844978585,1474716,0,1.00390625,-0.009765625,0.005859375,-0.00390625,0.0,0.0,0.0
1844979835,1474717,0,1.00390625,0.001953125,0.00390625,0.005859375,0.0,0.0,0.0
1844981086,1474718,0,1.0078125,0.021484375,-0.01171875,0.009765625,0.0,0.0,0.0
1844982338,1474719,0,1.0078125,0.033203125,-0.013671875,0.01953125,0.0,0.0,0.0
1844983589,1474720,0,1.00390625,0.04296875,-0.017578125,0.025390625,0.0,0.0,0.0
1844984840,1474721,0,1.0078125,0.052734375,-0.025390625,0.02734375,0.0,0.0,0.0
1844986092,1474722,0,1.0,0.06640625,-0.025390625,0.041015625,0.0,0.0,0.0
1844987343,1474723,0,1.00390625,0.080078125,-0.025390625,0.0546875,0.0,0.0,0.0
1844988594,1474724,0,1.001953125,0.083984375,-0.03515625,0.048828125,0.0,0.0,0.0
1844989845,1474725,0,1.009765625,0.09375,-0.04296875,0.05078125,0.0,0.0,0.0
1844991096,1474726,0,1.00390625,0.095703125,-0.033203125,0.0625,0.0,0.0,0.0
1844992346,1474727,0,1.0078125,0.103515625,-0.072265625,0.03125,0.0,0.0,0.0
1844993598,1474728,0,1.001953125,0.107421875,-0.044921875,0.0625,0.0,0.0,0.0
1844994849,1474729,0,1.001953125,0.10546875,-0.048828125,0.056640625,0.0,0.0,0.0
1844996099,1474730,0,1.00390625,0.107421875,-0.05078125,0.056640625,0.0,0.0,0.0
1844997350,1474731,0,1.00390625,0.103515625,-0.04296875,0.060546875,0.0,0.0,0.0
1844998601,1474732,0,1.00390625,0.1015625,-0.04296875,0.05859375,0.0,0.0,0.0
1844999852,1474733,0,1.0078125,0.091796875,-0.04296875,0.048828125,0.0,0.0,0.0
1845001103,1474734,0,1.0078125,0.09375,-0.04296875,0.05078125,0.0,0.0,0.0
1845002354,1474735,0,1.001953125,0.08203125,-0.046875,0.03515625,0.0,0.0,0.0
1845003605,1474736,0,1.00390625,0.080078125,-0.044921875,0.03515625,0.0,0.0,0.0
1845004855,1474737,0,1.0078125,0.0703125,-0.0390625,0.03125,0.0,0.0,0.0
1845006107,1474738,0,1.001953125,0.064453125,-0.033203125,0.03125,0.0,0.0,0.0
1845007357,1474739,0,1.0,0.052734375,-0.03125,0.021484375,0.0,0.0,0.0
1845008607,1474740,0,1.0078125,0.046875,-0.02734375,0.01953125,0.0,0.0,0.0
1845009859,1474741,0,1.005859375,0.03125,-0.021484375,0.009765625,0.0,0.0,0.0
1845011109,1474742,0,1.0078125,0.021484375,-0.017578125,0.00390625,0.0,0.0,0.0
1845012361,1474743,0,1.0078125,0.01171875,-0.01171875,0.0,0.0,0.0,0.0
1845013611,1474744,0,1.0,0.001953125,-0.0078125,-0.005859375,0.0,0.0,0.0
1845014861,1474745,0,1.005859375,-0.001953125,-0.00390625,-0.005859375,0.0,0.0,0.0
1845016113,1474746,0,0.998046875,-0.017578125,-0.01171875,-0.029296875,0.0,0.0,0.0
1845017364,1474747,0,1.001953125,-0.02734375,-0.00390625,-0.03125,0.0,0.0,0.0
1845018616,1474748,0,1.005859375,-0.033203125,0.005859375,-0.02734375,0.0,0.0,0.0
1845019866,1474749,0,1.009765625,-0.048828125,0.001953125,-0.046875,0.0,0.0,0.0
1845021118,1474750,0,1.0078125,-0.05859375,0.0078125,-0.05078125,0.0,0.0,0.0
1845022368,1474751,0,1.005859375,-0.052734375,0.0078125,-0.044921875,0.0,0.0,0.0
1845023619,1474752,0,1.0,-0.060546875,0.01171875,-0.048828125,0.0,0.0,0.0
1845024869,1474753,0,1.001953125,-0.064453125,0.01953125,-0.044921875,0.0,0.0,0.0
1845026119,1474754,0,1.005859375,-0.07421875,0.01171875,-0.0625,0.0,0.0,0.0
1845027371,1474755,0,1.001953125,-0.080078125,0.015625,-0.064453125,0.0,0.0,0.0
1845028622,1474756,0,1.005859375,-0.08203125,0.01953125,-0.0625,0.0,0.0,0.0
1845029874,1474757,0,1.001953125,-0.083984375,0.017578125,-0.06640625,0.0,0.0,0.0
1845031124,1474758,0,1.005859375,-0.08203125,0.0234375,-0.05859375,0.0,0.0,0.0
1845032375,1474759,0,0.998046875,-0.083984375,0.021484375,-0.0625,0.0,0.0,0.0
1845033625,1474760,0,1.00390625,-0.080078125,0.0234375,-0.056640625,0.0,0.0,0.0
1845034877,1474761,0,1.0078125,-0.080078125,0.0234375,-0.056640625,0.0,0.0,0.0
1845036127,1474762,0,0.99609375,-0.080078125,0.02734375,-0.052734375,0.0,0.0,0.0
1845037377,1474763,0,1.00390625,-0.076171875,0.02734375,-0.048828125,0.0,0.0,0.0
1845038629,1474764,0,1.00390625,-0.0703125,0.021484375,-0.048828125,0.0,0.0,0.0
1845039879,1474765,0,1.005859375,-0.060546875,0.021484375,-0.0390625,0.0,0.0,0.0
1845041130,1474766,0,1.005859375,-0.060546875,0.009765625,-0.05078125,0.0,0.0,0.0
1845042381,1474767,0,1.005859375,-0.0546875,0.013671875,-0.041015625,0.0,0.0,0.0
1845043631,1474768,0,1.0,-0.048828125,0.009765625,-0.0390625,0.0,0.0,0.0
1845044882,1474769,0,1.009765625,-0.0390625,0.01953125,-0.01953125,0.0,0.0,0.0
1845046133,1474770,0,1.009765625,-0.033203125,0.013671875,-0.01953125,0.0,0.0,0.0
1845047384,1474771,0,0.998046875,-0.025390625,0.01171875,-0.013671875,0.0,0.0,0.0
1845048635,1474772,0,0.998046875,-0.021484375,0.01171875,-0.009765625,0.0,0.0,0.0
1845049885,1474773,0,1.001953125,-0.009765625,0.0,-0.009765625,0.0,0.0,0.0
1845051136,1474774,0,1.005859375,-0.005859375,0.001953125,-0.00390625,0.0,0.0,0.0
1845052387,1474775,0,0.998046875,0.0,0.001953125,0.001953125,0.0,0.0,0.0
1845053638,1474776,0,1.00390625,0.01171875,0.00390625,0.015625,0.0,0.0,0.0
1845054889,1474777,0,1.005859375,0.017578125,-0.001953125,0.015625,0.0,0.0,0.0
1845056140,1474778,0,0.998046875,0.02734375,-0.01171875,0.015625,0.0,0.0,0.0
1845057392,1474779,0,1.001953125,0.029296875,-0.013671875,0.015625,0.0,0.0,0.0
1845058642,1474780,0,1.009765625,0.03515625,-0.005859375,0.029296875,0.0,0.0,0.0
1845059894,1474781,0,0.994140625,0.0390625,-0.009765625,0.029296875,0.0,0.0,0.0
1845061145,1474782,0,1.005859375,0.037109375,-0.017578125,0.01953125,0.0,0.0,0.0
1845062395,1474783,0,1.001953125,0.041015625,-0.017578125,0.0234375,0.0,0.0,0.0
1845063646,1474784,0,1.0078125,0.046875,-0.01953125,0.02734375,0.0,0.0,0.0
1845064898,1474785,0,1.00390625,0.0390625,-0.013671875,0.025390625,0.0,0.0,0.0
1845066149,1474786,0,0.998046875,0.04296875,-0.01171875,0.03125,0.0,0.0,0.0
1845067400,1474787,0,1.005859375,0.046875,-0.0234375,0.0234375,0.0,0.0,0.0
1845068651,1474788,0,1.009765625,0.044921875,-0.021484375,0.0234375,0.0,0.0,0.0
1845069902,1474789,0,1.005859375,0.048828125,-0.021484375,0.02734375,0.0,0.0,0.0
1845071154,1474790,0,1.00390625,0.04296875,-0.021484375,0.021484375,0.0,0.0,0.0
1845072405,1474791,0,1.01171875,0.04296875,-0.01953125,0.0234375,0.0,0.0,0.0
1845073657,1474792,0,1.0078125,0.037109375,-0.013671875,0.0234375,0.0,0.0,0.0
1845074907,1474793,0,1.009765625,0.03125,-0.017578125,0.013671875,0.0,0.0,0.0
1845076158,1474794,0,1.00390625,0.03125,-0.0078125,0.0234375,0.0,0.0,0.0
1845077409,1474795,0,0.9921875,0.0234375,-0.017578125,0.005859375,0.0,0.0,0.0
1845078660,1474796,0,1.0078125,0.01953125,-0.017578125,0.001953125,0.0,0.0,0.0
1845079911,1474797,0,1.0078125,0.015625,-0.009765625,0.005859375,0.0,0.0,0.0
1845081161,1474798,0,1.001953125,0.009765625,-0.01171875,-0.001953125,0.0,0.0,0.0
1845082412,1474799,0,1.001953125,0.0078125,-0.013671875,-0.005859375,0.0,0.0,0.0
1845083664,1474800,0,1.00390625,0.001953125,-0.005859375,-0.00390625,0.0,0.0,0.0
1845084915,1474801,0,1.00390625,-0.00390625,-0.0078125,-0.01171875,0.0,0.0,0.0
1845086166,1474802,0,1.009765625,-0.009765625,-0.005859375,-0.015625,0.0,0.0,0.0
1845087417,1474803,0,1.0078125,-0.009765625,-0.00390625,-0.013671875,0.0,0.0,0.0
1845088668,1474804,0,1.005859375,-0.017578125,-0.001953125,-0.01953125,0.0,0.0,0.0
1845089920,1474805,0,1.005859375,-0.021484375,-0.001953125,-0.0234375,0.0,0.0,0.0
1845091172,1474806,0,1.001953125,-0.02734375,-0.00390625,-0.03125,0.0,0.0,0.0
1845092422,1474807,0,1.0078125,-0.03125,0.0,-0.03125,0.0,0.0,0.0
1845093673,1474808,0,1.005859375,-0.03515625,0.00390625,-0.03125,0.0,0.0,0.0
1845094924,1474809,0,1.005859375,-0.0390625,0.0,-0.0390625,0.0,0.0,0.0
1845096174,1474810,0,1.001953125,-0.037109375,0.00390625,-0.033203125,0.0,0.0,0.0
1845097425,1474811,0,1.0,-0.041015625,0.01171875,-0.029296875,0.0,0.0,0.0
1845098676,1474812,0,1.005859375,-0.041015625,0.00390625,-0.037109375,0.0,0.0,0.0
1845099927,1474813,0,1.005859375,-0.041015625,0.0078125,-0.033203125,0.0,0.0,0.0
1845101177,1474814,0,1.009765625,-0.04296875,0.0078125,-0.03515625,0.0,0.0,0.0
1845102427,1474815,0,1.005859375,-0.046875,0.00390625,-0.04296875,0.0,0.0,0.0
1845103679,1474816,0,1.0078125,-0.044921875,0.005859375,-0.0390625,0.0,0.0,0.0
1845104929,1474817,0,1.0,-0.046875,0.0078125,-0.0390625,0.0,0.0,0.0
1845106179,1474818,0,1.005859375,-0.0390625,0.009765625,-0.029296875,0.0,0.0,0.0
1845107431,1474819,0,1.00390625,-0.041015625,0.009765625,-0.03125,0.0,0.0,0.0
1845108681,1474820,0,1.0078125,-0.03515625,0.015625,-0.01953125,0.0,0.0,0.0
1845109932,1474821,0,1.00390625,-0.033203125,0.013671875,-0.01953125,0.0,0.0,0.0
1845111182,1474822,0,1.001953125,-0.033203125,0.005859375,-0.02734375,0.0,0.0,0.0
1845112432,1474823,0,1.00390625,-0.03125,0.009765625,-0.021484375,0.0,0.0,0.0
1845113684,1474824,0,1.0,-0.02734375,0.0078125,-0.01953125,0.0,0.0,0.0
1845114934,1474825,0,0.998046875,-0.029296875,0.0078125,-0.021484375,0.0,0.0,0.0
1845116184,1474826,0,1.00390625,-0.021484375,0.001953125,-0.01953125,0.0,0.0,0.0
1845117436,1474827,0,1.0,-0.017578125,0.01171875,-0.005859375,0.0,0.0,0.0
1845118686,1474828,0,1.0,-0.009765625,0.005859375,-0.00390625,0.0,0.0,0.0
1845119937,1474829,0,1.01171875,-0.0078125,0.005859375,-0.001953125,0.0,0.0,0.0
1845121188,1474830,0,1.001953125,-0.005859375,0.01171875,0.005859375,0.0,0.0,0.0
1845122439,1474831,0,1.00390625,0.0,0.00390625,0.00390625,0.0,0.0,0.0
1845123691,1474832,0,1.001953125,-0.005859375,0.0,-0.005859375,0.0,0.0,0.0
1845124942,1474833,0,1.009765625,0.001953125,-0.009765625,-0.0078125,0.0,0.0,0.0
1845126192,1474834,0,1.009765625,0.013671875,-0.001953125,0.01171875,0.0,0.0,0.0
1845127443,1474835,0,0.998046875,0.01171875,-0.001953125,0.009765625,0.0,0.0,0.0
1845128695,1474836,0,1.005859375,0.01171875,0.00390625,0.015625,0.0,0.0,0.0
1845129945,1474837,0,1.005859375,0.013671875,-0.0078125,0.005859375,0.0,0.0,0.0
1845131197,1474838,0,1.005859375,0.015625,-0.005859375,0.009765625,0.0,0.0,0.0
1845132448,1474839,0,1.0078125,0.013671875,-0.001953125,0.01171875,0.0,0.0,0.0
1845133698,1474840,0,1.00390625,0.02734375,-0.005859375,0.021484375,0.0,0.0,0.0
1845134949,1474841,0,1.001953125,0.02734375,-0.00390625,0.0234375,0.0,0.0,0.0
1845136199,1474842,0,1.0078125,0.021484375,-0.013671875,0.0078125,0.0,0.0,0.0
1845137449,1474843,0,1.0,0.021484375,-0.01171875,0.009765625,0.0,0.0,0.0
1845138701,1474844,0,1.0,0.021484375,-0.00390625,0.017578125,0.0,0.0,0.0
1845139951,1474845,0,1.00390625,0.021484375,-0.0078125,0.013671875,0.0,0.0,0.0
1845141202,1474846,0,1.005859375,0.01953125,-0.01953125,0.0,0.0,0.0,0.0
1845142453,1474847,0,1.005859375,0.015625,-0.013671875,0.001953125,0.0,0.0,0.0
1845143704,1474848,0,1.00390625,0.01953125,-0.013671875,0.005859375,0.0,0.0,0.0
1845144954,1474849,0,1.0078125,0.01953125,-0.013671875,0.005859375,0.0,0.0,0.0
1845146205,1474850,0,1.001953125,0.015625,-0.0078125,0.0078125,0.0,0.0,0.0
1845147457,1474851,0,1.00390625,0.017578125,-0.015625,0.001953125,0.0,0.0,0.0
1845148707,1474852,0,1.0,0.009765625,-0.00390625,0.005859375,0.0,0.0,0.0
1845149959,1474853,0,1.001953125,0.0078125,-0.00390625,0.00390625,0.0,0.0,0.0
1845151209,1474854,0,1.00390625,-0.001953125,-0.013671875,-0.015625,0.0,0.0,0.0
1845152460,1474855,0,1.015625,0.0,-0.01953125,-0.01953125,0.0,0.0,0.0
1845153711,1474856,0,0.9921875,0.00390625,-0.009765625,-0.005859375,0.0,0.0,0.0
1845154961,1474857,0,1.009765625,0.0,-0.01171875,-0.01171875,0.0,0.0,0.0
1845156211,1474858,0,1.009765625,-0.009765625,-0.005859375,-0.015625,0.0,0.0,0.0
1845157461,1474859,0,1.0,-0.01171875,-0.00390625,-0.015625,0.0,0.0,0.0
1845158712,1474860,0,1.005859375,-0.015625,-0.00390625,-0.01953125,0.0,0.0,0.0
1845159962,1474861,0,0.998046875,-0.017578125,-0.00390625,-0.021484375,0.0,0.0,0.0
1845161212,1474862,0,1.0078125,-0.0234375,-0.001953125,-0.025390625,0.0,0.0,0.0
1845162463,1474863,0,1.0078125,-0.021484375,-0.005859375,-0.02734375,0.0,0.0,-3.2387555598258193e-38
1845164965,1474865,0,0.998046875,-0.0234375,-0.00390625,-0.02734375,0.0,0.0,0.0
1845166216,1474866,0,1.001953125,-0.025390625,0.00390625,-0.021484375,0.0,0.0,0.0
1845167468,1474867,0,1.005859375,-0.02734375,-0.00390625,-0.03125,0.0,0.0,0.0
1845168718,1474868,0,1.0078125,-0.029296875,0.0,-0.029296875,0.0,0.0,0.0
1845169970,1474869,0,1.00390625,-0.02734375,-0.001953125,-0.029296875,0.0,0.0,0.0
1845171221,1474870,0,1.009765625,-0.03125,0.0078125,-0.0234375,0.0,0.0,0.0
1845172471,1474871,0,1.001953125,-0.0390625,0.0,-0.0390625,0.0,0.0,0.0
1845173722,1474872,0,1.00390625,-0.029296875,0.01171875,-0.017578125,0.0,0.0,0.0
1845174973,1474873,0,1.005859375,-0.025390625,0.0,-0.025390625,0.0,0.0,0.0
1845176225,1474874,0,0.99609375,-0.02734375,0.001953125,-0.025390625,0.0,0.0,0.0
1845177477,1474875,0,1.005859375,-0.025390625,0.005859375,-0.01953125,0.0,0.0,0.0
1845178728,1474876,0,1.015625,-0.025390625,0.005859375,-0.01953125,0.0,0.0,0.0
1845179978,1474877,0,0.994140625,-0.025390625,0.01171875,-0.013671875,0.0,0.0,0.0
1845181229,1474878,0,0.998046875,-0.0234375,0.01171875,-0.01171875,0.0,0.0,0.0
1845182481,1474879,0,1.0,-0.02734375,0.0078125,-0.01953125,0.0,0.0,0.0
1845183731,1474880,0,1.001953125,-0.01953125,0.00390625,-0.015625,0.0,0.0,0.0
1845184982,1474881,0,1.005859375,-0.01953125,-0.001953125,-0.021484375,0.0,0.0,0.0
1845186233,1474882,0,1.001953125,-0.01953125,0.0078125,-0.01171875,0.0,0.0,0.0
1845187483,1474883,0,1.0078125,-0.017578125,0.00390625,-0.013671875,0.0,0.0,0.0
1845188734,1474884,0,1.00390625,-0.013671875,0.001953125,-0.01171875,0.0,0.0,0.0
1845189984,1474885,0,1.001953125,-0.01171875,-0.001953125,-0.013671875,0.0,0.0,0.0
1845191235,1474886,0,1.00390625,-0.0078125,0.001953125,-0.005859375,0.0,0.0,0.0
1845192486,1474887,0,1.005859375,-0.00390625,0.0,-0.00390625,0.0,0.0,0.0
1845193736,1474888,0,1.00390625,-0.001953125,-0.001953125,-0.00390625,0.0,0.0,0.0
1845194987,1474889,0,1.0,-0.00390625,-0.00390625,-0.0078125,0.0,0.0,0.0
1845196238,1474890,0,1.0078125,-0.001953125,0.0,-0.001953125,0.0,0.0,0.0
1845197489,1474891,0,1.001953125,0.0,-0.00390625,-0.00390625,0.0,0.0,0.0
1845198739,1474892,0,1.005859375,0.00390625,-0.001953125,0.001953125,0.0,0.0,0.0
1845199990,1474893,0,1.005859375,0.01171875,-0.005859375,0.005859375,0.0,0.0,0.0
1845201241,1474894,0,1.0078125,0.009765625,-0.0078125,0.001953125,0.0,0.0,0.0
1845202492,1474895,0,0.998046875,0.0078125,0.001953125,0.009765625,0.0,0.0,0.0
1845203742,1474896,0,0.9921875,0.015625,-0.001953125,0.013671875,0.0,0.0,0.0
1845204993,1474897,0,1.015625,0.015625,-0.00390625,0.01171875,0.0,0.0,0.0
1845206244,1474898,0,1.015625,0.017578125,-0.00390625,0.013671875,0.0,0.0,0.0
1845207494,1474899,0,1.005859375,0.021484375,-0.001953125,0.01953125,0.0,0.0,0.0
1845208746,1474900,0,1.001953125,0.01171875,-0.005859375,0.005859375,0.0,0.0,0.0
1845209997,1474901,0,1.013671875,0.013671875,-0.013671875,0.0,0.0,0.0,0.0
1845211248,1474902,0,1.00390625,0.01171875,-0.009765625,0.001953125,0.0,0.0,0.0
1845212499,1474903,0,1.00390625,0.0078125,-0.017578125,-0.009765625,0.0,0.0,0.0
1845213750,1474904,0,1.00390625,0.005859375,-0.0078125,-0.001953125,0.0,0.0,0.0
1845215001,1474905,0,1.005859375,0.001953125,-0.005859375,-0.00390625,0.0,0.0,0.0
1845216252,1474906,0,1.009765625,0.005859375,-0.009765625,-0.00390625,0.0,0.0,0.0
1845217502,1474907,0,1.001953125,0.0,-0.0078125,-0.0078125,0.0,0.0,0.0
1845218753,1474908,0,1.01171875,0.001953125,-0.0078125,-0.005859375,0.0,0.0,0.0
1845220004,1474909,0,1.0078125,0.0,-0.005859375,-0.005859375,0.0,0.0,0.0
1845221255,1474910,0,1.00390625,-0.00390625,-0.0078125,-0.01171875,0.0,0.0,0.0
1845222505,1474911,0,1.001953125,-0.001953125,-0.0078125,-0.009765625,0.0,0.0,0.0
1845223756,1474912,0,0.998046875,-0.001953125,-0.00390625,-0.005859375,0.0,0.0,0.0
1845225008,1474913,0,1.0,-0.01171875,-0.00390625,-0.015625,0.0,0.0,0.0
1845226258,1474914,0,1.009765625,-0.001953125,-0.005859375,-0.0078125,0.0,0.0,0.0
1845227509,1474915,0,1.009765625,-0.009765625,-0.00390625,-0.013671875,0.0,0.0,0.0
1845228759,1474916,0,1.005859375,-0.015625,0.0,-0.015625,0.0,0.0,0.0
1845230010,1474917,0,1.00390625,-0.01171875,-0.005859375,-0.017578125,0.0,0.0,0.0
1845231261,1474918,0,1.013671875,-0.009765625,-0.00390625,-0.013671875,0.0,0.0,0.0
1845232513,1474919,0,1.0078125,-0.01953125,0.00390625,-0.015625,0.0,0.0,0.0
1845233764,1474920,0,1.001953125,-0.017578125,0.00390625,-0.013671875,0.0,0.0,0.0
1845235015,1474921,0,1.001953125,-0.01953125,0.0,-0.01953125,0.0,0.0,0.0
1845236270,1474922,0,1.0078125,-0.0234375,0.0,-0.0234375,0.0,0.0,0.0
1845237521,1474923,0,1.015625,-0.01953125,0.001953125,-0.017578125,0.0,0.0,0.0
1845238772,1474924,0,0.998046875,-0.021484375,0.001953125,-0.01953125,0.0,0.0,0.0
1845240024,1474925,0,1.00390625,-0.021484375,0.00390625,-0.017578125,0.0,0.0,0.0
1845241275,1474926,0,1.0078125,-0.0234375,0.00390625,-0.01953125,0.0,0.0,0.0
1845242527,1474927,0,1.005859375,-0.0234375,0.0,-0.0234375,0.0,0.0,0.0
1845243778,1474928,0,1.005859375,-0.025390625,0.00390625,-0.021484375,0.0,0.0,0.0
1845245028,1474929,0,1.005859375,-0.0234375,0.001953125,-0.021484375,0.0,0.0,0.0
1845246279,1474930,0,1.0078125,-0.025390625,0.00390625,-0.021484375,0.0,0.0,0.0
1845247530,1474931,0,1.0078125,-0.025390625,0.005859375,-0.01953125,0.0,0.0,0.0
1845248782,1474932,0,1.00390625,-0.029296875,0.0078125,-0.021484375,0.0,0.0,0.0
1845250032,1474933,0,1.001953125,-0.0234375,0.005859375,-0.017578125,0.0,0.0,0.0
1845251282,1474934,0,1.00390625,-0.01953125,0.00390625,-0.015625,0.0,0.0,0.0
1845252532,1474935,0,1.0,-0.01953125,0.005859375,-0.013671875,0.0,0.0,0.0
1845253783,1474936,0,1.0078125,-0.01953125,0.009765625,-0.009765625,0.0,0.0,0.0
1845255034,1474937,0,1.00390625,-0.01953125,0.009765625,-0.009765625,0.0,0.0,0.0
1845256285,1474938,0,0.994140625,-0.013671875,0.01171875,-0.001953125,0.0,0.0,0.0
1845257537,1474939,0,1.005859375,-0.017578125,-0.00390625,-0.021484375,0.0,0.0,0.0
1845258789,1474940,0,1.001953125,-0.013671875,0.001953125,-0.01171875,0.0,0.0,0.0
1845260039,1474941,0,0.99609375,-0.005859375,0.0078125,0.001953125,0.0,0.0,0.0
1845261290,1474942,0,0.9921875,-0.0078125,0.00390625,-0.00390625,0.0,0.0,0.0
1845262541,1474943,0,1.009765625,-0.00390625,-0.001953125,-0.005859375,0.0,0.0,0.0
1845263792,1474944,0,1.0078125,-0.001953125,0.001953125,0.0,0.0,0.0,0.0
1845265042,1474945,0,1.001953125,0.001953125,0.001953125,0.00390625,0.0,0.0,0.0
1845266294,1474946,0,0.99609375,-0.001953125,-0.00390625,-0.005859375,0.0,0.0,0.0
1845267545,1474947,0,1.00390625,0.001953125,0.0,0.001953125,0.0,0.0,0.0
1845268795,1474948,0,1.005859375,0.001953125,-0.0078125,-0.005859375,0.0,0.0,0.0
1845270047,1474949,0,1.005859375,0.0,-0.001953125,-0.001953125,0.0,0.0,0.0
1845271298,1474950,0,1.00390625,0.001953125,-0.01953125,-0.017578125,0.0,0.0,0.0
1845272549,1474951,0,1.00390625,0.00390625,-0.00390625,0.0,0.0,0.0,0.0
1845273800,1474952,0,1.001953125,0.0078125,-0.005859375,0.001953125,0.0,0.0,0.0
1845275050,1474953,0,0.998046875,0.0078125,-0.005859375,0.001953125,0.0,0.0,0.0
1845276301,1474954,0,1.0078125,0.005859375,-0.005859375,0.0,0.0,0.0,0.0
1845277552,1474955,0,1.009765625,0.01171875,-0.00390625,0.0078125,0.0,0.0,0.0
1845278803,1474956,0,0.998046875,0.005859375,-0.005859375,0.0,0.0,0.0,0.0
1845280053,1474957,0,0.998046875,0.005859375,-0.015625,-0.009765625,0.0,0.0,0.0
1845281305,1474958,0,1.01171875,0.009765625,-0.009765625,0.0,0.0,0.0,0.0
1845282557,1474959,0,1.013671875,0.001953125,-0.005859375,-0.00390625,0.0,0.0,0.0
1845283808,1474960,0,1.00390625,0.001953125,-0.017578125,-0.015625,0.0,0.0,0.0
1845285059,1474961,0,0.998046875,0.00390625,-0.001953125,0.001953125,0.0,0.0,0.0
1845286310,1474962,0,0.990234375,0.00390625,-0.005859375,-0.001953125,0.0,0.0,0.0
1845287562,1474963,0,0.99609375,0.0078125,-0.005859375,0.001953125,0.0,0.0,0.0
1845288812,1474964,0,1.00390625,0.0,-0.005859375,-0.005859375,0.0,0.0,0.0
1845290064,1474965,0,0.994140625,-0.001953125,-0.009765625,-0.01171875,0.0,0.0,0.0
1845291314,1474966,0,1.0078125,-0.001953125,-0.005859375,-0.0078125,0.0,0.0,0.0
1845292565,1474967,0,1.00390625,0.0,-0.00390625,-0.00390625,0.0,0.0,0.0
1845293816,1474968,0,1.001953125,-0.009765625,-0.0078125,-0.017578125,0.0,0.0,0.0
1845295066,1474969,0,1.001953125,-0.00390625,-0.0078125,-0.01171875,0.0,0.0,0.0
1845296317,1474970,0,1.00390625,-0.01171875,-0.013671875,-0.025390625,0.0,0.0,0.0
1845297569,1474971,0,1.005859375,-0.0078125,-0.0078125,-0.015625,0.0,0.0,0.0
1845298819,1474972,0,1.00390625,-0.013671875,-0.005859375,-0.01953125,0.0,0.0,0.0
1845300070,1474973,0,1.001953125,-0.013671875,-0.001953125,-0.015625,0.0,0.0,0.0
1845301321,1474974,0,1.0,-0.01171875,-0.005859375,-0.017578125,0.0,0.0,0.0
1845302571,1474975,0,1.00390625,-0.015625,0.0,-0.015625,0.0,0.0,0.0
1845303822,1474976,0,1.001953125,-0.015625,0.0,-0.015625,0.0,0.0,0.0
1845305074,1474977,0,1.013671875,-0.017578125,0.0,-0.017578125,0.0,0.0,0.0
1845306324,1474978,0,1.0078125,-0.013671875,-0.0078125,-0.021484375,0.0,0.0,0.0
1845307575,1474979,0,1.00390625,-0.015625,-0.00390625,-0.01953125,0.0,0.0,0.0
1845308827,1474980,0,1.00390625,-0.017578125,0.001953125,-0.015625,0.0,0.0,0.0
1845310077,1474981,0,1.013671875,-0.0234375,0.00390625,-0.01953125,0.0,0.0,0.0
1845311328,1474982,0,1.009765625,-0.01953125,-0.001953125,-0.021484375,0.0,0.0,0.0
1845312580,1474983,0,1.0078125,-0.015625,0.005859375,-0.009765625,0.0,0.0,0.0
1845313832,1474984,0,1.015625,-0.013671875,0.001953125,-0.01171875,0.0,0.0,0.0
1845315082,1474985,0,1.00390625,-0.01953125,0.009765625,-0.009765625,0.0,0.0,0.0
1845316333,1474986,0,1.0,-0.021484375,0.0,-0.021484375,0.0,0.0,0.0
1845317585,1474987,0,0.99609375,-0.01953125,0.0,-0.01953125,0.0,0.0,0.0
1845318835,1474988,0,1.005859375,-0.017578125,0.00390625,-0.013671875,0.0,0.0,0.0
1845320086,1474989,0,0.998046875,-0.015625,0.00390625,-0.01171875,0.0,0.0,0.0
1845321338,1474990,0,1.001953125,-0.015625,0.00390625,-0.01171875,0.0,0.0,0.0
1845322589,1474991,0,1.0,-0.01953125,0.001953125,-0.017578125,0.0,0.0,0.0
1845323840,1474992,0,1.001953125,-0.013671875,0.0078125,-0.005859375,0.0,0.0,0.0
1845325092,1474993,0,1.005859375,-0.01171875,0.00390625,-0.0078125,0.0,0.0,0.0
1845326343,1474994,0,1.001953125,-0.013671875,0.005859375,-0.0078125,0.0,0.0,0.0
1845327594,1474995,0,1.005859375,-0.009765625,0.0078125,-0.001953125,0.0,0.0,0.0
1845328845,1474996,0,1.009765625,-0.0078125,0.005859375,-0.001953125,0.0,0.0,0.0
1845330096,1474997,0,0.998046875,-0.00390625,0.001953125,-0.001953125,0.0,0.0,0.0
1845331346,1474998,0,0.998046875,-0.013671875,0.0078125,-0.005859375,0.0,0.0,0.0
1845332598,1474999,0,1.01171875,-0.005859375,0.0,-0.005859375,0.0,0.0,0.0
1845333849,1475000,0,1.001953125,-0.001953125,-0.005859375,-0.0078125,0.0,0.0,0.0
1845335099,1475001,0,1.005859375,-0.0078125,-0.005859375,-0.013671875,0.0,0.0,0.0
1845336350,1475002,0,1.00390625,-0.005859375,-0.0078125,-0.013671875,0.0,0.0,0.0
1845337601,1475003,0,1.005859375,-0.005859375,0.00390625,-0.001953125,0.0,0.0,0.0
1845338852,1475004,0,0.99609375,-0.00390625,-0.001953125,-0.005859375,0.0,0.0,0.0
1845340103,1475005,0,1.00390625,0.001953125,0.0,0.001953125,0.0,0.0,0.0
1845341354,1475006,0,1.0,0.005859375,-0.001953125,0.00390625,0.0,0.0,0.0
1845342605,1475007,0,1.01171875,-0.00390625,-0.009765625,-0.013671875,0.0,0.0,0.0
1845343855,1475008,0,1.00390625,0.0,-0.005859375,-0.005859375,0.0,0.0,0.0
1845345107,1475009,0,1.005859375,0.0,-0.0078125,-0.0078125,0.0,0.0,0.0
1845346357,1475010,0,1.0078125,0.001953125,-0.001953125,0.0,0.0,0.0,0.0
1845347607,1475011,0,1.005859375,-0.001953125,-0.005859375,-0.0078125,0.0,0.0,0.0
1845348859,1475012,0,1.005859375,-0.001953125,-0.00390625,-0.005859375,0.0,0.0,0.0
1845350109,1475013,0,1.00390625,0.0,-0.0078125,-0.0078125,0.0,0.0,0.0
1845351361,1475014,0,1.00390625,0.001953125,-0.005859375,-0.00390625,0.0,0.0,0.0
1845352611,1475015,0,1.005859375,0.00390625,-0.001953125,0.001953125,0.0,0.0,0.0
1845353861,1475016,0,1.009765625,0.0,-0.005859375,-0.005859375,0.0,0.0,0.0
1845355113,1475017,0,1.0,0.001953125,-0.005859375,-0.00390625,0.0,0.0,0.0
1845356364,1475018,0,1.0078125,-0.001953125,-0.005859375,-0.0078125,0.0,0.0,0.0
1845357616,1475019,0,1.001953125,-0.001953125,-0.00390625,-0.005859375,0.0,0.0,0.0
1845358866,1475020,0,1.00390625,0.0,-0.00390625,-0.00390625,0.0,0.0,0.0
1845360118,1475021,0,1.005859375,-0.00390625,-0.00390625,-0.0078125,0.0,0.0,0.0
1845361368,1475022,0,1.001953125,-0.005859375,-0.001953125,-0.0078125,0.0,0.0,0.0
1845362619,1475023,0,0.99609375,-0.005859375,-0.001953125,-0.0078125,0.0,0.0,0.0
1845363869,1475024,0,1.001953125,-0.00390625,-0.005859375,-0.009765625,0.0,0.0,0.0
1845365119,1475025,0,1.005859375,-0.005859375,-0.00390625,-0.009765625,0.0,0.0,0.0
1845366371,1475026,0,1.00390625,-0.0078125,-0.013671875,-0.021484375,0.0,0.0,0.0
1845367622,1475027,0,1.001953125,-0.0078125,-0.01171875,-0.01953125,0.0,0.0,0.0
1845368874,1475028,0,1.00390625,-0.009765625,-0.0078125,-0.017578125,0.0,0.0,0.0
1845370124,1475029,0,1.001953125,-0.013671875,-0.00390625,-0.017578125,0.0,0.0,0.0
1845371375,1475030,0,1.001953125,-0.01171875,-0.00390625,-0.015625,0.0,0.0,0.0
1845372625,1475031,0,1.009765625,-0.01171875,-0.009765625,-0.021484375,0.0,0.0,0.0
1845373877,1475032,0,1.009765625,-0.021484375,-0.005859375,-0.02734375,0.0,0.0,0.0
1845375127,1475033,0,1.005859375,-0.009765625,-0.0078125,-0.017578125,0.0,0.0,0.0
1845376377,1475034,0,1.0078125,-0.015625,-0.00390625,-0.01953125,0.0,0.0,0.0
1845377629,1475035,0,1.00390625,-0.01171875,-0.001953125,-0.013671875,0.0,0.0,0.0
1845378879,1475036,0,1.005859375,-0.017578125,0.00390625,-0.013671875,0.0,0.0,0.0
1845380130,1475037,0,1.00390625,-0.017578125,-0.00390625,-0.021484375,0.0,0.0,0.0
1845381381,1475038,0,1.005859375,-0.013671875,0.0,-0.013671875,0.0,0.0,0.0
1845382631,1475039,0,1.005859375,-0.015625,-0.001953125,-0.017578125,0.0,0.0,0.0
1845383882,1475040,0,1.00390625,-0.01171875,0.0,-0.01171875,0.0,0.0,0.0
1845385133,1475041,0,1.0,-0.009765625,-0.00390625,-0.013671875,0.0,0.0,0.0
1845386384,1475042,0,1.009765625,-0.013671875,0.001953125,-0.01171875,0.0,0.0,0.0
1845387635,1475043,0,1.001953125,-0.015625,-0.0078125,-0.0234375,0.0,0.0,0.0
1845388885,1475044,0,1.005859375,-0.013671875,-0.001953125,-0.015625,0.0,0.0,0.0
1845390136,1475045,0,1.005859375,-0.0078125,-0.00390625,-0.01171875,0.0,0.0,0.0
1845391387,1475046,0,0.994140625,-0.00390625,0.00390625,0.0,0.0,0.0,0.0
1845392638,1475047,0,0.998046875,-0.01171875,0.0078125,-0.00390625,0.0,0.0,0.0
1845393889,1475048,0,1.0,-0.01171875,0.0,-0.01171875,0.0,0.0,0.0
1845395140,1475049,0,1.005859375,-0.009765625,0.00390625,-0.005859375,0.0,0.0,0.0
1845396392,1475050,0,1.017578125,-0.009765625,-0.005859375,-0.015625,0.0,0.0,0.0
1845397642,1475051,0,1.0078125,-0.0078125,-0.005859375,-0.013671875,0.0,0.0,0.0
1845398894,1475052,0,1.001953125,-0.00390625,0.0,-0.00390625,0.0,0.0,0.0
1845400145,1475053,0,1.00390625,-0.00390625,-0.001953125,-0.005859375,0.0,0.0,0.0
1845401395,1475054,0,1.001953125,-0.0078125,0.001953125,-0.005859375,0.0,0.0,0.0
1845402646,1475055,0,1.0,-0.0078125,-0.00390625,-0.01171875,0.0,0.0,0.0
1845403898,1475056,0,1.001953125,-0.005859375,-0.001953125,-0.0078125,0.0,0.0,0.0
1845405149,1475057,0,1.005859375,-0.001953125,-0.001953125,-0.00390625,0.0,0.0,0.0
1845406400,1475058,0,1.005859375,-0.001953125,-0.001953125,-0.00390625,0.0,0.0,0.0
1845407651,1475059,0,1.0,-0.00390625,-0.00390625,-0.0078125,0.0,0.0,0.0
1845408902,1475060,0,1.00390625,-0.0078125,-0.005859375,-0.013671875,0.0,0.0,0.0
1845410154,1475061,0,1.0,-0.001953125,0.0,-0.001953125,0.0,0.0,0.0
1845411405,1475062,0,1.001953125,-0.0078125,-0.00390625,-0.01171875,0.0,0.0,0.0
1845412657,1475063,0,1.01171875,-0.001953125,-0.0078125,-0.009765625,0.0,0.0,0.0
1845413907,1475064,0,1.001953125,-0.005859375,0.001953125,-0.00390625,0.0,0.0,0.0
1845415158,1475065,0,1.001953125,0.0,-0.00390625,-0.00390625,0.0,0.0,0.0
1845416409,1475066,0,1.0078125,0.0,0.0,0.0,0.0,0.0,0.0
1845417660,1475067,0,1.001953125,-0.001953125,-0.013671875,-0.015625,0.0,0.0,0.0
1845418911,1475068,0,1.00390625,0.0,-0.009765625,-0.009765625,0.0,0.0,0.0
1845420161,1475069,0,0.99609375,-0.005859375,-0.01171875,-0.017578125,0.0,0.0,0.0
1845421412,1475070,0,1.0078125,-0.0078125,-0.001953125,-0.009765625,0.0,0.0,0.0
1845422664,1475071,0,1.0,-0.001953125,-0.013671875,-0.015625,0.0,0.0,0.0
1845423915,1475072,0,1.00390625,-0.00390625,-0.005859375,-0.009765625,0.0,0.0,0.0
1845425166,1475073,0,1.005859375,-0.005859375,-0.001953125,-0.0078125,0.0,0.0,0.0
1845426417,1475074,0,1.00390625,-0.0078125,-0.005859375,-0.013671875,0.0,0.0,0.0
1845427668,1475075,0,1.0,-0.009765625,-0.00390625,-0.013671875,0.0,0.0,0.0
1845428920,1475076,0,1.00390625,-0.005859375,-0.005859375,-0.01171875,0.0,0.0,0.0
1845430172,1475077,0,1.005859375,-0.005859375,-0.0078125,-0.013671875,0.0,0.0,0.0
1845431422,1475078,0,1.005859375,-0.0078125,-0.00390625,-0.01171875,0.0,0.0,0.0
1845432673,1475079,0,1.00390625,-0.013671875,-0.0078125,-0.021484375,0.0,0.0,0.0
1845433924,1475080,0,1.00390625,-0.009765625,-0.009765625,-0.01953125,0.0,0.0,0.0
1845435174,1475081,0,1.0078125,-0.009765625,-0.00390625,-0.013671875,0.0,0.0,0.0
1845436425,1475082,0,1.0078125,-0.01171875,-0.001953125,-0.013671875,0.0,0.0,0.0
1845437676,1475083,0,1.0,-0.0078125,-0.005859375,-0.013671875,0.0,0.0,0.0
1845438927,1475084,0,1.0078125,-0.01171875,-0.00390625,-0.015625,0.0,0.0,0.0
1845440177,1475085,0,1.00390625,-0.005859375,-0.001953125,-0.0078125,0.0,0.0,0.0
1845441427,1475086,0,1.009765625,-0.0078125,-0.0078125,-0.015625,0.0,0.0,0.0
1845442679,1475087,0,1.005859375,-0.009765625,-0.00390625,-0.013671875,0.0,0.0,0.0
1845443929,1475088,0,0.99609375,-0.013671875,-0.00390625,-0.017578125,0.0,0.0,0.0
1845445179,1475089,0,1.0,-0.01953125,-0.00390625,-0.0234375,0.0,0.0,0.0
1845446431,1475090,0,1.00390625,-0.01171875,0.0,-0.01171875,0.0,0.0,0.0
1845447681,1475091,0,1.00390625,-0.013671875,0.00390625,-0.009765625,0.0,0.0,0.0
1845448932,1475092,0,1.00390625,-0.01171875,0.001953125,-0.009765625,0.0,0.0,0.0
1845450182,1475093,0,1.0078125,-0.015625,0.001953125,-0.013671875,0.0,0.0,0.0
1845451432,1475094,0,1.0,-0.009765625,0.0,-0.009765625,0.0,0.0,0.0
1845452684,1475095,0,1.005859375,-0.013671875,0.00390625,-0.009765625,0.0,0.0,0.0
1845453934,1475096,0,1.001953125,-0.0078125,0.00390625,-0.00390625,0.0,0.0,0.0
1845455184,1475097,0,1.001953125,-0.013671875,0.0,-0.013671875,0.0,0.0,0.0
1845456436,1475098,0,1.00390625,-0.00390625,0.005859375,0.001953125,0.0,0.0,0.0
1845457686,1475099,0,1.005859375,-0.009765625,0.005859375,-0.00390625,0.0,0.0,0.0
1845458937,1475100,0,0.998046875,-0.01171875,0.005859375,-0.005859375,0.0,0.0,0.0
1845460188,1475101,0,1.00390625,-0.009765625,0.0,-0.009765625,0.0,0.0,0.0
1845461439,1475102,0,1.0078125,-0.005859375,0.00390625,-0.001953125,0.0,0.0,0.0
1845462691,1475103,0,1.0078125,-0.00390625,0.001953125,-0.001953125,0.0,0.0,0.0
1845463942,1475104,0,1.00390625,-0.01171875,-0.001953125,-0.013671875,0.0,0.0,0.0
1845465192,1475105,0,1.00390625,-0.015625,-0.001953125,-0.017578125,0.0,0.0,0.0
1845466443,1475106,0,1.009765625,-0.001953125,0.00390625,0.001953125,0.0,0.0,0.0
1845467695,1475107,0,1.0078125,-0.005859375,0.005859375,0.0,0.0,0.0,0.0
1845468945,1475108,0,1.015625,-0.00390625,0.0,-0.00390625,0.0,0.0,0.0
1845470197,1475109,0,1.0,-0.0078125,-0.005859375,-0.013671875,0.0,0.0,0.0
1845471448,1475110,0,1.009765625,0.0,0.005859375,0.005859375,0.0,0.0,0.0
1845472698,1475111,0,1.0078125,-0.005859375,-0.001953125,-0.0078125,0.0,0.0,0.0
1845473949,1475112,0,0.99609375,-0.001953125,-0.00390625,-0.005859375,0.0,0.0,0.0
1845475199,1475113,0,1.0078125,-0.005859375,0.00390625,-0.001953125,0.0,0.0,0.0
1845476449,1475114,0,1.005859375,-0.001953125,-0.001953125,-0.00390625,0.0,0.0,0.0
1845477701,1475115,0,0.994140625,-0.005859375,0.001953125,-0.00390625,0.0,0.0,0.0
1845478951,1475116,0,0.998046875,-0.0078125,0.001953125,-0.005859375,0.0,0.0,0.0
1845480202,1475117,0,1.0,-0.00390625,0.0,-0.00390625,0.0,0.0,0.0
1845481453,1475118,0,1.005859375,-0.005859375,0.0,-0.005859375,0.0,0.0,0.0
1845482704,1475119,0,1.0078125,-0.005859375,-0.0078125,-0.013671875,0.0,0.0,0.0
1845483954,1475120,0,1.00390625,-0.01171875,-0.00390625,-0.015625,0.0,0.0,0.0
1845485205,1475121,0,0.998046875,-0.001953125,-0.00390625,-0.005859375,0.0,0.0,0.0
1845486457,1475122,0,1.001953125,-0.00390625,-0.00390625,-0.0078125,0.0,0.0,0.0
1845487707,1475123,0,1.0,-0.005859375,-0.009765625,-0.015625,0.0,0.0,0.0
1845488959,1475124,0,0.998046875,-0.009765625,-0.005859375,-0.015625,0.0,0.0,0.0
1845490209,1475125,0,1.001953125,-0.0078125,0.001953125,-0.005859375,0.0,0.0,0.0
1845491460,1475126,0,1.0078125,-0.0078125,-0.005859375,-0.013671875,0.0,0.0,0.0
1845492711,1475127,0,1.0078125,-0.005859375,0.0,-0.005859375,0.0,0.0,0.0
1845493961,1475128,0,1.01953125,-0.005859375,-0.00390625,-0.009765625,0.0,0.0,0.0
1845495211,1475129,0,1.015625,-0.01171875,-0.001953125,-0.013671875,0.0,0.0,0.0
1845496461,1475130,0,1.005859375,-0.0078125,-0.00390625,-0.01171875,0.0,0.0,0.0
1845497712,1475131,0,1.0078125,-0.009765625,-0.00390625,-0.013671875,0.0,0.0,0.0
1845498962,1475132,0,1.001953125,-0.009765625,-0.001953125,-0.01171875,0.0,0.0,0.0
1845500212,1475133,0,1.0,-0.009765625,-0.00390625,-0.013671875,0.0,0.0,0.0
1845501463,1475134,0,0.998046875,-0.01171875,-0.0078125,-0.01953125,0.0,0.0,0.0
1845502713,1475135,0,1.0,-0.015625,-0.005859375,-0.021484375,0.0,0.0,0.0
1845503965,1475136,0,1.0078125,-0.013671875,-0.0078125,-0.021484375,0.0,0.0,0.0
1845505216,1475137,0,1.009765625,-0.009765625,-0.005859375,-0.015625,0.0,0.0,0.0
1845506468,1475138,0,1.00390625,-0.013671875,-0.001953125,-0.015625,0.0,0.0,0.0
1845507718,1475139,0,1.005859375,-0.01171875,-0.001953125,-0.013671875,0.0,0.0,0.0
1845508970,1475140,0,1.00390625,-0.01171875,-0.00390625,-0.015625,0.0,0.0,0.0
1845510221,1475141,0,0.994140625,-0.015625,0.0,-0.015625,0.0,0.0,0.0
1845511471,1475142,0,1.0078125,-0.01171875,-0.017578125,-0.029296875,0.0,0.0,0.0
1845512722,1475143,0,0.99609375,-0.009765625,0.0078125,-0.001953125,0.0,0.0,0.0
1845513973,1475144,0,1.005859375,-0.013671875,0.0,-0.013671875,0.0,0.0,0.0
1845515225,1475145,0,1.001953125,-0.013671875,-0.0078125,-0.021484375,0.0,0.0,0.0
1845516477,1475146,0,1.005859375,-0.01171875,-0.00390625,-0.015625,0.0,0.0,0.0
1845517728,1475147,0,1.0078125,-0.015625,0.0,-0.015625,0.0,0.0,0.0
1845518978,1475148,0,1.005859375,-0.01171875,0.001953125,-0.009765625,0.0,0.0,0.0
1845520229,1475149,0,1.0078125,-0.01171875,-0.001953125,-0.013671875,0.0,0.0,0.0
1845521481,1475150,0,0.9921875,-0.015625,0.0,-0.015625,0.0,0.0,0.0
1845522731,1475151,0,1.005859375,-0.017578125,-0.001953125,-0.01953125,0.0,0.0,0.0
1845523982,1475152,0,1.0078125,-0.01171875,0.0,-0.01171875,0.0,0.0,0.0
1845525233,1475153,0,1.009765625,-0.009765625,0.00390625,-0.005859375,0.0,0.0,0.0
1845526483,1475154,0,1.001953125,-0.013671875,0.00390625,-0.009765625,0.0,0.0,0.0
1845527734,1475155,0,1.005859375,-0.009765625,-0.001953125,-0.01171875,0.0,0.0,0.0
1845528984,1475156,0,1.0,-0.001953125,-0.001953125,-0.00390625,0.0,0.0,0.0
1845530235,1475157,0,1.0,-0.005859375,0.001953125,-0.00390625,0.0,0.0,0.0
1845531486,1475158,0,1.0,-0.0078125,0.0,-0.0078125,0.0,0.0,0.0
1845532736,1475159,0,1.001953125,-0.009765625,0.005859375,-0.00390625,0.0,0.0,0.0
1845533987,1475160,0,1.00390625,-0.0078125,-0.001953125,-0.009765625,0.0,0.0,0.0
1845535238,1475161,0,1.00390625,-0.0078125,0.001953125,-0.005859375,0.0,0.0,0.0
1845536489,1475162,0,1.00390625,-0.0078125,0.0,-0.0078125,0.0,0.0,0.0
1845537739,1475163,0,1.0078125,-0.005859375,-0.001953125,-0.0078125,0.0,0.0,0.0
1845538990,1475164,0,1.0078125,-0.005859375,-0.001953125,-0.0078125,0.0,0.0,0.0
1845540241,1475165,0,1.0078125,-0.00390625,-0.001953125,-0.005859375,0.0,0.0,0.0
1845541492,1475166,0,1.001953125,-0.005859375,-0.005859375,-0.01171875,0.0,0.0,0.0
1845542742,1475167,0,0.998046875,-0.001953125,-0.00390625,-0.005859375,0.0,0.0,0.0
1845543993,1475168,0,1.00390625,-0.00390625,-0.00390625,-0.0078125,0.0,0.0,0.0
1845545244,1475169,0,1.005859375,-0.00390625,0.001953125,-0.001953125,0.0,0.0,0.0
1845546494,1475170,0,1.001953125,-0.001953125,-0.001953125,-0.00390625,0.0,0.0,0.0
1845547746,1475171,0,1.01171875,-0.001953125,0.0,-0.001953125,0.0,0.0,0.0
1845548997,1475172,0,0.998046875,-0.001953125,-0.0078125,-0.009765625,0.0,0.0,0.0
1845550248,1475173,0,1.0078125,-0.0078125,-0.001953125,-0.009765625,0.0,0.0,0.0
1845551499,1475174,0,1.001953125,0.001953125,0.0,0.001953125,0.0,0.0,0.0
1845552750,1475175,0,1.0,-0.0078125,-0.001953125,-0.009765625,0.0,0.0,0.0
1845554001,1475176,0,1.00390625,-0.001953125,-0.009765625,-0.01171875,0.0,0.0,0.0
1845555252,1475177,0,1.005859375,0.0,0.00390625,0.00390625,0.0,0.0,0.0
1845556502,1475178,0,1.009765625,-0.03515625,0.009765625,-0.025390625,0.0,0.0,0.0
1845557753,1475179,0,1.00390625,-0.025390625,0.001953125,-0.0234375,0.0,0.0,0.0
1845559004,1475180,0,1.00390625,-0.03125,0.017578125,-0.013671875,0.0,0.0,0.0
1845560255,1475181,0,1.017578125,-0.033203125,0.017578125,-0.015625,0.0,0.0,0.0
1845561505,1475182,0,0.99609375,-0.0078125,-0.01171875,-0.01953125,0.0,0.0,0.0
1845562756,1475183,0,0.994140625,-0.001953125,-0.0234375,-0.025390625,0.0,0.0,0.0
1845564008,1475184,0,1.0,-0.009765625,-0.015625,-0.025390625,0.0,0.0,0.0
1845565258,1475185,0,1.01171875,-0.013671875,0.009765625,-0.00390625,0.0,0.0,0.0
1845566509,1475186,0,1.00390625,-0.017578125,-0.005859375,-0.0234375,0.0,0.0,0.0
1845567759,1475187,0,0.99609375,-0.021484375,-0.021484375,-0.04296875,0.0,0.0,0.0
1845569010,1475188,0,1.009765625,-0.005859375,0.0,-0.005859375,0.0,0.0,0.0
1845570261,1475189,0,1.01171875,-0.00390625,0.00390625,0.0,0.0,0.0,0.0
1845571513,1475190,0,1.0,0.0,-0.01953125,-0.01953125,0.0,0.0,0.0
1845572764,1475191,0,0.9921875,-0.001953125,-0.009765625,-0.01171875,0.0,0.0,0.0
1845574015,1475192,0,1.01171875,-0.005859375,-0.005859375,-0.01171875,0.0,0.0,0.0
1845575270,1475193,0,1.009765625,-0.01171875,-0.0078125,-0.01953125,0.0,0.0,0.0
1845576521,1475194,0,0.99609375,-0.015625,-0.013671875,-0.029296875,0.0,0.0,0.0
1845577772,1475195,0,1.005859375,-0.015625,0.001953125,-0.013671875,0.0,0.0,0.0
1845579024,1475196,0,1.001953125,-0.009765625,-0.001953125,-0.01171875,0.0,0.0,0.0
1845580275,1475197,0,1.009765625,-0.00390625,-0.005859375,-0.009765625,0.0,0.0,0.0
1845581527,1475198,0,0.99609375,-0.00390625,-0.015625,-0.01953125,0.0,0.0,0.0
1845582778,1475199,0,1.0078125,-0.005859375,-0.00390625,-0.009765625,0.0,0.0,0.0
1845584028,1475200,0,1.0078125,-0.009765625,0.0,-0.009765625,0.0,0.0,0.0
1845585279,1475201,0,1.005859375,-0.00390625,-0.013671875,-0.017578125,0.0,0.0,0.0
1845586530,1475202,0,1.001953125,-0.005859375,-0.00390625,-0.009765625,0.0,0.0,0.0
1845587782,1475203,0,1.009765625,-0.005859375,0.00390625,-0.001953125,0.0,0.0,0.0
1845589032,1475204,0,1.00390625,-0.005859375,-0.00390625,-0.009765625,0.0,0.0,0.0
1845590282,1475205,0,1.00390625,-0.001953125,-0.0078125,-0.009765625,0.0,0.0,0.0
1845591532,1475206,0,1.00390625,-0.001953125,-0.00390625,-0.005859375,0.0,0.0,0.0
1845592783,1475207,0,1.01171875,-0.005859375,-0.001953125,-0.0078125,0.0,0.0,0.0
1845594034,1475208,0,1.00390625,0.0,0.0,0.0,0.0,0.0,0.0
1845595285,1475209,0,1.0,-0.00390625,-0.00390625,-0.0078125,0.0,0.0,0.0
1845596537,1475210,0,1.001953125,-0.001953125,0.0,-0.001953125,0.0,0.0,0.0
1845597789,1475211,0,1.005859375,0.001953125,-0.001953125,0.0,0.0,0.0,0.0
1845599039,1475212,0,1.0078125,0.0,-0.005859375,-0.005859375,0.0,0.0,0.0
1845600290,1475213,0,1.005859375,-0.00390625,-0.0078125,-0.01171875,0.0,0.0,0.0
1845601541,1475214,0,1.005859375,0.001953125,0.0,0.001953125,0.0,0.0,0.0
1845602792,1475215,0,1.001953125,0.001953125,0.005859375,0.0078125,0.0,0.0,0.0
1845604042,1475216,0,1.0,0.001953125,-0.005859375,-0.00390625,0.0,0.0,0.0
1845605294,1475217,0,1.0078125,0.009765625,-0.0078125,0.001953125,0.0,0.0,0.0
1845606545,1475218,0,1.001953125,0.00390625,-0.001953125,0.001953125,0.0,0.0,0.0
1845607795,1475219,0,1.009765625,0.0,-0.0078125,-0.0078125,0.0,0.0,0.0
1845609047,1475220,0,1.00390625,0.0,-0.001953125,-0.001953125,0.0,0.0,0.0
1845610298,1475221,0,1.001953125,-0.00390625,-0.001953125,-0.005859375,0.0,0.0,0.0
1845611549,1475222,0,1.0,-0.001953125,-0.009765625,-0.01171875,0.0,0.0,0.0
1845612800,1475223,0,1.005859375,0.0,0.0,0.0,0.0,0.0,0.0
1845614050,1475224,0,1.0,-0.00390625,-0.00390625,-0.0078125,0.0,0.0,0.0
1845615301,1475225,0,1.0078125,-0.005859375,-0.00390625,-0.009765625,0.0,0.0,0.0
1845616552,1475226,0,1.005859375,-0.009765625,-0.00390625,-0.013671875,0.0,0.0,0.0
1845617803,1475227,0,1.00390625,-0.0078125,-0.001953125,-0.009765625,0.0,0.0,0.0
1845619053,1475228,0,1.00390625,-0.009765625,0.00390625,-0.005859375,0.0,0.0,0.0
1845620305,1475229,0,1.0078125,-0.0078125,0.0,-0.0078125,0.0,0.0,0.0
1845621557,1475230,0,1.005859375,-0.013671875,-0.001953125,-0.015625,0.0,0.0,0.0
1845622808,1475231,0,1.0078125,-0.017578125,0.0,-0.017578125,0.0,0.0,0.0
1845624059,1475232,0,1.001953125,-0.01171875,0.0,-0.01171875,0.0,0.0,0.0
1845625310,1475233,0,0.998046875,-0.021484375,-0.001953125,-0.0234375,0.0,0.0,0.0
1845626562,1475234,0,1.0078125,-0.01953125,0.0078125,-0.01171875,0.0,0.0,0.0
1845627812,1475235,0,1.0078125,-0.017578125,-0.00390625,-0.021484375,0.0,0.0,0.0
1845629064,1475236,0,1.00390625,-0.015625,0.0,-0.015625,0.0,0.0,0.0
1845630314,1475237,0,1.0078125,-0.013671875,0.0078125,-0.005859375,0.0,0.0,0.0
1845631565,1475238,0,0.998046875,-0.015625,0.005859375,-0.009765625,0.0,0.0,0.0
1845632816,1475239,0,1.0,-0.01953125,-0.00390625,-0.0234375,0.0,0.0,0.0
1845634066,1475240,0,1.00390625,-0.01953125,0.0,-0.01953125,0.0,0.0,0.0
1845635317,1475241,0,1.0078125,-0.01953125,0.0,-0.01953125,0.0,0.0,0.0
1845636569,1475242,0,1.009765625,-0.021484375,0.0,-0.021484375,0.0,0.0,0.0
1845637820,1475243,0,1.009765625,-0.017578125,0.0,-0.017578125,0.0,0.0,0.0
1845639070,1475244,0,1.005859375,-0.013671875,-0.001953125,-0.015625,0.0,0.0,0.0
1845640321,1475245,0,1.001953125,-0.013671875,0.005859375,-0.0078125,0.0,0.0,0.0
1845641571,1475246,0,1.0,-0.01171875,-0.001953125,-0.013671875,0.0,0.0,0.0
1845642822,1475247,0,0.998046875,-0.013671875,-0.001953125,-0.015625,0.0,0.0,0.0
1845644072,1475248,0,1.001953125,-0.013671875,-0.00390625,-0.017578125,0.0,0.0,0.0
1845645322,1475249,0,1.001953125,-0.013671875,-0.001953125,-0.015625,0.0,0.0,0.0
1845646572,1475250,0,1.005859375,-0.009765625,-0.0078125,-0.017578125,0.0,0.0,0.0
1845647823,1475251,0,0.998046875,-0.005859375,0.0,-0.005859375,0.0,0.0,0.0
1845649074,1475252,0,1.005859375,-0.01171875,-0.001953125,-0.013671875,0.0,0.0,0.0
1845650324,1475253,0,1.0078125,-0.001953125,-0.001953125,-0.00390625,0.0,0.0,0.0
1845651575,1475254,0,1.01171875,-0.001953125,0.0,-0.001953125,0.0,0.0,0.0
1845652827,1475255,0,1.005859375,-0.0078125,-0.001953125,-0.009765625,0.0,0.0,0.0
1845654077,1475256,0,1.013671875,-0.013671875,0.001953125,-0.01171875,0.0,0.0,0.0
1845655328,1475257,0,1.0078125,-0.00390625,0.00390625,0.0,0.0,0.0,0.0
1845656580,1475258,0,1.0,0.001953125,-0.00390625,-0.001953125,0.0,0.0,0.0
1845657832,1475259,0,1.00390625,-0.00390625,0.005859375,0.001953125,0.0,0.0,0.0
1845659082,1475260,0,1.005859375,-0.00390625,-0.001953125,-0.005859375,0.0,0.0,0.0
1845660333,1475261,0,1.0,-0.001953125,-0.001953125,-0.00390625,0.0,0.0,0.0
1845661585,1475262,0,1.0,-0.001953125,0.0,-0.001953125,0.0,0.0,0.0
1845662835,1475263,0,1.005859375,-0.005859375,-0.005859375,-0.01171875,0.0,0.0,0.0
1845664086,1475264,0,1.009765625,-0.005859375,-0.001953125,-0.0078125,0.0,0.0,0.0
1845665338,1475265,0,1.0078125,-0.001953125,0.0,-0.001953125,0.0,0.0,0.0
1845666589,1475266,0,1.005859375,-0.005859375,0.0,-0.005859375,0.0,0.0,0.0
1845667840,1475267,0,1.001953125,-0.005859375,-0.001953125,-0.0078125,0.0,0.0,0.0
1845669092,1475268,0,1.001953125,-0.005859375,-0.001953125,-0.0078125,0.0,0.0,0.0
1845670343,1475269,0,0.998046875,-0.005859375,-0.00390625,-0.009765625,0.0,0.0,0.0
1845671594,1475270,0,1.00390625,-0.0078125,-0.00390625,-0.01171875,0.0,0.0,0.0
1845672845,1475271,0,1.0078125,-0.01171875,-0.0078125,-0.01953125,0.0,0.0,0.0
1845674096,1475272,0,1.005859375,-0.009765625,0.0,-0.009765625,0.0,0.0,0.0
1845675346,1475273,0,1.009765625,-0.01171875,-0.001953125,-0.013671875,0.0,0.0,0.0
1845676598,1475274,0,1.0,-0.005859375,-0.00390625,-0.009765625,0.0,0.0,0.0
1845677849,1475275,0,1.00390625,-0.001953125,0.001953125,0.0,0.0,0.0,0.0
1845679099,1475276,0,1.00390625,-0.005859375,-0.00390625,-0.009765625,0.0,0.0,0.0
1845680350,1475277,0,1.009765625,-0.013671875,-0.005859375,-0.01953125,0.0,0.0,0.0
1845681601,1475278,0,1.005859375,-0.005859375,0.00390625,-0.001953125,0.0,0.0,0.0
1845682852,1475279,0,1.00390625,-0.005859375,0.00390625,-0.001953125,0.0,0.0,0.0
1845684103,1475280,0,0.99609375,-0.005859375,-0.00390625,-0.009765625,0.0,0.0,0.0
1845685354,1475281,0,1.01171875,-0.009765625,-0.001953125,-0.01171875,0.0,0.0,0.0
1845686605,1475282,0,1.005859375,-0.01171875,-0.005859375,-0.017578125,0.0,0.0,0.0
1845687855,1475283,0,1.001953125,-0.0078125,-0.00390625,-0.01171875,0.0,0.0,0.0
1845689107,1475284,0,1.0078125,-0.0078125,-0.00390625,-0.01171875,0.0,0.0,0.0
1845690357,1475285,0,1.00390625,-0.009765625,0.0,-0.009765625,0.0,0.0,0.0
1845691607,1475286,0,1.0078125,-0.00390625,-0.001953125,-0.005859375,0.0,0.0,0.0
1845692859,1475287,0,1.0,-0.005859375,-0.0078125,-0.013671875,0.0,0.0,0.0
1845694109,1475288,0,1.005859375,-0.005859375,-0.001953125,-0.0078125,0.0,0.0,0.0
1845695361,1475289,0,1.001953125,-0.0078125,0.0,-0.0078125,0.0,0.0,0.0
1845696611,1475290,0,1.0078125,-0.009765625,-0.005859375,-0.015625,0.0,0.0,0.0
1845697861,1475291,0,1.0078125,-0.005859375,-0.005859375,-0.01171875,0.0,0.0,0.0
1845699113,1475292,0,1.005859375,-0.009765625,0.0,-0.009765625,0.0,0.0,0.0
1845700364,1475293,0,1.0,-0.009765625,-0.001953125,-0.01171875,0.0,0.0,0.0
1845701616,1475294,0,1.005859375,-0.009765625,-0.005859375,-0.015625,0.0,0.0,0.0
1845702866,1475295,0,1.001953125,-0.015625,-0.0078125,-0.0234375,0.0,0.0,0.0
1845704118,1475296,0,1.005859375,-0.01171875,-0.00390625,-0.015625,0.0,0.0,0.0
1845705368,1475297,0,1.015625,-0.009765625,-0.00390625,-0.013671875,0.0,0.0,0.0
1845706619,1475298,0,1.009765625,-0.009765625,-0.005859375,-0.015625,0.0,0.0,0.0
1845707869,1475299,0,1.00390625,-0.009765625,-0.00390625,-0.013671875,0.0,0.0,0.0
1845709119,1475300,0,1.001953125,-0.001953125,-0.005859375,-0.0078125,0.0,0.0,0.0
1845710371,1475301,0,1.01171875,-0.009765625,-0.005859375,-0.015625,0.0,0.0,0.0
1845711622,1475302,0,1.0,-0.005859375,-0.009765625,-0.015625,0.0,0.0,0.0
1845712874,1475303,0,1.0,-0.01171875,0.0,-0.01171875,0.0,0.0,0.0
1845714124,1475304,0,1.001953125,-0.009765625,-0.009765625,-0.01953125,0.0,0.0,0.0
1845715375,1475305,0,1.0,-0.005859375,-0.005859375,-0.01171875,0.0,0.0,0.0
1845716625,1475306,0,1.005859375,-0.0078125,0.0,-0.0078125,0.0,0.0,0.0
1845717877,1475307,0,1.005859375,-0.009765625,-0.001953125,-0.01171875,0.0,0.0,0.0
1845719127,1475308,0,0.998046875,-0.0078125,-0.001953125,-0.009765625,0.0,0.0,0.0
1845720377,1475309,0,1.005859375,-0.0078125,-0.001953125,-0.009765625,0.0,0.0,0.0
1845721629,1475310,0,1.00390625,-0.0078125,0.0078125,0.0,0.0,0.0,0.0
1845722879,1475311,0,1.001953125,-0.005859375,-0.001953125,-0.0078125,0.0,0.0,0.0
1845724130,1475312,0,1.00390625,-0.005859375,-0.0078125,-0.013671875,0.0,0.0,0.0
1845725381,1475313,0,1.005859375,-0.00390625,-0.005859375,-0.009765625,0.0,0.0,0.0
1845726631,1475314,0,1.00390625,-0.0078125,-0.001953125,-0.009765625,0.0,0.0,0.0
1845727882,1475315,0,1.001953125,-0.0078125,-0.00390625,-0.01171875,0.0,0.0,0.0
1845729133,1475316,0,1.0078125,-0.00390625,-0.001953125,-0.005859375,0.0,0.0,0.0
1845730384,1475317,0,1.005859375,-0.01171875,-0.001953125,-0.013671875,0.0,0.0,0.0
1845731635,1475318,0,1.009765625,-0.001953125,0.001953125,0.0,0.0,0.0,0.0
1845732885,1475319,0,1.005859375,-0.00390625,0.001953125,-0.001953125,0.0,0.0,0.0
1845734136,1475320,0,1.009765625,-0.0078125,0.0,-0.0078125,0.0,0.0,0.0
1845735387,1475321,0,1.001953125,-0.00390625,0.00390625,0.0,0.0,0.0,0.0
1845736638,1475322,0,1.005859375,-0.009765625,-0.00390625,-0.013671875,0.0,0.0,0.0
1845737889,1475323,0,1.0078125,-0.005859375,-0.00390625,-0.009765625,0.0,0.0,0.0
1845739140,1475324,0,1.00390625,-0.0078125,-0.0078125,-0.015625,0.0,0.0,0.0
1845740392,1475325,0,1.0078125,-0.0078125,-0.001953125,-0.009765625,0.0,0.0,0.0
1845741642,1475326,0,1.005859375,-0.005859375,0.0,-0.005859375,0.0,0.0,0.0
1845742894,1475327,0,0.998046875,-0.00390625,-0.00390625,-0.0078125,0.0,0.0,0.0
1845744145,1475328,0,1.001953125,-0.0078125,-0.00390625,-0.01171875,0.0,0.0,0.0
1845745395,1475329,0,1.00390625,-0.005859375,-0.00390625,-0.009765625,0.0,0.0,0.0
1845746646,1475330,0,1.005859375,-0.005859375,0.00390625,-0.001953125,0.0,0.0,0.0
1845747898,1475331,0,1.0,-0.005859375,-0.001953125,-0.0078125,0.0,0.0,0.0
1845749149,1475332,0,1.0,-0.0078125,-0.001953125,-0.009765625,0.0,0.0,0.0
1845750400,1475333,0,1.0078125,-0.0078125,-0.00390625,-0.01171875,0.0,0.0,0.0
1845751651,1475334,0,1.0078125,-0.009765625,-0.005859375,-0.015625,0.0,0.0,0.0
1845752902,1475335,0,1.005859375,-0.005859375,-0.00390625,-0.009765625,0.0,0.0,0.0
1845754154,1475336,0,1.005859375,-0.0078125,-0.00390625,-0.01171875,0.0,0.0,0.0
1845755405,1475337,0,1.00390625,-0.005859375,-0.005859375,-0.01171875,0.0,0.0,0.0
1845756657,1475338,0,0.998046875,-0.005859375,0.001953125,-0.00390625,0.0,0.0,0.0
1845757907,1475339,0,1.005859375,-0.0078125,0.0,-0.0078125,0.0,0.0,0.0
1845759158,1475340,0,0.998046875,-0.0078125,-0.005859375,-0.013671875,0.0,0.0,0.0
1845760409,1475341,0,1.001953125,-0.0078125,0.0,-0.0078125,0.0,0.0,0.0
