t_us,frame_id,sensor_id,accX,accY,accZ,acc_sum_YZ,magX,magY,magZ
1712619753,1368907,0,1.005859375,-0.001953125,0.001953125,0.0,0.0,0.0,0.0
1712621003,1368908,0,1.00390625,-0.00390625,0.00390625,0.0,0.0,0.0,0.0
1712622254,1368909,0,1.005859375,-0.001953125,0.0,-0.001953125,0.0,0.0,0.0
1712623505,1368910,0,1.0,-0.005859375,-0.00390625,-0.009765625,0.0,0.0,0.0
1712624756,1368911,0,1.001953125,-0.005859375,-0.001953125,-0.0078125,0.0,0.0,0.0
1712626008,1368912,0,1.00390625,0.001953125,0.005859375,0.0078125,0.0,0.0,0.0
1712627258,1368913,0,1.001953125,-0.00390625,-0.001953125,-0.005859375,0.0,0.0,0.0
1712628509,1368914,0,0.994140625,-0.00390625,0.009765625,0.005859375,0.0,0.0,0.0
1712629759,1368915,0,1.005859375,-0.0078125,-0.001953125,-0.009765625,0.0,0.0,0.0
1712631010,1368916,0,0.998046875,0.0,0.005859375,0.005859375,0.0,0.0,0.0
1712632261,1368917,0,1.0078125,-0.001953125,0.00390625,0.001953125,0.0,0.0,0.0
1712633513,1368918,0,0.998046875,0.0,-0.00390625,-0.00390625,0.0,0.0,0.0
1712634764,1368919,0,1.005859375,-0.00390625,0.009765625,0.005859375,0.0,0.0,0.0
1712636015,1368920,0,0.99609375,-0.001953125,0.01171875,0.009765625,0.0,0.0,0.0
1712637270,1368921,0,0.998046875,0.001953125,-0.001953125,0.0,0.0,0.0,0.0
1712638521,1368922,0,1.001953125,0.0,0.00390625,0.00390625,0.0,0.0,0.0
1712639772,1368923,0,0.998046875,0.0,0.005859375,0.005859375,0.0,0.0,0.0
1712641024,1368924,0,1.001953125,-0.00390625,0.001953125,-0.001953125,0.0,0.0,0.0
1712642275,1368925,0,1.0078125,-0.00390625,0.001953125,-0.001953125,0.0,0.0,0.0
1712643527,1368926,0,1.005859375,-0.00390625,0.00390625,0.0,0.0,0.0,0.0
1712644778,1368927,0,1.0,0.001953125,-0.001953125,0.0,0.0,0.0,0.0
1712646028,1368928,0,1.0078125,-0.001953125,0.0,-0.001953125,0.0,0.0,0.0
1712647279,1368929,0,1.001953125,-0.001953125,0.00390625,0.001953125,0.0,0.0,0.0
1712648530,1368930,0,1.00390625,-0.00390625,0.00390625,0.0,0.0,0.0,0.0
1712649782,1368931,0,1.0078125,-0.001953125,-0.001953125,-0.00390625,0.0,0.0,0.0
1712651032,1368932,0,1.0078125,0.001953125,0.001953125,0.00390625,0.0,0.0,0.0
1712652282,1368933,0,1.0,-0.001953125,0.005859375,0.00390625,0.0,0.0,0.0
1712653532,1368934,0,1.001953125,0.00390625,0.0,0.00390625,0.0,0.0,0.0
1712654783,1368935,0,1.005859375,-0.001953125,0.00390625,0.001953125,0.0,0.0,0.0
1712656034,1368936,0,1.00390625,-0.005859375,-0.00390625,-0.009765625,0.0,0.0,0.0
1712657285,1368937,0,1.005859375,0.0,0.00390625,0.00390625,0.0,0.0,0.0
1712658537,1368938,0,1.015625,0.001953125,0.001953125,0.00390625,0.0,0.0,0.0
1712659789,1368939,0,1.009765625,-0.001953125,-0.001953125,-0.00390625,0.0,0.0,0.0
1712661039,1368940,0,0.998046875,-0.001953125,0.001953125,0.0,0.0,0.0,0.0
1712662290,1368941,0,1.0,-0.001953125,-0.001953125,-0.00390625,0.0,0.0,0.0
1712663541,1368942,0,1.0,0.0,0.001953125,0.001953125,0.0,0.0,0.0
1712664792,1368943,0,1.0,0.0,-0.001953125,-0.001953125,0.0,0.0,0.0
1712666042,1368944,0,0.998046875,-0.005859375,0.001953125,-0.00390625,0.0,0.0,0.0
1712667294,1368945,0,1.0078125,0.0,0.00390625,0.00390625,0.0,0.0,0.0
1712668545,1368946,0,1.005859375,0.0,0.001953125,0.001953125,0.0,0.0,0.0
1712669795,1368947,0,1.005859375,-0.001953125,0.001953125,0.0,0.0,0.0,0.0
1712671047,1368948,0,1.0078125,-0.00390625,0.0078125,0.00390625,0.0,0.0,0.0
1712672298,1368949,0,1.001953125,0.0,-0.001953125,-0.001953125,0.0,0.0,0.0
1712673549,1368950,0,1.001953125,-0.00390625,0.005859375,0.001953125,0.0,0.0,0.0
1712674800,1368951,0,1.00390625,-0.001953125,0.001953125,0.0,0.0,0.0,0.0
1712676050,1368952,0,1.0078125,-0.00390625,0.00390625,0.0,0.0,0.0,0.0
1712677301,1368953,0,1.005859375,-0.00390625,0.00390625,0.0,0.0,0.0,0.0
1712678551,1368954,0,1.0,-0.00390625,0.001953125,-0.001953125,0.0,0.0,0.0
1712679801,1368955,0,1.009765625,-0.001953125,0.00390625,0.001953125,0.0,0.0,0.0
1712681053,1368956,0,1.001953125,-0.001953125,0.0078125,0.005859375,0.0,0.0,0.0
1712682304,1368957,0,1.001953125,-0.0078125,0.005859375,-0.001953125,0.0,0.0,0.0
1712683554,1368958,0,1.0078125,-0.00390625,0.005859375,0.001953125,0.0,0.0,0.0
1712684805,1368959,0,1.001953125,-0.0078125,0.0,-0.0078125,0.0,0.0,0.0
1712686055,1368960,0,1.005859375,0.0,-0.001953125,-0.001953125,0.0,0.0,0.0
1712687306,1368961,0,1.01171875,-0.001953125,0.00390625,0.001953125,0.0,0.0,0.0
1712688556,1368962,0,1.0,0.001953125,0.001953125,0.00390625,0.0,0.0,0.0
1712689807,1368963,0,1.0078125,-0.001953125,0.00390625,0.001953125,0.0,0.0,0.0
1712691059,1368964,0,1.0078125,-0.001953125,0.0078125,0.005859375,0.0,0.0,0.0
1712692310,1368965,0,1.005859375,0.0,0.001953125,0.001953125,0.0,0.0,0.0
1712693562,1368966,0,1.0078125,-0.001953125,0.0,-0.001953125,0.0,0.0,0.0
1712694812,1368967,0,1.00390625,-0.00390625,0.00390625,0.0,0.0,0.0,0.0
1712696064,1368968,0,1.001953125,-0.0078125,-0.001953125,-0.009765625,0.0,0.0,0.0
1712697314,1368969,0,1.001953125,-0.00390625,0.0,-0.00390625,0.0,0.0,0.0
1712698565,1368970,0,1.0,-0.001953125,0.00390625,0.001953125,0.0,0.0,0.0
1712699816,1368971,0,1.009765625,-0.00390625,-0.001953125,-0.005859375,0.0,0.0,0.0
1712701066,1368972,0,1.00390625,-0.00390625,-0.001953125,-0.005859375,0.0,0.0,0.0
1712702317,1368973,0,1.0078125,-0.001953125,0.00390625,0.001953125,0.0,0.0,0.0
1712703569,1368974,0,1.00390625,-0.001953125,-0.00390625,-0.005859375,0.0,0.0,0.0
1712704819,1368975,0,1.0078125,0.0,-0.00390625,-0.00390625,0.0,0.0,0.0
1712706070,1368976,0,1.0078125,-0.001953125,0.00390625,0.001953125,0.0,0.0,0.0
1712707321,1368977,0,1.009765625,0.0078125,-0.001953125,0.005859375,0.0,0.0,0.0
1712708571,1368978,0,1.001953125,-0.00390625,0.005859375,0.001953125,0.0,0.0,0.0
1712709822,1368979,0,1.0078125,-0.001953125,0.005859375,0.00390625,0.0,0.0,0.0
1712711074,1368980,0,1.009765625,0.001953125,0.00390625,0.005859375,0.0,0.0,0.0
1712712324,1368981,0,1.015625,-0.001953125,0.01171875,0.009765625,0.0,0.0,0.0
1712713575,1368982,0,1.001953125,-0.001953125,0.001953125,0.0,0.0,0.0,0.0
1712714827,1368983,0,1.00390625,0.00390625,0.001953125,0.005859375,0.0,0.0,0.0
1712716077,1368984,0,1.0078125,0.0,0.0078125,0.0078125,0.0,0.0,0.0
1712717328,1368985,0,1.005859375,0.0,0.001953125,0.001953125,0.0,0.0,0.0
1712718580,1368986,0,1.0,0.0,0.001953125,0.001953125,0.0,0.0,0.0
1712719832,1368987,0,0.998046875,0.0,0.001953125,0.001953125,0.0,0.0,0.0
1712721082,1368988,0,0.998046875,-0.001953125,0.001953125,0.0,0.0,0.0,0.0
1712722333,1368989,0,1.0,-0.005859375,0.00390625,-0.001953125,0.0,0.0,0.0
1712723585,1368990,0,1.001953125,0.0,0.0,0.0,0.0,0.0,0.0
1712724835,1368991,0,1.001953125,-0.001953125,-0.001953125,-0.00390625,0.0,0.0,0.0
1712726086,1368992,0,1.00390625,-0.001953125,-0.001953125,-0.00390625,0.0,0.0,0.0
1712727338,1368993,0,1.00390625,-0.00390625,0.001953125,-0.001953125,0.0,0.0,0.0
1712728589,1368994,0,1.0078125,-0.001953125,0.0,-0.001953125,0.0,0.0,0.0
1712729840,1368995,0,1.01171875,0.0,0.0,0.0,0.0,0.0,0.0
1712731092,1368996,0,1.0078125,-0.001953125,0.001953125,0.0,0.0,0.0,0.0
1712732343,1368997,0,1.0,0.0,0.0078125,0.0078125,0.0,0.0,0.0
1712733594,1368998,0,1.00390625,0.0,-0.005859375,-0.005859375,0.0,0.0,0.0
1712734845,1368999,0,1.0078125,0.0,0.005859375,0.005859375,0.0,0.0,0.0
1712736096,1369000,0,1.001953125,0.0,0.005859375,0.005859375,0.0,0.0,0.0
1712737346,1369001,0,1.00390625,-0.001953125,0.001953125,0.0,0.0,0.0,0.0
1712738598,1369002,0,0.998046875,-0.005859375,0.0,-0.005859375,0.0,0.0,0.0
1712739849,1369003,0,0.998046875,-0.009765625,0.0,-0.009765625,0.0,0.0,0.0
1712741099,1369004,0,1.015625,-0.001953125,-0.001953125,-0.00390625,0.0,0.0,0.0
1712742350,1369005,0,1.001953125,0.001953125,-0.0078125,-0.005859375,0.0,0.0,0.0
1712743601,1369006,0,1.00390625,0.001953125,0.001953125,0.00390625,0.0,0.0,0.0
1712744852,1369007,0,1.0,0.0,0.001953125,0.001953125,0.0,0.0,0.0
1712746103,1369008,0,1.0078125,0.0,0.001953125,0.001953125,0.0,0.0,0.0
1712747354,1369009,0,1.0078125,0.001953125,0.001953125,0.00390625,0.0,0.0,0.0
1712748605,1369010,0,1.0,-0.001953125,0.005859375,0.00390625,0.0,0.0,0.0
1712749855,1369011,0,1.001953125,-0.00390625,0.00390625,0.0,0.0,0.0,0.0
1712751107,1369012,0,1.005859375,-0.00390625,0.005859375,0.001953125,0.0,0.0,0.0
1712752357,1369013,0,1.005859375,-0.001953125,0.0078125,0.005859375,0.0,0.0,0.0
1712753607,1369014,0,1.005859375,-0.001953125,0.013671875,0.01171875,0.0,0.0,0.0
1712754859,1369015,0,1.001953125,-0.00390625,0.005859375,0.001953125,0.0,0.0,0.0
1712756109,1369016,0,1.0,-0.005859375,0.00390625,-0.001953125,0.0,0.0,0.0
1712757361,1369017,0,1.0078125,-0.001953125,0.001953125,0.0,0.0,0.0,0.0
1712758611,1369018,0,1.0078125,-0.001953125,0.001953125,0.0,0.0,0.0,0.0
1712759861,1369019,0,1.00390625,0.001953125,0.001953125,0.00390625,0.0,0.0,0.0
1712761113,1369020,0,1.005859375,0.0,0.005859375,0.005859375,0.0,0.0,0.0
1712762364,1369021,0,1.0,-0.00390625,0.00390625,0.0,0.0,0.0,0.0
1712763616,1369022,0,1.001953125,-0.00390625,0.0,-0.00390625,0.0,0.0,0.0
1712764866,1369023,0,1.005859375,-0.00390625,0.001953125,-0.001953125,0.0,0.0,0.0
1712766118,1369024,0,1.0,-0.001953125,0.005859375,0.00390625,0.0,0.0,0.0
1712767368,1369025,0,1.001953125,0.0,0.001953125,0.001953125,0.0,0.0,0.0
1712768619,1369026,0,1.001953125,-0.001953125,0.001953125,0.0,0.0,0.0,0.0
1712769869,1369027,0,1.0,-0.00390625,0.00390625,0.0,0.0,0.0,0.0
1712771119,1369028,0,1.00390625,0.0,0.009765625,0.009765625,0.0,0.0,0.0
1712772371,1369029,0,1.005859375,-0.001953125,0.0,-0.001953125,0.0,0.0,0.0
1712773622,1369030,0,1.001953125,0.0,0.0,0.0,0.0,0.0,0.0
1712774874,1369031,0,1.005859375,-0.001953125,0.001953125,0.0,0.0,0.0,0.0
1712776124,1369032,0,1.005859375,-0.001953125,0.0,-0.001953125,0.0,0.0,0.0
1712777375,1369033,0,1.0,-0.00390625,0.0,-0.00390625,0.0,0.0,0.0
1712778625,1369034,0,0.998046875,0.00390625,0.001953125,0.005859375,0.0,0.0,0.0
1712779877,1369035,0,1.001953125,-0.001953125,0.00390625,0.001953125,0.0,0.0,0.0
1712781127,1369036,0,1.00390625,-0.001953125,0.005859375,0.00390625,0.0,0.0,0.0
1712782377,1369037,0,1.005859375,-0.00390625,0.0,-0.00390625,0.0,0.0,0.0
1712783629,1369038,0,1.001953125,0.0,0.00390625,0.00390625,0.0,0.0,0.0
1712784879,1369039,0,1.001953125,0.001953125,0.0,0.001953125,0.0,0.0,0.0
1712786130,1369040,0,1.0078125,-0.001953125,0.0,-0.001953125,0.0,0.0,0.0
1712787381,1369041,0,1.005859375,-0.005859375,-0.01171875,-0.017578125,0.0,0.0,0.0
1712788631,1369042,0,1.00390625,-0.001953125,0.005859375,0.00390625,0.0,0.0,0.0
1712789882,1369043,0,1.0,0.0,0.0,0.0,0.0,0.0,0.0
1712791133,1369044,0,1.015625,0.0,0.0078125,0.0078125,0.0,0.0,0.0
1712792384,1369045,0,0.998046875,0.0,0.009765625,0.009765625,0.0,0.0,0.0
1712793635,1369046,0,1.005859375,-0.001953125,0.01171875,0.009765625,0.0,0.0,0.0
1712794885,1369047,0,0.998046875,0.0,0.001953125,0.001953125,0.0,0.0,0.0
1712796136,1369048,0,1.00390625,-0.001953125,-0.005859375,-0.0078125,0.0,0.0,0.0
1712797387,1369049,0,0.994140625,-0.001953125,0.0078125,0.005859375,0.0,0.0,0.0
1712798638,1369050,0,0.99609375,0.0,-0.001953125,-0.001953125,0.0,0.0,0.0
1712799889,1369051,0,1.0078125,-0.00390625,0.001953125,-0.001953125,0.0,0.0,0.0
1712801140,1369052,0,1.005859375,-0.001953125,-0.00390625,-0.005859375,0.0,0.0,0.0
1712802392,1369053,0,1.0,-0.0078125,-0.001953125,-0.009765625,0.0,0.0,0.0
1712803642,1369054,0,1.0078125,-0.001953125,-0.01171875,-0.013671875,0.0,0.0,0.0
1712804894,1369055,0,1.001953125,-0.001953125,0.005859375,0.00390625,0.0,0.0,0.0
1712806145,1369056,0,1.001953125,-0.001953125,-0.001953125,-0.00390625,0.0,0.0,0.0
1712807395,1369057,0,1.00390625,0.0,0.001953125,0.001953125,0.0,0.0,0.0
1712808646,1369058,0,1.00390625,-0.00390625,0.00390625,0.0,0.0,0.0,0.0
1712809898,1369059,0,1.005859375,0.0,0.009765625,0.009765625,0.0,0.0,0.0
1712811149,1369060,0,1.0078125,-0.001953125,0.0,-0.001953125,0.0,0.0,0.0
1712812400,1369061,0,1.0078125,0.0,0.005859375,0.005859375,0.0,0.0,0.0
1712813651,1369062,0,1.001953125,0.005859375,0.001953125,0.0078125,0.0,0.0,0.0
1712814902,1369063,0,1.001953125,-0.005859375,0.005859375,0.0,0.0,0.0,0.0
1712816154,1369064,0,1.001953125,-0.001953125,0.005859375,0.00390625,0.0,0.0,0.0
1712817405,1369065,0,0.994140625,0.00390625,0.001953125,0.005859375,0.0,0.0,0.0
1712818657,1369066,0,1.001953125,-0.00390625,0.013671875,0.009765625,0.0,0.0,0.0
1712819907,1369067,0,0.99609375,0.0,0.001953125,0.001953125,0.0,0.0,0.0
1712821158,1369068,0,1.001953125,-0.0078125,0.009765625,0.001953125,0.0,0.0,0.0
1712822409,1369069,0,1.00390625,-0.001953125,0.0,-0.001953125,0.0,0.0,0.0
1712823660,1369070,0,1.01171875,-0.001953125,0.00390625,0.001953125,0.0,0.0,0.0
1712824911,1369071,0,1.0078125,0.001953125,0.01171875,0.013671875,0.0,0.0,0.0
1712826161,1369072,0,1.0,-0.001953125,0.001953125,0.0,0.0,0.0,0.0
1712827412,1369073,0,1.0078125,-0.005859375,0.0,-0.005859375,0.0,0.0,0.0
1712828664,1369074,0,1.0,0.0,0.00390625,0.00390625,0.0,0.0,0.0
1712829915,1369075,0,1.005859375,0.0,-0.005859375,-0.005859375,0.0,0.0,0.0
1712831166,1369076,0,1.001953125,-0.001953125,0.00390625,0.001953125,0.0,0.0,0.0
1712832417,1369077,0,1.00390625,-0.001953125,0.00390625,0.001953125,0.0,0.0,0.0
1712833668,1369078,0,1.00390625,-0.005859375,-0.001953125,-0.0078125,0.0,0.0,0.0
1712834920,1369079,0,1.005859375,-0.001953125,0.001953125,0.0,0.0,0.0,0.0
1712836172,1369080,0,1.0,0.0,0.0,0.0,0.0,0.0,0.0
1712837422,1369081,0,1.00390625,-0.001953125,0.0,-0.001953125,0.0,0.0,0.0
1712838673,1369082,0,1.0078125,0.0,-0.001953125,-0.001953125,0.0,0.0,0.0
1712839924,1369083,0,1.001953125,-0.005859375,0.0,-0.005859375,0.0,0.0,0.0
1712841174,1369084,0,1.001953125,0.001953125,0.001953125,0.00390625,0.0,0.0,0.0
1712842425,1369085,0,1.001953125,0.005859375,-0.005859375,0.0,0.0,0.0,0.0
1712843676,1369086,0,1.001953125,-0.001953125,-0.001953125,-0.00390625,0.0,0.0,0.0
1712844927,1369087,0,0.99609375,-0.001953125,0.005859375,0.00390625,0.0,0.0,0.0
1712846177,1369088,0,1.00390625,0.0,0.005859375,0.005859375,0.0,0.0,0.0
1712847427,1369089,0,1.0,-0.00390625,0.001953125,-0.001953125,0.0,0.0,0.0
1712848679,1369090,0,0.994140625,-0.005859375,0.001953125,-0.00390625,0.0,0.0,0.0
1712849929,1369091,0,0.99609375,-0.001953125,-0.0078125,-0.009765625,0.0,0.0,0.0
1712851179,1369092,0,1.005859375,0.0,0.00390625,0.00390625,0.0,0.0,0.0
1712852431,1369093,0,1.001953125,-0.001953125,-0.001953125,-0.00390625,0.0,0.0,0.0
1712853681,1369094,0,1.00390625,0.0,0.001953125,0.001953125,0.0,0.0,0.0
1712854932,1369095,0,1.0,0.0,0.001953125,0.001953125,0.0,0.0,0.0
1712856182,1369096,0,1.001953125,-0.001953125,0.001953125,0.0,0.0,0.0,0.0
1712857432,1369097,0,1.009765625,-0.00390625,-0.001953125,-0.005859375,0.0,0.0,0.0
1712858684,1369098,0,1.001953125,-0.001953125,0.005859375,0.00390625,0.0,0.0,0.0
1712859934,1369099,0,0.99609375,-0.001953125,0.001953125,0.0,0.0,0.0,0.0
1712861184,1369100,0,1.001953125,-0.001953125,0.00390625,0.001953125,0.0,0.0,0.0
1712862436,1369101,0,1.00390625,0.001953125,0.00390625,0.005859375,0.0,0.0,0.0
1712863686,1369102,0,1.005859375,0.0,0.00390625,0.00390625,0.0,0.0,0.0
1712864937,1369103,0,1.005859375,0.0,0.00390625,0.00390625,0.0,0.0,0.0
1712866188,1369104,0,1.001953125,0.0,0.001953125,0.001953125,0.0,0.0,0.0
1712867439,1369105,0,1.00390625,-0.001953125,0.013671875,0.01171875,0.0,0.0,0.0
1712868691,1369106,0,1.017578125,-0.0078125,0.0,-0.0078125,0.0,0.0,0.0
1712869942,1369107,0,1.01171875,0.001953125,0.00390625,0.005859375,0.0,0.0,0.0
1712871192,1369108,0,1.0,0.0,-0.001953125,-0.001953125,0.0,0.0,0.0
1712872443,1369109,0,1.001953125,-0.001953125,0.001953125,0.0,0.0,0.0,0.0
1712873695,1369110,0,1.005859375,-0.00390625,0.0,-0.00390625,0.0,0.0,0.0
1712874945,1369111,0,1.013671875,-0.005859375,-0.005859375,-0.01171875,0.0,0.0,-1.1240311381772466e+22
1712877448,1369113,0,1.00390625,-0.00390625,0.0,-0.00390625,0.0,0.0,0.0
1712878698,1369114,0,1.00390625,-0.00390625,0.005859375,0.001953125,0.0,0.0,0.0
1712879949,1369115,0,1.0078125,0.0,-0.001953125,-0.001953125,0.0,0.0,0.0
1712881199,1369116,0,1.009765625,0.0,-0.00390625,-0.00390625,0.0,0.0,0.0
1712882449,1369117,0,1.005859375,0.0,0.005859375,0.005859375,0.0,0.0,0.0
1712883701,1369118,0,1.0078125,0.0,0.0078125,0.0078125,0.0,0.0,0.0
1712884951,1369119,0,1.005859375,-0.00390625,0.001953125,-0.001953125,0.0,0.0,0.0
1712886202,1369120,0,1.0,0.0,0.0078125,0.0078125,0.0,0.0,0.0
1712887453,1369121,0,1.005859375,-0.001953125,0.00390625,0.001953125,0.0,0.0,0.0
1712888704,1369122,0,1.001953125,0.001953125,0.00390625,0.005859375,0.0,0.0,0.0
1712889954,1369123,0,1.00390625,-0.001953125,0.0078125,0.005859375,0.0,0.0,0.0
1712891205,1369124,0,1.005859375,0.0,0.00390625,0.00390625,0.0,0.0,0.0
1712892457,1369125,0,1.0078125,-0.00390625,0.0,-0.00390625,0.0,0.0,0.0
1712893707,1369126,0,1.005859375,-0.001953125,0.005859375,0.00390625,0.0,0.0,0.0
1712894959,1369127,0,0.998046875,0.0,0.005859375,0.005859375,0.0,0.0,0.0
1712896209,1369128,0,1.013671875,0.001953125,0.005859375,0.0078125,0.0,0.0,0.0
1712897460,1369129,0,1.0078125,0.0,0.0078125,0.0078125,0.0,0.0,0.0
1712898711,1369130,0,0.998046875,-0.001953125,0.01171875,0.009765625,0.0,0.0,0.0
1712899961,1369131,0,1.005859375,0.001953125,0.00390625,0.005859375,0.0,0.0,0.0
1712901211,1369132,0,0.998046875,-0.001953125,-0.001953125,-0.00390625,0.0,0.0,0.0
1712902461,1369133,0,1.005859375,-0.001953125,0.01171875,0.009765625,0.0,0.0,0.0
1712903712,1369134,0,1.005859375,-0.001953125,0.00390625,0.001953125,0.0,0.0,0.0
1712904962,1369135,0,1.0078125,-0.001953125,0.00390625,0.001953125,0.0,0.0,0.0
1712906212,1369136,0,1.001953125,0.001953125,0.001953125,0.00390625,0.0,0.0,0.0
1712907463,1369137,0,1.00390625,0.0,0.00390625,0.00390625,0.0,0.0,0.0
1712908713,1369138,0,1.001953125,-0.001953125,0.001953125,0.0,0.0,0.0,0.0
1712909965,1369139,0,1.00390625,-0.001953125,0.0,-0.001953125,0.0,0.0,0.0
1712911216,1369140,0,1.009765625,0.001953125,0.00390625,0.005859375,0.0,0.0,0.0
1712912468,1369141,0,1.005859375,-0.001953125,-0.001953125,-0.00390625,0.0,0.0,0.0
1712913718,1369142,0,1.005859375,-0.001953125,0.005859375,0.00390625,0.0,0.0,0.0
1712914970,1369143,0,1.0078125,0.0,0.0078125,0.0078125,0.0,0.0,0.0
1712916221,1369144,0,1.0,0.0,0.00390625,0.00390625,0.0,0.0,0.0
1712917471,1369145,0,1.0,-0.001953125,-0.001953125,-0.00390625,0.0,0.0,0.0
1712918722,1369146,0,1.005859375,-0.001953125,0.0,-0.001953125,0.0,0.0,0.0
1712919973,1369147,0,1.0078125,-0.005859375,0.0078125,0.001953125,0.0,0.0,0.0
1712921225,1369148,0,1.0078125,-0.00390625,0.001953125,-0.001953125,0.0,0.0,0.0
1712922477,1369149,0,1.01171875,-0.001953125,0.001953125,0.0,0.0,0.0,0.0
1712923728,1369150,0,1.015625,-0.001953125,0.001953125,0.0,0.0,0.0,0.0
1712924978,1369151,0,1.013671875,-0.005859375,0.00390625,-0.001953125,0.0,0.0,0.0
1712926229,1369152,0,1.0,0.001953125,-0.001953125,0.0,0.0,0.0,0.0
1712927481,1369153,0,1.005859375,0.0,0.001953125,0.001953125,0.0,0.0,0.0
1712928731,1369154,0,1.0078125,0.0,-0.001953125,-0.001953125,0.0,0.0,0.0
1712929982,1369155,0,1.0,0.0,0.0,0.0,0.0,0.0,0.0
1712931233,1369156,0,1.005859375,-0.00390625,0.00390625,0.0,0.0,0.0,0.0
1712932483,1369157,0,1.001953125,-0.001953125,-0.001953125,-0.00390625,0.0,0.0,0.0
1712933734,1369158,0,1.005859375,0.001953125,0.0,0.001953125,0.0,0.0,0.0
1712934984,1369159,0,0.99609375,-0.00390625,0.0078125,0.00390625,0.0,0.0,0.0
1712936235,1369160,0,1.001953125,0.0,0.0,0.0,0.0,0.0,0.0
1712937486,1369161,0,1.005859375,-0.005859375,0.0,-0.005859375,0.0,0.0,0.0
1712938736,1369162,0,1.00390625,-0.00390625,-0.001953125,-0.005859375,0.0,0.0,0.0
1712939987,1369163,0,1.005859375,-0.001953125,0.00390625,0.001953125,0.0,0.0,0.0
1712941238,1369164,0,1.00390625,-0.001953125,0.001953125,0.0,0.0,0.0,0.0
1712942489,1369165,0,1.005859375,-0.001953125,0.0078125,0.005859375,0.0,0.0,0.0
1712943739,1369166,0,1.0,-0.001953125,-0.001953125,-0.00390625,0.0,0.0,0.0
1712944990,1369167,0,1.0,0.0,0.001953125,0.001953125,0.0,0.0,0.0
1712946241,1369168,0,1.0,0.001953125,0.001953125,0.00390625,0.0,0.0,0.0
1712947492,1369169,0,1.0078125,0.001953125,0.0,0.001953125,0.0,0.0,0.0
1712948742,1369170,0,1.001953125,0.005859375,-0.001953125,0.00390625,0.0,0.0,0.0
1712949993,1369171,0,1.00390625,-0.001953125,0.001953125,0.0,0.0,0.0,0.0
1712951244,1369172,0,1.00390625,-0.001953125,-0.001953125,-0.00390625,0.0,0.0,0.0
1712952494,1369173,0,1.013671875,-0.00390625,0.00390625,0.0,0.0,0.0,0.0
1712953746,1369174,0,1.005859375,0.0,-0.001953125,-0.001953125,0.0,0.0,0.0
1712954997,1369175,0,0.998046875,0.0,0.005859375,0.005859375,0.0,0.0,0.0
1712956248,1369176,0,1.0,-0.001953125,0.005859375,0.00390625,0.0,0.0,0.0
1712957499,1369177,0,1.0078125,-0.001953125,0.0078125,0.005859375,0.0,0.0,0.0
1712958750,1369178,0,1.00390625,-0.001953125,0.00390625,0.001953125,0.0,0.0,0.0
1712960001,1369179,0,1.005859375,-0.001953125,0.00390625,0.001953125,0.0,0.0,0.0
1712961252,1369180,0,1.0,0.0,-0.001953125,-0.001953125,0.0,0.0,0.0
1712962502,1369181,0,1.005859375,-0.001953125,0.001953125,0.0,0.0,0.0,0.0
1712963753,1369182,0,1.00390625,0.0,-0.001953125,-0.001953125,0.0,0.0,0.0
1712965004,1369183,0,1.0,0.0,0.001953125,0.001953125,0.0,0.0,0.0
1712966255,1369184,0,1.00390625,0.001953125,0.001953125,0.00390625,0.0,0.0,0.0
1712967505,1369185,0,1.005859375,0.0,0.0078125,0.0078125,0.0,0.0,0.0
1712968756,1369186,0,1.00390625,0.0,0.00390625,0.00390625,0.0,0.0,0.0
1712970008,1369187,0,1.0078125,-0.005859375,0.00390625,-0.001953125,0.0,0.0,0.0
1712971258,1369188,0,1.005859375,-0.001953125,0.0,-0.001953125,0.0,0.0,0.0
1712972509,1369189,0,1.00390625,0.001953125,0.001953125,0.00390625,0.0,0.0,0.0
1712973759,1369190,0,1.00390625,-0.001953125,0.0,-0.001953125,0.0,0.0,0.0
1712975010,1369191,0,1.001953125,-0.001953125,0.00390625,0.001953125,0.0,0.0,0.0
1712976261,1369192,0,1.00390625,-0.005859375,-0.00390625,-0.009765625,0.0,0.0,0.0
1712977513,1369193,0,1.009765625,-0.001953125,-0.001953125,-0.00390625,0.0,0.0,0.0
1712978764,1369194,0,1.00390625,0.001953125,0.00390625,0.005859375,0.0,0.0,0.0
1712980015,1369195,0,1.001953125,-0.005859375,-0.00390625,-0.009765625,0.0,0.0,0.0
1712981270,1369196,0,1.013671875,-0.0078125,0.0,-0.0078125,0.0,0.0,0.0
1712982521,1369197,0,0.998046875,-0.00390625,0.0078125,0.00390625,0.0,0.0,0.0
1712983772,1369198,0,1.005859375,-0.00390625,0.00390625,0.0,0.0,0.0,0.0
1712985024,1369199,0,1.0078125,0.0,0.00390625,0.00390625,0.0,0.0,0.0
1712986275,1369200,0,1.0078125,0.0,0.001953125,0.001953125,0.0,0.0,0.0
1712987527,1369201,0,1.0,-0.00390625,0.0078125,0.00390625,0.0,0.0,0.0
1712988778,1369202,0,1.00390625,0.0,0.0,0.0,0.0,0.0,0.0
1712990028,1369203,0,1.0078125,-0.00390625,-0.00390625,-0.0078125,0.0,0.0,0.0
1712991279,1369204,0,1.001953125,-0.005859375,0.001953125,-0.00390625,0.0,0.0,0.0
1712992530,1369205,0,1.0,0.001953125,0.0,0.001953125,0.0,0.0,0.0
1712993782,1369206,0,1.0078125,-0.005859375,-0.001953125,-0.0078125,0.0,0.0,0.0
1712995032,1369207,0,1.005859375,-0.00390625,0.00390625,0.0,0.0,0.0,0.0
1712996282,1369208,0,1.005859375,-0.001953125,0.0078125,0.005859375,0.0,0.0,0.0
1712997532,1369209,0,1.001953125,0.0,0.001953125,0.001953125,0.0,0.0,0.0
1712998783,1369210,0,1.00390625,0.0,0.005859375,0.005859375,0.0,0.0,0.0
1713000034,1369211,0,1.005859375,-0.00390625,0.0,-0.00390625,0.0,0.0,0.0
1713001285,1369212,0,0.99609375,-0.00390625,0.005859375,0.001953125,0.0,0.0,0.0
1713002537,1369213,0,1.009765625,-0.001953125,0.001953125,0.0,0.0,0.0,0.0
1713003789,1369214,0,1.0,0.0,0.00390625,0.00390625,0.0,0.0,0.0
1713005039,1369215,0,1.013671875,-0.001953125,0.001953125,0.0,0.0,0.0,0.0
1713006290,1369216,0,0.998046875,0.0,-0.00390625,-0.00390625,0.0,0.0,0.0
1713007541,1369217,0,1.001953125,-0.009765625,-0.0078125,-0.017578125,0.0,0.0,0.0
1713008792,1369218,0,1.001953125,-0.001953125,-0.00390625,-0.005859375,0.0,0.0,0.0
1713010042,1369219,0,1.001953125,0.0,0.0,0.0,0.0,0.0,0.0
1713011294,1369220,0,1.005859375,-0.00390625,0.00390625,0.0,0.0,0.0,0.0
1713012545,1369221,0,1.00390625,-0.001953125,0.00390625,0.001953125,0.0,0.0,0.0
1713013795,1369222,0,1.0,-0.005859375,0.0,-0.005859375,0.0,0.0,0.0
1713015047,1369223,0,1.0,-0.005859375,-0.00390625,-0.009765625,0.0,0.0,0.0
1713016298,1369224,0,1.0078125,-0.001953125,0.00390625,0.001953125,0.0,0.0,0.0
1713017549,1369225,0,1.0,-0.001953125,0.0,-0.001953125,0.0,0.0,0.0
1713018800,1369226,0,1.0078125,0.0,0.0,0.0,0.0,0.0,0.0
1713020050,1369227,0,1.005859375,-0.005859375,0.001953125,-0.00390625,0.0,0.0,0.0
1713021301,1369228,0,1.0078125,-0.001953125,0.001953125,0.0,0.0,0.0,0.0
1713022552,1369229,0,0.998046875,0.0,0.0,0.0,0.0,0.0,0.0
1713023803,1369230,0,1.00390625,0.001953125,0.001953125,0.00390625,0.0,0.0,0.0
1713025053,1369231,0,1.001953125,-0.005859375,0.0,-0.005859375,0.0,0.0,0.0
1713026305,1369232,0,1.00390625,-0.001953125,0.001953125,0.0,0.0,0.0,0.0
1713027557,1369233,0,1.01171875,0.0,0.005859375,0.005859375,0.0,0.0,0.0
1713028808,1369234,0,1.0,0.0,0.001953125,0.001953125,0.0,0.0,0.0
1713030059,1369235,0,1.0078125,0.0,0.013671875,0.013671875,0.0,0.0,0.0
1713031310,1369236,0,1.01171875,-0.001953125,0.0078125,0.005859375,0.0,0.0,0.0
1713032562,1369237,0,1.005859375,-0.001953125,0.001953125,0.0,0.0,0.0,0.0
1713033812,1369238,0,1.005859375,0.0,0.009765625,0.009765625,0.0,0.0,0.0
1713035064,1369239,0,1.005859375,-0.001953125,0.00390625,0.001953125,0.0,0.0,0.0
1713036314,1369240,0,1.001953125,-0.00390625,0.001953125,-0.001953125,0.0,0.0,0.0
1713037565,1369241,0,1.001953125,-0.0078125,0.001953125,-0.005859375,0.0,0.0,0.0
1713038816,1369242,0,1.0078125,0.0,0.00390625,0.00390625,0.0,0.0,0.0
1713040066,1369243,0,1.0078125,-0.00390625,0.0,-0.00390625,0.0,0.0,0.0
1713041317,1369244,0,1.005859375,0.0,0.0,0.0,0.0,0.0,0.0
1713042569,1369245,0,1.00390625,-0.005859375,0.00390625,-0.001953125,0.0,0.0,0.0
1713043819,1369246,0,1.0,-0.001953125,0.001953125,0.0,0.0,0.0,0.0
1713045070,1369247,0,1.0,0.0,0.005859375,0.005859375,0.0,0.0,0.0
1713046321,1369248,0,1.005859375,-0.00390625,0.0,-0.00390625,0.0,0.0,0.0
1713047571,1369249,0,1.00390625,-0.001953125,0.0,-0.001953125,0.0,0.0,0.0
1713048822,1369250,0,1.0,0.0,0.001953125,0.001953125,0.0,0.0,0.0
1713050074,1369251,0,1.00390625,-0.001953125,0.005859375,0.00390625,0.0,0.0,0.0
1713051324,1369252,0,1.001953125,-0.00390625,0.0,-0.00390625,0.0,0.0,0.0
1713052575,1369253,0,1.009765625,0.0,0.009765625,0.009765625,0.0,0.0,0.0
1713053827,1369254,0,1.00390625,0.001953125,-0.005859375,-0.00390625,0.0,0.0,0.0
1713055077,1369255,0,1.0078125,-0.009765625,0.0,-0.009765625,0.0,0.0,0.0
1713056328,1369256,0,1.009765625,0.0,0.005859375,0.005859375,0.0,0.0,0.0
1713057580,1369257,0,1.001953125,0.0,-0.00390625,-0.00390625,0.0,0.0,0.0
1713058832,1369258,0,1.013671875,-0.001953125,-0.0078125,-0.009765625,0.0,0.0,0.0
1713060082,1369259,0,1.0078125,-0.00390625,0.005859375,0.001953125,0.0,0.0,0.0
1713061333,1369260,0,1.00390625,-0.001953125,0.001953125,0.0,0.0,0.0,0.0
1713062585,1369261,0,1.001953125,-0.001953125,0.00390625,0.001953125,0.0,0.0,0.0
1713063835,1369262,0,1.001953125,-0.001953125,0.005859375,0.00390625,0.0,0.0,0.0
1713065086,1369263,0,1.005859375,-0.001953125,0.0,-0.001953125,0.0,0.0,0.0
1713066338,1369264,0,1.001953125,0.0,0.005859375,0.005859375,0.0,0.0,0.0
1713067589,1369265,0,1.005859375,-0.001953125,0.001953125,0.0,0.0,0.0,0.0
1713068840,1369266,0,1.0078125,-0.001953125,-0.001953125,-0.00390625,0.0,0.0,0.0
1713070092,1369267,0,1.00390625,-0.001953125,0.001953125,0.0,0.0,0.0,0.0
1713071343,1369268,0,1.001953125,-0.001953125,0.0,-0.001953125,0.0,0.0,0.0
1713072594,1369269,0,1.0078125,0.0,0.001953125,0.001953125,0.0,0.0,0.0
1713073845,1369270,0,1.0,-0.005859375,0.001953125,-0.00390625,0.0,0.0,0.0
1713075096,1369271,0,1.00390625,0.0,0.0,0.0,0.0,0.0,0.0
1713076346,1369272,0,1.0,-0.001953125,0.001953125,0.0,0.0,0.0,0.0
1713077598,1369273,0,1.00390625,-0.00390625,0.001953125,-0.001953125,0.0,0.0,0.0
1713078849,1369274,0,1.001953125,0.0,0.005859375,0.005859375,0.0,0.0,0.0
1713080099,1369275,0,1.00390625,-0.001953125,-0.001953125,-0.00390625,0.0,0.0,0.0
1713081350,1369276,0,1.005859375,-0.001953125,0.0,-0.001953125,0.0,0.0,0.0
1713082601,1369277,0,1.005859375,0.0,-0.0078125,-0.0078125,0.0,0.0,0.0
1713083852,1369278,0,1.00390625,-0.00390625,-0.00390625,-0.0078125,0.0,0.0,0.0
1713085103,1369279,0,1.01171875,0.001953125,0.005859375,0.0078125,0.0,0.0,0.0
1713086354,1369280,0,0.998046875,-0.005859375,0.0,-0.005859375,0.0,0.0,0.0
1713087605,1369281,0,1.005859375,0.0,-0.00390625,-0.00390625,0.0,0.0,0.0
1713088855,1369282,0,1.009765625,-0.001953125,0.00390625,0.001953125,0.0,0.0,0.0
1713090107,1369283,0,0.994140625,-0.001953125,0.0,-0.001953125,0.0,0.0,0.0
1713091357,1369284,0,1.005859375,-0.00390625,0.0,-0.00390625,0.0,0.0,0.0
1713092607,1369285,0,1.00390625,-0.001953125,0.001953125,0.0,0.0,0.0,0.0
1713093859,1369286,0,1.005859375,-0.00390625,0.005859375,0.001953125,0.0,0.0,0.0
1713095109,1369287,0,1.005859375,-0.001953125,0.005859375,0.00390625,0.0,0.0,0.0
1713096361,1369288,0,1.001953125,-0.001953125,0.00390625,0.001953125,0.0,0.0,0.0
1713097611,1369289,0,1.005859375,-0.001953125,0.00390625,0.001953125,0.0,0.0,0.0
1713098861,1369290,0,1.00390625,-0.005859375,0.005859375,0.0,0.0,0.0,0.0
1713100113,1369291,0,1.009765625,-0.00390625,0.001953125,-0.001953125,0.0,0.0,0.0
1713101364,1369292,0,1.005859375,0.0,0.00390625,0.00390625,0.0,0.0,0.0
1713102616,1369293,0,1.005859375,-0.00390625,0.00390625,0.0,0.0,0.0,0.0
1713103866,1369294,0,1.00390625,0.001953125,-0.001953125,0.0,0.0,0.0,0.0
1713105118,1369295,0,1.00390625,-0.005859375,0.00390625,-0.001953125,0.0,0.0,0.0
1713106368,1369296,0,1.005859375,-0.00390625,0.0078125,0.00390625,0.0,0.0,0.0
1713107619,1369297,0,1.00390625,-0.001953125,0.005859375,0.00390625,0.0,0.0,0.0
1713108869,1369298,0,0.99609375,-0.00390625,-0.005859375,-0.009765625,0.0,0.0,0.0
1713110119,1369299,0,1.0078125,-0.0078125,0.0078125,0.0,0.0,0.0,0.0
1713111371,1369300,0,1.009765625,0.0,0.005859375,0.005859375,0.0,0.0,0.0
1713112622,1369301,0,1.0078125,-0.0078125,-0.001953125,-0.009765625,0.0,0.0,0.0
1713113874,1369302,0,1.01171875,-0.001953125,0.001953125,0.0,0.0,0.0,0.0
1713115124,1369303,0,1.0,-0.001953125,0.001953125,0.0,0.0,0.0,0.0
1713116375,1369304,0,1.005859375,-0.00390625,0.0078125,0.00390625,0.0,0.0,0.0
1713117625,1369305,0,1.001953125,-0.001953125,-0.00390625,-0.005859375,0.0,0.0,0.0
1713118877,1369306,0,1.005859375,-0.001953125,0.00390625,0.001953125,0.0,0.0,0.0
1713120127,1369307,0,1.005859375,0.0,-0.001953125,-0.001953125,0.0,0.0,0.0
1713121377,1369308,0,1.0078125,0.0,0.0,0.0,0.0,0.0,0.0
1713122629,1369309,0,0.998046875,0.001953125,0.00390625,0.005859375,0.0,0.0,0.0
1713123879,1369310,0,1.001953125,-0.00390625,0.001953125,-0.001953125,0.0,0.0,0.0
1713125130,1369311,0,1.00390625,-0.001953125,0.001953125,0.0,0.0,0.0,0.0
1713126381,1369312,0,1.001953125,0.001953125,0.001953125,0.00390625,0.0,0.0,0.0
1713127631,1369313,0,1.001953125,-0.001953125,0.00390625,0.001953125,0.0,0.0,0.0
1713128882,1369314,0,1.001953125,-0.00390625,0.00390625,0.0,0.0,0.0,0.0
1713130133,1369315,0,1.0,0.0,0.0,0.0,0.0,0.0,0.0
1713131384,1369316,0,1.001953125,-0.00390625,0.00390625,0.0,0.0,0.0,0.0
1713132635,1369317,0,1.005859375,-0.005859375,0.0078125,0.001953125,0.0,0.0,0.0
1713133885,1369318,0,1.009765625,-0.00390625,0.0,-0.00390625,0.0,0.0,0.0
1713135136,1369319,0,1.001953125,0.0,0.0,0.0,0.0,0.0,0.0
1713136387,1369320,0,0.998046875,-0.001953125,-0.00390625,-0.005859375,0.0,0.0,0.0
1713137638,1369321,0,1.00390625,0.0,0.001953125,0.001953125,0.0,0.0,0.0
1713138889,1369322,0,1.0078125,-0.001953125,0.0078125,0.005859375,0.0,0.0,0.0
1713140140,1369323,0,1.0,-0.001953125,-0.001953125,-0.00390625,0.0,0.0,0.0
1713141392,1369324,0,1.005859375,-0.001953125,0.00390625,0.001953125,0.0,0.0,0.0
1713142642,1369325,0,1.001953125,0.0,0.0078125,0.0078125,0.0,0.0,0.0
1713143894,1369326,0,1.005859375,0.0,0.00390625,0.00390625,0.0,0.0,0.0
1713145145,1369327,0,1.00390625,0.0,-0.001953125,-0.001953125,0.0,0.0,0.0
1713146395,1369328,0,1.0,-0.00390625,0.001953125,-0.001953125,0.0,0.0,0.0
1713147646,1369329,0,1.00390625,0.0,0.005859375,0.005859375,0.0,0.0,0.0
1713148898,1369330,0,1.00390625,0.0,0.001953125,0.001953125,0.0,0.0,0.0
1713150149,1369331,0,1.00390625,-0.001953125,0.0,-0.001953125,0.0,0.0,0.0
1713151400,1369332,0,0.998046875,-0.001953125,0.001953125,0.0,0.0,0.0,0.0
1713152651,1369333,0,1.005859375,0.0,0.00390625,0.00390625,0.0,0.0,0.0
1713153902,1369334,0,1.00390625,0.0,0.001953125,0.001953125,0.0,0.0,0.0
1713155154,1369335,0,1.0078125,-0.001953125,0.001953125,0.0,0.0,0.0,0.0
1713156405,1369336,0,0.998046875,-0.001953125,0.001953125,0.0,0.0,0.0,0.0
1713157657,1369337,0,1.005859375,-0.00390625,0.00390625,0.0,0.0,0.0,0.0
1713158907,1369338,0,1.005859375,0.005859375,-0.00390625,0.001953125,0.0,0.0,0.0
1713160158,1369339,0,1.0078125,-0.001953125,-0.0078125,-0.009765625,0.0,0.0,0.0
1713161409,1369340,0,1.013671875,0.005859375,0.0,0.005859375,0.0,0.0,0.0
1713162660,1369341,0,1.0,-0.001953125,0.00390625,0.001953125,0.0,0.0,0.0
1713163911,1369342,0,1.015625,-0.001953125,0.0078125,0.005859375,0.0,0.0,0.0
1713165161,1369343,0,1.001953125,0.00390625,0.009765625,0.013671875,0.0,0.0,0.0
1713166412,1369344,0,1.001953125,0.0,-0.001953125,-0.001953125,0.0,0.0,0.0
1713167664,1369345,0,0.998046875,0.0,0.001953125,0.001953125,0.0,0.0,0.0
1713168915,1369346,0,1.00390625,-0.001953125,0.0,-0.001953125,0.0,0.0,0.0
1713170166,1369347,0,1.00390625,-0.001953125,0.0078125,0.005859375,0.0,0.0,0.0
1713171417,1369348,0,1.00390625,-0.00390625,0.0,-0.00390625,0.0,0.0,0.0
1713172668,1369349,0,1.005859375,-0.0078125,0.0,-0.0078125,0.0,0.0,0.0
1713173920,1369350,0,1.001953125,-0.001953125,0.0,-0.001953125,0.0,0.0,0.0
1713175172,1369351,0,1.001953125,-0.001953125,0.001953125,0.0,0.0,0.0,0.0
1713176422,1369352,0,1.009765625,0.0,0.009765625,0.009765625,0.0,0.0,0.0
1713177673,1369353,0,0.99609375,0.0,0.0,0.0,0.0,0.0,0.0
1713178924,1369354,0,1.001953125,-0.001953125,0.005859375,0.00390625,0.0,0.0,0.0
1713180174,1369355,0,1.001953125,0.0,0.005859375,0.005859375,0.0,0.0,0.0
1713181425,1369356,0,1.0078125,-0.001953125,0.0,-0.001953125,0.0,0.0,0.0
1713182676,1369357,0,1.0078125,-0.001953125,0.005859375,0.00390625,0.0,0.0,0.0
1713183927,1369358,0,1.0078125,0.0,0.0078125,0.0078125,0.0,0.0,0.0
1713185177,1369359,0,1.005859375,0.0,0.00390625,0.00390625,0.0,0.0,0.0
1713186427,1369360,0,1.00390625,-0.001953125,0.005859375,0.00390625,0.0,0.0,0.0
1713187679,1369361,0,1.0078125,0.001953125,0.001953125,0.00390625,0.0,0.0,0.0
1713188929,1369362,0,1.005859375,-0.00390625,0.005859375,0.001953125,0.0,0.0,0.0
1713190179,1369363,0,1.001953125,-0.001953125,0.0078125,0.005859375,0.0,0.0,0.0
1713191431,1369364,0,1.005859375,0.0,0.0,0.0,0.0,0.0,0.0
1713192681,1369365,0,1.0,0.0,0.009765625,0.009765625,0.0,0.0,0.0
1713193932,1369366,0,0.998046875,-0.001953125,0.0,-0.001953125,0.0,0.0,0.0
1713195182,1369367,0,1.001953125,-0.00390625,0.001953125,-0.001953125,0.0,0.0,0.0
1713196432,1369368,0,0.998046875,0.001953125,0.0,0.001953125,0.0,0.0,0.0
1713197684,1369369,0,1.00390625,0.0,0.00390625,0.00390625,0.0,0.0,0.0
1713198934,1369370,0,1.005859375,0.0,0.005859375,0.005859375,0.0,0.0,0.0
1713200184,1369371,0,1.005859375,0.0,0.001953125,0.001953125,0.0,0.0,0.0
1713201436,1369372,0,1.001953125,-0.001953125,0.00390625,0.001953125,0.0,0.0,0.0
1713202686,1369373,0,1.001953125,-0.001953125,0.0078125,0.005859375,0.0,0.0,0.0
1713203937,1369374,0,1.005859375,0.0,0.005859375,0.005859375,0.0,0.0,0.0
1713205188,1369375,0,1.00390625,-0.001953125,0.005859375,0.00390625,0.0,0.0,0.0
1713206439,1369376,0,1.005859375,-0.001953125,0.001953125,0.0,0.0,0.0,0.0
1713207691,1369377,0,1.001953125,-0.005859375,0.00390625,-0.001953125,0.0,0.0,0.0
1713208942,1369378,0,1.0,-0.001953125,0.001953125,0.0,0.0,0.0,0.0
1713210192,1369379,0,1.001953125,-0.00390625,-0.001953125,-0.005859375,0.0,0.0,0.0
1713211443,1369380,0,1.009765625,0.00390625,-0.00390625,0.0,0.0,0.0,0.0
1713212695,1369381,0,1.005859375,-0.005859375,-0.00390625,-0.009765625,0.0,0.0,0.0
1713213945,1369382,0,0.99609375,0.0,0.0078125,0.0078125,0.0,0.0,0.0
1713215197,1369383,0,1.0078125,-0.001953125,0.00390625,0.001953125,0.0,0.0,0.0
1713216448,1369384,0,1.015625,-0.009765625,0.0,-0.009765625,0.0,0.0,0.0
1713217698,1369385,0,1.009765625,-0.005859375,0.015625,0.009765625,0.0,0.0,0.0
1713218949,1369386,0,1.0,-0.001953125,0.0078125,0.005859375,0.0,0.0,0.0
1713220199,1369387,0,1.0078125,-0.00390625,0.001953125,-0.001953125,0.0,0.0,0.0
1713221449,1369388,0,1.001953125,-0.001953125,0.0,-0.001953125,0.0,0.0,0.0
1713222701,1369389,0,1.009765625,0.0,0.005859375,0.005859375,0.0,0.0,0.0
1713223951,1369390,0,1.005859375,-0.005859375,0.001953125,-0.00390625,0.0,0.0,0.0
1713225202,1369391,0,1.00390625,0.0,0.005859375,0.005859375,0.0,0.0,0.0
1713226453,1369392,0,1.00390625,-0.00390625,0.001953125,-0.001953125,0.0,0.0,0.0
1713227704,1369393,0,1.005859375,-0.00390625,0.0078125,0.00390625,0.0,0.0,0.0
1713228954,1369394,0,1.005859375,0.0,0.0,0.0,0.0,0.0,0.0
1713230205,1369395,0,0.99609375,-0.001953125,0.00390625,0.001953125,0.0,0.0,0.0
1713231457,1369396,0,1.0078125,0.001953125,0.001953125,0.00390625,0.0,0.0,0.0
1713232707,1369397,0,1.0078125,-0.00390625,0.00390625,0.0,0.0,0.0,0.0
1713233959,1369398,0,1.0078125,-0.00390625,0.009765625,0.005859375,0.0,0.0,0.0
1713235209,1369399,0,1.001953125,0.001953125,0.0078125,0.009765625,0.0,0.0,0.0
1713236460,1369400,0,1.0078125,0.0,0.0,0.0,0.0,0.0,0.0
1713237711,1369401,0,0.998046875,-0.005859375,-0.001953125,-0.0078125,0.0,0.0,0.0
1713238961,1369402,0,1.0078125,-0.00390625,0.0078125,0.00390625,0.0,0.0,0.0
1713240211,1369403,0,1.00390625,-0.00390625,-0.00390625,-0.0078125,0.0,0.0,0.0
1713241461,1369404,0,0.99609375,0.001953125,0.00390625,0.005859375,0.0,0.0,0.0
1713242712,1369405,0,1.001953125,0.005859375,0.001953125,0.0078125,0.0,0.0,0.0
1713243962,1369406,0,1.0078125,-0.001953125,0.01171875,0.009765625,0.0,0.0,0.0
1713245212,1369407,0,1.00390625,0.0,0.0,0.0,0.0,0.0,0.0
1713246463,1369408,0,1.005859375,0.001953125,0.00390625,0.005859375,0.0,0.0,0.0
1713247713,1369409,0,1.0,-0.001953125,0.001953125,0.0,0.0,0.0,0.0
1713248965,1369410,0,1.009765625,-0.00390625,-0.001953125,-0.005859375,0.0,0.0,0.0
1713250216,1369411,0,1.00390625,0.0,0.0078125,0.0078125,0.0,0.0,0.0
1713251468,1369412,0,1.0078125,0.0,0.001953125,0.001953125,0.0,0.0,0.0
1713252718,1369413,0,1.009765625,-0.001953125,-0.001953125,-0.00390625,0.0,0.0,0.0
1713253970,1369414,0,1.001953125,-0.001953125,0.00390625,0.001953125,0.0,0.0,0.0
1713255221,1369415,0,1.00390625,-0.001953125,0.00390625,0.001953125,0.0,0.0,0.0
1713256471,1369416,0,1.005859375,-0.005859375,-0.001953125,-0.0078125,0.0,0.0,0.0
1713257722,1369417,0,1.005859375,0.0,0.005859375,0.005859375,0.0,0.0,0.0
1713258973,1369418,0,1.0,-0.001953125,0.005859375,0.00390625,0.0,0.0,0.0
1713260225,1369419,0,1.00390625,-0.00390625,0.005859375,0.001953125,0.0,0.0,0.0
1713261477,1369420,0,1.0078125,-0.005859375,0.0,-0.005859375,0.0,0.0,0.0
1713262728,1369421,0,1.0078125,-0.001953125,-0.001953125,-0.00390625,0.0,0.0,0.0
1713263978,1369422,0,1.00390625,-0.001953125,-0.001953125,-0.00390625,0.0,0.0,0.0
1713265229,1369423,0,1.0078125,-0.00390625,0.001953125,-0.001953125,0.0,0.0,0.0
1713266481,1369424,0,1.0,0.0,0.00390625,0.00390625,0.0,0.0,0.0
1713267731,1369425,0,1.0,0.0,0.0,0.0,0.0,0.0,0.0
1713268982,1369426,0,1.015625,-0.00390625,-0.001953125,-0.005859375,0.0,0.0,0.0
1713270233,1369427,0,1.0078125,-0.00390625,0.00390625,0.0,0.0,0.0,0.0
1713271483,1369428,0,1.001953125,-0.00390625,0.00390625,0.0,0.0,0.0,0.0
1713272734,1369429,0,1.005859375,-0.001953125,0.005859375,0.00390625,0.0,0.0,0.0
1713273984,1369430,0,1.001953125,0.005859375,-0.05078125,-0.044921875,0.0,0.0,0.0
1713275235,1369431,0,0.99609375,-0.00390625,0.0,-0.00390625,0.0,0.0,0.0
1713276486,1369432,0,1.0,0.0,0.0,0.0,0.0,0.0,0.0
1713277736,1369433,0,1.00390625,0.00390625,0.0078125,0.01171875,0.0,0.0,0.0
1713278987,1369434,0,1.00390625,-0.001953125,0.0078125,0.005859375,0.0,0.0,0.0
1713280238,1369435,0,1.0,-0.001953125,0.0,-0.001953125,0.0,0.0,0.0
1713281489,1369436,0,1.001953125,-0.00390625,-0.001953125,-0.005859375,0.0,0.0,0.0
1713282739,1369437,0,1.0078125,-0.00390625,0.00390625,0.0,0.0,0.0,0.0
1713283990,1369438,0,1.005859375,-0.001953125,0.005859375,0.00390625,0.0,0.0,0.0
1713285241,1369439,0,1.005859375,-0.001953125,0.0,-0.001953125,0.0,0.0,0.0
1713286492,1369440,0,1.0,-0.001953125,0.0,-0.001953125,0.0,0.0,0.0
1713287742,1369441,0,1.001953125,0.0,0.00390625,0.00390625,0.0,0.0,0.0
1713288993,1369442,0,1.0,0.0,0.0,0.0,0.0,0.0,0.0
1713290244,1369443,0,1.0078125,-0.001953125,-0.001953125,-0.00390625,0.0,0.0,0.0
1713291494,1369444,0,1.001953125,0.0,0.0,0.0,0.0,0.0,0.0
1713292746,1369445,0,1.009765625,0.001953125,-0.001953125,0.0,0.0,0.0,0.0
1713293997,1369446,0,1.005859375,-0.001953125,0.005859375,0.00390625,0.0,0.0,0.0
1713295248,1369447,0,1.0078125,-0.00390625,0.005859375,0.001953125,0.0,0.0,0.0
1713296499,1369448,0,0.998046875,0.0,-0.001953125,-0.001953125,0.0,0.0,0.0
1713297750,1369449,0,0.998046875,-0.005859375,-0.00390625,-0.009765625,0.0,0.0,0.0
1713299001,1369450,0,1.0078125,-0.001953125,0.00390625,0.001953125,0.0,0.0,0.0
1713300252,1369451,0,1.0,0.001953125,0.001953125,0.00390625,0.0,0.0,0.0
1713301502,1369452,0,1.00390625,0.0,0.00390625,0.00390625,0.0,0.0,0.0
1713302753,1369453,0,1.001953125,0.001953125,-0.00390625,-0.001953125,0.0,0.0,0.0
1713304004,1369454,0,1.00390625,0.0,0.001953125,0.001953125,0.0,0.0,0.0
1713305255,1369455,0,1.00390625,-0.001953125,0.0,-0.001953125,0.0,0.0,0.0
1713306505,1369456,0,1.001953125,0.0,-0.001953125,-0.001953125,0.0,0.0,0.0
1713307756,1369457,0,1.005859375,-0.001953125,0.001953125,0.0,0.0,0.0,0.0
1713309008,1369458,0,1.00390625,0.001953125,0.00390625,0.005859375,0.0,0.0,0.0
1713310258,1369459,0,0.998046875,0.005859375,-0.00390625,0.001953125,0.0,0.0,0.0
1713311509,1369460,0,1.001953125,0.0,-0.001953125,-0.001953125,0.0,0.0,0.0
1713312759,1369461,0,1.00390625,0.001953125,0.001953125,0.00390625,0.0,0.0,0.0
1713314010,1369462,0,1.005859375,0.00390625,0.00390625,0.0078125,0.0,0.0,0.0
1713315261,1369463,0,1.005859375,-0.005859375,0.005859375,0.0,0.0,0.0,0.0
1713316513,1369464,0,1.0078125,0.001953125,0.00390625,0.005859375,0.0,0.0,0.0
1713317764,1369465,0,1.009765625,-0.00390625,0.0,-0.00390625,0.0,0.0,0.0
1713319015,1369466,0,1.01171875,-0.001953125,0.00390625,0.001953125,0.0,0.0,0.0
1713320270,1369467,0,1.015625,0.001953125,-0.001953125,0.0,0.0,0.0,0.0
1713321521,1369468,0,1.0078125,0.0,0.009765625,0.009765625,0.0,0.0,0.0
1713322772,1369469,0,1.01171875,-0.001953125,0.0,-0.001953125,0.0,0.0,0.0
1713324024,1369470,0,0.99609375,0.001953125,0.009765625,0.01171875,0.0,0.0,0.0
1713325275,1369471,0,1.0,0.0,-0.00390625,-0.00390625,0.0,0.0,0.0
1713326527,1369472,0,1.013671875,-0.001953125,0.0,-0.001953125,0.0,0.0,0.0
1713327778,1369473,0,1.01171875,-0.00390625,0.001953125,-0.001953125,0.0,0.0,0.0
1713329028,1369474,0,1.0,0.0,0.00390625,0.00390625,0.0,0.0,0.0
1713330279,1369475,0,1.001953125,0.001953125,-0.001953125,0.0,0.0,0.0,0.0
1713331530,1369476,0,1.0078125,0.0,0.00390625,0.00390625,0.0,0.0,0.0
1713332782,1369477,0,1.005859375,0.001953125,0.001953125,0.00390625,0.0,0.0,0.0
1713334032,1369478,0,0.998046875,-0.001953125,-0.00390625,-0.005859375,0.0,0.0,0.0
1713335282,1369479,0,1.0078125,0.001953125,0.0,0.001953125,0.0,0.0,0.0
1713336532,1369480,0,1.001953125,-0.001953125,0.00390625,0.001953125,0.0,0.0,0.0
1713337783,1369481,0,1.005859375,-0.001953125,0.0,-0.001953125,0.0,0.0,0.0
1713339034,1369482,0,1.0078125,0.005859375,-0.001953125,0.00390625,0.0,0.0,0.0
1713340285,1369483,0,1.001953125,-0.001953125,0.001953125,0.0,0.0,0.0,0.0
1713341537,1369484,0,0.998046875,0.0,0.005859375,0.005859375,0.0,0.0,0.0
1713342789,1369485,0,1.0078125,0.0,0.001953125,0.001953125,0.0,0.0,0.0
1713344039,1369486,0,1.001953125,0.0,0.00390625,0.00390625,0.0,0.0,0.0
1713345290,1369487,0,1.0,-0.00390625,0.0,-0.00390625,0.0,0.0,0.0
1713346541,1369488,0,1.00390625,-0.001953125,-0.00390625,-0.005859375,0.0,0.0,0.0
1713347792,1369489,0,1.01171875,-0.001953125,-0.001953125,-0.00390625,0.0,0.0,0.0
1713349042,1369490,0,1.0078125,0.00390625,0.00390625,0.0078125,0.0,0.0,0.0
1713350294,1369491,0,1.0078125,-0.005859375,-0.001953125,-0.0078125,0.0,0.0,0.0
1713351545,1369492,0,1.005859375,0.001953125,-0.001953125,0.0,0.0,0.0,0.0
1713352795,1369493,0,1.00390625,0.001953125,-0.00390625,-0.001953125,0.0,0.0,0.0
1713354047,1369494,0,0.99609375,0.0,0.0,0.0,0.0,0.0,0.0
1713355298,1369495,0,1.009765625,0.0078125,-0.00390625,0.00390625,0.0,0.0,0.0
1713356549,1369496,0,1.001953125,0.00390625,0.0,0.00390625,0.0,0.0,0.0
1713357800,1369497,0,1.0,0.009765625,0.0,0.009765625,0.0,0.0,0.0
1713359050,1369498,0,1.0,0.01171875,-0.001953125,0.009765625,0.0,0.0,0.0
1713360301,1369499,0,0.998046875,0.001953125,-0.001953125,0.0,0.0,0.0,0.0
1713361552,1369500,0,1.005859375,0.0078125,-0.001953125,0.005859375,0.0,0.0,0.0
1713362803,1369501,0,1.0,0.005859375,-0.001953125,0.00390625,0.0,0.0,0.0
1713364053,1369502,0,1.00390625,0.0078125,0.001953125,0.009765625,0.0,0.0,0.0
1713365305,1369503,0,1.0,0.005859375,0.001953125,0.0078125,0.0,0.0,0.0
1713366557,1369504,0,1.00390625,0.0078125,-0.001953125,0.005859375,0.0,0.0,0.0
1713367808,1369505,0,1.001953125,0.00390625,0.0,0.00390625,0.0,0.0,0.0
1713369059,1369506,0,1.001953125,0.00390625,0.0,0.00390625,0.0,0.0,0.0
1713370310,1369507,0,1.001953125,0.005859375,0.001953125,0.0078125,0.0,0.0,0.0
1713371562,1369508,0,1.00390625,0.005859375,0.001953125,0.0078125,0.0,0.0,0.0
1713372812,1369509,0,1.00390625,0.0078125,0.00390625,0.01171875,0.0,0.0,0.0
1713374064,1369510,0,1.0078125,0.009765625,-0.009765625,0.0,0.0,0.0,0.0
1713375314,1369511,0,1.0,0.013671875,-0.00390625,0.009765625,0.0,0.0,0.0
1713376565,1369512,0,1.00390625,0.021484375,-0.009765625,0.01171875,0.0,0.0,0.0
1713377816,1369513,0,1.01171875,0.03515625,0.001953125,0.037109375,0.0,0.0,0.0
1713379066,1369514,0,1.009765625,0.0859375,-0.015625,0.0703125,0.0,0.0,0.0
1713380317,1369515,0,1.001953125,0.1015625,-0.064453125,0.037109375,0.0,0.0,0.0
1713381569,1369516,0,1.01953125,0.171875,-0.09375,0.078125,0.0,0.0,0.0
1713382819,1369517,0,0.994140625,0.10546875,-0.05859375,0.046875,0.0,0.0,0.0
1713384070,1369518,0,0.9921875,0.048828125,-0.041015625,0.0078125,0.0,0.0,0.0
1713385321,1369519,0,0.998046875,0.109375,-0.064453125,0.044921875,0.0,0.0,0.0
1713386571,1369520,0,1.005859375,0.109375,-0.052734375,0.056640625,0.0,0.0,0.0
1713387822,1369521,0,1.029296875,0.10546875,-0.03515625,0.0703125,0.0,0.0,0.0
1713389074,1369522,0,1.01953125,0.17578125,-0.068359375,0.107421875,0.0,0.0,0.0
1713390324,1369523,0,0.98828125,0.140625,-0.0859375,0.0546875,0.0,0.0,0.0
1713391575,1369524,0,1.005859375,0.166015625,-0.078125,0.087890625,0.0,0.0,0.0
1713392827,1369525,0,1.029296875,0.2265625,-0.078125,0.1484375,0.0,0.0,0.0
1713394077,1369526,0,0.986328125,0.29296875,-0.1484375,0.14453125,0.0,0.0,0.0
1713395328,1369527,0,0.9765625,0.162109375,-0.095703125,0.06640625,0.0,0.0,0.0
1713396580,1369528,0,1.03515625,0.37890625,-0.126953125,0.251953125,0.0,0.0,0.0
1713397832,1369529,0,1.0625,0.7421875,-0.3046875,0.4375,0.0,0.0,0.0
1713399082,1369530,0,0.951171875,0.72265625,-0.380859375,0.341796875,0.0,0.0,0.0
1713400333,1369531,0,0.927734375,1.095703125,-0.640625,0.455078125,0.0,0.0,0.0
1713401585,1369532,0,1.107421875,1.126953125,-0.4140625,0.712890625,0.0,0.0,0.0
1713402835,1369533,0,1.02734375,0.478515625,-0.125,0.353515625,0.0,0.0,0.0
1713404086,1369534,0,1.03125,0.65234375,-0.25,0.40234375,0.0,0.0,0.0
1713405338,1369535,0,0.982421875,0.0703125,-0.17578125,-0.10546875,0.0,0.0,0.0
1713406589,1369536,0,1.015625,0.6015625,-0.208984375,0.392578125,0.0,0.0,0.0
1713407840,1369537,0,1.1015625,1.177734375,-0.501953125,0.67578125,0.0,0.0,0.0
1713409092,1369538,0,1.1328125,1.025390625,-0.275390625,0.75,0.0,0.0,0.0
1713410343,1369539,0,1.060546875,0.40234375,0.125,0.52734375,0.0,0.0,0.0
1713411594,1369540,0,0.8671875,0.447265625,-0.083984375,0.36328125,0.0,0.0,0.0
1713412845,1369541,0,0.935546875,0.201171875,0.09765625,0.298828125,0.0,0.0,0.0
1713414096,1369542,0,1.109375,0.1953125,0.265625,0.4609375,0.0,0.0,0.0
1713415346,1369543,0,1.21484375,0.193359375,0.39453125,0.587890625,0.0,0.0,0.0
1713416598,1369544,0,0.990234375,0.3203125,0.123046875,0.443359375,0.0,0.0,0.0
1713417849,1369545,0,0.85546875,0.115234375,0.013671875,0.12890625,0.0,0.0,0.0
1713419099,1369546,0,0.998046875,0.25390625,0.20703125,0.4609375,0.0,0.0,0.0
1713420350,1369547,0,1.056640625,-0.048828125,0.404296875,0.35546875,0.0,0.0,0.0
1713421601,1369548,0,0.87890625,-0.169921875,0.201171875,0.03125,0.0,0.0,0.0
1713422852,1369549,0,0.96875,-0.259765625,0.287109375,0.02734375,0.0,0.0,0.0
1713424103,1369550,0,1.126953125,-0.361328125,0.419921875,0.05859375,0.0,0.0,0.0
1713425354,1369551,0,1.0859375,-0.37109375,0.544921875,0.173828125,0.0,0.0,0.0
1713426605,1369552,0,1.001953125,-0.384765625,0.474609375,0.08984375,0.0,0.0,0.0
1713427855,1369553,0,0.953125,-0.45703125,0.34375,-0.11328125,0.0,0.0,0.0
1713429107,1369554,0,0.955078125,-0.5,0.40234375,-0.09765625,0.0,0.0,0.0
1713430357,1369555,0,1.01953125,-0.560546875,0.4921875,-0.068359375,0.0,0.0,0.0
1713431607,1369556,0,0.947265625,-0.642578125,0.427734375,-0.21484375,0.0,0.0,0.0
1713432859,1369557,0,0.97265625,-0.68359375,0.431640625,-0.251953125,0.0,0.0,0.0
1713434109,1369558,0,1.07421875,-0.75,0.580078125,-0.169921875,0.0,0.0,0.0
1713435361,1369559,0,1.080078125,-0.783203125,0.59765625,-0.185546875,0.0,0.0,0.0
1713436611,1369560,0,1.0078125,-0.76953125,0.490234375,-0.279296875,0.0,0.0,0.0
1713437861,1369561,0,0.994140625,-0.794921875,0.45703125,-0.337890625,0.0,0.0,0.0
1713439113,1369562,0,0.9921875,-0.77734375,0.44921875,-0.328125,0.0,0.0,0.0
1713440364,1369563,0,0.98828125,-0.771484375,0.466796875,-0.3046875,0.0,0.0,0.0
1713441616,1369564,0,0.994140625,-0.765625,0.453125,-0.3125,0.0,0.0,0.0
1713442866,1369565,0,1.005859375,-0.748046875,0.435546875,-0.3125,0.0,0.0,0.0
1713444118,1369566,0,1.056640625,-0.73828125,0.466796875,-0.271484375,0.0,0.0,0.0
1713445368,1369567,0,1.076171875,-0.72265625,0.46875,-0.25390625,0.0,0.0,0.0
1713446619,1369568,0,1.017578125,-0.685546875,0.3984375,-0.287109375,0.0,0.0,0.0
1713447869,1369569,0,0.98046875,-0.63671875,0.33984375,-0.296875,0.0,0.0,0.0
1713449119,1369570,0,0.982421875,-0.572265625,0.333984375,-0.23828125,0.0,0.0,0.0
1713450371,1369571,0,0.98046875,-0.50390625,0.30859375,-0.1953125,0.0,0.0,0.0
1713451622,1369572,0,0.98828125,-0.4375,0.2734375,-0.1640625,0.0,0.0,0.0
1713452874,1369573,0,1.00390625,-0.38671875,0.263671875,-0.123046875,0.0,0.0,0.0
1713454124,1369574,0,1.041015625,-0.341796875,0.26953125,-0.072265625,0.0,0.0,0.0
1713455375,1369575,0,1.04296875,-0.271484375,0.244140625,-0.02734375,0.0,0.0,0.0
1713456625,1369576,0,1.015625,-0.205078125,0.189453125,-0.015625,0.0,0.0,0.0
1713457877,1369577,0,0.98046875,-0.140625,-0.037109375,-0.177734375,0.0,0.0,0.0
1713459127,1369578,0,0.978515625,-0.09375,-0.02734375,-0.12109375,0.0,0.0,0.0
1713460377,1369579,0,0.94921875,0.033203125,0.017578125,0.05078125,0.0,0.0,0.0
1713461629,1369580,0,1.0078125,0.09765625,-0.01171875,0.0859375,0.0,0.0,0.0
1713462879,1369581,0,1.015625,0.134765625,-0.0234375,0.111328125,0.0,0.0,0.0
1713464130,1369582,0,1.03515625,0.185546875,-0.029296875,0.15625,0.0,0.0,0.0
1713465381,1369583,0,1.02734375,0.232421875,-0.06640625,0.166015625,0.0,0.0,0.0
1713466631,1369584,0,1.005859375,0.2734375,-0.09375,0.1796875,0.0,0.0,0.0
1713467882,1369585,0,0.98828125,0.3203125,-0.1328125,0.1875,0.0,0.0,0.0
1713469133,1369586,0,0.95703125,0.357421875,-0.193359375,0.1640625,0.0,0.0,0.0
1713470384,1369587,0,0.9609375,0.40234375,-0.1953125,0.20703125,0.0,0.0,0.0
1713471635,1369588,0,1.01953125,0.427734375,-0.177734375,0.25,0.0,0.0,0.0
1713472885,1369589,0,1.025390625,0.439453125,-0.181640625,0.2578125,0.0,0.0,0.0
1713474136,1369590,0,1.03515625,0.451171875,-0.197265625,0.25390625,0.0,0.0,0.0
1713475387,1369591,0,1.037109375,0.4609375,-0.197265625,0.263671875,0.0,0.0,0.0
1713476638,1369592,0,1.02734375,0.4609375,-0.220703125,0.240234375,0.0,0.0,0.0
1713477889,1369593,0,0.998046875,0.482421875,-0.240234375,0.2421875,0.0,0.0,0.0
1713479140,1369594,0,0.9765625,0.48046875,-0.263671875,0.216796875,0.0,0.0,0.0
1713480392,1369595,0,0.98828125,0.478515625,-0.26171875,0.216796875,0.0,0.0,0.0
1713481642,1369596,0,0.994140625,0.46484375,-0.23828125,0.2265625,0.0,0.0,0.0
1713482894,1369597,0,1.009765625,0.453125,-0.220703125,0.232421875,0.0,0.0,0.0
1713484145,1369598,0,1.01171875,0.4375,-0.208984375,0.228515625,0.0,0.0,0.0
1713485395,1369599,0,1.0234375,0.4140625,-0.1953125,0.21875,0.0,0.0,0.0
1713486646,1369600,0,1.029296875,0.388671875,-0.173828125,0.21484375,0.0,0.0,0.0
1713487898,1369601,0,1.0,0.37109375,-0.177734375,0.193359375,0.0,0.0,0.0
1713489149,1369602,0,0.98828125,0.34765625,-0.169921875,0.177734375,0.0,0.0,0.0
1713490400,1369603,0,0.98828125,0.318359375,-0.15234375,0.166015625,0.0,0.0,0.0
1713491651,1369604,0,0.994140625,0.28515625,-0.12109375,0.1640625,0.0,0.0,0.0
1713492902,1369605,0,1.0078125,0.248046875,-0.1015625,0.146484375,0.0,0.0,0.0
1713494154,1369606,0,1.01171875,0.201171875,-0.072265625,0.12890625,0.0,0.0,0.0
1713495405,1369607,0,1.015625,0.162109375,-0.046875,0.115234375,0.0,0.0,0.0
1713496657,1369608,0,1.0078125,0.123046875,-0.03125,0.091796875,0.0,0.0,0.0
1713497907,1369609,0,0.994140625,0.09375,-0.013671875,0.080078125,0.0,0.0,0.0
1713499158,1369610,0,0.9921875,0.044921875,-0.013671875,0.03125,0.0,0.0,0.0
1713500409,1369611,0,0.994140625,0.017578125,-0.001953125,0.015625,0.0,0.0,0.0
1713501660,1369612,0,1.0,-0.021484375,0.0234375,0.001953125,0.0,0.0,0.0
1713502911,1369613,0,1.017578125,-0.0625,0.0703125,0.0078125,0.0,0.0,0.0
1713504161,1369614,0,1.013671875,-0.09765625,0.07421875,-0.0234375,0.0,0.0,0.0
1713505412,1369615,0,1.009765625,-0.134765625,0.095703125,-0.0390625,0.0,0.0,0.0
1713506664,1369616,0,1.01171875,-0.16796875,0.10546875,-0.0625,0.0,0.0,0.0
1713507915,1369617,0,1.005859375,-0.1796875,0.091796875,-0.087890625,0.0,0.0,0.0
1713509166,1369618,0,0.986328125,-0.208984375,0.109375,-0.099609375,0.0,0.0,0.0
1713510417,1369619,0,0.982421875,-0.22265625,0.11328125,-0.109375,0.0,0.0,0.0
1713511668,1369620,0,1.00390625,-0.248046875,0.166015625,-0.08203125,0.0,0.0,0.0
1713512920,1369621,0,1.01953125,-0.279296875,0.173828125,-0.10546875,0.0,0.0,0.0
1713514172,1369622,0,1.0078125,-0.294921875,0.177734375,-0.1171875,0.0,0.0,0.0
1713515422,1369623,0,1.009765625,-0.3046875,0.171875,-0.1328125,0.0,0.0,0.0
1713516673,1369624,0,1.00390625,-0.310546875,0.171875,-0.138671875,0.0,0.0,0.0
1713517924,1369625,0,0.99609375,-0.30859375,0.154296875,-0.154296875,0.0,0.0,0.0
1713519174,1369626,0,0.994140625,-0.306640625,0.150390625,-0.15625,0.0,0.0,0.0
1713520425,1369627,0,0.99609375,-0.298828125,0.15625,-0.142578125,0.0,0.0,0.0
1713521676,1369628,0,1.015625,-0.283203125,0.154296875,-0.12890625,0.0,0.0,0.0
1713522927,1369629,0,1.01171875,-0.283203125,0.15234375,-0.130859375,0.0,0.0,0.0
1713524177,1369630,0,1.013671875,-0.271484375,0.1484375,-0.123046875,0.0,0.0,0.0
1713525427,1369631,0,1.01953125,-0.251953125,0.140625,-0.111328125,0.0,0.0,0.0
1713526679,1369632,0,1.009765625,-0.232421875,0.126953125,-0.10546875,0.0,0.0,0.0
1713527929,1369633,0,1.005859375,-0.20703125,0.11328125,-0.09375,0.0,0.0,0.0
1713529179,1369634,0,0.998046875,-0.189453125,0.08984375,-0.099609375,0.0,0.0,0.0
1713530431,1369635,0,1.0,-0.169921875,0.05859375,-0.111328125,0.0,0.0,0.0
1713531681,1369636,0,0.994140625,-0.146484375,0.052734375,-0.09375,0.0,0.0,0.0
1713532932,1369637,0,1.0078125,-0.1171875,0.044921875,-0.072265625,0.0,0.0,0.0
1713534182,1369638,0,1.017578125,-0.09765625,0.0390625,-0.05859375,0.0,0.0,0.0
1713535432,1369639,0,1.017578125,-0.06640625,0.0390625,-0.02734375,0.0,0.0,0.0
1713536684,1369640,0,1.001953125,-0.041015625,0.01953125,-0.021484375,0.0,0.0,0.0
1713537934,1369641,0,0.994140625,-0.017578125,-0.0078125,-0.025390625,0.0,0.0,0.0
1713539184,1369642,0,0.9921875,0.001953125,-0.015625,-0.013671875,0.0,0.0,0.0
1713540436,1369643,0,0.9921875,0.02734375,-0.0234375,0.00390625,0.0,0.0,0.0
1713541686,1369644,0,1.005859375,0.056640625,-0.03515625,0.021484375,0.0,0.0,0.0
1713542937,1369645,0,1.00390625,0.07421875,-0.0390625,0.03515625,0.0,0.0,0.0
1713544188,1369646,0,1.01171875,0.095703125,-0.046875,0.048828125,0.0,0.0,0.0
1713545439,1369647,0,1.01171875,0.1171875,-0.05859375,0.05859375,0.0,0.0,0.0
1713546691,1369648,0,1.005859375,0.130859375,-0.068359375,0.0625,0.0,0.0,0.0
1713547942,1369649,0,1.005859375,0.1484375,-0.078125,0.0703125,0.0,0.0,0.0
1713549192,1369650,0,0.99609375,0.16015625,-0.083984375,0.076171875,0.0,0.0,0.0
1713550443,1369651,0,1.01171875,0.169921875,-0.08203125,0.087890625,0.0,0.0,0.0
1713551695,1369652,0,1.001953125,0.1796875,-0.08984375,0.08984375,0.0,0.0,0.0
1713552945,1369653,0,1.001953125,0.1875,-0.08984375,0.09765625,0.0,0.0,0.0
1713554197,1369654,0,1.00390625,0.189453125,-0.095703125,0.09375,0.0,0.0,0.0
1713555448,1369655,0,1.009765625,0.19140625,-0.091796875,0.099609375,0.0,0.0,0.0
1713556698,1369656,0,1.009765625,0.189453125,-0.0859375,0.103515625,0.0,0.0,0.0
1713557949,1369657,0,1.001953125,0.189453125,-0.087890625,0.1015625,0.0,0.0,0.0
1713559199,1369658,0,0.998046875,0.189453125,-0.0859375,0.103515625,0.0,0.0,0.0
1713560449,1369659,0,1.009765625,0.17578125,-0.091796875,0.083984375,0.0,0.0,0.0
1713561701,1369660,0,1.0078125,0.171875,-0.083984375,0.087890625,0.0,0.0,0.0
1713562951,1369661,0,1.009765625,0.154296875,-0.078125,0.076171875,0.0,0.0,0.0
1713564202,1369662,0,0.994140625,0.1484375,-0.05859375,0.08984375,0.0,0.0,0.0
1713565453,1369663,0,1.005859375,0.138671875,-0.0625,0.076171875,0.0,0.0,0.0
1713566704,1369664,0,0.998046875,0.109375,-0.052734375,0.056640625,0.0,0.0,0.0
1713567954,1369665,0,1.0078125,0.099609375,-0.046875,0.052734375,0.0,0.0,0.0
1713569205,1369666,0,1.001953125,0.08203125,-0.04296875,0.0390625,0.0,0.0,0.0
1713570457,1369667,0,1.001953125,0.064453125,-0.025390625,0.0390625,0.0,0.0,0.0
1713571707,1369668,0,1.009765625,0.04296875,-0.017578125,0.025390625,0.0,0.0,0.0
1713572959,1369669,0,1.0078125,0.025390625,-0.0078125,0.017578125,0.0,0.0,0.0
1713574209,1369670,0,1.0078125,0.009765625,-0.005859375,0.00390625,0.0,0.0,0.0
1713575460,1369671,0,1.005859375,-0.009765625,0.0078125,-0.001953125,0.0,0.0,0.0
1713576711,1369672,0,1.001953125,-0.025390625,0.01171875,-0.013671875,0.0,0.0,0.0
1713577961,1369673,0,0.99609375,-0.03515625,0.0078125,-0.02734375,0.0,0.0,0.0
1713579211,1369674,0,0.998046875,-0.046875,0.021484375,-0.025390625,0.0,0.0,0.0
1713580461,1369675,0,1.0,-0.064453125,0.0234375,-0.041015625,0.0,0.0,0.0
1713581712,1369676,0,1.0078125,-0.078125,0.037109375,-0.041015625,0.0,0.0,0.0
1713582962,1369677,0,1.0078125,-0.08984375,0.037109375,-0.052734375,0.0,0.0,0.0
1713584212,1369678,0,1.009765625,-0.09765625,0.044921875,-0.052734375,0.0,0.0,0.0
1713585463,1369679,0,0.998046875,-0.10546875,0.044921875,-0.060546875,0.0,0.0,0.0
1713586713,1369680,0,1.01171875,-0.1171875,0.048828125,-0.068359375,0.0,0.0,0.0
1713587965,1369681,0,1.009765625,-0.125,0.046875,-0.078125,0.0,0.0,0.0
1713589216,1369682,0,0.99609375,-0.125,0.0546875,-0.0703125,0.0,0.0,0.0
1713590468,1369683,0,0.99609375,-0.130859375,0.048828125,-0.08203125,0.0,0.0,0.0
1713591718,1369684,0,1.01171875,-0.1328125,0.046875,-0.0859375,0.0,0.0,0.0
1713592970,1369685,0,1.00390625,-0.130859375,0.0546875,-0.076171875,0.0,0.0,0.0
1713594221,1369686,0,1.0078125,-0.130859375,0.056640625,-0.07421875,0.0,0.0,0.0
1713595471,1369687,0,1.005859375,-0.12890625,0.056640625,-0.072265625,0.0,0.0,0.0
1713596722,1369688,0,1.00390625,-0.125,0.052734375,-0.072265625,0.0,0.0,0.0
1713597973,1369689,0,1.005859375,-0.12109375,0.052734375,-0.068359375,0.0,0.0,0.0
1713599225,1369690,0,0.998046875,-0.11328125,0.041015625,-0.072265625,0.0,0.0,0.0
1713600477,1369691,0,1.005859375,-0.109375,0.04296875,-0.06640625,0.0,0.0,0.0
1713601728,1369692,0,0.998046875,-0.103515625,0.03515625,-0.068359375,0.0,0.0,0.0
1713602978,1369693,0,0.998046875,-0.09375,0.033203125,-0.060546875,0.0,0.0,0.0
1713604229,1369694,0,1.005859375,-0.080078125,0.033203125,-0.046875,0.0,0.0,0.0
1713605481,1369695,0,1.0078125,-0.076171875,0.029296875,-0.046875,0.0,0.0,0.0
1713606731,1369696,0,1.005859375,-0.0625,0.0234375,-0.0390625,0.0,0.0,0.0
1713607982,1369697,0,1.005859375,-0.05078125,0.021484375,-0.029296875,0.0,0.0,0.0
1713609233,1369698,0,1.00390625,-0.037109375,0.0078125,-0.029296875,0.0,0.0,0.0
1713610483,1369699,0,1.00390625,-0.03125,0.009765625,-0.021484375,0.0,0.0,0.0
1713611734,1369700,0,1.005859375,-0.01171875,-0.044921875,-0.056640625,0.0,0.0,0.0
1713612984,1369701,0,1.00390625,-0.009765625,-0.001953125,-0.01171875,0.0,0.0,0.0
1713614235,1369702,0,1.005859375,0.00390625,-0.009765625,-0.005859375,0.0,0.0,0.0
1713615486,1369703,0,1.009765625,0.015625,-0.0078125,0.0078125,0.0,0.0,0.0
1713616736,1369704,0,1.0,0.01953125,-0.009765625,0.009765625,0.0,0.0,0.0
1713617987,1369705,0,1.0078125,0.037109375,-0.025390625,0.01171875,0.0,0.0,0.0
1713619238,1369706,0,1.001953125,0.048828125,-0.021484375,0.02734375,0.0,0.0,0.0
1713620489,1369707,0,1.0,0.056640625,-0.025390625,0.03125,0.0,0.0,0.0
1713621739,1369708,0,1.001953125,0.064453125,-0.029296875,0.03515625,0.0,0.0,0.0
1713622990,1369709,0,1.005859375,0.068359375,-0.03125,0.037109375,0.0,0.0,0.0
1713624241,1369710,0,1.0078125,0.0703125,-0.02734375,0.04296875,0.0,0.0,0.0
1713625492,1369711,0,1.009765625,0.076171875,-0.037109375,0.0390625,0.0,0.0,0.0
1713626742,1369712,0,0.998046875,0.08203125,-0.0390625,0.04296875,0.0,0.0,0.0
1713627993,1369713,0,1.001953125,0.078125,-0.037109375,0.041015625,0.0,0.0,0.0
1713629244,1369714,0,1.001953125,0.078125,-0.033203125,0.044921875,0.0,0.0,0.0
1713630494,1369715,0,1.005859375,0.078125,-0.03515625,0.04296875,0.0,0.0,0.0
1713631746,1369716,0,1.0078125,0.078125,-0.0390625,0.0390625,0.0,0.0,0.0
1713632997,1369717,0,1.0078125,0.07421875,-0.02734375,0.046875,0.0,0.0,0.0
1713634248,1369718,0,1.001953125,0.0703125,-0.02734375,0.04296875,0.0,0.0,0.0
1713635499,1369719,0,1.00390625,0.064453125,-0.033203125,0.03125,0.0,0.0,0.0
1713636750,1369720,0,1.005859375,0.060546875,-0.02734375,0.033203125,0.0,0.0,0.0
1713638001,1369721,0,1.00390625,0.060546875,-0.021484375,0.0390625,0.0,0.0,0.0
1713639252,1369722,0,1.001953125,0.048828125,-0.01953125,0.029296875,0.0,0.0,0.0
1713640502,1369723,0,1.00390625,0.044921875,-0.017578125,0.02734375,0.0,0.0,0.0
1713641753,1369724,0,1.0,0.03515625,-0.015625,0.01953125,0.0,0.0,0.0
1713643004,1369725,0,0.998046875,0.029296875,-0.005859375,0.0234375,0.0,0.0,0.0
1713644255,1369726,0,1.0078125,0.02734375,-0.0078125,0.01953125,0.0,0.0,0.0
1713645505,1369727,0,1.001953125,0.01171875,-0.001953125,0.009765625,0.0,0.0,0.0
1713646756,1369728,0,1.0078125,0.005859375,-0.005859375,0.0,0.0,0.0,0.0
1713648008,1369729,0,1.005859375,-0.00390625,-0.0078125,-0.01171875,0.0,0.0,0.0
1713649258,1369730,0,1.001953125,-0.01171875,-0.001953125,-0.013671875,0.0,0.0,0.0
1713650509,1369731,0,1.0,-0.017578125,-0.001953125,-0.01953125,0.0,0.0,0.0
1713651759,1369732,0,1.0078125,-0.01953125,0.009765625,-0.009765625,0.0,0.0,0.0
1713653010,1369733,0,1.0078125,-0.029296875,0.009765625,-0.01953125,0.0,0.0,0.0
1713654261,1369734,0,1.0078125,-0.03515625,0.015625,-0.01953125,0.0,0.0,0.0
1713655513,1369735,0,1.001953125,-0.0390625,0.0078125,-0.03125,0.0,0.0,0.0
1713656764,1369736,0,1.001953125,-0.044921875,0.0078125,-0.037109375,0.0,0.0,0.0
1713658015,1369737,0,1.001953125,-0.0546875,0.015625,-0.0390625,0.0,0.0,0.0
1713659270,1369738,0,0.998046875,-0.052734375,0.005859375,-0.046875,0.0,0.0,0.0
1713660521,1369739,0,1.00390625,-0.05859375,0.009765625,-0.048828125,0.0,0.0,0.0
1713661772,1369740,0,1.0,-0.0625,0.015625,-0.046875,0.0,0.0,0.0
1713663024,1369741,0,1.00390625,-0.06640625,0.013671875,-0.052734375,0.0,0.0,0.0
1713664275,1369742,0,1.005859375,-0.068359375,0.01953125,-0.048828125,0.0,0.0,0.0
1713665527,1369743,0,1.021484375,-0.060546875,0.013671875,-0.046875,0.0,0.0,0.0
1713666778,1369744,0,1.001953125,-0.06640625,0.015625,-0.05078125,0.0,0.0,0.0
1713668028,1369745,0,1.001953125,-0.0625,0.0078125,-0.0546875,0.0,0.0,0.0
1713669279,1369746,0,1.01171875,-0.056640625,0.015625,-0.041015625,0.0,0.0,0.0
1713670530,1369747,0,0.99609375,-0.0625,0.0078125,-0.0546875,0.0,0.0,0.0
1713671782,1369748,0,0.9921875,-0.0546875,0.01171875,-0.04296875,0.0,0.0,0.0
1713673032,1369749,0,1.005859375,-0.052734375,0.017578125,-0.03515625,0.0,0.0,0.0
1713674282,1369750,0,1.0078125,-0.046875,0.0078125,-0.0390625,0.0,0.0,0.0
1713675532,1369751,0,1.005859375,-0.041015625,0.0078125,-0.033203125,0.0,0.0,0.0
1713676783,1369752,0,1.0078125,-0.037109375,0.001953125,-0.03515625,0.0,0.0,0.0
1713678034,1369753,0,1.00390625,-0.033203125,0.00390625,-0.029296875,0.0,0.0,0.0
1713679285,1369754,0,1.009765625,-0.0234375,-0.001953125,-0.025390625,0.0,0.0,0.0
1713680537,1369755,0,1.005859375,-0.025390625,0.00390625,-0.021484375,0.0,0.0,0.0
1713681789,1369756,0,1.001953125,-0.021484375,-0.005859375,-0.02734375,0.0,0.0,0.0
1713683039,1369757,0,1.005859375,-0.015625,0.0,-0.015625,0.0,0.0,0.0
1713684290,1369758,0,1.00390625,-0.009765625,-0.005859375,-0.015625,0.0,0.0,0.0
1713685541,1369759,0,1.001953125,-0.005859375,-0.001953125,-0.0078125,0.0,0.0,0.0
1713686792,1369760,0,1.00390625,0.0,-0.00390625,-0.00390625,0.0,0.0,0.0
1713688042,1369761,0,1.0078125,0.00390625,-0.00390625,0.0,0.0,0.0,0.0
1713689294,1369762,0,1.015625,0.01171875,-0.00390625,0.0078125,0.0,0.0,0.0
1713690545,1369763,0,1.0078125,0.009765625,-0.001953125,0.0078125,0.0,0.0,0.0
1713691795,1369764,0,1.0078125,0.017578125,-0.01171875,0.005859375,0.0,0.0,0.0
1713693047,1369765,0,1.009765625,0.0234375,-0.015625,0.0078125,0.0,0.0,0.0
1713694298,1369766,0,1.017578125,0.02734375,-0.00390625,0.0234375,0.0,0.0,0.0
1713695549,1369767,0,1.005859375,0.02734375,-0.015625,0.01171875,0.0,0.0,0.0
1713696800,1369768,0,0.9921875,0.03125,-0.009765625,0.021484375,0.0,0.0,0.0
1713698050,1369769,0,1.0078125,0.037109375,-0.015625,0.021484375,0.0,0.0,0.0
1713699301,1369770,0,1.001953125,0.033203125,-0.015625,0.017578125,0.0,0.0,0.0
1713700552,1369771,0,1.001953125,0.03125,-0.005859375,0.025390625,0.0,0.0,0.0
1713701803,1369772,0,0.998046875,0.03515625,-0.01171875,0.0234375,0.0,0.0,0.0
1713703053,1369773,0,1.001953125,0.03125,-0.0078125,0.0234375,0.0,0.0,0.0
1713704305,1369774,0,1.00390625,0.03125,-0.01171875,0.01953125,0.0,0.0,0.0
1713705557,1369775,0,0.99609375,0.03125,-0.0078125,0.0234375,0.0,0.0,0.0
1713706808,1369776,0,1.00390625,0.029296875,-0.0078125,0.021484375,0.0,0.0,0.0
1713708059,1369777,0,1.001953125,0.029296875,-0.009765625,0.01953125,0.0,0.0,0.0
1713709310,1369778,0,1.005859375,0.0234375,-0.009765625,0.013671875,0.0,0.0,0.0
1713710562,1369779,0,1.005859375,0.01953125,-0.013671875,0.005859375,0.0,0.0,0.0
1713711812,1369780,0,1.005859375,0.017578125,-0.0078125,0.009765625,0.0,0.0,0.0
1713713064,1369781,0,1.001953125,0.01171875,-0.005859375,0.005859375,0.0,0.0,0.0
1713714314,1369782,0,1.01171875,0.009765625,-0.00390625,0.005859375,0.0,0.0,0.0
1713715565,1369783,0,1.0,0.0078125,-0.005859375,0.001953125,0.0,0.0,0.0
1713716816,1369784,0,1.00390625,0.00390625,-0.009765625,-0.005859375,0.0,0.0,0.0
1713718066,1369785,0,1.0,0.0,0.001953125,0.001953125,0.0,0.0,0.0
1713719317,1369786,0,1.005859375,-0.001953125,-0.001953125,-0.00390625,0.0,0.0,0.0
1713720569,1369787,0,1.0078125,-0.00390625,-0.001953125,-0.005859375,0.0,0.0,0.0
1713721819,1369788,0,0.998046875,-0.009765625,0.0,-0.009765625,0.0,0.0,0.0
1713723070,1369789,0,1.0,-0.01953125,-0.009765625,-0.029296875,0.0,0.0,0.0
1713724321,1369790,0,1.00390625,-0.025390625,0.001953125,-0.0234375,0.0,0.0,0.0
1713725571,1369791,0,1.00390625,-0.0234375,0.0,-0.0234375,0.0,0.0,0.0
1713726822,1369792,0,1.001953125,-0.02734375,0.001953125,-0.025390625,0.0,0.0,0.0
1713728074,1369793,0,1.005859375,-0.02734375,-0.001953125,-0.029296875,0.0,0.0,0.0
1713729324,1369794,0,1.00390625,-0.033203125,0.00390625,-0.029296875,0.0,0.0,0.0
1713730575,1369795,0,1.005859375,-0.03515625,-0.00390625,-0.0390625,0.0,0.0,0.0
1713731827,1369796,0,1.0,-0.03515625,0.001953125,-0.033203125,0.0,0.0,0.0
1713733077,1369797,0,0.99609375,-0.0390625,0.001953125,-0.037109375,0.0,0.0,0.0
1713734328,1369798,0,1.005859375,-0.037109375,0.005859375,-0.03125,0.0,0.0,0.0
1713735580,1369799,0,1.00390625,-0.037109375,0.001953125,-0.03515625,0.0,0.0,0.0
1713736832,1369800,0,1.001953125,-0.0390625,0.00390625,-0.03515625,0.0,0.0,0.0
1713738082,1369801,0,1.001953125,-0.041015625,0.005859375,-0.03515625,0.0,0.0,0.0
1713739333,1369802,0,1.001953125,-0.037109375,0.00390625,-0.033203125,0.0,0.0,0.0
1713740585,1369803,0,1.005859375,-0.0390625,0.0,-0.0390625,0.0,0.0,0.0
1713741835,1369804,0,0.99609375,-0.033203125,0.005859375,-0.02734375,0.0,0.0,0.0
1713743086,1369805,0,1.00390625,-0.03515625,0.005859375,-0.029296875,0.0,0.0,0.0
1713744338,1369806,0,1.009765625,-0.03125,-0.001953125,-0.033203125,0.0,0.0,0.0
1713745589,1369807,0,1.0,-0.03515625,0.0,-0.03515625,0.0,0.0,0.0
1713746840,1369808,0,1.001953125,-0.02734375,0.0,-0.02734375,0.0,0.0,0.0
1713748092,1369809,0,1.009765625,-0.029296875,-0.005859375,-0.03515625,0.0,0.0,0.0
1713749343,1369810,0,1.00390625,-0.01953125,0.0,-0.01953125,0.0,0.0,0.0
1713750594,1369811,0,1.01171875,-0.0234375,0.001953125,-0.021484375,0.0,0.0,0.0
1713751845,1369812,0,1.013671875,-0.01171875,0.001953125,-0.009765625,0.0,0.0,0.0
1713753096,1369813,0,1.01171875,-0.013671875,0.001953125,-0.01171875,0.0,0.0,0.0
1713754346,1369814,0,1.001953125,-0.013671875,0.0,-0.013671875,0.0,0.0,0.0
1713755598,1369815,0,1.00390625,-0.009765625,0.0,-0.009765625,0.0,0.0,0.0
1713756849,1369816,0,1.009765625,-0.005859375,-0.001953125,-0.0078125,0.0,0.0,0.0
1713758099,1369817,0,1.0078125,-0.001953125,-0.00390625,-0.005859375,0.0,0.0,0.0
1713759350,1369818,0,1.009765625,-0.005859375,-0.001953125,-0.0078125,0.0,0.0,0.0
1713760601,1369819,0,1.00390625,0.00390625,0.0,0.00390625,0.0,0.0,0.0
1713761852,1369820,0,1.001953125,0.005859375,0.001953125,0.0078125,0.0,0.0,0.0
1713763103,1369821,0,1.0078125,0.005859375,-0.001953125,0.00390625,0.0,0.0,0.0
1713764354,1369822,0,1.001953125,0.013671875,-0.005859375,0.0078125,0.0,0.0,0.0
1713765605,1369823,0,1.009765625,0.01171875,-0.005859375,0.005859375,0.0,0.0,0.0
1713766855,1369824,0,1.001953125,0.013671875,-0.009765625,0.00390625,0.0,0.0,0.0
1713768107,1369825,0,1.009765625,0.013671875,-0.00390625,0.009765625,0.0,0.0,0.0
1713769357,1369826,0,1.009765625,0.021484375,0.0,0.021484375,0.0,0.0,0.0
1713770607,1369827,0,1.00390625,0.01953125,-0.013671875,0.005859375,0.0,0.0,0.0
1713771859,1369828,0,0.998046875,0.021484375,-0.005859375,0.015625,0.0,0.0,0.0
1713773109,1369829,0,1.01171875,0.01171875,-0.013671875,-0.001953125,0.0,0.0,0.0
1713774361,1369830,0,1.0078125,0.01171875,-0.009765625,0.001953125,0.0,0.0,0.0
1713775611,1369831,0,1.009765625,0.015625,-0.00390625,0.01171875,0.0,0.0,0.0
1713776861,1369832,0,1.017578125,0.017578125,-0.0078125,0.009765625,0.0,0.0,0.0
1713778113,1369833,0,1.0078125,0.01171875,-0.0078125,0.00390625,0.0,0.0,0.0
1713779364,1369834,0,1.005859375,0.015625,-0.00390625,0.01171875,0.0,0.0,0.0
1713780616,1369835,0,1.00390625,0.0078125,-0.0078125,0.0,0.0,0.0,0.0
1713781866,1369836,0,1.0078125,0.00390625,-0.0078125,-0.00390625,0.0,0.0,0.0
1713783118,1369837,0,0.99609375,0.001953125,-0.001953125,0.0,0.0,0.0,0.0
1713784368,1369838,0,1.005859375,0.00390625,-0.009765625,-0.005859375,0.0,0.0,0.0
1713785619,1369839,0,1.009765625,0.001953125,-0.005859375,-0.00390625,0.0,0.0,0.0
1713786869,1369840,0,1.009765625,-0.001953125,-0.005859375,-0.0078125,0.0,0.0,0.0
1713788119,1369841,0,1.001953125,-0.00390625,-0.00390625,-0.0078125,0.0,0.0,0.0
1713789371,1369842,0,1.009765625,-0.001953125,-0.0078125,-0.009765625,0.0,0.0,0.0
1713790622,1369843,0,1.005859375,-0.01171875,-0.01171875,-0.0234375,0.0,0.0,0.0
1713791874,1369844,0,1.005859375,-0.01171875,-0.00390625,-0.015625,0.0,0.0,0.0
1713793124,1369845,0,1.0078125,-0.009765625,0.0,-0.009765625,0.0,0.0,0.0
1713794375,1369846,0,1.0078125,-0.013671875,-0.001953125,-0.015625,0.0,0.0,0.0
1713795625,1369847,0,1.00390625,-0.021484375,-0.00390625,-0.025390625,0.0,0.0,0.0
1713796877,1369848,0,1.005859375,-0.01953125,-0.009765625,-0.029296875,0.0,0.0,0.0
1713798127,1369849,0,1.001953125,-0.025390625,-0.001953125,-0.02734375,0.0,0.0,0.0
1713799377,1369850,0,1.005859375,-0.02734375,-0.001953125,-0.029296875,0.0,0.0,0.0
1713800629,1369851,0,1.001953125,-0.03125,0.005859375,-0.025390625,0.0,0.0,0.0
1713801879,1369852,0,1.00390625,-0.02734375,-0.013671875,-0.041015625,0.0,0.0,0.0
1713803130,1369853,0,1.009765625,-0.033203125,-0.009765625,-0.04296875,0.0,0.0,0.0
1713804381,1369854,0,1.0078125,-0.033203125,-0.005859375,-0.0390625,0.0,0.0,0.0
1713805631,1369855,0,1.0078125,-0.03125,-0.005859375,-0.037109375,0.0,0.0,0.0
1713806882,1369856,0,1.01171875,-0.03125,0.0,-0.03125,0.0,0.0,0.0
1713808133,1369857,0,1.0078125,-0.029296875,0.001953125,-0.02734375,0.0,0.0,0.0
1713809384,1369858,0,1.001953125,-0.02734375,0.001953125,-0.025390625,0.0,0.0,0.0
1713810635,1369859,0,1.001953125,-0.03125,0.00390625,-0.02734375,0.0,0.0,0.0
1713811885,1369860,0,1.0078125,-0.0234375,-0.001953125,-0.025390625,0.0,0.0,0.0
1713813136,1369861,0,1.001953125,-0.02734375,-0.001953125,-0.029296875,0.0,0.0,0.0
1713814387,1369862,0,1.005859375,-0.021484375,-0.001953125,-0.0234375,0.0,0.0,0.0
1713815638,1369863,0,1.001953125,-0.021484375,0.0,-0.021484375,0.0,0.0,0.0
1713816889,1369864,0,1.00390625,-0.021484375,0.001953125,-0.01953125,0.0,0.0,0.0
1713818140,1369865,0,1.001953125,-0.017578125,0.0,-0.017578125,0.0,0.0,0.0
1713819392,1369866,0,1.005859375,-0.01953125,-0.0078125,-0.02734375,0.0,0.0,0.0
1713820642,1369867,0,1.001953125,-0.017578125,-0.001953125,-0.01953125,0.0,0.0,0.0
1713821894,1369868,0,1.0078125,-0.015625,-0.00390625,-0.01953125,0.0,0.0,0.0
1713823145,1369869,0,1.009765625,-0.017578125,0.005859375,-0.01171875,0.0,0.0,0.0
1713824395,1369870,0,1.001953125,-0.001953125,-0.001953125,-0.00390625,0.0,0.0,0.0
1713825646,1369871,0,1.00390625,-0.01171875,0.001953125,-0.009765625,0.0,0.0,0.0
1713826898,1369872,0,1.001953125,-0.0078125,0.001953125,-0.005859375,0.0,0.0,0.0
1713828149,1369873,0,1.0,-0.00390625,0.005859375,0.001953125,0.0,0.0,0.0
1713829400,1369874,0,1.001953125,0.0,-0.001953125,-0.001953125,0.0,0.0,0.0
1713830651,1369875,0,1.013671875,0.0,-0.00390625,-0.00390625,0.0,0.0,0.0
1713831902,1369876,0,1.005859375,0.00390625,0.00390625,0.0078125,0.0,0.0,0.0
1713833154,1369877,0,1.0,0.00390625,-0.001953125,0.001953125,0.0,0.0,0.0
1713834405,1369878,0,1.00390625,0.005859375,-0.0078125,-0.001953125,0.0,0.0,0.0
1713835657,1369879,0,1.009765625,0.005859375,-0.00390625,0.001953125,0.0,0.0,0.0
1713836907,1369880,0,1.00390625,0.0078125,0.0,0.0078125,0.0,0.0,0.0
1713838158,1369881,0,1.0078125,0.01171875,-0.00390625,0.0078125,0.0,0.0,0.0
1713839409,1369882,0,1.0078125,0.01171875,-0.0078125,0.00390625,0.0,0.0,0.0
1713840660,1369883,0,1.00390625,0.0078125,-0.001953125,0.005859375,0.0,0.0,0.0
1713841911,1369884,0,1.0078125,0.013671875,-0.005859375,0.0078125,0.0,0.0,0.0
1713843161,1369885,0,1.005859375,0.009765625,-0.005859375,0.00390625,0.0,0.0,0.0
1713844412,1369886,0,1.00390625,0.0078125,-0.001953125,0.005859375,0.0,0.0,0.0
1713845664,1369887,0,1.005859375,0.009765625,-0.005859375,0.00390625,0.0,0.0,0.0
1713846915,1369888,0,0.998046875,0.009765625,-0.01171875,-0.001953125,0.0,0.0,0.0
1713848166,1369889,0,1.001953125,0.009765625,-0.001953125,0.0078125,0.0,0.0,0.0
1713849417,1369890,0,1.001953125,0.00390625,-0.00390625,0.0,0.0,0.0,0.0
1713850668,1369891,0,1.00390625,0.005859375,-0.005859375,0.0,0.0,0.0,0.0
1713851920,1369892,0,1.009765625,-0.00390625,-0.00390625,-0.0078125,0.0,0.0,0.0
1713853172,1369893,0,1.001953125,0.015625,-0.00390625,0.01171875,0.0,0.0,0.0
1713854422,1369894,0,1.005859375,0.005859375,-0.01171875,-0.005859375,0.0,0.0,0.0
1713855673,1369895,0,1.009765625,0.005859375,-0.0078125,-0.001953125,0.0,0.0,0.0
1713856924,1369896,0,1.001953125,-0.001953125,-0.00390625,-0.005859375,0.0,0.0,-7.996601586422218e+23
1713859425,1369898,0,1.001953125,-0.001953125,-0.00390625,-0.005859375,0.0,0.0,0.0
1713860676,1369899,0,1.0,-0.0078125,-0.00390625,-0.01171875,0.0,0.0,0.0
1713861927,1369900,0,1.0078125,-0.01171875,-0.00390625,-0.015625,0.0,0.0,0.0
1713863177,1369901,0,1.00390625,-0.0078125,-0.001953125,-0.009765625,0.0,0.0,0.0
1713864427,1369902,0,1.0078125,-0.013671875,-0.001953125,-0.015625,0.0,0.0,0.0
1713865679,1369903,0,1.0078125,-0.017578125,-0.001953125,-0.01953125,0.0,0.0,0.0
1713866929,1369904,0,1.001953125,-0.009765625,-0.00390625,-0.013671875,0.0,0.0,0.0
1713868179,1369905,0,1.0078125,-0.017578125,-0.001953125,-0.01953125,0.0,0.0,0.0
1713869431,1369906,0,1.0,-0.01953125,0.0,-0.01953125,0.0,0.0,0.0
1713870681,1369907,0,1.00390625,-0.025390625,-0.005859375,-0.03125,0.0,0.0,0.0
1713871932,1369908,0,1.005859375,-0.021484375,-0.001953125,-0.0234375,0.0,0.0,0.0
1713873182,1369909,0,1.001953125,-0.01953125,0.0,-0.01953125,0.0,0.0,0.0
1713874432,1369910,0,1.0078125,-0.0234375,0.00390625,-0.01953125,0.0,0.0,0.0
1713875684,1369911,0,1.005859375,-0.033203125,0.0,-0.033203125,0.0,0.0,0.0
1713876934,1369912,0,1.005859375,-0.02734375,0.00390625,-0.0234375,0.0,0.0,0.0
1713878184,1369913,0,1.0078125,-0.02734375,0.0,-0.02734375,0.0,0.0,0.0
1713879436,1369914,0,1.0078125,-0.0234375,0.001953125,-0.021484375,0.0,0.0,0.0
1713880686,1369915,0,1.009765625,-0.025390625,-0.009765625,-0.03515625,0.0,0.0,0.0
1713881937,1369916,0,1.00390625,-0.021484375,-0.005859375,-0.02734375,0.0,0.0,0.0
1713883188,1369917,0,1.001953125,-0.021484375,0.0,-0.021484375,0.0,0.0,0.0
1713884439,1369918,0,1.005859375,-0.029296875,-0.001953125,-0.03125,0.0,0.0,0.0
1713885691,1369919,0,1.00390625,-0.021484375,0.0,-0.021484375,0.0,0.0,0.0
1713886942,1369920,0,1.00390625,-0.0234375,-0.001953125,-0.025390625,0.0,0.0,0.0
1713888192,1369921,0,1.001953125,-0.01953125,-0.001953125,-0.021484375,0.0,0.0,0.0
1713889443,1369922,0,1.005859375,-0.01953125,0.005859375,-0.013671875,0.0,0.0,0.0
1713890695,1369923,0,1.00390625,-0.01171875,-0.001953125,-0.013671875,0.0,0.0,0.0
1713891945,1369924,0,1.0078125,-0.013671875,0.001953125,-0.01171875,0.0,0.0,0.0
1713893197,1369925,0,1.001953125,-0.01171875,0.00390625,-0.0078125,0.0,0.0,0.0
1713894448,1369926,0,1.0078125,-0.01171875,0.00390625,-0.0078125,0.0,0.0,0.0
1713895698,1369927,0,1.00390625,-0.01171875,0.001953125,-0.009765625,0.0,0.0,0.0
1713896949,1369928,0,1.001953125,-0.005859375,0.001953125,-0.00390625,0.0,0.0,0.0
1713898199,1369929,0,1.00390625,-0.00390625,-0.00390625,-0.0078125,0.0,0.0,0.0
1713899449,1369930,0,1.001953125,-0.00390625,0.0,-0.00390625,0.0,0.0,0.0
1713900701,1369931,0,1.009765625,-0.00390625,-0.00390625,-0.0078125,0.0,0.0,0.0
1713901951,1369932,0,1.005859375,0.001953125,-0.001953125,0.0,0.0,0.0,0.0
1713903202,1369933,0,1.001953125,0.001953125,-0.0078125,-0.005859375,0.0,0.0,0.0
1713904453,1369934,0,1.005859375,0.005859375,-0.0078125,-0.001953125,0.0,0.0,0.0
1713905704,1369935,0,1.0,0.005859375,-0.005859375,0.0,0.0,0.0,0.0
1713906954,1369936,0,1.0078125,0.009765625,-0.00390625,0.005859375,0.0,0.0,0.0
1713908205,1369937,0,1.005859375,0.00390625,-0.009765625,-0.005859375,0.0,0.0,0.0
1713909457,1369938,0,1.01171875,0.001953125,-0.001953125,0.0,0.0,0.0,0.0
1713910707,1369939,0,1.00390625,0.0078125,-0.00390625,0.00390625,0.0,0.0,0.0
1713911959,1369940,0,1.0078125,0.00390625,0.0,0.00390625,0.0,0.0,0.0
1713913209,1369941,0,0.99609375,0.0,-0.00390625,-0.00390625,0.0,0.0,0.0
1713914460,1369942,0,1.00390625,0.0078125,-0.00390625,0.00390625,0.0,0.0,0.0
1713915711,1369943,0,1.0078125,0.009765625,-0.005859375,0.00390625,0.0,0.0,0.0
1713916961,1369944,0,1.005859375,0.0078125,-0.0078125,0.0,0.0,0.0,0.0
1713918211,1369945,0,1.00390625,0.00390625,-0.0078125,-0.00390625,0.0,0.0,0.0
1713919461,1369946,0,1.0078125,0.0078125,-0.009765625,-0.001953125,0.0,0.0,0.0
1713920712,1369947,0,1.0078125,0.00390625,-0.009765625,-0.005859375,0.0,0.0,0.0
1713921962,1369948,0,1.005859375,0.00390625,-0.009765625,-0.005859375,0.0,0.0,0.0
1713923212,1369949,0,1.001953125,-0.001953125,-0.015625,-0.017578125,0.0,0.0,0.0
1713924463,1369950,0,1.001953125,0.0,-0.001953125,-0.001953125,0.0,0.0,0.0
1713925713,1369951,0,0.998046875,-0.001953125,-0.013671875,-0.015625,0.0,0.0,0.0
1713926965,1369952,0,1.001953125,-0.00390625,-0.005859375,-0.009765625,0.0,0.0,0.0
1713928216,1369953,0,1.005859375,-0.00390625,-0.0078125,-0.01171875,0.0,0.0,0.0
1713929468,1369954,0,1.00390625,-0.01171875,-0.005859375,-0.017578125,0.0,0.0,0.0
1713930718,1369955,0,1.001953125,-0.00390625,-0.01171875,-0.015625,0.0,0.0,0.0
1713931970,1369956,0,1.00390625,-0.01171875,-0.013671875,-0.025390625,0.0,0.0,0.0
1713933221,1369957,0,1.0078125,-0.013671875,-0.017578125,-0.03125,0.0,0.0,0.0
1713934471,1369958,0,1.001953125,-0.01171875,0.0,-0.01171875,0.0,0.0,0.0
1713935722,1369959,0,1.00390625,-0.009765625,-0.00390625,-0.013671875,0.0,0.0,0.0
1713936973,1369960,0,1.009765625,-0.009765625,0.00390625,-0.005859375,0.0,0.0,0.0
1713938225,1369961,0,1.0078125,-0.015625,-0.005859375,-0.021484375,0.0,0.0,0.0
1713939477,1369962,0,1.0078125,-0.015625,-0.001953125,-0.017578125,0.0,0.0,0.0
1713940728,1369963,0,1.005859375,-0.01953125,-0.0078125,-0.02734375,0.0,0.0,0.0
1713941978,1369964,0,1.0078125,-0.017578125,-0.001953125,-0.01953125,0.0,0.0,0.0
1713943229,1369965,0,1.005859375,-0.021484375,0.001953125,-0.01953125,0.0,0.0,0.0
1713944481,1369966,0,1.0,-0.01953125,0.005859375,-0.013671875,0.0,0.0,0.0
1713945731,1369967,0,1.001953125,-0.01953125,0.005859375,-0.013671875,0.0,0.0,0.0
1713946982,1369968,0,1.00390625,-0.01953125,0.00390625,-0.015625,0.0,0.0,0.0
1713948233,1369969,0,1.001953125,-0.021484375,0.0,-0.021484375,0.0,0.0,0.0
1713949483,1369970,0,1.001953125,-0.021484375,0.001953125,-0.01953125,0.0,0.0,0.0
1713950734,1369971,0,1.005859375,-0.0234375,0.001953125,-0.021484375,0.0,0.0,0.0
1713951984,1369972,0,1.00390625,-0.021484375,0.001953125,-0.01953125,0.0,0.0,0.0
1713953235,1369973,0,1.00390625,-0.01953125,0.0078125,-0.01171875,0.0,0.0,0.0
1713954486,1369974,0,1.0078125,-0.021484375,0.0,-0.021484375,0.0,0.0,0.0
1713955736,1369975,0,1.0,-0.0234375,0.005859375,-0.017578125,0.0,0.0,0.0
1713956987,1369976,0,1.0078125,-0.017578125,0.005859375,-0.01171875,0.0,0.0,0.0
1713958238,1369977,0,1.0078125,-0.021484375,0.0,-0.021484375,0.0,0.0,0.0
1713959489,1369978,0,1.01171875,-0.021484375,-0.0078125,-0.029296875,0.0,0.0,0.0
1713960739,1369979,0,1.005859375,-0.009765625,0.0078125,-0.001953125,0.0,0.0,0.0
1713961990,1369980,0,1.009765625,-0.01171875,0.00390625,-0.0078125,0.0,0.0,0.0
1713963241,1369981,0,0.998046875,-0.009765625,0.00390625,-0.005859375,0.0,0.0,0.0
1713964492,1369982,0,1.005859375,-0.013671875,-0.00390625,-0.017578125,0.0,0.0,0.0
1713965742,1369983,0,1.0,-0.01171875,-0.005859375,-0.017578125,0.0,0.0,0.0
1713966993,1369984,0,1.00390625,-0.00390625,0.001953125,-0.001953125,0.0,0.0,0.0
1713968244,1369985,0,1.0,-0.001953125,-0.001953125,-0.00390625,0.0,0.0,0.0
1713969494,1369986,0,1.00390625,-0.001953125,0.00390625,0.001953125,0.0,0.0,0.0
1713970746,1369987,0,1.005859375,-0.001953125,0.001953125,0.0,0.0,0.0,0.0
1713971997,1369988,0,1.005859375,0.0,-0.001953125,-0.001953125,0.0,0.0,0.0
1713973248,1369989,0,1.0078125,-0.005859375,0.0,-0.005859375,0.0,0.0,0.0
1713974499,1369990,0,1.005859375,-0.001953125,-0.013671875,-0.015625,0.0,0.0,0.0
1713975750,1369991,0,1.0078125,-0.001953125,-0.00390625,-0.005859375,0.0,0.0,0.0
1713977001,1369992,0,1.00390625,0.0,-0.00390625,-0.00390625,0.0,0.0,0.0
1713978252,1369993,0,1.0,0.001953125,0.0,0.001953125,0.0,0.0,0.0
1713979502,1369994,0,1.00390625,0.001953125,-0.001953125,0.0,0.0,0.0,0.0
1713980753,1369995,0,1.0078125,-0.001953125,-0.00390625,-0.005859375,0.0,0.0,0.0
1713982004,1369996,0,1.005859375,-0.001953125,-0.005859375,-0.0078125,0.0,0.0,0.0
1713983255,1369997,0,1.009765625,0.00390625,-0.01171875,-0.0078125,0.0,0.0,0.0
1713984505,1369998,0,1.0,0.00390625,-0.005859375,-0.001953125,0.0,0.0,0.0
1713985756,1369999,0,1.00390625,-0.00390625,-0.0078125,-0.01171875,0.0,0.0,0.0
1713987008,1370000,0,0.998046875,0.00390625,-0.00390625,0.0,0.0,0.0,0.0
1713988258,1370001,0,0.99609375,0.00390625,-0.015625,-0.01171875,0.0,0.0,0.0
1713989509,1370002,0,0.994140625,0.00390625,-0.00390625,0.0,0.0,0.0,0.0
1713990759,1370003,0,1.013671875,-0.00390625,-0.005859375,-0.009765625,0.0,0.0,0.0
1713992010,1370004,0,1.00390625,0.001953125,-0.005859375,-0.00390625,0.0,0.0,0.0
1713993261,1370005,0,1.0,0.0,-0.009765625,-0.009765625,0.0,0.0,0.0
1713994513,1370006,0,0.998046875,-0.001953125,-0.001953125,-0.00390625,0.0,0.0,0.0
1713995764,1370007,0,1.005859375,-0.00390625,-0.005859375,-0.009765625,0.0,0.0,0.0
1713997015,1370008,0,1.00390625,-0.00390625,-0.015625,-0.01953125,0.0,0.0,0.0
1713998270,1370009,0,1.009765625,-0.0078125,-0.01171875,-0.01953125,0.0,0.0,0.0
1713999521,1370010,0,1.005859375,-0.00390625,-0.001953125,-0.005859375,0.0,0.0,0.0
1714000772,1370011,0,1.001953125,-0.01171875,-0.001953125,-0.013671875,0.0,0.0,0.0
1714002024,1370012,0,1.0,-0.009765625,-0.005859375,-0.015625,0.0,0.0,0.0
1714003275,1370013,0,1.0078125,-0.009765625,-0.009765625,-0.01953125,0.0,0.0,0.0
1714004527,1370014,0,1.005859375,-0.01171875,-0.005859375,-0.017578125,0.0,0.0,0.0
1714005778,1370015,0,1.0078125,-0.013671875,-0.0078125,-0.021484375,0.0,0.0,0.0
1714007028,1370016,0,1.005859375,-0.013671875,-0.005859375,-0.01953125,0.0,0.0,0.0
1714008279,1370017,0,1.00390625,-0.01171875,-0.00390625,-0.015625,0.0,0.0,0.0
1714009530,1370018,0,1.005859375,-0.0234375,-0.00390625,-0.02734375,0.0,0.0,0.0
1714010782,1370019,0,1.009765625,-0.0234375,0.001953125,-0.021484375,0.0,0.0,0.0
1714012032,1370020,0,1.001953125,-0.015625,-0.001953125,-0.017578125,0.0,0.0,0.0
1714013282,1370021,0,1.005859375,-0.01953125,0.00390625,-0.015625,0.0,0.0,0.0
1714014532,1370022,0,1.009765625,-0.013671875,-0.0078125,-0.021484375,0.0,0.0,0.0
1714015783,1370023,0,0.998046875,-0.01953125,0.0,-0.01953125,0.0,0.0,0.0
1714017034,1370024,0,1.01171875,-0.013671875,0.0,-0.013671875,0.0,0.0,0.0
1714018285,1370025,0,0.998046875,-0.013671875,0.005859375,-0.0078125,0.0,0.0,0.0
1714019537,1370026,0,1.00390625,-0.017578125,0.001953125,-0.015625,0.0,0.0,0.0
1714020789,1370027,0,1.00390625,-0.013671875,0.0,-0.013671875,0.0,0.0,0.0
1714022039,1370028,0,1.0078125,-0.013671875,0.005859375,-0.0078125,0.0,0.0,0.0
1714023290,1370029,0,1.00390625,-0.017578125,0.0,-0.017578125,0.0,0.0,0.0
1714024541,1370030,0,0.998046875,-0.013671875,0.0,-0.013671875,0.0,0.0,0.0
1714025792,1370031,0,1.00390625,-0.015625,0.005859375,-0.009765625,0.0,0.0,0.0
1714027042,1370032,0,0.99609375,-0.015625,0.00390625,-0.01171875,0.0,0.0,0.0
1714028294,1370033,0,1.0078125,-0.013671875,0.0,-0.013671875,0.0,0.0,0.0
1714029545,1370034,0,0.998046875,-0.01171875,0.00390625,-0.0078125,0.0,0.0,0.0
1714030795,1370035,0,1.005859375,-0.013671875,0.00390625,-0.009765625,0.0,0.0,0.0
1714032047,1370036,0,1.00390625,-0.01171875,0.0078125,-0.00390625,0.0,0.0,0.0
1714033298,1370037,0,1.00390625,-0.01171875,0.001953125,-0.009765625,0.0,0.0,0.0
1714034549,1370038,0,1.0078125,-0.009765625,0.005859375,-0.00390625,0.0,0.0,0.0
1714035800,1370039,0,1.0078125,-0.005859375,-0.001953125,-0.0078125,0.0,0.0,0.0
1714037050,1370040,0,1.005859375,0.0,-0.00390625,-0.00390625,0.0,0.0,0.0
1714038301,1370041,0,1.005859375,-0.005859375,0.00390625,-0.001953125,0.0,0.0,0.0
1714039552,1370042,0,1.00390625,-0.00390625,0.001953125,-0.001953125,0.0,0.0,0.0
1714040803,1370043,0,0.994140625,0.0,0.0078125,0.0078125,0.0,0.0,0.0
1714042053,1370044,0,1.009765625,-0.00390625,0.005859375,0.001953125,0.0,0.0,0.0
1714043305,1370045,0,1.001953125,-0.001953125,-0.00390625,-0.005859375,0.0,0.0,0.0
1714044557,1370046,0,1.005859375,0.0,0.001953125,0.001953125,0.0,0.0,0.0
1714045808,1370047,0,0.998046875,-0.001953125,-0.00390625,-0.005859375,0.0,0.0,0.0
1714047059,1370048,0,1.0,-0.001953125,0.0,-0.001953125,0.0,0.0,0.0
1714048310,1370049,0,1.0,-0.00390625,-0.00390625,-0.0078125,0.0,0.0,0.0
1714049562,1370050,0,1.005859375,-0.001953125,-0.00390625,-0.005859375,0.0,0.0,0.0
1714050812,1370051,0,1.001953125,0.0,-0.001953125,-0.001953125,0.0,0.0,0.0
1714052064,1370052,0,1.005859375,0.0,0.0,0.0,0.0,0.0,0.0
1714053314,1370053,0,1.0078125,-0.001953125,-0.005859375,-0.0078125,0.0,0.0,0.0
1714054565,1370054,0,1.0078125,-0.001953125,-0.01171875,-0.013671875,0.0,0.0,0.0
1714055816,1370055,0,1.005859375,0.0,-0.005859375,-0.005859375,0.0,0.0,0.0
1714057066,1370056,0,1.00390625,-0.001953125,-0.0078125,-0.009765625,0.0,0.0,0.0
1714058317,1370057,0,1.0078125,-0.00390625,-0.005859375,-0.009765625,0.0,0.0,0.0
1714059569,1370058,0,1.0078125,-0.001953125,-0.00390625,-0.005859375,0.0,0.0,0.0
1714060819,1370059,0,1.0078125,-0.00390625,-0.00390625,-0.0078125,0.0,0.0,0.0
1714062070,1370060,0,0.998046875,-0.013671875,-0.01171875,-0.025390625,0.0,0.0,0.0
1714063321,1370061,0,1.005859375,-0.0078125,-0.009765625,-0.017578125,0.0,0.0,0.0
1714064571,1370062,0,1.013671875,-0.00390625,-0.00390625,-0.0078125,0.0,0.0,0.0
1714065822,1370063,0,1.00390625,-0.01171875,-0.0078125,-0.01953125,0.0,0.0,0.0
1714067074,1370064,0,1.01171875,-0.0078125,-0.001953125,-0.009765625,0.0,0.0,0.0
1714068324,1370065,0,1.0078125,-0.005859375,-0.013671875,-0.01953125,0.0,0.0,0.0
1714069575,1370066,0,1.00390625,-0.009765625,-0.001953125,-0.01171875,0.0,0.0,0.0
1714070827,1370067,0,1.0078125,-0.001953125,-0.005859375,-0.0078125,0.0,0.0,0.0
1714072077,1370068,0,0.998046875,-0.009765625,-0.001953125,-0.01171875,0.0,0.0,0.0
1714073328,1370069,0,1.001953125,-0.01171875,-0.001953125,-0.013671875,0.0,0.0,0.0
1714074580,1370070,0,1.0,-0.01171875,-0.005859375,-0.017578125,0.0,0.0,0.0
1714075832,1370071,0,1.0,-0.017578125,-0.00390625,-0.021484375,0.0,0.0,0.0
1714077082,1370072,0,1.0078125,-0.013671875,-0.00390625,-0.017578125,0.0,0.0,0.0
1714078333,1370073,0,1.00390625,-0.015625,-0.001953125,-0.017578125,0.0,0.0,0.0
1714079585,1370074,0,1.00390625,-0.013671875,-0.00390625,-0.017578125,0.0,0.0,0.0
1714080835,1370075,0,1.005859375,-0.017578125,0.001953125,-0.015625,0.0,0.0,0.0
1714082086,1370076,0,1.005859375,-0.013671875,-0.00390625,-0.017578125,0.0,0.0,0.0
1714083338,1370077,0,1.0078125,-0.013671875,-0.001953125,-0.015625,0.0,0.0,0.0
1714084589,1370078,0,1.0078125,-0.013671875,0.005859375,-0.0078125,0.0,0.0,0.0
1714085840,1370079,0,1.005859375,-0.017578125,-0.00390625,-0.021484375,0.0,0.0,0.0
1714087092,1370080,0,1.005859375,-0.015625,0.0,-0.015625,0.0,0.0,0.0
1714088343,1370081,0,1.00390625,-0.021484375,0.0,-0.021484375,0.0,0.0,0.0
1714089594,1370082,0,1.005859375,-0.015625,-0.00390625,-0.01953125,0.0,0.0,0.0
1714090845,1370083,0,1.0078125,-0.015625,0.005859375,-0.009765625,0.0,0.0,0.0
1714092096,1370084,0,1.009765625,-0.01171875,0.001953125,-0.009765625,0.0,0.0,0.0
1714093346,1370085,0,0.998046875,-0.013671875,0.0,-0.013671875,0.0,0.0,0.0
1714094598,1370086,0,1.00390625,-0.0078125,0.00390625,-0.00390625,0.0,0.0,0.0
1714095849,1370087,0,1.01953125,-0.013671875,0.009765625,-0.00390625,0.0,0.0,0.0
1714097099,1370088,0,1.001953125,-0.0078125,0.00390625,-0.00390625,0.0,0.0,0.0
1714098350,1370089,0,0.998046875,-0.0078125,0.001953125,-0.005859375,0.0,0.0,0.0
1714099601,1370090,0,1.00390625,-0.009765625,0.0,-0.009765625,0.0,0.0,0.0
1714100852,1370091,0,1.001953125,-0.005859375,0.0,-0.005859375,0.0,0.0,0.0
1714102103,1370092,0,1.001953125,-0.005859375,0.0,-0.005859375,0.0,0.0,0.0
1714103354,1370093,0,1.005859375,-0.005859375,0.00390625,-0.001953125,0.0,0.0,0.0
1714104605,1370094,0,1.00390625,-0.0078125,0.001953125,-0.005859375,0.0,0.0,0.0
1714105855,1370095,0,1.00390625,-0.005859375,0.001953125,-0.00390625,0.0,0.0,0.0
1714107107,1370096,0,1.005859375,-0.00390625,-0.001953125,-0.005859375,0.0,0.0,0.0
1714108357,1370097,0,1.005859375,-0.00390625,0.0,-0.00390625,0.0,0.0,0.0
1714109607,1370098,0,1.0,-0.001953125,0.00390625,0.001953125,0.0,0.0,0.0
1714110859,1370099,0,0.998046875,-0.001953125,-0.001953125,-0.00390625,0.0,0.0,0.0
1714112109,1370100,0,1.009765625,-0.001953125,-0.00390625,-0.005859375,0.0,0.0,0.0
1714113361,1370101,0,1.00390625,-0.001953125,0.001953125,0.0,0.0,0.0,0.0
1714114611,1370102,0,0.998046875,-0.001953125,-0.001953125,-0.00390625,0.0,0.0,0.0
1714115861,1370103,0,1.009765625,-0.00390625,-0.001953125,-0.005859375,0.0,0.0,0.0
1714117113,1370104,0,1.0078125,-0.001953125,-0.001953125,-0.00390625,0.0,0.0,0.0
1714118364,1370105,0,1.005859375,-0.001953125,0.001953125,0.0,0.0,0.0,0.0
1714119616,1370106,0,1.0,-0.001953125,0.00390625,0.001953125,0.0,0.0,0.0
1714120866,1370107,0,1.0078125,0.001953125,-0.00390625,-0.001953125,0.0,0.0,0.0
1714122118,1370108,0,1.009765625,0.001953125,-0.009765625,-0.0078125,0.0,0.0,0.0
1714123368,1370109,0,0.998046875,-0.001953125,0.0,-0.001953125,0.0,0.0,0.0
1714124619,1370110,0,1.005859375,-0.009765625,0.0,-0.009765625,0.0,0.0,0.0
1714125869,1370111,0,1.005859375,-0.00390625,0.001953125,-0.001953125,0.0,0.0,0.0
1714127119,1370112,0,1.001953125,-0.005859375,-0.005859375,-0.01171875,0.0,0.0,0.0
1714128371,1370113,0,1.0078125,-0.001953125,-0.005859375,-0.0078125,0.0,0.0,0.0
1714129622,1370114,0,1.0078125,-0.00390625,-0.00390625,-0.0078125,0.0,0.0,0.0
1714130874,1370115,0,1.0078125,-0.005859375,-0.0078125,-0.013671875,0.0,0.0,0.0
1714132124,1370116,0,1.0078125,-0.0078125,-0.0078125,-0.015625,0.0,0.0,0.0
1714133375,1370117,0,1.0078125,-0.0078125,-0.0078125,-0.015625,0.0,0.0,0.0
1714134625,1370118,0,1.001953125,-0.005859375,-0.001953125,-0.0078125,0.0,0.0,0.0
1714135877,1370119,0,1.009765625,-0.0078125,-0.00390625,-0.01171875,0.0,0.0,0.0
1714137127,1370120,0,1.0,-0.0078125,-0.00390625,-0.01171875,0.0,0.0,0.0
1714138377,1370121,0,1.00390625,-0.009765625,-0.00390625,-0.013671875,0.0,0.0,0.0
1714139629,1370122,0,1.005859375,-0.01171875,-0.001953125,-0.013671875,0.0,0.0,0.0
1714140879,1370123,0,1.01171875,-0.01171875,0.0,-0.01171875,0.0,0.0,0.0
1714142130,1370124,0,0.998046875,-0.009765625,0.0,-0.009765625,0.0,0.0,0.0
1714143381,1370125,0,1.0078125,-0.015625,-0.001953125,-0.017578125,0.0,0.0,0.0
1714144631,1370126,0,1.0078125,-0.013671875,-0.001953125,-0.015625,0.0,0.0,0.0
1714145882,1370127,0,1.0078125,-0.013671875,-0.005859375,-0.01953125,0.0,0.0,0.0
1714147133,1370128,0,1.0078125,-0.01171875,-0.001953125,-0.013671875,0.0,0.0,0.0
1714148384,1370129,0,1.005859375,-0.0078125,0.00390625,-0.00390625,0.0,0.0,0.0
1714149635,1370130,0,1.005859375,-0.01171875,0.0,-0.01171875,0.0,0.0,0.0
1714150885,1370131,0,1.0,-0.017578125,-0.009765625,-0.02734375,0.0,0.0,0.0
1714152136,1370132,0,1.005859375,-0.01171875,0.00390625,-0.0078125,0.0,0.0,0.0
1714153387,1370133,0,1.0078125,-0.015625,-0.005859375,-0.021484375,0.0,0.0,0.0
1714154638,1370134,0,1.00390625,-0.017578125,0.0,-0.017578125,0.0,0.0,0.0
1714155889,1370135,0,1.00390625,-0.017578125,0.00390625,-0.013671875,0.0,0.0,0.0
1714157140,1370136,0,1.0078125,-0.015625,0.0,-0.015625,0.0,0.0,0.0
1714158392,1370137,0,1.00390625,-0.013671875,0.005859375,-0.0078125,0.0,0.0,0.0
1714159642,1370138,0,1.00390625,-0.013671875,0.001953125,-0.01171875,0.0,0.0,0.0
1714160894,1370139,0,1.001953125,-0.015625,0.001953125,-0.013671875,0.0,0.0,0.0
1714162145,1370140,0,1.009765625,-0.015625,0.00390625,-0.01171875,0.0,0.0,0.0
1714163395,1370141,0,1.0,-0.005859375,0.0,-0.005859375,0.0,0.0,0.0
1714164646,1370142,0,1.005859375,-0.009765625,0.00390625,-0.005859375,0.0,0.0,0.0
1714165898,1370143,0,1.0078125,-0.01171875,0.0,-0.01171875,0.0,0.0,0.0
1714167149,1370144,0,1.00390625,-0.01171875,0.001953125,-0.009765625,0.0,0.0,0.0
1714168400,1370145,0,1.005859375,-0.009765625,-0.001953125,-0.01171875,0.0,0.0,0.0
1714169651,1370146,0,1.0078125,-0.0078125,-0.00390625,-0.01171875,0.0,0.0,0.0
1714170902,1370147,0,1.001953125,-0.0078125,0.0,-0.0078125,0.0,0.0,0.0
1714172154,1370148,0,0.998046875,-0.00390625,0.0,-0.00390625,0.0,0.0,0.0
1714173405,1370149,0,1.0078125,-0.0078125,-0.005859375,-0.013671875,0.0,0.0,0.0
1714174657,1370150,0,0.998046875,-0.0078125,-0.00390625,-0.01171875,0.0,0.0,0.0
1714175907,1370151,0,1.001953125,-0.00390625,0.0,-0.00390625,0.0,0.0,0.0
1714177158,1370152,0,1.0,0.001953125,0.005859375,0.0078125,0.0,0.0,0.0
1714178409,1370153,0,0.998046875,-0.00390625,-0.009765625,-0.013671875,0.0,0.0,0.0
1714179660,1370154,0,1.001953125,-0.001953125,0.0,-0.001953125,0.0,0.0,0.0
1714180911,1370155,0,1.005859375,-0.00390625,0.0,-0.00390625,0.0,0.0,0.0
1714182161,1370156,0,1.001953125,-0.001953125,-0.001953125,-0.00390625,0.0,0.0,0.0
1714183412,1370157,0,1.001953125,-0.00390625,-0.005859375,-0.009765625,0.0,0.0,0.0
1714184664,1370158,0,1.0078125,-0.00390625,0.001953125,-0.001953125,0.0,0.0,0.0
1714185915,1370159,0,1.0,0.00390625,-0.001953125,0.001953125,0.0,0.0,0.0
1714187166,1370160,0,1.00390625,0.0,-0.005859375,-0.005859375,0.0,0.0,0.0
1714188417,1370161,0,1.005859375,0.001953125,-0.0078125,-0.005859375,0.0,0.0,0.0
1714189668,1370162,0,1.001953125,-0.00390625,-0.00390625,-0.0078125,0.0,0.0,0.0
1714190920,1370163,0,1.00390625,-0.00390625,-0.0078125,-0.01171875,0.0,0.0,0.0
1714192172,1370164,0,1.0,-0.00390625,-0.005859375,-0.009765625,0.0,0.0,0.0
1714193422,1370165,0,1.00390625,-0.00390625,-0.005859375,-0.009765625,0.0,0.0,0.0
1714194673,1370166,0,1.00390625,-0.005859375,0.0,-0.005859375,0.0,0.0,0.0
1714195924,1370167,0,1.00390625,-0.0078125,-0.009765625,-0.017578125,0.0,0.0,0.0
1714197174,1370168,0,1.001953125,-0.005859375,-0.0078125,-0.013671875,0.0,0.0,0.0
1714198425,1370169,0,1.001953125,-0.005859375,-0.005859375,-0.01171875,0.0,0.0,0.0
1714199676,1370170,0,0.9921875,-0.01171875,-0.00390625,-0.015625,0.0,0.0,0.0
1714200927,1370171,0,1.00390625,-0.01171875,-0.00390625,-0.015625,0.0,0.0,0.0
1714202177,1370172,0,1.009765625,-0.01171875,-0.00390625,-0.015625,0.0,0.0,0.0
1714203427,1370173,0,1.001953125,-0.009765625,-0.001953125,-0.01171875,0.0,0.0,0.0
1714204679,1370174,0,1.005859375,-0.009765625,-0.0078125,-0.017578125,0.0,0.0,0.0
1714205929,1370175,0,1.00390625,-0.0078125,-0.00390625,-0.01171875,0.0,0.0,0.0
1714207179,1370176,0,1.0078125,-0.01171875,-0.005859375,-0.017578125,0.0,0.0,0.0
1714208431,1370177,0,1.00390625,-0.013671875,-0.001953125,-0.015625,0.0,0.0,0.0
1714209681,1370178,0,1.005859375,-0.015625,-0.005859375,-0.021484375,0.0,0.0,0.0
1714210932,1370179,0,1.001953125,-0.009765625,-0.005859375,-0.015625,0.0,0.0,0.0
1714212182,1370180,0,1.0078125,-0.01171875,-0.001953125,-0.013671875,0.0,0.0,0.0
1714213432,1370181,0,1.0078125,-0.013671875,-0.005859375,-0.01953125,0.0,0.0,0.0
1714214684,1370182,0,1.001953125,-0.013671875,-0.00390625,-0.017578125,0.0,0.0,0.0
1714215934,1370183,0,0.998046875,-0.015625,0.0,-0.015625,0.0,0.0,0.0
1714217184,1370184,0,1.001953125,-0.017578125,0.0,-0.017578125,0.0,0.0,0.0
1714218436,1370185,0,0.99609375,-0.013671875,0.0,-0.013671875,0.0,0.0,0.0
1714219686,1370186,0,1.005859375,-0.015625,0.0,-0.015625,0.0,0.0,0.0
1714220937,1370187,0,1.005859375,-0.015625,0.0,-0.015625,0.0,0.0,0.0
1714222188,1370188,0,1.005859375,-0.005859375,-0.005859375,-0.01171875,0.0,0.0,0.0
1714223439,1370189,0,1.0,-0.021484375,0.00390625,-0.017578125,0.0,0.0,0.0
1714224691,1370190,0,1.00390625,-0.015625,-0.0078125,-0.0234375,0.0,0.0,0.0
1714225942,1370191,0,1.01171875,-0.013671875,-0.01171875,-0.025390625,0.0,0.0,0.0
1714227192,1370192,0,1.00390625,-0.0078125,-0.001953125,-0.009765625,0.0,0.0,0.0
1714228443,1370193,0,1.005859375,-0.009765625,0.0078125,-0.001953125,0.0,0.0,0.0
1714229695,1370194,0,1.005859375,-0.01171875,-0.005859375,-0.017578125,0.0,0.0,0.0
1714230945,1370195,0,1.00390625,-0.0078125,0.0,-0.0078125,0.0,0.0,0.0
1714232197,1370196,0,1.005859375,-0.0078125,-0.001953125,-0.009765625,0.0,0.0,0.0
1714233448,1370197,0,1.001953125,-0.009765625,-0.001953125,-0.01171875,0.0,0.0,0.0
1714234698,1370198,0,1.001953125,-0.0078125,0.0,-0.0078125,0.0,0.0,0.0
1714235949,1370199,0,1.001953125,-0.009765625,0.0,-0.009765625,0.0,0.0,0.0
1714237199,1370200,0,1.00390625,-0.009765625,0.001953125,-0.0078125,0.0,0.0,0.0
1714238449,1370201,0,1.005859375,-0.0078125,0.001953125,-0.005859375,0.0,0.0,0.0
1714239701,1370202,0,1.00390625,-0.00390625,-0.001953125,-0.005859375,0.0,0.0,0.0
1714240951,1370203,0,1.0,-0.009765625,0.0,-0.009765625,0.0,0.0,0.0
1714242202,1370204,0,1.00390625,-0.00390625,-0.001953125,-0.005859375,0.0,0.0,0.0
1714243453,1370205,0,1.001953125,-0.0078125,0.0078125,0.0,0.0,0.0,0.0
1714244704,1370206,0,1.009765625,-0.00390625,0.0,-0.00390625,0.0,0.0,0.0
1714245954,1370207,0,1.0078125,-0.00390625,-0.00390625,-0.0078125,0.0,0.0,0.0
1714247205,1370208,0,1.00390625,-0.001953125,0.0,-0.001953125,0.0,0.0,0.0
1714248457,1370209,0,1.0,-0.0078125,-0.005859375,-0.013671875,0.0,0.0,0.0
1714249707,1370210,0,1.005859375,0.005859375,0.0,0.005859375,0.0,0.0,0.0
1714250959,1370211,0,1.00390625,0.0,0.001953125,0.001953125,0.0,0.0,0.0
1714252209,1370212,0,1.005859375,-0.00390625,0.0,-0.00390625,0.0,0.0,0.0
1714253460,1370213,0,1.00390625,-0.001953125,-0.00390625,-0.005859375,0.0,0.0,0.0
1714254711,1370214,0,1.001953125,-0.00390625,-0.00390625,-0.0078125,0.0,0.0,0.0
1714255961,1370215,0,1.00390625,-0.009765625,-0.0078125,-0.017578125,0.0,0.0,0.0
1714257211,1370216,0,1.00390625,-0.00390625,-0.00390625,-0.0078125,0.0,0.0,0.0
1714258461,1370217,0,1.01953125,-0.005859375,-0.0078125,-0.013671875,0.0,0.0,0.0
1714259712,1370218,0,1.005859375,-0.001953125,-0.001953125,-0.00390625,0.0,0.0,0.0
1714260962,1370219,0,1.009765625,-0.001953125,-0.00390625,-0.005859375,0.0,0.0,0.0
1714262212,1370220,0,1.0078125,0.0,-0.00390625,-0.00390625,0.0,0.0,0.0
1714263463,1370221,0,1.0,-0.00390625,-0.001953125,-0.005859375,0.0,0.0,0.0
1714264713,1370222,0,1.001953125,-0.01171875,-0.005859375,-0.017578125,0.0,0.0,0.0
1714265965,1370223,0,0.99609375,-0.017578125,-0.001953125,-0.01953125,0.0,0.0,0.0
1714267216,1370224,0,1.00390625,-0.005859375,-0.001953125,-0.0078125,0.0,0.0,0.0
1714268468,1370225,0,1.0078125,-0.01171875,-0.005859375,-0.017578125,0.0,0.0,0.0
1714269718,1370226,0,1.00390625,-0.0078125,-0.00390625,-0.01171875,0.0,0.0,0.0
1714270970,1370227,0,0.998046875,-0.009765625,-0.001953125,-0.01171875,0.0,0.0,0.0
1714272221,1370228,0,1.00390625,-0.017578125,-0.005859375,-0.0234375,0.0,0.0,0.0
1714273471,1370229,0,1.001953125,-0.01171875,0.001953125,-0.009765625,0.0,0.0,0.0
1714274722,1370230,0,1.001953125,-0.01171875,-0.013671875,-0.025390625,0.0,0.0,0.0
1714275973,1370231,0,0.99609375,-0.01171875,-0.00390625,-0.015625,0.0,0.0,0.0
1714277225,1370232,0,1.0,-0.0078125,-0.013671875,-0.021484375,0.0,0.0,0.0
1714278477,1370233,0,1.00390625,-0.00390625,-0.00390625,-0.0078125,0.0,0.0,0.0
1714279728,1370234,0,0.998046875,-0.0078125,-0.0078125,-0.015625,0.0,0.0,0.0
1714280978,1370235,0,1.0078125,-0.00390625,-0.0078125,-0.01171875,0.0,0.0,0.0
1714282229,1370236,0,1.015625,-0.01171875,0.001953125,-0.009765625,0.0,0.0,0.0
1714283481,1370237,0,1.001953125,-0.00390625,0.0,-0.00390625,0.0,0.0,0.0
1714284731,1370238,0,1.005859375,-0.009765625,-0.005859375,-0.015625,0.0,0.0,0.0
1714285982,1370239,0,1.009765625,-0.001953125,-0.005859375,-0.0078125,0.0,0.0,0.0
1714287233,1370240,0,1.001953125,-0.0078125,-0.005859375,-0.013671875,0.0,0.0,0.0
1714288483,1370241,0,1.0078125,-0.005859375,-0.001953125,-0.0078125,0.0,0.0,0.0
1714289734,1370242,0,1.00390625,-0.005859375,-0.005859375,-0.01171875,0.0,0.0,0.0
1714290984,1370243,0,1.005859375,-0.0078125,0.0,-0.0078125,0.0,0.0,0.0
1714292235,1370244,0,1.001953125,-0.0078125,-0.001953125,-0.009765625,0.0,0.0,0.0
1714293486,1370245,0,1.0,-0.009765625,-0.0078125,-0.017578125,0.0,0.0,0.0
1714294736,1370246,0,1.001953125,-0.0078125,-0.0078125,-0.015625,0.0,0.0,0.0
1714295987,1370247,0,0.998046875,-0.015625,-0.001953125,-0.017578125,0.0,0.0,0.0
1714297238,1370248,0,0.998046875,-0.009765625,-0.001953125,-0.01171875,0.0,0.0,0.0
1714298489,1370249,0,1.001953125,-0.009765625,-0.001953125,-0.01171875,0.0,0.0,0.0
1714299739,1370250,0,0.99609375,-0.013671875,0.0,-0.013671875,0.0,0.0,0.0
1714300990,1370251,0,1.0,-0.0078125,0.009765625,0.001953125,0.0,0.0,0.0
1714302241,1370252,0,1.0,-0.009765625,0.005859375,-0.00390625,0.0,0.0,0.0
1714303492,1370253,0,0.998046875,-0.01171875,0.005859375,-0.005859375,0.0,0.0,0.0
1714304742,1370254,0,1.015625,-0.015625,-0.001953125,-0.017578125,0.0,0.0,0.0
1714305993,1370255,0,1.009765625,-0.01171875,-0.00390625,-0.015625,0.0,0.0,0.0
1714307244,1370256,0,1.005859375,-0.005859375,0.00390625,-0.001953125,0.0,0.0,0.0
1714308494,1370257,0,1.00390625,-0.0078125,0.005859375,-0.001953125,0.0,0.0,0.0
1714309746,1370258,0,1.005859375,-0.009765625,-0.001953125,-0.01171875,0.0,0.0,0.0
1714310997,1370259,0,1.005859375,-0.005859375,0.001953125,-0.00390625,0.0,0.0,0.0
1714312248,1370260,0,1.0,-0.005859375,0.001953125,-0.00390625,0.0,0.0,0.0
1714313499,1370261,0,1.0,-0.005859375,0.00390625,-0.001953125,0.0,0.0,0.0
1714314750,1370262,0,1.0,-0.00390625,-0.00390625,-0.0078125,0.0,0.0,0.0
1714316001,1370263,0,0.99609375,-0.001953125,0.001953125,0.0,0.0,0.0,0.0
1714317252,1370264,0,0.998046875,-0.0078125,0.0,-0.0078125,0.0,0.0,0.0
1714318502,1370265,0,1.0078125,-0.005859375,-0.00390625,-0.009765625,0.0,0.0,0.0
1714319753,1370266,0,1.005859375,-0.00390625,0.0,-0.00390625,0.0,0.0,0.0
1714321004,1370267,0,1.005859375,-0.00390625,-0.001953125,-0.005859375,0.0,0.0,0.0
1714322255,1370268,0,1.0,-0.0078125,-0.001953125,-0.009765625,0.0,0.0,0.0
1714323505,1370269,0,1.0078125,-0.009765625,0.0,-0.009765625,0.0,0.0,0.0
1714324756,1370270,0,1.001953125,-0.009765625,-0.001953125,-0.01171875,0.0,0.0,0.0
1714326008,1370271,0,1.00390625,-0.013671875,0.0,-0.013671875,0.0,0.0,0.0
1714327258,1370272,0,1.0,-0.005859375,0.001953125,-0.00390625,0.0,0.0,0.0
1714328509,1370273,0,1.0078125,-0.0078125,-0.005859375,-0.013671875,0.0,0.0,0.0
1714329759,1370274,0,1.001953125,-0.013671875,-0.00390625,-0.017578125,0.0,0.0,0.0
1714331010,1370275,0,1.001953125,-0.0078125,-0.001953125,-0.009765625,0.0,0.0,0.0
1714332261,1370276,0,1.0,-0.005859375,0.0,-0.005859375,0.0,0.0,0.0
1714333513,1370277,0,0.998046875,-0.01171875,-0.00390625,-0.015625,0.0,0.0,0.0
1714334764,1370278,0,1.00390625,-0.015625,-0.005859375,-0.021484375,0.0,0.0,0.0
1714336015,1370279,0,1.01171875,-0.005859375,0.0,-0.005859375,0.0,0.0,0.0
1714337270,1370280,0,0.994140625,-0.009765625,0.0,-0.009765625,0.0,0.0,0.0
1714338521,1370281,0,1.009765625,-0.01171875,-0.0078125,-0.01953125,0.0,0.0,0.0
1714339772,1370282,0,1.005859375,-0.009765625,-0.00390625,-0.013671875,0.0,0.0,0.0
1714341024,1370283,0,1.005859375,-0.013671875,-0.001953125,-0.015625,0.0,0.0,0.0
1714342275,1370284,0,1.001953125,-0.015625,-0.001953125,-0.017578125,0.0,0.0,0.0
1714343527,1370285,0,1.0,-0.015625,-0.00390625,-0.01953125,0.0,0.0,0.0
1714344778,1370286,0,1.005859375,-0.013671875,-0.005859375,-0.01953125,0.0,0.0,0.0
1714346028,1370287,0,1.001953125,-0.013671875,-0.00390625,-0.017578125,0.0,0.0,0.0
1714347279,1370288,0,1.0,-0.013671875,-0.005859375,-0.01953125,0.0,0.0,0.0
1714348530,1370289,0,1.0,-0.015625,-0.001953125,-0.017578125,0.0,0.0,0.0
1714349782,1370290,0,1.00390625,-0.01171875,-0.00390625,-0.015625,0.0,0.0,0.0
1714351032,1370291,0,0.998046875,-0.013671875,-0.00390625,-0.017578125,0.0,0.0,0.0
1714352282,1370292,0,1.005859375,-0.0078125,-0.0078125,-0.015625,0.0,0.0,0.0
1714353532,1370293,0,1.009765625,-0.01171875,-0.005859375,-0.017578125,0.0,0.0,0.0
1714354783,1370294,0,1.001953125,-0.0078125,-0.009765625,-0.017578125,0.0,0.0,0.0
1714356034,1370295,0,1.00390625,-0.01171875,-0.0078125,-0.01953125,0.0,0.0,0.0
1714357285,1370296,0,1.0,-0.013671875,0.0078125,-0.005859375,0.0,0.0,0.0
1714358537,1370297,0,1.001953125,-0.0078125,-0.00390625,-0.01171875,0.0,0.0,0.0
1714359789,1370298,0,1.00390625,-0.009765625,-0.001953125,-0.01171875,0.0,0.0,0.0
1714361039,1370299,0,0.99609375,-0.009765625,-0.001953125,-0.01171875,0.0,0.0,0.0
1714362290,1370300,0,1.0,-0.005859375,-0.00390625,-0.009765625,0.0,0.0,0.0
1714363541,1370301,0,1.005859375,-0.005859375,-0.00390625,-0.009765625,0.0,0.0,0.0
1714364792,1370302,0,1.001953125,-0.009765625,-0.00390625,-0.013671875,0.0,0.0,0.0
1714366042,1370303,0,1.001953125,-0.005859375,-0.00390625,-0.009765625,0.0,0.0,0.0
1714367294,1370304,0,1.005859375,-0.00390625,-0.00390625,-0.0078125,0.0,0.0,0.0
1714368545,1370305,0,1.005859375,0.0,-0.00390625,-0.00390625,0.0,0.0,0.0
1714369795,1370306,0,1.001953125,-0.00390625,0.0,-0.00390625,0.0,0.0,0.0
1714371047,1370307,0,1.001953125,-0.00390625,-0.005859375,-0.009765625,0.0,0.0,0.0
1714372298,1370308,0,1.00390625,-0.00390625,-0.0078125,-0.01171875,0.0,0.0,0.0
1714373549,1370309,0,1.0,-0.00390625,-0.005859375,-0.009765625,0.0,0.0,0.0
1714374800,1370310,0,1.005859375,0.0,-0.00390625,-0.00390625,0.0,0.0,0.0
1714376050,1370311,0,0.99609375,0.001953125,0.0,0.001953125,0.0,0.0,0.0
1714377301,1370312,0,0.998046875,-0.00390625,0.0,-0.00390625,0.0,0.0,0.0
1714378552,1370313,0,0.994140625,-0.00390625,0.0,-0.00390625,0.0,0.0,0.0
1714379803,1370314,0,1.0078125,-0.00390625,-0.001953125,-0.005859375,0.0,0.0,0.0
1714381053,1370315,0,1.005859375,-0.001953125,-0.00390625,-0.005859375,0.0,0.0,0.0
1714382305,1370316,0,1.009765625,-0.005859375,-0.001953125,-0.0078125,0.0,0.0,0.0
1714383557,1370317,0,1.005859375,0.00390625,0.0,0.00390625,0.0,0.0,0.0
1714384808,1370318,0,1.01171875,0.0,-0.00390625,-0.00390625,0.0,0.0,0.0
1714386059,1370319,0,1.005859375,-0.001953125,0.001953125,0.0,0.0,0.0,0.0
1714387310,1370320,0,1.0078125,-0.00390625,0.0,-0.00390625,0.0,0.0,0.0
1714388562,1370321,0,1.005859375,-0.0078125,-0.005859375,-0.013671875,0.0,0.0,0.0
1714389812,1370322,0,0.998046875,-0.0078125,-0.01171875,-0.01953125,0.0,0.0,0.0
1714391064,1370323,0,1.00390625,-0.00390625,-0.00390625,-0.0078125,0.0,0.0,0.0
1714392314,1370324,0,1.009765625,-0.005859375,-0.001953125,-0.0078125,0.0,0.0,0.0
1714393565,1370325,0,1.00390625,-0.005859375,-0.001953125,-0.0078125,0.0,0.0,0.0
1714394816,1370326,0,1.0078125,-0.0078125,-0.005859375,-0.013671875,0.0,0.0,0.0
1714396066,1370327,0,1.005859375,-0.001953125,0.005859375,0.00390625,0.0,0.0,0.0
1714397317,1370328,0,1.00390625,-0.005859375,-0.001953125,-0.0078125,0.0,0.0,0.0
1714398569,1370329,0,1.00390625,-0.00390625,-0.005859375,-0.009765625,0.0,0.0,0.0
1714399819,1370330,0,1.001953125,-0.005859375,-0.00390625,-0.009765625,0.0,0.0,0.0
1714401070,1370331,0,1.00390625,-0.0078125,-0.005859375,-0.013671875,0.0,0.0,0.0
1714402321,1370332,0,1.005859375,-0.00390625,-0.00390625,-0.0078125,0.0,0.0,0.0
1714403571,1370333,0,1.0078125,-0.00390625,-0.00390625,-0.0078125,0.0,0.0,0.0
