t_us,frame_id,sensor_id,accX,accY,accZ,acc_sum_YZ,magX,magY,magZ
1735589197,1387269,0,1.001953125,-0.001953125,0.001953125,0.0,0.0,0.0,0.0
1735590447,1387270,0,0.998046875,-0.00390625,0.0,-0.00390625,0.0,0.0,0.0
1735591698,1387271,0,1.00390625,-0.001953125,0.005859375,0.00390625,0.0,0.0,0.0
1735592949,1387272,0,1.005859375,-0.00390625,0.00390625,0.0,0.0,0.0,0.0
1735594200,1387273,0,1.00390625,0.001953125,0.001953125,0.00390625,0.0,0.0,0.0
1735595451,1387274,0,0.998046875,-0.005859375,0.0078125,0.001953125,0.0,0.0,0.0
1735596702,1387275,0,1.005859375,0.0,0.00390625,0.00390625,0.0,0.0,0.0
1735597954,1387276,0,1.00390625,-0.001953125,0.0,-0.001953125,0.0,0.0,0.0
1735599204,1387277,0,1.0078125,-0.0078125,0.001953125,-0.005859375,0.0,0.0,0.0
1735600455,1387278,0,1.0,-0.001953125,-0.001953125,-0.00390625,0.0,0.0,0.0
1735601707,1387279,0,1.005859375,0.0,-0.001953125,-0.001953125,0.0,0.0,0.0
1735602957,1387280,0,1.0078125,-0.0078125,0.009765625,0.001953125,0.0,0.0,0.0
1735604207,1387281,0,1.005859375,0.00390625,0.0,0.00390625,0.0,0.0,0.0
1735605459,1387282,0,1.001953125,-0.001953125,0.0,-0.001953125,0.0,0.0,0.0
1735606709,1387283,0,1.005859375,-0.001953125,0.0078125,0.005859375,0.0,0.0,0.0
1735607960,1387284,0,1.0,-0.0078125,0.00390625,-0.00390625,0.0,0.0,0.0
1735609210,1387285,0,1.0,-0.00390625,0.0,-0.00390625,0.0,0.0,0.0
1735610461,1387286,0,1.00390625,0.0,-0.001953125,-0.001953125,0.0,0.0,0.0
1735611712,1387287,0,1.00390625,0.0,0.00390625,0.00390625,0.0,0.0,0.0
1735612962,1387288,0,1.009765625,-0.00390625,0.013671875,0.009765625,0.0,0.0,0.0
1735614212,1387289,0,1.0078125,-0.001953125,0.0078125,0.005859375,0.0,0.0,0.0
1735615463,1387290,0,0.998046875,-0.00390625,0.005859375,0.001953125,0.0,0.0,0.0
1735616713,1387291,0,1.01171875,0.005859375,0.005859375,0.01171875,0.0,0.0,0.0
1735617965,1387292,0,1.00390625,0.00390625,0.0078125,0.01171875,0.0,0.0,0.0
1735619216,1387293,0,1.0,-0.001953125,0.0078125,0.005859375,0.0,0.0,0.0
1735620468,1387294,0,1.0,-0.001953125,0.0078125,0.005859375,0.0,0.0,0.0
1735621718,1387295,0,0.998046875,0.001953125,0.001953125,0.00390625,0.0,0.0,0.0
1735622970,1387296,0,1.0078125,-0.001953125,0.0,-0.001953125,0.0,0.0,0.0
1735624221,1387297,0,1.005859375,0.0,0.0,0.0,0.0,0.0,0.0
1735625471,1387298,0,1.0078125,-0.00390625,0.005859375,0.001953125,0.0,0.0,0.0
1735626722,1387299,0,1.005859375,-0.005859375,0.00390625,-0.001953125,0.0,0.0,0.0
1735627973,1387300,0,1.005859375,-0.005859375,0.005859375,0.0,0.0,0.0,0.0
1735629225,1387301,0,1.001953125,-0.001953125,0.005859375,0.00390625,0.0,0.0,0.0
1735630477,1387302,0,1.001953125,-0.0078125,0.0,-0.0078125,0.0,0.0,0.0
1735631728,1387303,0,1.0078125,0.0,0.0078125,0.0078125,0.0,0.0,0.0
1735632978,1387304,0,1.005859375,0.0,-0.001953125,-0.001953125,0.0,0.0,0.0
1735634229,1387305,0,0.998046875,0.001953125,0.00390625,0.005859375,0.0,0.0,0.0
1735635481,1387306,0,1.0,0.00390625,0.001953125,0.005859375,0.0,0.0,0.0
1735636731,1387307,0,1.001953125,0.0,0.005859375,0.005859375,0.0,0.0,0.0
1735637982,1387308,0,1.005859375,0.001953125,0.005859375,0.0078125,0.0,0.0,0.0
1735639233,1387309,0,1.005859375,0.00390625,-0.00390625,0.0,0.0,0.0,0.0
1735640483,1387310,0,1.0078125,0.001953125,0.005859375,0.0078125,0.0,0.0,0.0
1735641734,1387311,0,1.005859375,0.0,-0.001953125,-0.001953125,0.0,0.0,0.0
1735642984,1387312,0,1.0078125,0.00390625,0.001953125,0.005859375,0.0,0.0,0.0
1735644235,1387313,0,1.005859375,-0.001953125,0.005859375,0.00390625,0.0,0.0,0.0
1735645486,1387314,0,0.998046875,-0.005859375,0.00390625,-0.001953125,0.0,0.0,0.0
1735646736,1387315,0,1.00390625,0.0,0.005859375,0.005859375,0.0,0.0,0.0
1735647987,1387316,0,1.00390625,-0.001953125,0.0,-0.001953125,0.0,0.0,0.0
1735649238,1387317,0,1.001953125,0.0,0.0,0.0,0.0,0.0,0.0
1735650489,1387318,0,1.0,-0.00390625,0.001953125,-0.001953125,0.0,0.0,0.0
1735651739,1387319,0,1.001953125,-0.005859375,0.009765625,0.00390625,0.0,0.0,0.0
1735652990,1387320,0,1.009765625,0.0,0.0,0.0,0.0,0.0,0.0
1735654241,1387321,0,1.00390625,0.0,0.0,0.0,0.0,0.0,0.0
1735655492,1387322,0,1.00390625,0.0,0.00390625,0.00390625,0.0,0.0,0.0
1735656742,1387323,0,1.005859375,-0.00390625,0.001953125,-0.001953125,0.0,0.0,0.0
1735657993,1387324,0,1.0078125,0.0,0.001953125,0.001953125,0.0,0.0,0.0
1735659244,1387325,0,1.0,-0.00390625,0.00390625,0.0,0.0,0.0,0.0
1735660494,1387326,0,1.001953125,-0.001953125,0.005859375,0.00390625,0.0,0.0,0.0
1735661746,1387327,0,1.005859375,0.0,0.001953125,0.001953125,0.0,0.0,0.0
1735662997,1387328,0,0.994140625,-0.001953125,0.00390625,0.001953125,0.0,0.0,0.0
1735664248,1387329,0,1.001953125,-0.005859375,0.005859375,0.0,0.0,0.0,0.0
1735665499,1387330,0,1.0078125,-0.001953125,0.0078125,0.005859375,0.0,0.0,0.0
1735666750,1387331,0,1.00390625,-0.00390625,0.009765625,0.005859375,0.0,0.0,0.0
1735668001,1387332,0,0.994140625,0.001953125,0.0,0.001953125,0.0,0.0,0.0
1735669252,1387333,0,1.009765625,0.0,-0.0078125,-0.0078125,0.0,0.0,0.0
1735670503,1387334,0,1.005859375,0.0,-0.00390625,-0.00390625,0.0,0.0,0.0
1735671755,1387335,0,1.005859375,-0.001953125,-0.009765625,-0.01171875,0.0,0.0,0.0
1735673005,1387336,0,1.005859375,-0.001953125,0.001953125,0.0,0.0,0.0,0.0
1735674255,1387337,0,1.0,0.0,0.001953125,0.001953125,0.0,0.0,0.0
1735675505,1387338,0,1.001953125,0.0,0.009765625,0.009765625,0.0,0.0,0.0
1735676756,1387339,0,1.005859375,0.0,0.0078125,0.0078125,0.0,0.0,0.0
1735678008,1387340,0,1.0,-0.001953125,0.00390625,0.001953125,0.0,0.0,0.0
1735679258,1387341,0,1.009765625,-0.001953125,-0.005859375,-0.0078125,0.0,0.0,0.0
1735680509,1387342,0,1.0078125,0.001953125,0.0,0.001953125,0.0,0.0,0.0
1735681759,1387343,0,1.001953125,0.0,0.0,0.0,0.0,0.0,0.0
1735683010,1387344,0,1.005859375,0.0,0.00390625,0.00390625,0.0,0.0,0.0
1735684261,1387345,0,1.00390625,0.0,0.0,0.0,0.0,0.0,0.0
1735685513,1387346,0,1.00390625,0.0,0.0078125,0.0078125,0.0,0.0,0.0
1735686764,1387347,0,1.009765625,0.001953125,0.009765625,0.01171875,0.0,0.0,0.0
1735688015,1387348,0,1.009765625,-0.00390625,0.005859375,0.001953125,0.0,0.0,0.0
1735689270,1387349,0,1.01171875,-0.00390625,0.009765625,0.005859375,0.0,0.0,0.0
1735690521,1387350,0,1.005859375,0.001953125,0.00390625,0.005859375,0.0,0.0,0.0
1735691772,1387351,0,0.99609375,-0.00390625,0.0078125,0.00390625,0.0,0.0,0.0
1735693024,1387352,0,0.994140625,0.00390625,0.0078125,0.01171875,0.0,0.0,0.0
1735694275,1387353,0,1.009765625,-0.00390625,0.005859375,0.001953125,0.0,0.0,0.0
1735695527,1387354,0,1.005859375,-0.001953125,-0.00390625,-0.005859375,0.0,0.0,0.0
1735696778,1387355,0,1.001953125,0.0,0.005859375,0.005859375,0.0,0.0,0.0
1735698028,1387356,0,1.0,0.00390625,0.005859375,0.009765625,0.0,0.0,0.0
1735699279,1387357,0,1.0078125,0.00390625,0.0078125,0.01171875,0.0,0.0,0.0
1735700530,1387358,0,1.005859375,-0.001953125,0.0078125,0.005859375,0.0,0.0,0.0
1735701782,1387359,0,0.998046875,-0.001953125,0.00390625,0.001953125,0.0,0.0,0.0
1735703032,1387360,0,1.00390625,-0.00390625,-0.001953125,-0.005859375,0.0,0.0,0.0
1735704282,1387361,0,1.0,-0.00390625,0.005859375,0.001953125,0.0,0.0,0.0
1735705532,1387362,0,1.009765625,0.0,0.005859375,0.005859375,0.0,0.0,0.0
1735706783,1387363,0,1.005859375,-0.001953125,0.0,-0.001953125,0.0,0.0,0.0
1735708034,1387364,0,0.998046875,-0.00390625,0.00390625,0.0,0.0,0.0,0.0
1735709285,1387365,0,1.00390625,-0.001953125,0.0,-0.001953125,0.0,0.0,0.0
1735710537,1387366,0,1.005859375,0.0,0.00390625,0.00390625,0.0,0.0,0.0
1735711789,1387367,0,1.001953125,-0.00390625,0.0078125,0.00390625,0.0,0.0,0.0
1735713039,1387368,0,1.009765625,0.0,0.00390625,0.00390625,0.0,0.0,0.0
1735714290,1387369,0,1.00390625,-0.001953125,0.00390625,0.001953125,0.0,0.0,0.0
1735715541,1387370,0,0.99609375,-0.005859375,-0.00390625,-0.009765625,0.0,0.0,0.0
1735716792,1387371,0,1.00390625,-0.001953125,0.00390625,0.001953125,0.0,0.0,0.0
1735718042,1387372,0,1.009765625,-0.0078125,0.001953125,-0.005859375,0.0,0.0,0.0
1735719294,1387373,0,0.994140625,-0.005859375,0.00390625,-0.001953125,0.0,0.0,0.0
1735720545,1387374,0,1.013671875,-0.005859375,-0.001953125,-0.0078125,0.0,0.0,0.0
1735721795,1387375,0,1.001953125,-0.00390625,0.001953125,-0.001953125,0.0,0.0,0.0
1735723047,1387376,0,1.00390625,0.001953125,0.0,0.001953125,0.0,0.0,0.0
1735724298,1387377,0,1.005859375,-0.001953125,0.005859375,0.00390625,0.0,0.0,0.0
1735725549,1387378,0,1.015625,-0.001953125,0.001953125,0.0,0.0,0.0,0.0
1735726800,1387379,0,1.005859375,0.0,0.005859375,0.005859375,0.0,0.0,0.0
1735728050,1387380,0,1.00390625,-0.005859375,-0.001953125,-0.0078125,0.0,0.0,0.0
1735729301,1387381,0,1.0078125,-0.005859375,0.0,-0.005859375,0.0,0.0,0.0
1735730552,1387382,0,0.998046875,0.0,0.0,0.0,0.0,0.0,0.0
1735731803,1387383,0,1.0078125,0.001953125,0.005859375,0.0078125,0.0,0.0,0.0
1735733053,1387384,0,1.005859375,-0.001953125,-0.005859375,-0.0078125,0.0,0.0,0.0
1735734305,1387385,0,1.005859375,0.0,0.0,0.0,0.0,0.0,0.0
1735735557,1387386,0,1.005859375,0.0,0.0,0.0,0.0,0.0,0.0
1735736808,1387387,0,1.005859375,-0.00390625,0.00390625,0.0,0.0,0.0,0.0
1735738059,1387388,0,1.0078125,-0.001953125,0.00390625,0.001953125,0.0,0.0,0.0
1735739310,1387389,0,1.001953125,-0.001953125,0.005859375,0.00390625,0.0,0.0,0.0
1735740562,1387390,0,1.005859375,-0.00390625,0.005859375,0.001953125,0.0,0.0,0.0
1735741812,1387391,0,0.99609375,0.0,0.001953125,0.001953125,0.0,0.0,0.0
1735743064,1387392,0,1.0078125,0.005859375,0.005859375,0.01171875,0.0,0.0,0.0
1735744314,1387393,0,1.015625,-0.001953125,0.01171875,0.009765625,0.0,0.0,0.0
1735745565,1387394,0,0.99609375,-0.001953125,0.00390625,0.001953125,0.0,0.0,0.0
1735746816,1387395,0,1.001953125,-0.00390625,0.0,-0.00390625,0.0,0.0,0.0
1735748066,1387396,0,0.998046875,0.001953125,-0.001953125,0.0,0.0,0.0,0.0
1735749317,1387397,0,1.0,-0.00390625,-0.00390625,-0.0078125,0.0,0.0,0.0
1735750569,1387398,0,1.01171875,0.0,0.005859375,0.005859375,0.0,0.0,0.0
1735751819,1387399,0,1.005859375,-0.005859375,0.0,-0.005859375,0.0,0.0,0.0
1735753070,1387400,0,1.001953125,-0.001953125,0.001953125,0.0,0.0,0.0,0.0
1735754321,1387401,0,1.001953125,0.001953125,0.0,0.001953125,0.0,0.0,0.0
1735755571,1387402,0,1.005859375,0.0,-0.001953125,-0.001953125,0.0,0.0,0.0
1735756822,1387403,0,1.009765625,0.0,0.0,0.0,0.0,0.0,0.0
1735758074,1387404,0,0.998046875,-0.001953125,-0.001953125,-0.00390625,0.0,0.0,0.0
1735759324,1387405,0,1.001953125,0.001953125,0.001953125,0.00390625,0.0,0.0,0.0
1735760575,1387406,0,1.005859375,-0.00390625,0.001953125,-0.001953125,0.0,0.0,0.0
1735761827,1387407,0,1.005859375,-0.001953125,-0.001953125,-0.00390625,0.0,0.0,0.0
1735763077,1387408,0,1.001953125,-0.001953125,0.00390625,0.001953125,0.0,0.0,0.0
1735764328,1387409,0,1.0,0.0,0.00390625,0.00390625,0.0,0.0,0.0
1735765580,1387410,0,1.005859375,0.0,0.00390625,0.00390625,0.0,0.0,0.0
1735766832,1387411,0,1.0,0.001953125,0.005859375,0.0078125,0.0,0.0,0.0
1735768082,1387412,0,1.005859375,-0.001953125,0.013671875,0.01171875,0.0,0.0,0.0
1735769333,1387413,0,1.015625,0.001953125,-0.001953125,0.0,0.0,0.0,0.0
1735770585,1387414,0,0.998046875,0.0,0.005859375,0.005859375,0.0,0.0,0.0
1735771835,1387415,0,1.009765625,-0.005859375,-0.001953125,-0.0078125,0.0,0.0,0.0
1735773086,1387416,0,1.00390625,-0.005859375,0.0,-0.005859375,0.0,0.0,0.0
1735774338,1387417,0,1.001953125,-0.00390625,0.0,-0.00390625,0.0,0.0,0.0
1735775589,1387418,0,1.009765625,-0.00390625,0.009765625,0.005859375,0.0,0.0,0.0
1735776840,1387419,0,1.005859375,-0.00390625,-0.001953125,-0.005859375,0.0,0.0,0.0
1735778092,1387420,0,1.001953125,-0.001953125,-0.00390625,-0.005859375,0.0,0.0,0.0
1735779343,1387421,0,1.009765625,0.0,0.001953125,0.001953125,0.0,0.0,0.0
1735780594,1387422,0,1.001953125,-0.00390625,0.0078125,0.00390625,0.0,0.0,0.0
1735781845,1387423,0,1.001953125,-0.00390625,0.005859375,0.001953125,0.0,0.0,0.0
1735783096,1387424,0,1.001953125,-0.001953125,0.005859375,0.00390625,0.0,0.0,0.0
1735784346,1387425,0,1.0,-0.005859375,0.0,-0.005859375,0.0,0.0,1.153456887295623e-12
1735786849,1387427,0,1.00390625,0.0,0.001953125,0.001953125,0.0,0.0,0.0
1735788099,1387428,0,1.00390625,0.0,0.0,0.0,0.0,0.0,0.0
1735789350,1387429,0,1.00390625,-0.001953125,-0.00390625,-0.005859375,0.0,0.0,0.0
1735790601,1387430,0,1.005859375,0.0,0.00390625,0.00390625,0.0,0.0,0.0
1735791852,1387431,0,1.00390625,0.0,0.005859375,0.005859375,0.0,0.0,0.0
1735793103,1387432,0,1.005859375,-0.00390625,-0.001953125,-0.005859375,0.0,0.0,0.0
1735794354,1387433,0,1.001953125,-0.005859375,0.001953125,-0.00390625,0.0,0.0,0.0
1735795605,1387434,0,1.0078125,-0.00390625,-0.001953125,-0.005859375,0.0,0.0,0.0
1735796855,1387435,0,1.001953125,-0.00390625,0.001953125,-0.001953125,0.0,0.0,0.0
1735798107,1387436,0,1.01953125,-0.005859375,0.0,-0.005859375,0.0,0.0,0.0
1735799357,1387437,0,1.0078125,0.001953125,0.009765625,0.01171875,0.0,0.0,0.0
1735800607,1387438,0,1.0078125,0.00390625,0.00390625,0.0078125,0.0,0.0,0.0
1735801859,1387439,0,1.0078125,-0.001953125,0.00390625,0.001953125,0.0,0.0,0.0
1735803109,1387440,0,0.998046875,-0.00390625,0.001953125,-0.001953125,0.0,0.0,0.0
1735804361,1387441,0,1.0078125,0.001953125,-0.001953125,0.0,0.0,0.0,0.0
1735805611,1387442,0,1.001953125,-0.00390625,0.00390625,0.0,0.0,0.0,0.0
1735806861,1387443,0,1.001953125,-0.001953125,0.00390625,0.001953125,0.0,0.0,0.0
1735808113,1387444,0,1.001953125,-0.001953125,0.0,-0.001953125,0.0,0.0,0.0
1735809364,1387445,0,1.00390625,0.0,0.005859375,0.005859375,0.0,0.0,0.0
1735810616,1387446,0,1.005859375,-0.001953125,0.0078125,0.005859375,0.0,0.0,0.0
1735811866,1387447,0,1.0078125,-0.001953125,0.001953125,0.0,0.0,0.0,0.0
1735813118,1387448,0,1.00390625,-0.001953125,0.0,-0.001953125,0.0,0.0,0.0
1735814368,1387449,0,1.001953125,0.0,0.0,0.0,0.0,0.0,0.0
1735815619,1387450,0,1.001953125,0.00390625,0.001953125,0.005859375,0.0,0.0,0.0
1735816869,1387451,0,1.0,-0.001953125,0.0,-0.001953125,0.0,0.0,0.0
1735818119,1387452,0,1.005859375,-0.00390625,0.001953125,-0.001953125,0.0,0.0,0.0
1735819371,1387453,0,1.0078125,-0.001953125,0.00390625,0.001953125,0.0,0.0,0.0
1735820622,1387454,0,1.0078125,0.0,0.013671875,0.013671875,0.0,0.0,0.0
1735821874,1387455,0,1.0078125,0.0,0.00390625,0.00390625,0.0,0.0,0.0
1735823124,1387456,0,1.0078125,0.001953125,0.00390625,0.005859375,0.0,0.0,0.0
1735824375,1387457,0,1.0,0.0,0.00390625,0.00390625,0.0,0.0,0.0
1735825625,1387458,0,1.0078125,0.001953125,0.005859375,0.0078125,0.0,0.0,0.0
1735826877,1387459,0,1.001953125,-0.005859375,0.005859375,0.0,0.0,0.0,0.0
1735828127,1387460,0,1.005859375,0.0,-0.001953125,-0.001953125,0.0,0.0,0.0
1735829377,1387461,0,0.990234375,-0.001953125,-0.0078125,-0.009765625,0.0,0.0,0.0
1735830629,1387462,0,1.00390625,-0.001953125,0.00390625,0.001953125,0.0,0.0,0.0
1735831879,1387463,0,0.998046875,0.001953125,-0.001953125,0.0,0.0,0.0,0.0
1735833130,1387464,0,1.00390625,0.001953125,0.0,0.001953125,0.0,0.0,0.0
1735834381,1387465,0,1.001953125,-0.001953125,0.0,-0.001953125,0.0,0.0,0.0
1735835631,1387466,0,1.009765625,-0.005859375,0.0,-0.005859375,0.0,0.0,0.0
1735836882,1387467,0,0.998046875,-0.005859375,0.013671875,0.0078125,0.0,0.0,0.0
1735838133,1387468,0,1.001953125,-0.00390625,0.0,-0.00390625,0.0,0.0,0.0
1735839384,1387469,0,0.99609375,0.001953125,0.0,0.001953125,0.0,0.0,0.0
1735840635,1387470,0,1.001953125,-0.00390625,0.001953125,-0.001953125,0.0,0.0,0.0
1735841885,1387471,0,1.00390625,-0.005859375,-0.001953125,-0.0078125,0.0,0.0,0.0
1735843136,1387472,0,1.00390625,-0.001953125,0.00390625,0.001953125,0.0,0.0,0.0
1735844387,1387473,0,1.001953125,-0.001953125,-0.00390625,-0.005859375,0.0,0.0,0.0
1735845638,1387474,0,1.0,-0.001953125,0.0,-0.001953125,0.0,0.0,0.0
1735846889,1387475,0,1.0,0.0,0.001953125,0.001953125,0.0,0.0,0.0
1735848140,1387476,0,1.005859375,-0.00390625,0.0,-0.00390625,0.0,0.0,0.0
1735849392,1387477,0,1.005859375,-0.005859375,0.0,-0.005859375,0.0,0.0,0.0
1735850642,1387478,0,1.00390625,-0.0078125,0.001953125,-0.005859375,0.0,0.0,0.0
1735851894,1387479,0,1.005859375,-0.001953125,0.00390625,0.001953125,0.0,0.0,0.0
1735853145,1387480,0,1.00390625,0.0,0.009765625,0.009765625,0.0,0.0,0.0
1735854395,1387481,0,1.001953125,-0.001953125,-0.001953125,-0.00390625,0.0,0.0,0.0
1735855646,1387482,0,0.99609375,-0.00390625,-0.0078125,-0.01171875,0.0,0.0,0.0
1735856898,1387483,0,0.998046875,0.0,0.001953125,0.001953125,0.0,0.0,0.0
1735858149,1387484,0,1.0,-0.001953125,0.001953125,0.0,0.0,0.0,0.0
1735859400,1387485,0,1.001953125,-0.001953125,0.0078125,0.005859375,0.0,0.0,0.0
1735860651,1387486,0,1.005859375,0.0,0.001953125,0.001953125,0.0,0.0,0.0
1735861902,1387487,0,1.0078125,0.0,0.001953125,0.001953125,0.0,0.0,0.0
1735863154,1387488,0,1.00390625,-0.00390625,0.0,-0.00390625,0.0,0.0,0.0
1735864405,1387489,0,1.0,0.0,0.0078125,0.0078125,0.0,0.0,0.0
1735865657,1387490,0,1.005859375,-0.001953125,0.015625,0.013671875,0.0,0.0,0.0
1735866907,1387491,0,1.005859375,-0.001953125,0.00390625,0.001953125,0.0,0.0,0.0
1735868158,1387492,0,1.005859375,-0.005859375,-0.001953125,-0.0078125,0.0,0.0,0.0
1735869409,1387493,0,1.009765625,-0.001953125,0.00390625,0.001953125,0.0,0.0,0.0
1735870660,1387494,0,1.009765625,0.0,0.001953125,0.001953125,0.0,0.0,0.0
1735871911,1387495,0,1.0078125,-0.001953125,0.001953125,0.0,0.0,0.0,0.0
1735873161,1387496,0,0.99609375,-0.00390625,0.001953125,-0.001953125,0.0,0.0,0.0
1735874412,1387497,0,1.005859375,-0.005859375,0.009765625,0.00390625,0.0,0.0,0.0
1735875664,1387498,0,1.00390625,0.005859375,0.01171875,0.017578125,0.0,0.0,0.0
1735876915,1387499,0,1.001953125,0.001953125,-0.001953125,0.0,0.0,0.0,0.0
1735878166,1387500,0,0.998046875,-0.00390625,0.0,-0.00390625,0.0,0.0,0.0
1735879417,1387501,0,1.001953125,0.00390625,0.00390625,0.0078125,0.0,0.0,0.0
1735880668,1387502,0,0.990234375,0.005859375,0.001953125,0.0078125,0.0,0.0,0.0
1735881920,1387503,0,0.994140625,-0.001953125,0.001953125,0.0,0.0,0.0,0.0
1735883172,1387504,0,1.00390625,0.0,0.0,0.0,0.0,0.0,0.0
1735884422,1387505,0,1.001953125,0.0,0.0,0.0,0.0,0.0,0.0
1735885673,1387506,0,1.0,-0.001953125,0.001953125,0.0,0.0,0.0,0.0
1735886924,1387507,0,1.00390625,-0.00390625,0.005859375,0.001953125,0.0,0.0,0.0
1735888174,1387508,0,1.001953125,-0.00390625,0.001953125,-0.001953125,0.0,0.0,0.0
1735889425,1387509,0,1.005859375,-0.001953125,0.00390625,0.001953125,0.0,0.0,0.0
1735890676,1387510,0,1.00390625,-0.00390625,0.00390625,0.0,0.0,0.0,0.0
1735891927,1387511,0,1.001953125,-0.001953125,0.0,-0.001953125,0.0,0.0,0.0
1735893177,1387512,0,1.005859375,-0.001953125,0.0,-0.001953125,0.0,0.0,0.0
1735894427,1387513,0,1.00390625,-0.001953125,-0.001953125,-0.00390625,0.0,0.0,0.0
1735895679,1387514,0,1.0,-0.00390625,0.001953125,-0.001953125,0.0,0.0,0.0
1735896929,1387515,0,1.001953125,-0.00390625,0.005859375,0.001953125,0.0,0.0,0.0
1735898179,1387516,0,1.0078125,-0.001953125,0.005859375,0.00390625,0.0,0.0,0.0
1735899431,1387517,0,1.005859375,0.0,0.0,0.0,0.0,0.0,0.0
1735900681,1387518,0,0.998046875,-0.005859375,0.001953125,-0.00390625,0.0,0.0,0.0
1735901932,1387519,0,1.00390625,-0.00390625,-0.001953125,-0.005859375,0.0,0.0,0.0
1735903182,1387520,0,1.005859375,-0.005859375,0.005859375,0.0,0.0,0.0,0.0
1735904432,1387521,0,1.0,0.0,0.0,0.0,0.0,0.0,0.0
1735905684,1387522,0,1.0,0.0,0.00390625,0.00390625,0.0,0.0,0.0
1735906934,1387523,0,1.005859375,-0.005859375,0.0,-0.005859375,0.0,0.0,0.0
1735908184,1387524,0,1.01171875,0.0,0.009765625,0.009765625,0.0,0.0,0.0
1735909436,1387525,0,0.998046875,-0.005859375,-0.005859375,-0.01171875,0.0,0.0,0.0
1735910686,1387526,0,1.00390625,-0.00390625,0.0,-0.00390625,0.0,0.0,0.0
1735911937,1387527,0,1.005859375,-0.001953125,0.0,-0.001953125,0.0,0.0,0.0
1735913188,1387528,0,0.998046875,0.0,0.00390625,0.00390625,0.0,0.0,0.0
1735914439,1387529,0,1.001953125,-0.001953125,0.005859375,0.00390625,0.0,0.0,0.0
1735915691,1387530,0,1.005859375,0.0,0.0,0.0,0.0,0.0,0.0
1735916942,1387531,0,1.009765625,-0.001953125,0.001953125,0.0,0.0,0.0,0.0
1735918192,1387532,0,1.0,-0.00390625,-0.001953125,-0.005859375,0.0,0.0,0.0
1735919443,1387533,0,1.001953125,-0.005859375,0.001953125,-0.00390625,0.0,0.0,0.0
1735920695,1387534,0,1.00390625,0.0,-0.001953125,-0.001953125,0.0,0.0,0.0
1735921945,1387535,0,1.0078125,-0.00390625,0.0,-0.00390625,0.0,0.0,0.0
1735923197,1387536,0,1.00390625,0.0,0.001953125,0.001953125,0.0,0.0,0.0
1735924448,1387537,0,1.0,0.001953125,0.001953125,0.00390625,0.0,0.0,0.0
1735925698,1387538,0,0.998046875,0.001953125,0.001953125,0.00390625,0.0,0.0,0.0
1735926949,1387539,0,1.005859375,-0.00390625,0.001953125,-0.001953125,0.0,0.0,0.0
1735928199,1387540,0,0.994140625,0.0,0.0,0.0,0.0,0.0,0.0
1735929449,1387541,0,1.00390625,0.0,-0.001953125,-0.001953125,0.0,0.0,0.0
1735930701,1387542,0,1.009765625,-0.00390625,0.005859375,0.001953125,0.0,0.0,0.0
1735931951,1387543,0,1.001953125,0.0,0.00390625,0.00390625,0.0,0.0,0.0
1735933202,1387544,0,1.0,0.0,0.0078125,0.0078125,0.0,0.0,0.0
1735934453,1387545,0,1.0078125,0.001953125,-0.001953125,0.0,0.0,0.0,0.0
1735935704,1387546,0,1.0,-0.005859375,0.0,-0.005859375,0.0,0.0,0.0
1735936954,1387547,0,1.005859375,0.0,0.00390625,0.00390625,0.0,0.0,0.0
1735938205,1387548,0,1.005859375,-0.00390625,0.00390625,0.0,0.0,0.0,0.0
1735939457,1387549,0,1.005859375,0.0,0.001953125,0.001953125,0.0,0.0,0.0
1735940707,1387550,0,1.009765625,0.0,0.005859375,0.005859375,0.0,0.0,0.0
1735941959,1387551,0,1.0078125,-0.001953125,0.001953125,0.0,0.0,0.0,0.0
1735943209,1387552,0,1.0078125,-0.001953125,0.005859375,0.00390625,0.0,0.0,0.0
1735944460,1387553,0,1.00390625,-0.0078125,0.001953125,-0.005859375,0.0,0.0,0.0
1735945711,1387554,0,1.00390625,-0.00390625,0.001953125,-0.001953125,0.0,0.0,0.0
1735946961,1387555,0,1.005859375,0.0,0.005859375,0.005859375,0.0,0.0,0.0
1735948211,1387556,0,1.00390625,-0.001953125,0.0,-0.001953125,0.0,0.0,0.0
1735949461,1387557,0,1.009765625,-0.001953125,0.001953125,0.0,0.0,0.0,0.0
1735950712,1387558,0,1.0,-0.00390625,0.00390625,0.0,0.0,0.0,0.0
1735951962,1387559,0,0.998046875,-0.001953125,0.0,-0.001953125,0.0,0.0,0.0
1735953212,1387560,0,1.0,0.0,0.001953125,0.001953125,0.0,0.0,0.0
1735954463,1387561,0,1.001953125,-0.00390625,0.00390625,0.0,0.0,0.0,0.0
1735955713,1387562,0,1.009765625,-0.001953125,0.001953125,0.0,0.0,0.0,0.0
1735956965,1387563,0,1.00390625,-0.001953125,0.005859375,0.00390625,0.0,0.0,0.0
1735958216,1387564,0,1.00390625,-0.005859375,-0.00390625,-0.009765625,0.0,0.0,0.0
1735959468,1387565,0,1.015625,0.0,0.0078125,0.0078125,0.0,0.0,0.0
1735960718,1387566,0,1.0,0.0,0.005859375,0.005859375,0.0,0.0,0.0
1735961970,1387567,0,1.009765625,-0.001953125,0.001953125,0.0,0.0,0.0,0.0
1735963221,1387568,0,1.001953125,-0.001953125,0.001953125,0.0,0.0,0.0,0.0
1735964471,1387569,0,1.001953125,-0.005859375,0.001953125,-0.00390625,0.0,0.0,0.0
1735965722,1387570,0,1.005859375,0.0,0.00390625,0.00390625,0.0,0.0,0.0
1735966973,1387571,0,0.998046875,0.0,0.005859375,0.005859375,0.0,0.0,0.0
1735968225,1387572,0,1.001953125,-0.00390625,0.001953125,-0.001953125,0.0,0.0,0.0
1735969477,1387573,0,1.00390625,-0.00390625,0.0,-0.00390625,0.0,0.0,0.0
1735970728,1387574,0,1.001953125,-0.001953125,0.005859375,0.00390625,0.0,0.0,0.0
1735971978,1387575,0,1.0078125,0.001953125,-0.001953125,0.0,0.0,0.0,0.0
1735973229,1387576,0,1.0078125,0.0,0.00390625,0.00390625,0.0,0.0,0.0
1735974481,1387577,0,1.001953125,-0.001953125,0.00390625,0.001953125,0.0,0.0,0.0
1735975731,1387578,0,1.001953125,-0.005859375,0.00390625,-0.001953125,0.0,0.0,0.0
1735976982,1387579,0,1.0078125,-0.001953125,-0.00390625,-0.005859375,0.0,0.0,0.0
1735978233,1387580,0,1.001953125,-0.001953125,0.001953125,0.0,0.0,0.0,0.0
1735979483,1387581,0,1.00390625,0.001953125,0.001953125,0.00390625,0.0,0.0,0.0
1735980734,1387582,0,1.005859375,-0.005859375,0.0078125,0.001953125,0.0,0.0,0.0
1735981984,1387583,0,1.01171875,-0.00390625,-0.00390625,-0.0078125,0.0,0.0,0.0
1735983235,1387584,0,1.0,0.0,0.00390625,0.00390625,0.0,0.0,0.0
1735984486,1387585,0,1.005859375,-0.00390625,0.00390625,0.0,0.0,0.0,0.0
1735985736,1387586,0,1.0,0.0,-0.001953125,-0.001953125,0.0,0.0,0.0
1735986987,1387587,0,1.001953125,0.001953125,-0.001953125,0.0,0.0,0.0,0.0
1735988238,1387588,0,1.001953125,-0.00390625,0.00390625,0.0,0.0,0.0,0.0
1735989489,1387589,0,1.005859375,0.0,0.005859375,0.005859375,0.0,0.0,0.0
1735990739,1387590,0,1.0,0.0,-0.00390625,-0.00390625,0.0,0.0,0.0
1735991990,1387591,0,1.0,-0.00390625,0.005859375,0.001953125,0.0,0.0,0.0
1735993241,1387592,0,1.001953125,-0.001953125,0.005859375,0.00390625,0.0,0.0,0.0
1735994492,1387593,0,1.00390625,0.0,0.001953125,0.001953125,0.0,0.0,0.0
1735995742,1387594,0,1.001953125,-0.001953125,0.001953125,0.0,0.0,0.0,0.0
1735996993,1387595,0,1.001953125,-0.001953125,0.001953125,0.0,0.0,0.0,0.0
1735998244,1387596,0,1.009765625,-0.00390625,0.0,-0.00390625,0.0,0.0,0.0
1735999494,1387597,0,1.0078125,0.001953125,0.00390625,0.005859375,0.0,0.0,0.0
1736000746,1387598,0,1.005859375,-0.001953125,-0.001953125,-0.00390625,0.0,0.0,0.0
1736001997,1387599,0,1.00390625,-0.001953125,-0.001953125,-0.00390625,0.0,0.0,0.0
1736003248,1387600,0,1.001953125,0.0,0.005859375,0.005859375,0.0,0.0,0.0
1736004499,1387601,0,1.00390625,-0.005859375,0.001953125,-0.00390625,0.0,0.0,0.0
1736005750,1387602,0,1.0078125,-0.001953125,0.00390625,0.001953125,0.0,0.0,0.0
1736007001,1387603,0,1.013671875,-0.001953125,0.001953125,0.0,0.0,0.0,0.0
1736008252,1387604,0,1.005859375,-0.001953125,-0.001953125,-0.00390625,0.0,0.0,0.0
1736009502,1387605,0,0.998046875,0.001953125,0.009765625,0.01171875,0.0,0.0,0.0
1736010753,1387606,0,1.0,-0.001953125,0.00390625,0.001953125,0.0,0.0,0.0
1736012004,1387607,0,0.998046875,-0.001953125,0.0,-0.001953125,0.0,0.0,0.0
1736013255,1387608,0,1.00390625,0.00390625,0.00390625,0.0078125,0.0,0.0,0.0
1736014505,1387609,0,1.001953125,-0.005859375,0.009765625,0.00390625,0.0,0.0,0.0
1736015756,1387610,0,1.009765625,-0.001953125,0.01171875,0.009765625,0.0,0.0,0.0
1736017008,1387611,0,1.009765625,-0.001953125,0.001953125,0.0,0.0,0.0,0.0
1736018258,1387612,0,1.005859375,-0.00390625,0.00390625,0.0,0.0,0.0,0.0
1736019509,1387613,0,1.0078125,-0.0078125,0.00390625,-0.00390625,0.0,0.0,0.0
1736020759,1387614,0,1.00390625,-0.005859375,0.001953125,-0.00390625,0.0,0.0,0.0
1736022010,1387615,0,1.0078125,-0.00390625,0.001953125,-0.001953125,0.0,0.0,0.0
1736023261,1387616,0,1.005859375,-0.001953125,0.001953125,0.0,0.0,0.0,0.0
1736024513,1387617,0,1.0078125,-0.001953125,0.0,-0.001953125,0.0,0.0,0.0
1736025764,1387618,0,1.00390625,-0.00390625,0.005859375,0.001953125,0.0,0.0,0.0
1736027015,1387619,0,1.005859375,-0.005859375,0.0,-0.005859375,0.0,0.0,0.0
1736028270,1387620,0,1.0078125,-0.00390625,0.0,-0.00390625,0.0,0.0,0.0
1736029521,1387621,0,1.005859375,-0.005859375,0.00390625,-0.001953125,0.0,0.0,0.0
1736030772,1387622,0,1.00390625,-0.00390625,-0.001953125,-0.005859375,0.0,0.0,0.0
1736032024,1387623,0,1.001953125,-0.001953125,0.005859375,0.00390625,0.0,0.0,0.0
1736033275,1387624,0,1.001953125,0.0,0.0078125,0.0078125,0.0,0.0,0.0
1736034527,1387625,0,1.009765625,-0.001953125,0.00390625,0.001953125,0.0,0.0,0.0
1736035778,1387626,0,1.00390625,-0.001953125,-0.001953125,-0.00390625,0.0,0.0,0.0
1736037028,1387627,0,1.0078125,-0.001953125,0.009765625,0.0078125,0.0,0.0,0.0
1736038279,1387628,0,0.99609375,0.001953125,0.013671875,0.015625,0.0,0.0,0.0
1736039530,1387629,0,1.001953125,0.0,0.0,0.0,0.0,0.0,0.0
1736040782,1387630,0,1.005859375,-0.005859375,0.00390625,-0.001953125,0.0,0.0,0.0
1736042032,1387631,0,1.00390625,-0.001953125,0.001953125,0.0,0.0,0.0,0.0
1736043282,1387632,0,1.001953125,-0.001953125,0.001953125,0.0,0.0,0.0,0.0
1736044532,1387633,0,1.001953125,-0.001953125,0.00390625,0.001953125,0.0,0.0,0.0
1736045783,1387634,0,0.998046875,0.0,0.001953125,0.001953125,0.0,0.0,0.0
1736047034,1387635,0,1.005859375,-0.00390625,-0.001953125,-0.005859375,0.0,0.0,0.0
1736048285,1387636,0,1.00390625,0.001953125,-0.001953125,0.0,0.0,0.0,0.0
1736049537,1387637,0,0.99609375,-0.001953125,0.005859375,0.00390625,0.0,0.0,0.0
1736050789,1387638,0,1.0078125,0.0,0.001953125,0.001953125,0.0,0.0,0.0
1736052039,1387639,0,1.005859375,-0.001953125,0.001953125,0.0,0.0,0.0,0.0
1736053290,1387640,0,1.005859375,-0.001953125,0.001953125,0.0,0.0,0.0,0.0
1736054541,1387641,0,1.0078125,0.0,0.00390625,0.00390625,0.0,0.0,0.0
1736055792,1387642,0,1.0078125,0.00390625,0.0,0.00390625,0.0,0.0,0.0
1736057042,1387643,0,1.009765625,-0.001953125,-0.00390625,-0.005859375,0.0,0.0,0.0
1736058294,1387644,0,1.0078125,-0.00390625,-0.001953125,-0.005859375,0.0,0.0,0.0
1736059545,1387645,0,1.005859375,-0.00390625,0.005859375,0.001953125,0.0,0.0,0.0
1736060795,1387646,0,1.005859375,0.0,0.0,0.0,0.0,0.0,0.0
1736062047,1387647,0,1.0078125,0.001953125,0.0,0.001953125,0.0,0.0,0.0
1736063298,1387648,0,1.005859375,0.001953125,0.009765625,0.01171875,0.0,0.0,0.0
1736064549,1387649,0,1.005859375,0.0,0.005859375,0.005859375,0.0,0.0,0.0
1736065800,1387650,0,1.005859375,-0.00390625,0.005859375,0.001953125,0.0,0.0,0.0
1736067050,1387651,0,1.009765625,0.005859375,0.009765625,0.015625,0.0,0.0,0.0
1736068301,1387652,0,0.99609375,0.001953125,-0.0078125,-0.005859375,0.0,0.0,0.0
1736069552,1387653,0,1.0078125,-0.001953125,0.001953125,0.0,0.0,0.0,0.0
1736070803,1387654,0,1.009765625,0.001953125,0.001953125,0.00390625,0.0,0.0,0.0
1736072053,1387655,0,1.00390625,0.0,0.0,0.0,0.0,0.0,0.0
1736073305,1387656,0,1.005859375,-0.001953125,0.00390625,0.001953125,0.0,0.0,0.0
1736074557,1387657,0,1.00390625,-0.001953125,0.001953125,0.0,0.0,0.0,0.0
1736075808,1387658,0,1.0,0.00390625,0.0,0.00390625,0.0,0.0,0.0
1736077059,1387659,0,1.005859375,-0.001953125,-0.001953125,-0.00390625,0.0,0.0,0.0
1736078310,1387660,0,1.00390625,-0.001953125,0.0,-0.001953125,0.0,0.0,0.0
1736079562,1387661,0,1.005859375,-0.00390625,0.0078125,0.00390625,0.0,0.0,0.0
1736080812,1387662,0,1.0,0.0,0.00390625,0.00390625,0.0,0.0,0.0
1736082064,1387663,0,1.00390625,0.0,0.001953125,0.001953125,0.0,0.0,0.0
1736083314,1387664,0,1.00390625,0.001953125,-0.001953125,0.0,0.0,0.0,0.0
1736084565,1387665,0,1.001953125,0.0,0.001953125,0.001953125,0.0,0.0,0.0
1736085816,1387666,0,1.0,0.0,0.0,0.0,0.0,0.0,0.0
1736087066,1387667,0,1.00390625,0.001953125,0.0,0.001953125,0.0,0.0,0.0
1736088317,1387668,0,1.00390625,0.0,0.00390625,0.00390625,0.0,0.0,0.0
1736089569,1387669,0,1.0,0.00390625,0.00390625,0.0078125,0.0,0.0,0.0
1736090819,1387670,0,1.005859375,-0.00390625,0.0,-0.00390625,0.0,0.0,0.0
1736092070,1387671,0,1.00390625,-0.00390625,0.005859375,0.001953125,0.0,0.0,0.0
1736093321,1387672,0,0.986328125,-0.001953125,0.00390625,0.001953125,0.0,0.0,0.0
1736094571,1387673,0,0.99609375,0.0,0.005859375,0.005859375,0.0,0.0,0.0
1736095822,1387674,0,0.998046875,-0.001953125,0.00390625,0.001953125,0.0,0.0,0.0
1736097074,1387675,0,1.00390625,-0.005859375,-0.005859375,-0.01171875,0.0,0.0,0.0
1736098324,1387676,0,1.009765625,-0.00390625,0.00390625,0.0,0.0,0.0,0.0
1736099575,1387677,0,1.005859375,0.0,0.00390625,0.00390625,0.0,0.0,0.0
1736100827,1387678,0,1.001953125,0.0,0.005859375,0.005859375,0.0,0.0,0.0
1736102077,1387679,0,1.00390625,-0.001953125,-0.00390625,-0.005859375,0.0,0.0,0.0
1736103328,1387680,0,1.001953125,-0.001953125,0.0078125,0.005859375,0.0,0.0,0.0
1736104580,1387681,0,1.0078125,0.0,0.0078125,0.0078125,0.0,0.0,0.0
1736105832,1387682,0,1.00390625,-0.001953125,0.0,-0.001953125,0.0,0.0,0.0
1736107082,1387683,0,1.00390625,0.0,0.00390625,0.00390625,0.0,0.0,0.0
1736108333,1387684,0,1.00390625,0.0,0.00390625,0.00390625,0.0,0.0,0.0
1736109585,1387685,0,1.001953125,0.001953125,0.005859375,0.0078125,0.0,0.0,0.0
1736110835,1387686,0,1.001953125,0.0,0.001953125,0.001953125,0.0,0.0,0.0
1736112086,1387687,0,1.001953125,0.0,0.0,0.0,0.0,0.0,0.0
1736113338,1387688,0,1.00390625,-0.001953125,0.001953125,0.0,0.0,0.0,0.0
1736114589,1387689,0,1.0,0.0,0.005859375,0.005859375,0.0,0.0,0.0
1736115840,1387690,0,1.009765625,-0.001953125,0.009765625,0.0078125,0.0,0.0,0.0
1736117092,1387691,0,0.99609375,-0.001953125,0.005859375,0.00390625,0.0,0.0,0.0
1736118343,1387692,0,1.015625,-0.00390625,0.0078125,0.00390625,0.0,0.0,0.0
1736119594,1387693,0,1.0078125,0.0,0.00390625,0.00390625,0.0,0.0,0.0
1736120845,1387694,0,0.994140625,-0.00390625,0.005859375,0.001953125,0.0,0.0,0.0
1736122096,1387695,0,1.005859375,-0.001953125,0.00390625,0.001953125,0.0,0.0,0.0
1736123346,1387696,0,0.99609375,-0.001953125,-0.001953125,-0.00390625,0.0,0.0,0.0
1736124598,1387697,0,0.998046875,0.0,0.00390625,0.00390625,0.0,0.0,0.0
1736125849,1387698,0,1.005859375,0.0,0.0078125,0.0078125,0.0,0.0,0.0
1736127099,1387699,0,1.005859375,0.0,0.00390625,0.00390625,0.0,0.0,0.0
1736128350,1387700,0,1.001953125,0.001953125,0.00390625,0.005859375,0.0,0.0,0.0
1736129601,1387701,0,1.001953125,0.0,0.009765625,0.009765625,0.0,0.0,0.0
1736130852,1387702,0,1.001953125,-0.001953125,0.001953125,0.0,0.0,0.0,0.0
1736132103,1387703,0,1.001953125,0.0,0.001953125,0.001953125,0.0,0.0,0.0
1736133354,1387704,0,1.005859375,-0.001953125,0.001953125,0.0,0.0,0.0,0.0
1736134605,1387705,0,0.99609375,-0.001953125,0.0,-0.001953125,0.0,0.0,0.0
1736135855,1387706,0,1.0078125,-0.001953125,0.00390625,0.001953125,0.0,0.0,0.0
1736137107,1387707,0,1.00390625,0.0,0.001953125,0.001953125,0.0,0.0,0.0
1736138357,1387708,0,1.005859375,0.001953125,0.0,0.001953125,0.0,0.0,0.0
1736139607,1387709,0,1.001953125,0.0,0.001953125,0.001953125,0.0,0.0,0.0
1736140859,1387710,0,0.99609375,0.0,0.0,0.0,0.0,0.0,0.0
1736142109,1387711,0,1.009765625,0.001953125,0.005859375,0.0078125,0.0,0.0,0.0
1736143361,1387712,0,1.001953125,0.00390625,0.001953125,0.005859375,0.0,0.0,0.0
1736144611,1387713,0,1.0078125,-0.001953125,0.005859375,0.00390625,0.0,0.0,0.0
1736145861,1387714,0,1.0078125,0.00390625,0.001953125,0.005859375,0.0,0.0,0.0
1736147113,1387715,0,1.0,-0.005859375,-0.001953125,-0.0078125,0.0,0.0,0.0
1736148364,1387716,0,0.99609375,0.0,0.005859375,0.005859375,0.0,0.0,0.0
1736149616,1387717,0,1.0,-0.001953125,0.001953125,0.0,0.0,0.0,0.0
1736150866,1387718,0,1.0078125,-0.001953125,-0.001953125,-0.00390625,0.0,0.0,0.0
1736152118,1387719,0,1.009765625,0.00390625,0.0,0.00390625,0.0,0.0,0.0
1736153368,1387720,0,1.0078125,0.00390625,0.001953125,0.005859375,0.0,0.0,0.0
1736154619,1387721,0,1.0078125,0.0,0.005859375,0.005859375,0.0,0.0,0.0
1736155869,1387722,0,1.001953125,-0.001953125,0.00390625,0.001953125,0.0,0.0,0.0
1736157119,1387723,0,1.00390625,0.0,0.00390625,0.00390625,0.0,0.0,0.0
1736158371,1387724,0,1.001953125,-0.001953125,0.0,-0.001953125,0.0,0.0,0.0
1736159622,1387725,0,1.001953125,0.001953125,-0.001953125,0.0,0.0,0.0,0.0
1736160874,1387726,0,1.005859375,-0.00390625,-0.001953125,-0.005859375,0.0,0.0,0.0
1736162124,1387727,0,1.00390625,0.0,-0.001953125,-0.001953125,0.0,0.0,0.0
1736163375,1387728,0,0.998046875,0.0,0.00390625,0.00390625,0.0,0.0,0.0
1736164625,1387729,0,1.005859375,-0.001953125,0.00390625,0.001953125,0.0,0.0,0.0
1736165877,1387730,0,1.001953125,-0.001953125,0.00390625,0.001953125,0.0,0.0,0.0
1736167127,1387731,0,1.0078125,-0.001953125,0.00390625,0.001953125,0.0,0.0,0.0
1736168377,1387732,0,1.00390625,-0.005859375,0.0,-0.005859375,0.0,0.0,0.0
1736169629,1387733,0,1.005859375,-0.001953125,-0.005859375,-0.0078125,0.0,0.0,0.0
1736170879,1387734,0,0.998046875,-0.00390625,-0.001953125,-0.005859375,0.0,0.0,0.0
1736172130,1387735,0,0.998046875,0.00390625,-0.001953125,0.001953125,0.0,0.0,0.0
1736173381,1387736,0,1.001953125,0.001953125,0.0,0.001953125,0.0,0.0,0.0
1736174631,1387737,0,1.005859375,0.001953125,0.0,0.001953125,0.0,0.0,0.0
1736175882,1387738,0,1.00390625,-0.001953125,0.001953125,0.0,0.0,0.0,0.0
1736177133,1387739,0,1.0078125,-0.00390625,0.0078125,0.00390625,0.0,0.0,0.0
1736178384,1387740,0,1.005859375,0.0,0.0078125,0.0078125,0.0,0.0,0.0
1736179635,1387741,0,1.0078125,0.0,0.0,0.0,0.0,0.0,0.0
1736180885,1387742,0,1.005859375,-0.001953125,0.00390625,0.001953125,0.0,0.0,0.0
1736182136,1387743,0,1.001953125,-0.005859375,0.001953125,-0.00390625,0.0,0.0,0.0
1736183387,1387744,0,1.001953125,-0.001953125,0.005859375,0.00390625,0.0,0.0,0.0
1736184638,1387745,0,1.005859375,0.0,0.001953125,0.001953125,0.0,0.0,0.0
1736185889,1387746,0,1.005859375,-0.001953125,0.001953125,0.0,0.0,0.0,0.0
1736187140,1387747,0,0.994140625,0.0,0.0,0.0,0.0,0.0,0.0
1736188392,1387748,0,1.001953125,0.001953125,-0.00390625,-0.001953125,0.0,0.0,0.0
1736189642,1387749,0,1.001953125,0.00390625,-0.00390625,0.0,0.0,0.0,0.0
1736190894,1387750,0,1.005859375,0.009765625,-0.001953125,0.0078125,0.0,0.0,0.0
1736192145,1387751,0,1.005859375,0.0078125,0.0,0.0078125,0.0,0.0,0.0
1736193395,1387752,0,1.009765625,0.005859375,0.0,0.005859375,0.0,0.0,0.0
1736194646,1387753,0,1.00390625,0.005859375,0.001953125,0.0078125,0.0,0.0,0.0
1736195898,1387754,0,1.0,0.001953125,0.005859375,0.0078125,0.0,0.0,0.0
1736197149,1387755,0,1.005859375,0.009765625,0.001953125,0.01171875,0.0,0.0,0.0
1736198400,1387756,0,1.0,0.015625,0.005859375,0.021484375,0.0,0.0,0.0
1736199651,1387757,0,1.005859375,0.02734375,0.0078125,0.03515625,0.0,0.0,0.0
1736200902,1387758,0,1.01953125,0.06640625,-0.005859375,0.060546875,0.0,0.0,0.0
1736202154,1387759,0,0.9921875,0.08203125,-0.0390625,0.04296875,0.0,0.0,0.0
1736203405,1387760,0,0.98828125,0.064453125,-0.041015625,0.0234375,0.0,0.0,0.0
1736204657,1387761,0,1.005859375,0.064453125,-0.033203125,0.03125,0.0,0.0,0.0
1736205907,1387762,0,0.98828125,0.017578125,-0.013671875,0.00390625,0.0,0.0,0.0
1736207158,1387763,0,0.98828125,0.064453125,-0.037109375,0.02734375,0.0,0.0,0.0
1736208409,1387764,0,1.013671875,0.10546875,-0.046875,0.05859375,0.0,0.0,0.0
1736209660,1387765,0,1.0390625,0.255859375,-0.1015625,0.154296875,0.0,0.0,0.0
1736210911,1387766,0,1.03125,0.15234375,-0.068359375,0.083984375,0.0,0.0,0.0
1736212161,1387767,0,0.98828125,0.166015625,-0.083984375,0.08203125,0.0,0.0,0.0
1736213412,1387768,0,1.033203125,0.21484375,-0.0859375,0.12890625,0.0,0.0,0.0
1736214664,1387769,0,1.03125,0.224609375,-0.0859375,0.138671875,0.0,0.0,0.0
1736215915,1387770,0,1.013671875,0.359375,-0.15234375,0.20703125,0.0,0.0,0.0
1736217166,1387771,0,1.052734375,0.58984375,-0.259765625,0.330078125,0.0,0.0,0.0
1736218417,1387772,0,1.02734375,1.037109375,-0.52734375,0.509765625,0.0,0.0,0.0
1736219668,1387773,0,0.921875,1.169921875,-0.599609375,0.5703125,0.0,0.0,0.0
1736220920,1387774,0,0.955078125,1.634765625,-0.703125,0.931640625,0.0,0.0,0.0
1736222172,1387775,0,1.15234375,0.609375,-0.212890625,0.396484375,0.0,0.0,0.0
1736223422,1387776,0,0.98828125,0.31640625,-0.134765625,0.181640625,0.0,0.0,0.0
1736224673,1387777,0,0.919921875,0.11328125,-0.0546875,0.05859375,0.0,0.0,0.0
1736225924,1387778,0,0.986328125,0.51171875,-0.1953125,0.31640625,0.0,0.0,0.0
1736227174,1387779,0,0.962890625,0.810546875,-0.638671875,0.171875,0.0,0.0,0.0
1736228425,1387780,0,1.04296875,0.67578125,0.02734375,0.703125,0.0,0.0,0.0
1736229676,1387781,0,1.12109375,0.66796875,-0.140625,0.52734375,0.0,0.0,0.0
1736230927,1387782,0,0.951171875,0.384765625,0.01953125,0.404296875,0.0,0.0,0.0
1736232177,1387783,0,1.041015625,0.197265625,0.1875,0.384765625,0.0,0.0,0.0
1736233427,1387784,0,1.158203125,0.115234375,0.375,0.490234375,0.0,0.0,0.0
1736234679,1387785,0,1.173828125,0.3125,0.34765625,0.66015625,0.0,0.0,0.0
1736235929,1387786,0,0.90625,0.32421875,0.029296875,0.353515625,0.0,0.0,0.0
1736237179,1387787,0,0.935546875,0.2109375,0.2734375,0.484375,0.0,0.0,0.0
1736238431,1387788,0,1.0234375,0.373046875,0.275390625,0.6484375,0.0,0.0,0.0
1736239681,1387789,0,0.90625,-0.044921875,0.2265625,0.181640625,0.0,0.0,0.0
1736240932,1387790,0,0.8984375,-0.19140625,0.17578125,-0.015625,0.0,0.0,0.0
1736242182,1387791,0,1.037109375,-0.259765625,0.40234375,0.142578125,0.0,0.0,0.0
1736243432,1387792,0,1.1171875,-0.376953125,0.494140625,0.1171875,0.0,0.0,0.0
1736244684,1387793,0,1.013671875,-0.36328125,0.50390625,0.140625,0.0,0.0,0.0
1736245934,1387794,0,0.98046875,-0.390625,0.47265625,0.08203125,0.0,0.0,0.0
1736247184,1387795,0,0.947265625,-0.4296875,0.427734375,-0.001953125,0.0,0.0,0.0
1736248436,1387796,0,0.962890625,-0.4765625,0.45703125,-0.01953125,0.0,0.0,0.0
1736249686,1387797,0,0.97265625,-0.568359375,0.46484375,-0.103515625,0.0,0.0,0.0
1736250937,1387798,0,0.919921875,-0.646484375,0.3984375,-0.248046875,0.0,0.0,0.0
1736252188,1387799,0,1.0,-0.7109375,0.509765625,-0.201171875,0.0,0.0,0.0
1736253439,1387800,0,1.1015625,-0.78125,0.662109375,-0.119140625,0.0,0.0,0.0
1736254691,1387801,0,1.056640625,-0.798828125,0.595703125,-0.203125,0.0,0.0,0.0
1736255942,1387802,0,1.005859375,-0.826171875,0.51171875,-0.314453125,0.0,0.0,0.0
1736257192,1387803,0,1.021484375,-0.822265625,0.51171875,-0.310546875,0.0,0.0,0.0
1736258443,1387804,0,1.0,-0.814453125,0.494140625,-0.3203125,0.0,0.0,0.0
1736259695,1387805,0,0.98046875,-0.80859375,0.4609375,-0.34765625,0.0,0.0,0.0
1736260945,1387806,0,0.9765625,-0.794921875,0.455078125,-0.33984375,0.0,0.0,0.0
1736262197,1387807,0,1.01171875,-0.77734375,0.462890625,-0.314453125,0.0,0.0,0.0
1736263448,1387808,0,1.06640625,-0.7734375,0.50390625,-0.26953125,0.0,0.0,0.0
1736264698,1387809,0,1.05859375,-0.76171875,0.4765625,-0.28515625,0.0,0.0,0.0
1736265949,1387810,0,1.0,-0.7421875,0.404296875,-0.337890625,0.0,0.0,0.0
1736267199,1387811,0,0.98046875,-0.6796875,0.376953125,-0.302734375,0.0,0.0,0.0
1736268449,1387812,0,0.984375,-0.61328125,0.365234375,-0.248046875,0.0,0.0,0.0
1736269701,1387813,0,0.966796875,-0.533203125,0.330078125,-0.203125,0.0,0.0,0.0
1736270951,1387814,0,0.986328125,-0.4609375,0.28515625,-0.17578125,0.0,0.0,0.0
1736272202,1387815,0,1.03125,-0.4140625,0.3046875,-0.109375,0.0,0.0,0.0
1736273453,1387816,0,1.052734375,-0.369140625,0.296875,-0.072265625,0.0,0.0,0.0
1736274704,1387817,0,1.056640625,-0.302734375,0.267578125,-0.03515625,0.0,0.0,0.0
1736275954,1387818,0,1.017578125,-0.240234375,0.220703125,-0.01953125,0.0,0.0,0.0
1736277205,1387819,0,1.0,-0.15625,0.15234375,-0.00390625,0.0,0.0,0.0
1736278457,1387820,0,0.98828125,-0.1171875,0.0625,-0.0546875,0.0,0.0,0.0
1736279707,1387821,0,0.931640625,-0.04296875,-0.001953125,-0.044921875,0.0,0.0,0.0
1736280959,1387822,0,0.95703125,0.0234375,0.015625,0.0390625,0.0,0.0,0.0
1736282209,1387823,0,1.02734375,0.123046875,0.005859375,0.12890625,0.0,0.0,0.0
1736283460,1387824,0,1.021484375,0.177734375,-0.021484375,0.15625,0.0,0.0,0.0
1736284711,1387825,0,1.02734375,0.240234375,-0.05859375,0.181640625,0.0,0.0,0.0
1736285961,1387826,0,1.0,0.275390625,-0.09765625,0.177734375,0.0,0.0,0.0
1736287211,1387827,0,0.986328125,0.31640625,-0.126953125,0.189453125,0.0,0.0,0.0
1736288461,1387828,0,0.95703125,0.361328125,-0.185546875,0.17578125,0.0,0.0,0.0
1736289712,1387829,0,0.966796875,0.38671875,-0.22265625,0.1640625,0.0,0.0,0.0
1736290962,1387830,0,1.013671875,0.427734375,-0.1796875,0.248046875,0.0,0.0,0.0
1736292212,1387831,0,1.041015625,0.44921875,-0.16796875,0.28125,0.0,0.0,0.0
1736293463,1387832,0,1.03125,0.4609375,-0.19140625,0.26953125,0.0,0.0,0.0
1736294713,1387833,0,1.0390625,0.46875,-0.208984375,0.259765625,0.0,0.0,0.0
1736295965,1387834,0,1.03125,0.48046875,-0.21484375,0.265625,0.0,0.0,0.0
1736297216,1387835,0,1.00390625,0.48828125,-0.2421875,0.24609375,0.0,0.0,0.0
1736298468,1387836,0,0.986328125,0.501953125,-0.2734375,0.228515625,0.0,0.0,0.0
1736299718,1387837,0,0.974609375,0.5,-0.28125,0.21875,0.0,0.0,0.0
1736300970,1387838,0,0.994140625,0.486328125,-0.25390625,0.232421875,0.0,0.0,0.0
1736302221,1387839,0,1.01953125,0.48046875,-0.23046875,0.25,0.0,0.0,0.0
1736303471,1387840,0,1.01953125,0.45703125,-0.23828125,0.21875,0.0,0.0,0.0
1736304722,1387841,0,1.02734375,0.443359375,-0.2109375,0.232421875,0.0,0.0,0.0
1736305973,1387842,0,1.025390625,0.41796875,-0.193359375,0.224609375,0.0,0.0,0.0
1736307225,1387843,0,1.009765625,0.40625,-0.1796875,0.2265625,0.0,0.0,0.0
1736308477,1387844,0,0.982421875,0.37890625,-0.18359375,0.1953125,0.0,0.0,0.0
1736309728,1387845,0,0.978515625,0.3515625,-0.17578125,0.17578125,0.0,0.0,0.0
1736310978,1387846,0,1.001953125,0.3203125,-0.1484375,0.171875,0.0,0.0,0.0
1736312229,1387847,0,1.00390625,0.27734375,-0.12109375,0.15625,0.0,0.0,0.0
1736313481,1387848,0,1.01171875,0.23828125,-0.095703125,0.142578125,0.0,0.0,0.0
1736314731,1387849,0,1.01171875,0.19921875,-0.06640625,0.1328125,0.0,0.0,0.0
1736315982,1387850,0,1.01953125,0.162109375,-0.037109375,0.125,0.0,0.0,0.0
1736317233,1387851,0,1.009765625,0.12890625,-0.01953125,0.109375,0.0,0.0,0.0
1736318483,1387852,0,0.9921875,0.09765625,-0.013671875,0.083984375,0.0,0.0,0.0
1736319734,1387853,0,0.986328125,0.033203125,-0.0078125,0.025390625,0.0,0.0,0.0
1736320984,1387854,0,0.994140625,0.0078125,0.00390625,0.01171875,0.0,0.0,0.0
1736322235,1387855,0,1.0078125,-0.03515625,0.03515625,0.0,0.0,0.0,0.0
1736323486,1387856,0,1.01953125,-0.0703125,0.0703125,0.0,0.0,0.0,0.0
1736324736,1387857,0,1.017578125,-0.103515625,0.08984375,-0.013671875,0.0,0.0,0.0
1736325987,1387858,0,1.013671875,-0.142578125,0.10546875,-0.037109375,0.0,0.0,0.0
1736327238,1387859,0,0.990234375,-0.171875,0.09765625,-0.07421875,0.0,0.0,0.0
1736328489,1387860,0,0.98046875,-0.193359375,0.08984375,-0.103515625,0.0,0.0,0.0
1736329739,1387861,0,0.978515625,-0.21875,0.115234375,-0.103515625,0.0,0.0,0.0
1736330990,1387862,0,0.982421875,-0.236328125,0.138671875,-0.09765625,0.0,0.0,0.0
1736332241,1387863,0,1.0078125,-0.255859375,0.1640625,-0.091796875,0.0,0.0,0.0
1736333492,1387864,0,1.01953125,-0.28125,0.181640625,-0.099609375,0.0,0.0,0.0
1736334742,1387865,0,1.021484375,-0.30859375,0.18359375,-0.125,0.0,0.0,0.0
1736335993,1387866,0,1.005859375,-0.318359375,0.169921875,-0.1484375,0.0,0.0,0.0
1736337244,1387867,0,0.994140625,-0.318359375,0.17578125,-0.142578125,0.0,0.0,0.0
1736338494,1387868,0,0.994140625,-0.314453125,0.158203125,-0.15625,0.0,0.0,0.0
1736339746,1387869,0,0.998046875,-0.310546875,0.162109375,-0.1484375,0.0,0.0,0.0
1736340997,1387870,0,1.009765625,-0.30859375,0.1640625,-0.14453125,0.0,0.0,0.0
1736342248,1387871,0,1.017578125,-0.296875,0.169921875,-0.126953125,0.0,0.0,0.0
1736343499,1387872,0,1.01953125,-0.287109375,0.171875,-0.115234375,0.0,0.0,0.0
1736344750,1387873,0,1.01953125,-0.275390625,0.1484375,-0.126953125,0.0,0.0,0.0
1736346001,1387874,0,1.0078125,-0.259765625,0.13671875,-0.123046875,0.0,0.0,0.0
1736347252,1387875,0,0.994140625,-0.23828125,0.12109375,-0.1171875,0.0,0.0,0.0
1736348502,1387876,0,0.98828125,-0.216796875,0.1015625,-0.115234375,0.0,0.0,0.0
1736349753,1387877,0,0.986328125,-0.1953125,0.08984375,-0.10546875,0.0,0.0,0.0
1736351004,1387878,0,1.0,-0.173828125,0.0703125,-0.103515625,0.0,0.0,0.0
1736352255,1387879,0,1.00390625,-0.150390625,0.05859375,-0.091796875,0.0,0.0,0.0
1736353505,1387880,0,1.021484375,-0.115234375,0.046875,-0.068359375,0.0,0.0,0.0
1736354756,1387881,0,1.025390625,-0.091796875,0.060546875,-0.03125,0.0,0.0,0.0
1736356008,1387882,0,1.005859375,-0.072265625,0.03515625,-0.037109375,0.0,0.0,0.0
1736357258,1387883,0,1.0078125,-0.0390625,0.017578125,-0.021484375,0.0,0.0,0.0
1736358509,1387884,0,0.990234375,-0.013671875,-0.009765625,-0.0234375,0.0,0.0,0.0
1736359759,1387885,0,1.00390625,0.01171875,-0.015625,-0.00390625,0.0,0.0,0.0
1736361010,1387886,0,1.0,0.0390625,-0.03515625,0.00390625,0.0,0.0,0.0
1736362261,1387887,0,1.001953125,0.0625,-0.03125,0.03125,0.0,0.0,0.0
1736363513,1387888,0,1.021484375,0.080078125,-0.04296875,0.037109375,0.0,0.0,0.0
1736364764,1387889,0,1.01171875,0.099609375,-0.046875,0.052734375,0.0,0.0,0.0
1736366015,1387890,0,1.009765625,0.115234375,-0.05078125,0.064453125,0.0,0.0,0.0
1736367270,1387891,0,1.0078125,0.13671875,-0.068359375,0.068359375,0.0,0.0,0.0
1736368521,1387892,0,1.001953125,0.15234375,-0.080078125,0.072265625,0.0,0.0,0.0
1736369772,1387893,0,0.998046875,0.171875,-0.083984375,0.087890625,0.0,0.0,0.0
1736371024,1387894,0,1.0,0.1796875,-0.08984375,0.08984375,0.0,0.0,0.0
1736372275,1387895,0,1.0,0.1875,-0.09375,0.09375,0.0,0.0,0.0
1736373527,1387896,0,0.998046875,0.189453125,-0.08984375,0.099609375,0.0,0.0,0.0
1736374778,1387897,0,1.005859375,0.19140625,-0.09375,0.09765625,0.0,0.0,0.0
1736376028,1387898,0,1.0078125,0.193359375,-0.09375,0.099609375,0.0,0.0,0.0
1736377279,1387899,0,1.00390625,0.19921875,-0.09375,0.10546875,0.0,0.0,0.0
1736378530,1387900,0,1.001953125,0.1953125,-0.09375,0.1015625,0.0,0.0,0.0
1736379782,1387901,0,1.0,0.197265625,-0.091796875,0.10546875,0.0,0.0,0.0
1736381032,1387902,0,1.00390625,0.1875,-0.087890625,0.099609375,0.0,0.0,0.0
1736382282,1387903,0,1.015625,0.177734375,-0.095703125,0.08203125,0.0,0.0,0.0
1736383532,1387904,0,1.0,0.16796875,-0.080078125,0.087890625,0.0,0.0,0.0
1736384783,1387905,0,0.998046875,0.166015625,-0.0703125,0.095703125,0.0,0.0,0.0
1736386034,1387906,0,1.00390625,0.146484375,-0.07421875,0.072265625,0.0,0.0,0.0
1736387285,1387907,0,1.00390625,0.12890625,-0.06640625,0.0625,0.0,0.0,0.0
1736388537,1387908,0,1.001953125,0.10546875,-0.056640625,0.048828125,0.0,0.0,0.0
1736389789,1387909,0,1.0078125,0.087890625,-0.041015625,0.046875,0.0,0.0,0.0
1736391039,1387910,0,1.0078125,0.072265625,-0.029296875,0.04296875,0.0,0.0,0.0
1736392290,1387911,0,1.01171875,0.052734375,-0.02734375,0.025390625,0.0,0.0,0.0
1736393541,1387912,0,1.0,0.03515625,-0.0078125,0.02734375,0.0,0.0,0.0
1736394792,1387913,0,1.009765625,0.013671875,-0.009765625,0.00390625,0.0,0.0,0.0
1736396042,1387914,0,1.00390625,-0.00390625,-0.00390625,-0.0078125,0.0,0.0,0.0
1736397294,1387915,0,0.99609375,-0.013671875,0.005859375,-0.0078125,0.0,0.0,0.0
1736398545,1387916,0,1.001953125,-0.03125,0.00390625,-0.02734375,0.0,0.0,0.0
1736399795,1387917,0,0.99609375,-0.044921875,0.015625,-0.029296875,0.0,0.0,0.0
1736401047,1387918,0,1.001953125,-0.05859375,0.029296875,-0.029296875,0.0,0.0,0.0
1736402298,1387919,0,1.0078125,-0.078125,0.03515625,-0.04296875,0.0,0.0,0.0
1736403549,1387920,0,1.0078125,-0.0859375,0.037109375,-0.048828125,0.0,0.0,0.0
1736404800,1387921,0,1.0078125,-0.1015625,0.04296875,-0.05859375,0.0,0.0,0.0
1736406050,1387922,0,1.009765625,-0.107421875,0.04296875,-0.064453125,0.0,0.0,0.0
1736407301,1387923,0,1.001953125,-0.123046875,0.0390625,-0.083984375,0.0,0.0,0.0
1736408552,1387924,0,0.998046875,-0.12890625,0.041015625,-0.087890625,0.0,0.0,0.0
1736409803,1387925,0,1.001953125,-0.12890625,0.05078125,-0.078125,0.0,0.0,0.0
1736411053,1387926,0,0.998046875,-0.1328125,0.05078125,-0.08203125,0.0,0.0,0.0
1736412305,1387927,0,1.0,-0.138671875,0.060546875,-0.078125,0.0,0.0,0.0
1736413557,1387928,0,0.9921875,-0.138671875,0.064453125,-0.07421875,0.0,0.0,0.0
1736414808,1387929,0,1.001953125,-0.13671875,0.056640625,-0.080078125,0.0,0.0,0.0
1736416059,1387930,0,1.01171875,-0.13671875,0.056640625,-0.080078125,0.0,0.0,0.0
1736417310,1387931,0,1.005859375,-0.12890625,0.05078125,-0.078125,0.0,0.0,0.0
1736418562,1387932,0,0.99609375,-0.130859375,0.052734375,-0.078125,0.0,0.0,0.0
1736419812,1387933,0,0.99609375,-0.12109375,0.04296875,-0.078125,0.0,0.0,0.0
1736421064,1387934,0,1.00390625,-0.115234375,0.04296875,-0.072265625,0.0,0.0,0.0
1736422314,1387935,0,1.005859375,-0.109375,0.041015625,-0.068359375,0.0,0.0,0.0
1736423565,1387936,0,1.005859375,-0.1015625,0.037109375,-0.064453125,0.0,0.0,0.0
1736424816,1387937,0,1.01171875,-0.08984375,0.033203125,-0.056640625,0.0,0.0,0.0
1736426066,1387938,0,1.0078125,-0.080078125,0.03125,-0.048828125,0.0,0.0,0.0
1736427317,1387939,0,1.001953125,-0.0703125,0.021484375,-0.048828125,0.0,0.0,0.0
1736428569,1387940,0,1.005859375,-0.056640625,0.021484375,-0.03515625,0.0,0.0,0.0
1736429819,1387941,0,1.001953125,-0.044921875,0.009765625,-0.03515625,0.0,0.0,0.0
1736431070,1387942,0,1.001953125,-0.0390625,0.009765625,-0.029296875,0.0,0.0,0.0
1736432321,1387943,0,1.00390625,-0.025390625,0.0078125,-0.017578125,0.0,0.0,0.0
1736433571,1387944,0,1.0078125,-0.015625,0.001953125,-0.013671875,0.0,0.0,0.0
1736434822,1387945,0,1.0,-0.001953125,0.0078125,0.005859375,0.0,0.0,0.0
1736436074,1387946,0,1.0,0.009765625,-0.00390625,0.005859375,0.0,0.0,0.0
1736437324,1387947,0,1.009765625,0.021484375,-0.0078125,0.013671875,0.0,0.0,0.0
1736438575,1387948,0,0.99609375,0.02734375,-0.005859375,0.021484375,0.0,0.0,0.0
1736439827,1387949,0,0.998046875,0.037109375,-0.01953125,0.017578125,0.0,0.0,0.0
1736441077,1387950,0,1.0,0.056640625,-0.02734375,0.029296875,0.0,0.0,0.0
1736442328,1387951,0,1.005859375,0.064453125,-0.025390625,0.0390625,0.0,0.0,0.0
1736443580,1387952,0,1.005859375,0.0625,-0.029296875,0.033203125,0.0,0.0,0.0
1736444832,1387953,0,1.001953125,0.068359375,-0.03125,0.037109375,0.0,0.0,0.0
1736446082,1387954,0,1.001953125,0.07421875,-0.03125,0.04296875,0.0,0.0,0.0
1736447333,1387955,0,1.00390625,0.080078125,-0.03125,0.048828125,0.0,0.0,0.0
1736448585,1387956,0,1.00390625,0.078125,-0.033203125,0.044921875,0.0,0.0,0.0
1736449835,1387957,0,1.00390625,0.0859375,-0.03125,0.0546875,0.0,0.0,0.0
1736451086,1387958,0,1.009765625,0.08203125,-0.029296875,0.052734375,0.0,0.0,0.0
1736452338,1387959,0,1.009765625,0.078125,-0.033203125,0.044921875,0.0,0.0,0.0
1736453589,1387960,0,1.01171875,0.080078125,-0.033203125,0.046875,0.0,0.0,0.0
1736454840,1387961,0,0.998046875,0.07421875,-0.029296875,0.044921875,0.0,0.0,0.0
1736456092,1387962,0,1.001953125,0.072265625,-0.033203125,0.0390625,0.0,0.0,0.0
1736457343,1387963,0,1.0,0.064453125,-0.033203125,0.03125,0.0,0.0,0.0
1736458594,1387964,0,1.0078125,0.064453125,-0.02734375,0.037109375,0.0,0.0,0.0
1736459845,1387965,0,1.001953125,0.0625,-0.025390625,0.037109375,0.0,0.0,0.0
1736461096,1387966,0,1.001953125,0.048828125,-0.021484375,0.02734375,0.0,0.0,0.0
1736462346,1387967,0,1.015625,0.04296875,-0.01953125,0.0234375,0.0,0.0,0.0
1736463598,1387968,0,1.009765625,0.033203125,-0.01953125,0.013671875,0.0,0.0,0.0
1736464849,1387969,0,1.00390625,0.025390625,-0.01953125,0.005859375,0.0,0.0,0.0
1736466099,1387970,0,1.005859375,0.015625,-0.00390625,0.01171875,0.0,0.0,0.0
1736467350,1387971,0,1.0078125,0.009765625,-0.015625,-0.005859375,0.0,0.0,0.0
1736468601,1387972,0,1.005859375,0.00390625,-0.013671875,-0.009765625,0.0,0.0,0.0
1736469852,1387973,0,1.001953125,-0.00390625,-0.005859375,-0.009765625,0.0,0.0,0.0
1736471103,1387974,0,1.005859375,-0.0078125,-0.001953125,-0.009765625,0.0,0.0,0.0
1736472354,1387975,0,1.001953125,-0.01953125,-0.00390625,-0.0234375,0.0,0.0,0.0
1736473605,1387976,0,1.0078125,-0.02734375,0.001953125,-0.025390625,0.0,0.0,0.0
1736474855,1387977,0,1.0078125,-0.03125,0.00390625,-0.02734375,0.0,0.0,0.0
1736476107,1387978,0,1.0078125,-0.03515625,0.009765625,-0.025390625,0.0,0.0,0.0
1736477357,1387979,0,1.005859375,-0.041015625,0.0078125,-0.033203125,0.0,0.0,0.0
1736478607,1387980,0,1.001953125,-0.048828125,0.0078125,-0.041015625,0.0,0.0,0.0
1736479859,1387981,0,1.00390625,-0.0546875,0.01171875,-0.04296875,0.0,0.0,0.0
1736481109,1387982,0,1.00390625,-0.056640625,0.01171875,-0.044921875,0.0,0.0,0.0
1736482361,1387983,0,1.0078125,-0.056640625,0.01171875,-0.044921875,0.0,0.0,0.0
1736483611,1387984,0,1.001953125,-0.068359375,0.01953125,-0.048828125,0.0,0.0,0.0
1736484861,1387985,0,1.005859375,-0.0625,0.025390625,-0.037109375,0.0,0.0,0.0
1736486113,1387986,0,1.00390625,-0.068359375,0.013671875,-0.0546875,0.0,0.0,0.0
1736487364,1387987,0,0.994140625,-0.068359375,0.015625,-0.052734375,0.0,0.0,0.0
1736488616,1387988,0,1.0078125,-0.05859375,0.013671875,-0.044921875,0.0,0.0,0.0
1736489866,1387989,0,0.99609375,-0.0625,0.009765625,-0.052734375,0.0,0.0,0.0
1736491118,1387990,0,1.00390625,-0.068359375,0.017578125,-0.05078125,0.0,0.0,0.0
1736492368,1387991,0,1.00390625,-0.0625,0.01953125,-0.04296875,0.0,0.0,0.0
1736493619,1387992,0,1.0078125,-0.052734375,0.01171875,-0.041015625,0.0,0.0,0.0
1736494869,1387993,0,1.005859375,-0.052734375,0.0078125,-0.044921875,0.0,0.0,0.0
1736496119,1387994,0,1.005859375,-0.046875,0.00390625,-0.04296875,0.0,0.0,0.0
1736497371,1387995,0,1.0078125,-0.044921875,0.0078125,-0.037109375,0.0,0.0,0.0
1736498622,1387996,0,0.99609375,-0.03515625,0.00390625,-0.03125,0.0,0.0,0.0
1736499874,1387997,0,1.0078125,-0.03125,0.009765625,-0.021484375,0.0,0.0,0.0
1736501124,1387998,0,1.001953125,-0.02734375,0.013671875,-0.013671875,0.0,0.0,0.0
1736502375,1387999,0,1.005859375,-0.0234375,0.0078125,-0.015625,0.0,0.0,0.0
1736503625,1388000,0,1.00390625,-0.015625,0.0,-0.015625,0.0,0.0,0.0
1736504877,1388001,0,1.005859375,-0.013671875,0.005859375,-0.0078125,0.0,0.0,0.0
1736506127,1388002,0,1.005859375,-0.005859375,0.00390625,-0.001953125,0.0,0.0,0.0
1736507377,1388003,0,1.009765625,-0.001953125,0.001953125,0.0,0.0,0.0,0.0
1736508629,1388004,0,1.0078125,0.001953125,-0.005859375,-0.00390625,0.0,0.0,0.0
1736509879,1388005,0,1.0078125,0.005859375,0.0,0.005859375,0.0,0.0,0.0
1736511130,1388006,0,1.005859375,0.015625,-0.001953125,0.013671875,0.0,0.0,0.0
1736512381,1388007,0,1.005859375,0.013671875,-0.005859375,0.0078125,0.0,0.0,0.0
1736513631,1388008,0,1.0078125,0.013671875,-0.009765625,0.00390625,0.0,0.0,0.0
1736514882,1388009,0,0.998046875,0.021484375,-0.009765625,0.01171875,0.0,0.0,0.0
1736516133,1388010,0,1.005859375,0.029296875,-0.01171875,0.017578125,0.0,0.0,0.0
1736517384,1388011,0,1.005859375,0.033203125,-0.009765625,0.0234375,0.0,0.0,0.0
1736518635,1388012,0,1.009765625,0.025390625,-0.009765625,0.015625,0.0,0.0,0.0
1736519885,1388013,0,0.99609375,0.033203125,-0.001953125,0.03125,0.0,0.0,0.0
1736521136,1388014,0,1.001953125,0.037109375,-0.001953125,0.03515625,0.0,0.0,0.0
1736522387,1388015,0,1.001953125,0.033203125,-0.00390625,0.029296875,0.0,0.0,0.0
1736523638,1388016,0,1.005859375,0.037109375,-0.013671875,0.0234375,0.0,0.0,0.0
1736524889,1388017,0,1.01171875,0.033203125,-0.01171875,0.021484375,0.0,0.0,0.0
1736526140,1388018,0,1.0078125,0.03515625,-0.0078125,0.02734375,0.0,0.0,0.0
1736527392,1388019,0,1.0078125,0.03125,-0.009765625,0.021484375,0.0,0.0,0.0
1736528642,1388020,0,1.005859375,0.029296875,-0.017578125,0.01171875,0.0,0.0,0.0
1736529894,1388021,0,1.001953125,0.03125,-0.013671875,0.017578125,0.0,0.0,0.0
1736531145,1388022,0,1.0078125,0.021484375,-0.015625,0.005859375,0.0,0.0,0.0
1736532395,1388023,0,1.005859375,0.01953125,-0.001953125,0.017578125,0.0,0.0,0.0
1736533646,1388024,0,1.001953125,0.017578125,-0.01171875,0.005859375,0.0,0.0,0.0
1736534898,1388025,0,1.005859375,0.013671875,-0.0078125,0.005859375,0.0,0.0,0.0
1736536149,1388026,0,1.001953125,0.005859375,-0.0078125,-0.001953125,0.0,0.0,0.0
1736537400,1388027,0,1.0078125,0.009765625,-0.013671875,-0.00390625,0.0,0.0,0.0
1736538651,1388028,0,1.0,-0.00390625,-0.009765625,-0.013671875,0.0,0.0,0.0
1736539902,1388029,0,1.009765625,-0.00390625,-0.013671875,-0.017578125,0.0,0.0,0.0
1736541154,1388030,0,1.009765625,-0.00390625,-0.001953125,-0.005859375,0.0,0.0,0.0
1736542405,1388031,0,1.00390625,-0.009765625,-0.009765625,-0.01953125,0.0,0.0,0.0
1736543657,1388032,0,1.00390625,-0.015625,-0.005859375,-0.021484375,0.0,0.0,0.0
1736544907,1388033,0,1.005859375,-0.021484375,-0.005859375,-0.02734375,0.0,0.0,0.0
1736546158,1388034,0,1.017578125,-0.021484375,0.001953125,-0.01953125,0.0,0.0,0.0
1736547409,1388035,0,1.005859375,-0.0234375,0.00390625,-0.01953125,0.0,0.0,0.0
1736548660,1388036,0,1.0,-0.03125,-0.001953125,-0.033203125,0.0,0.0,0.0
1736549911,1388037,0,1.001953125,-0.033203125,0.001953125,-0.03125,0.0,0.0,0.0
1736551161,1388038,0,1.00390625,-0.03125,0.00390625,-0.02734375,0.0,0.0,0.0
1736552412,1388039,0,1.001953125,-0.037109375,0.00390625,-0.033203125,0.0,0.0,0.0
1736553664,1388040,0,1.00390625,-0.03515625,0.005859375,-0.029296875,0.0,0.0,0.0
1736554915,1388041,0,1.001953125,-0.03515625,0.005859375,-0.029296875,0.0,0.0,0.0
1736556166,1388042,0,1.0078125,-0.0390625,0.0,-0.0390625,0.0,0.0,0.0
1736557417,1388043,0,1.00390625,-0.0390625,0.00390625,-0.03515625,0.0,0.0,0.0
1736558668,1388044,0,1.001953125,-0.0390625,0.001953125,-0.037109375,0.0,0.0,0.0
1736559920,1388045,0,1.0,-0.041015625,-0.001953125,-0.04296875,0.0,0.0,0.0
1736561172,1388046,0,1.005859375,-0.03515625,0.005859375,-0.029296875,0.0,0.0,0.0
1736562422,1388047,0,1.00390625,-0.037109375,0.00390625,-0.033203125,0.0,0.0,0.0
1736563673,1388048,0,1.005859375,-0.03515625,0.0,-0.03515625,0.0,0.0,0.0
1736564924,1388049,0,1.0,-0.029296875,0.0,-0.029296875,0.0,0.0,0.0
1736566174,1388050,0,1.005859375,-0.033203125,0.001953125,-0.03125,0.0,0.0,0.0
1736567425,1388051,0,0.99609375,-0.029296875,0.005859375,-0.0234375,0.0,0.0,0.0
1736568676,1388052,0,1.01171875,-0.03125,-0.001953125,-0.033203125,0.0,0.0,0.0
1736569927,1388053,0,1.00390625,-0.02734375,-0.00390625,-0.03125,0.0,0.0,0.0
1736571177,1388054,0,1.001953125,-0.01953125,0.00390625,-0.015625,0.0,0.0,0.0
1736572427,1388055,0,1.00390625,-0.021484375,0.0078125,-0.013671875,0.0,0.0,0.0
1736573679,1388056,0,0.998046875,-0.01953125,0.001953125,-0.017578125,0.0,0.0,0.0
1736574929,1388057,0,0.99609375,-0.015625,-0.0078125,-0.0234375,0.0,0.0,0.0
1736576179,1388058,0,1.001953125,-0.013671875,0.0,-0.013671875,0.0,0.0,0.0
1736577431,1388059,0,1.005859375,-0.0078125,0.001953125,-0.005859375,0.0,0.0,0.0
1736578681,1388060,0,1.001953125,-0.00390625,-0.001953125,-0.005859375,0.0,0.0,0.0
1736579932,1388061,0,1.00390625,-0.001953125,0.001953125,0.0,0.0,0.0,0.0
1736581182,1388062,0,0.998046875,-0.00390625,0.0,-0.00390625,0.0,0.0,0.0
1736582432,1388063,0,1.0078125,0.001953125,0.0,0.001953125,0.0,0.0,0.0
1736583684,1388064,0,1.005859375,0.005859375,-0.001953125,0.00390625,0.0,0.0,0.0
1736584934,1388065,0,1.005859375,0.01171875,0.0,0.01171875,0.0,0.0,0.0
1736586184,1388066,0,1.0,0.009765625,-0.005859375,0.00390625,0.0,0.0,0.0
1736587436,1388067,0,1.00390625,0.013671875,0.001953125,0.015625,0.0,0.0,0.0
1736588686,1388068,0,1.005859375,0.009765625,-0.005859375,0.00390625,0.0,0.0,0.0
1736589937,1388069,0,1.001953125,0.01953125,-0.0078125,0.01171875,0.0,0.0,0.0
1736591188,1388070,0,1.0078125,0.01171875,-0.0078125,0.00390625,0.0,0.0,0.0
1736592439,1388071,0,1.005859375,0.015625,-0.009765625,0.005859375,0.0,0.0,0.0
1736593691,1388072,0,1.001953125,0.017578125,-0.001953125,0.015625,0.0,0.0,0.0
1736594942,1388073,0,1.001953125,0.017578125,-0.00390625,0.013671875,0.0,0.0,0.0
1736596192,1388074,0,1.0078125,0.01953125,-0.005859375,0.013671875,0.0,0.0,0.0
1736597443,1388075,0,1.001953125,0.013671875,-0.00390625,0.009765625,0.0,0.0,0.0
1736598695,1388076,0,1.01171875,0.015625,-0.009765625,0.005859375,0.0,0.0,0.0
1736599945,1388077,0,1.005859375,0.013671875,-0.00390625,0.009765625,0.0,0.0,0.0
1736601197,1388078,0,1.0078125,0.015625,-0.001953125,0.013671875,0.0,0.0,0.0
1736602448,1388079,0,1.0,0.009765625,-0.00390625,0.005859375,0.0,0.0,0.0
1736603698,1388080,0,1.001953125,0.005859375,-0.005859375,0.0,0.0,0.0,0.0
1736604949,1388081,0,1.005859375,0.00390625,-0.009765625,-0.005859375,0.0,0.0,0.0
1736606199,1388082,0,1.005859375,0.0078125,-0.009765625,-0.001953125,0.0,0.0,0.0
1736607449,1388083,0,1.0,-0.001953125,-0.005859375,-0.0078125,0.0,0.0,0.0
1736608701,1388084,0,1.00390625,-0.00390625,-0.0078125,-0.01171875,0.0,0.0,0.0
1736609951,1388085,0,1.001953125,-0.005859375,-0.001953125,-0.0078125,0.0,0.0,0.0
1736611202,1388086,0,1.001953125,-0.00390625,-0.0078125,-0.01171875,0.0,0.0,0.0
1736612453,1388087,0,1.005859375,-0.009765625,-0.0078125,-0.017578125,0.0,0.0,0.0
1736613704,1388088,0,1.001953125,-0.01171875,-0.005859375,-0.017578125,0.0,0.0,0.0
1736614954,1388089,0,1.0078125,-0.017578125,0.0,-0.017578125,0.0,0.0,0.0
1736616205,1388090,0,1.009765625,-0.017578125,-0.001953125,-0.01953125,0.0,0.0,0.0
1736617457,1388091,0,1.009765625,-0.0234375,-0.0078125,-0.03125,0.0,0.0,0.0
1736618707,1388092,0,1.01171875,-0.021484375,-0.00390625,-0.025390625,0.0,0.0,0.0
1736619959,1388093,0,1.00390625,-0.025390625,-0.00390625,-0.029296875,0.0,0.0,0.0
1736621209,1388094,0,1.00390625,-0.025390625,0.00390625,-0.021484375,0.0,0.0,0.0
1736622460,1388095,0,1.015625,-0.025390625,-0.001953125,-0.02734375,0.0,0.0,0.0
1736623711,1388096,0,0.994140625,-0.025390625,-0.0078125,-0.033203125,0.0,0.0,0.0
1736624961,1388097,0,1.0,-0.03125,0.001953125,-0.029296875,0.0,0.0,0.0
1736626211,1388098,0,1.005859375,-0.025390625,-0.00390625,-0.029296875,0.0,0.0,0.0
1736627461,1388099,0,1.00390625,-0.029296875,-0.001953125,-0.03125,0.0,0.0,0.0
1736628712,1388100,0,0.998046875,-0.029296875,-0.00390625,-0.033203125,0.0,0.0,0.0
1736629962,1388101,0,1.0078125,-0.02734375,0.001953125,-0.025390625,0.0,0.0,0.0
1736631212,1388102,0,1.001953125,-0.02734375,-0.001953125,-0.029296875,0.0,0.0,0.0
1736632463,1388103,0,1.0078125,-0.029296875,0.0,-0.029296875,0.0,0.0,0.0
1736633713,1388104,0,1.00390625,-0.02734375,0.0,-0.02734375,0.0,0.0,0.0
1736634965,1388105,0,1.0078125,-0.02734375,-0.00390625,-0.03125,0.0,0.0,0.0
1736636216,1388106,0,1.0078125,-0.025390625,0.0,-0.025390625,0.0,0.0,0.0
1736637468,1388107,0,1.001953125,-0.0234375,0.001953125,-0.021484375,0.0,0.0,0.0
1736638718,1388108,0,1.0,-0.021484375,-0.001953125,-0.0234375,0.0,0.0,0.0
1736639970,1388109,0,1.0078125,-0.01953125,0.001953125,-0.017578125,0.0,0.0,0.0
1736641221,1388110,0,1.0078125,-0.021484375,-0.001953125,-0.0234375,0.0,0.0,0.0
1736642471,1388111,0,1.0,-0.01953125,0.00390625,-0.015625,0.0,0.0,0.0
1736643722,1388112,0,1.00390625,-0.01953125,-0.001953125,-0.021484375,0.0,0.0,0.0
1736644973,1388113,0,0.998046875,-0.015625,0.0,-0.015625,0.0,0.0,0.0
1736646225,1388114,0,1.00390625,-0.01171875,-0.00390625,-0.015625,0.0,0.0,0.0
1736647477,1388115,0,1.013671875,-0.009765625,0.001953125,-0.0078125,0.0,0.0,0.0
1736648728,1388116,0,1.001953125,-0.00390625,0.0078125,0.00390625,0.0,0.0,0.0
1736649978,1388117,0,1.005859375,0.001953125,0.001953125,0.00390625,0.0,0.0,0.0
1736651229,1388118,0,1.01171875,-0.001953125,0.009765625,0.0078125,0.0,0.0,0.0
1736652481,1388119,0,0.998046875,0.0,0.0,0.0,0.0,0.0,0.0
1736653731,1388120,0,0.9921875,0.005859375,0.0,0.005859375,0.0,0.0,0.0
1736654982,1388121,0,1.0,0.00390625,-0.00390625,0.0,0.0,0.0,0.0
1736656233,1388122,0,1.0078125,0.001953125,-0.001953125,0.0,0.0,0.0,0.0
1736657483,1388123,0,1.00390625,0.0078125,-0.001953125,0.005859375,0.0,0.0,0.0
1736658734,1388124,0,1.0078125,0.009765625,-0.001953125,0.0078125,0.0,0.0,0.0
1736659984,1388125,0,0.99609375,0.0078125,-0.0078125,0.0,0.0,0.0,0.0
1736661235,1388126,0,1.001953125,0.01171875,-0.005859375,0.005859375,0.0,0.0,0.0
1736662486,1388127,0,1.005859375,0.013671875,-0.001953125,0.01171875,0.0,0.0,0.0
1736663736,1388128,0,0.998046875,0.01171875,0.0,0.01171875,0.0,0.0,0.0
1736664987,1388129,0,1.001953125,0.009765625,-0.00390625,0.005859375,0.0,0.0,0.0
1736666238,1388130,0,1.005859375,0.009765625,-0.005859375,0.00390625,0.0,0.0,0.0
1736667489,1388131,0,1.001953125,0.009765625,-0.0078125,0.001953125,0.0,0.0,0.0
1736668739,1388132,0,1.00390625,0.009765625,-0.009765625,0.0,0.0,0.0,0.0
1736669991,1388133,0,1.0078125,0.0078125,-0.005859375,0.001953125,0.0,0.0,0.0
1736671241,1388134,0,1.009765625,0.009765625,-0.001953125,0.0078125,0.0,0.0,0.0
1736672492,1388135,0,1.001953125,0.001953125,0.0,0.001953125,0.0,0.0,0.0
1736673744,1388136,0,1.009765625,-0.00390625,-0.009765625,-0.013671875,0.0,0.0,0.0
1736674994,1388137,0,1.001953125,0.0,0.00390625,0.00390625,0.0,0.0,0.0
1736676245,1388138,0,1.009765625,0.00390625,-0.00390625,0.0,0.0,0.0,0.0
1736677496,1388139,0,0.99609375,-0.005859375,-0.017578125,-0.0234375,0.0,0.0,0.0
1736678747,1388140,0,1.00390625,-0.0078125,-0.01171875,-0.01953125,0.0,0.0,0.0
1736679998,1388141,0,1.00390625,0.0,-0.0078125,-0.0078125,0.0,0.0,0.0
1736681248,1388142,0,1.009765625,-0.0078125,-0.009765625,-0.017578125,0.0,0.0,0.0
1736682499,1388143,0,1.0078125,-0.009765625,0.0,-0.009765625,0.0,0.0,0.0
1736683750,1388144,0,1.009765625,-0.009765625,-0.0078125,-0.017578125,0.0,0.0,0.0
1736685001,1388145,0,1.0078125,-0.013671875,-0.005859375,-0.01953125,0.0,0.0,0.0
1736686252,1388146,0,1.001953125,-0.0078125,-0.001953125,-0.009765625,0.0,0.0,0.0
1736687502,1388147,0,1.00390625,-0.01953125,-0.001953125,-0.021484375,0.0,0.0,0.0
1736688753,1388148,0,0.998046875,-0.01953125,-0.0078125,-0.02734375,0.0,0.0,0.0
1736690004,1388149,0,1.0078125,-0.017578125,-0.01171875,-0.029296875,0.0,0.0,0.0
1736691255,1388150,0,1.0,-0.01953125,-0.00390625,-0.0234375,0.0,0.0,0.0
1736692505,1388151,0,1.009765625,-0.021484375,-0.00390625,-0.025390625,0.0,0.0,0.0
1736693756,1388152,0,1.0,-0.021484375,0.0,-0.021484375,0.0,0.0,0.0
1736695008,1388153,0,1.00390625,-0.0234375,-0.00390625,-0.02734375,0.0,0.0,0.0
1736696258,1388154,0,1.005859375,-0.025390625,0.001953125,-0.0234375,0.0,0.0,0.0
1736697509,1388155,0,1.009765625,-0.02734375,0.0,-0.02734375,0.0,0.0,0.0
1736698759,1388156,0,1.00390625,-0.0234375,0.0078125,-0.015625,0.0,0.0,0.0
1736700010,1388157,0,0.998046875,-0.025390625,0.005859375,-0.01953125,0.0,0.0,0.0
1736701261,1388158,0,1.01171875,-0.0234375,-0.0078125,-0.03125,0.0,0.0,0.0
1736702513,1388159,0,1.0078125,-0.0234375,-0.00390625,-0.02734375,0.0,0.0,0.0
1736703764,1388160,0,1.0078125,-0.02734375,0.0078125,-0.01953125,0.0,0.0,0.0
1736705015,1388161,0,1.001953125,-0.0234375,0.00390625,-0.01953125,0.0,0.0,0.0
1736706270,1388162,0,0.998046875,-0.015625,0.01171875,-0.00390625,0.0,0.0,0.0
1736707521,1388163,0,1.00390625,-0.01953125,0.00390625,-0.015625,0.0,0.0,0.0
1736708772,1388164,0,1.001953125,-0.015625,0.0078125,-0.0078125,0.0,0.0,0.0
1736710024,1388165,0,1.0,-0.017578125,0.0,-0.017578125,0.0,0.0,0.0
1736711275,1388166,0,1.001953125,-0.013671875,0.005859375,-0.0078125,0.0,0.0,0.0
1736712527,1388167,0,1.001953125,-0.01171875,-0.001953125,-0.013671875,0.0,0.0,0.0
1736713778,1388168,0,1.001953125,-0.01171875,-0.00390625,-0.015625,0.0,0.0,0.0
1736715028,1388169,0,1.0078125,-0.01171875,-0.001953125,-0.013671875,0.0,0.0,0.0
1736716279,1388170,0,1.00390625,-0.0078125,0.001953125,-0.005859375,0.0,0.0,0.0
1736717530,1388171,0,1.005859375,-0.005859375,0.00390625,-0.001953125,0.0,0.0,0.0
1736718782,1388172,0,1.0078125,-0.0078125,-0.001953125,-0.009765625,0.0,0.0,0.0
1736720032,1388173,0,1.005859375,-0.00390625,-0.001953125,-0.005859375,0.0,0.0,0.0
1736721282,1388174,0,1.00390625,-0.00390625,-0.00390625,-0.0078125,0.0,0.0,0.0
1736722532,1388175,0,0.99609375,-0.005859375,-0.00390625,-0.009765625,0.0,0.0,0.0
1736723783,1388176,0,1.00390625,0.005859375,0.0,0.005859375,0.0,0.0,0.0
1736725034,1388177,0,0.998046875,-0.001953125,-0.001953125,-0.00390625,0.0,0.0,0.0
1736726285,1388178,0,1.001953125,0.001953125,-0.001953125,0.0,0.0,0.0,0.0
1736727537,1388179,0,0.99609375,0.00390625,0.001953125,0.005859375,0.0,0.0,0.0
1736728789,1388180,0,1.001953125,0.00390625,0.00390625,0.0078125,0.0,0.0,0.0
1736730039,1388181,0,1.015625,0.0078125,-0.00390625,0.00390625,0.0,0.0,0.0
1736731290,1388182,0,1.017578125,0.001953125,-0.0078125,-0.005859375,0.0,0.0,0.0
1736732541,1388183,0,1.00390625,0.0078125,-0.0078125,0.0,0.0,0.0,0.0
1736733792,1388184,0,1.009765625,0.005859375,-0.00390625,0.001953125,0.0,0.0,0.0
1736735042,1388185,0,1.01171875,0.00390625,-0.00390625,0.0,0.0,0.0,0.0
1736736294,1388186,0,0.998046875,0.00390625,-0.009765625,-0.005859375,0.0,0.0,0.0
1736737545,1388187,0,0.998046875,0.00390625,-0.001953125,0.001953125,0.0,0.0,0.0
1736738795,1388188,0,1.0078125,0.0078125,-0.0078125,0.0,0.0,0.0,0.0
1736740047,1388189,0,1.001953125,0.005859375,-0.0078125,-0.001953125,0.0,0.0,0.0
1736741298,1388190,0,1.005859375,0.001953125,-0.005859375,-0.00390625,0.0,0.0,0.0
1736742549,1388191,0,1.0078125,0.009765625,-0.00390625,0.005859375,0.0,0.0,0.0
1736743800,1388192,0,1.001953125,0.005859375,-0.0078125,-0.001953125,0.0,0.0,0.0
1736745050,1388193,0,1.001953125,0.001953125,-0.013671875,-0.01171875,0.0,0.0,0.0
1736746301,1388194,0,1.005859375,-0.00390625,-0.009765625,-0.013671875,0.0,0.0,0.0
1736747552,1388195,0,1.005859375,-0.001953125,-0.01171875,-0.013671875,0.0,0.0,0.0
1736748803,1388196,0,1.001953125,-0.00390625,-0.0078125,-0.01171875,0.0,0.0,0.0
1736750053,1388197,0,1.00390625,-0.01171875,-0.009765625,-0.021484375,0.0,0.0,0.0
1736751305,1388198,0,1.009765625,-0.005859375,-0.005859375,-0.01171875,0.0,0.0,0.0
1736752557,1388199,0,1.0078125,-0.01171875,-0.00390625,-0.015625,0.0,0.0,0.0
1736753808,1388200,0,1.00390625,-0.0078125,-0.0078125,-0.015625,0.0,0.0,0.0
1736755059,1388201,0,0.998046875,-0.0078125,-0.0078125,-0.015625,0.0,0.0,0.0
1736756310,1388202,0,1.001953125,-0.01171875,-0.005859375,-0.017578125,0.0,0.0,0.0
1736757562,1388203,0,1.00390625,-0.01171875,-0.001953125,-0.013671875,0.0,0.0,0.0
1736758812,1388204,0,1.0078125,-0.021484375,-0.005859375,-0.02734375,0.0,0.0,0.0
1736760064,1388205,0,1.0078125,-0.013671875,0.00390625,-0.009765625,0.0,0.0,0.0
1736761314,1388206,0,1.005859375,-0.01953125,-0.00390625,-0.0234375,0.0,0.0,0.0
1736762565,1388207,0,1.005859375,-0.021484375,-0.00390625,-0.025390625,0.0,0.0,0.0
1736763816,1388208,0,1.005859375,-0.01953125,0.001953125,-0.017578125,0.0,0.0,0.0
1736765066,1388209,0,1.00390625,-0.017578125,0.0,-0.017578125,0.0,0.0,0.0
1736766317,1388210,0,1.009765625,-0.01953125,0.0,-0.01953125,0.0,0.0,8.155194575198976e-11
1736768819,1388212,0,0.998046875,-0.01953125,0.001953125,-0.017578125,0.0,0.0,0.0
1736770070,1388213,0,1.00390625,-0.021484375,0.005859375,-0.015625,0.0,0.0,0.0
1736771321,1388214,0,1.00390625,-0.017578125,0.001953125,-0.015625,0.0,0.0,0.0
1736772571,1388215,0,1.0078125,-0.017578125,0.001953125,-0.015625,0.0,0.0,0.0
1736773822,1388216,0,1.009765625,-0.021484375,0.00390625,-0.017578125,0.0,0.0,0.0
1736775074,1388217,0,1.00390625,-0.015625,0.001953125,-0.013671875,0.0,0.0,0.0
1736776324,1388218,0,1.005859375,-0.0234375,0.005859375,-0.017578125,0.0,0.0,0.0
1736777575,1388219,0,1.0078125,-0.017578125,0.005859375,-0.01171875,0.0,0.0,0.0
1736778827,1388220,0,0.99609375,-0.017578125,0.005859375,-0.01171875,0.0,0.0,0.0
1736780077,1388221,0,1.0078125,-0.017578125,0.00390625,-0.013671875,0.0,0.0,0.0
1736781328,1388222,0,1.0,-0.013671875,0.009765625,-0.00390625,0.0,0.0,0.0
1736782580,1388223,0,1.005859375,-0.013671875,0.001953125,-0.01171875,0.0,0.0,0.0
1736783832,1388224,0,1.005859375,-0.005859375,0.001953125,-0.00390625,0.0,0.0,0.0
1736785082,1388225,0,1.001953125,-0.009765625,-0.001953125,-0.01171875,0.0,0.0,0.0
1736786333,1388226,0,1.001953125,-0.0078125,0.00390625,-0.00390625,0.0,0.0,0.0
1736787585,1388227,0,0.99609375,-0.005859375,0.001953125,-0.00390625,0.0,0.0,0.0
1736788835,1388228,0,1.001953125,-0.0078125,0.00390625,-0.00390625,0.0,0.0,0.0
1736790086,1388229,0,1.0078125,-0.005859375,0.001953125,-0.00390625,0.0,0.0,0.0
1736791338,1388230,0,1.001953125,-0.005859375,0.00390625,-0.001953125,0.0,0.0,0.0
1736792589,1388231,0,1.00390625,-0.001953125,-0.00390625,-0.005859375,0.0,0.0,0.0
1736793840,1388232,0,1.00390625,0.0,-0.001953125,-0.001953125,0.0,0.0,0.0
1736795092,1388233,0,1.00390625,0.001953125,0.001953125,0.00390625,0.0,0.0,0.0
1736796343,1388234,0,1.0,0.0,-0.00390625,-0.00390625,0.0,0.0,0.0
1736797594,1388235,0,1.0,0.001953125,0.00390625,0.005859375,0.0,0.0,0.0
1736798845,1388236,0,1.001953125,0.00390625,-0.005859375,-0.001953125,0.0,0.0,0.0
1736800096,1388237,0,1.0,0.00390625,0.001953125,0.005859375,0.0,0.0,0.0
1736801346,1388238,0,1.0,0.001953125,-0.001953125,0.0,0.0,0.0,0.0
1736802598,1388239,0,1.0078125,0.0,-0.005859375,-0.005859375,0.0,0.0,0.0
1736803849,1388240,0,1.0078125,0.0,0.00390625,0.00390625,0.0,0.0,0.0
1736805099,1388241,0,1.001953125,-0.001953125,-0.001953125,-0.00390625,0.0,0.0,0.0
1736806350,1388242,0,1.0078125,-0.001953125,-0.009765625,-0.01171875,0.0,0.0,0.0
1736807601,1388243,0,1.015625,0.0,-0.00390625,-0.00390625,0.0,0.0,0.0
1736808852,1388244,0,1.0,0.0,0.0,0.0,0.0,0.0,0.0
1736810103,1388245,0,0.99609375,-0.001953125,-0.005859375,-0.0078125,0.0,0.0,0.0
1736811354,1388246,0,1.001953125,-0.001953125,0.0,-0.001953125,0.0,0.0,0.0
1736812605,1388247,0,1.00390625,-0.001953125,-0.021484375,-0.0234375,0.0,0.0,0.0
1736813855,1388248,0,0.998046875,-0.0078125,-0.013671875,-0.021484375,0.0,0.0,0.0
1736815107,1388249,0,1.001953125,-0.005859375,-0.0078125,-0.013671875,0.0,0.0,0.0
1736816357,1388250,0,1.005859375,-0.009765625,-0.013671875,-0.0234375,0.0,0.0,0.0
1736817607,1388251,0,1.001953125,-0.0078125,-0.00390625,-0.01171875,0.0,0.0,0.0
1736818859,1388252,0,1.0,-0.0078125,-0.009765625,-0.017578125,0.0,0.0,0.0
1736820109,1388253,0,1.001953125,-0.005859375,-0.0078125,-0.013671875,0.0,0.0,0.0
1736821361,1388254,0,1.0,-0.0078125,-0.013671875,-0.021484375,0.0,0.0,0.0
1736822611,1388255,0,1.005859375,-0.009765625,-0.01171875,-0.021484375,0.0,0.0,0.0
1736823861,1388256,0,1.00390625,-0.009765625,-0.0078125,-0.017578125,0.0,0.0,0.0
1736825113,1388257,0,1.00390625,-0.01171875,-0.00390625,-0.015625,0.0,0.0,0.0
1736826364,1388258,0,1.00390625,-0.009765625,-0.005859375,-0.015625,0.0,0.0,0.0
1736827616,1388259,0,0.99609375,-0.015625,-0.00390625,-0.01953125,0.0,0.0,0.0
1736828866,1388260,0,1.005859375,-0.015625,-0.00390625,-0.01953125,0.0,0.0,0.0
1736830118,1388261,0,1.00390625,-0.01171875,-0.001953125,-0.013671875,0.0,0.0,0.0
1736831368,1388262,0,1.01171875,-0.01171875,-0.00390625,-0.015625,0.0,0.0,0.0
1736832619,1388263,0,1.001953125,-0.017578125,-0.005859375,-0.0234375,0.0,0.0,0.0
1736833869,1388264,0,1.00390625,-0.013671875,-0.0078125,-0.021484375,0.0,0.0,0.0
1736835119,1388265,0,1.001953125,-0.01171875,-0.00390625,-0.015625,0.0,0.0,0.0
1736836371,1388266,0,1.005859375,-0.013671875,0.0,-0.013671875,0.0,0.0,0.0
1736837622,1388267,0,1.005859375,-0.01953125,0.005859375,-0.013671875,0.0,0.0,0.0
1736838874,1388268,0,0.994140625,-0.015625,0.00390625,-0.01171875,0.0,0.0,0.0
1736840124,1388269,0,1.005859375,-0.01171875,0.0,-0.01171875,0.0,0.0,0.0
1736841375,1388270,0,1.00390625,-0.017578125,-0.001953125,-0.01953125,0.0,0.0,0.0
1736842625,1388271,0,1.0078125,-0.013671875,0.0,-0.013671875,0.0,0.0,0.0
1736843877,1388272,0,1.00390625,-0.01171875,0.0078125,-0.00390625,0.0,0.0,0.0
1736845127,1388273,0,1.005859375,-0.013671875,0.001953125,-0.01171875,0.0,0.0,0.0
1736846377,1388274,0,1.009765625,-0.013671875,0.0,-0.013671875,0.0,0.0,0.0
1736847629,1388275,0,1.00390625,-0.015625,-0.005859375,-0.021484375,0.0,0.0,0.0
1736848879,1388276,0,1.001953125,-0.013671875,0.001953125,-0.01171875,0.0,0.0,0.0
1736850130,1388277,0,1.0078125,-0.013671875,0.0,-0.013671875,0.0,0.0,0.0
1736851381,1388278,0,1.005859375,-0.009765625,0.00390625,-0.005859375,0.0,0.0,0.0
1736852631,1388279,0,0.998046875,-0.009765625,0.0,-0.009765625,0.0,0.0,0.0
1736853882,1388280,0,1.00390625,-0.01171875,0.0078125,-0.00390625,0.0,0.0,0.0
1736855133,1388281,0,1.0078125,-0.009765625,0.005859375,-0.00390625,0.0,0.0,0.0
1736856384,1388282,0,1.0078125,-0.013671875,0.01171875,-0.001953125,0.0,0.0,0.0
1736857635,1388283,0,1.009765625,-0.0078125,0.00390625,-0.00390625,0.0,0.0,0.0
1736858885,1388284,0,1.001953125,-0.009765625,0.00390625,-0.005859375,0.0,0.0,0.0
1736860136,1388285,0,1.001953125,-0.005859375,0.001953125,-0.00390625,0.0,0.0,0.0
1736861387,1388286,0,0.994140625,-0.0078125,0.00390625,-0.00390625,0.0,0.0,0.0
1736862638,1388287,0,1.01171875,-0.005859375,0.001953125,-0.00390625,0.0,0.0,0.0
1736863889,1388288,0,0.99609375,-0.005859375,0.00390625,-0.001953125,0.0,0.0,0.0
1736865140,1388289,0,1.021484375,0.00390625,-0.005859375,-0.001953125,0.0,0.0,0.0
1736866392,1388290,0,1.001953125,0.001953125,0.00390625,0.005859375,0.0,0.0,0.0
1736867642,1388291,0,1.00390625,-0.001953125,0.001953125,0.0,0.0,0.0,0.0
1736868894,1388292,0,1.00390625,0.0,0.001953125,0.001953125,0.0,0.0,0.0
1736870145,1388293,0,1.001953125,-0.00390625,0.0,-0.00390625,0.0,0.0,0.0
1736871395,1388294,0,1.0078125,-0.001953125,-0.00390625,-0.005859375,0.0,0.0,0.0
1736872646,1388295,0,1.005859375,0.0,-0.005859375,-0.005859375,0.0,0.0,0.0
1736873898,1388296,0,1.0078125,0.001953125,0.0,0.001953125,0.0,0.0,0.0
1736875149,1388297,0,1.0078125,-0.005859375,-0.001953125,-0.0078125,0.0,0.0,0.0
1736876400,1388298,0,1.0078125,0.0,-0.001953125,-0.001953125,0.0,0.0,0.0
1736877651,1388299,0,1.00390625,0.0,-0.001953125,-0.001953125,0.0,0.0,0.0
1736878902,1388300,0,1.001953125,0.0,-0.0078125,-0.0078125,0.0,0.0,0.0
1736880154,1388301,0,1.005859375,-0.001953125,-0.001953125,-0.00390625,0.0,0.0,0.0
1736881405,1388302,0,1.005859375,-0.005859375,-0.009765625,-0.015625,0.0,0.0,0.0
1736882657,1388303,0,1.00390625,-0.005859375,-0.001953125,-0.0078125,0.0,0.0,0.0
1736883907,1388304,0,1.001953125,0.001953125,-0.001953125,0.0,0.0,0.0,0.0
1736885158,1388305,0,1.001953125,0.0,-0.005859375,-0.005859375,0.0,0.0,0.0
1736886409,1388306,0,1.009765625,-0.005859375,0.0,-0.005859375,0.0,0.0,0.0
1736887660,1388307,0,0.998046875,-0.00390625,-0.013671875,-0.017578125,0.0,0.0,0.0
1736888911,1388308,0,1.00390625,-0.01171875,0.001953125,-0.009765625,0.0,0.0,0.0
1736890161,1388309,0,1.0078125,-0.005859375,-0.00390625,-0.009765625,0.0,0.0,0.0
1736891412,1388310,0,1.0,-0.00390625,-0.009765625,-0.013671875,0.0,0.0,0.0
1736892664,1388311,0,1.0,-0.013671875,-0.009765625,-0.0234375,0.0,0.0,0.0
1736893915,1388312,0,1.00390625,-0.009765625,-0.0078125,-0.017578125,0.0,0.0,0.0
1736895166,1388313,0,0.998046875,-0.013671875,-0.00390625,-0.017578125,0.0,0.0,0.0
1736896417,1388314,0,1.009765625,-0.013671875,-0.005859375,-0.01953125,0.0,0.0,0.0
1736897668,1388315,0,1.001953125,-0.009765625,-0.005859375,-0.015625,0.0,0.0,0.0
1736898920,1388316,0,1.00390625,-0.017578125,-0.005859375,-0.0234375,0.0,0.0,0.0
1736900172,1388317,0,1.0078125,-0.009765625,-0.001953125,-0.01171875,0.0,0.0,0.0
1736901422,1388318,0,1.00390625,-0.013671875,-0.005859375,-0.01953125,0.0,0.0,0.0
1736902673,1388319,0,1.001953125,-0.017578125,-0.001953125,-0.01953125,0.0,0.0,0.0
1736903924,1388320,0,1.00390625,-0.015625,-0.00390625,-0.01953125,0.0,0.0,0.0
1736905174,1388321,0,1.0,-0.017578125,-0.001953125,-0.01953125,0.0,0.0,0.0
1736906425,1388322,0,1.001953125,-0.013671875,0.0,-0.013671875,0.0,0.0,0.0
1736907676,1388323,0,0.99609375,-0.0078125,0.0,-0.0078125,0.0,0.0,0.0
1736908927,1388324,0,1.0078125,-0.013671875,0.0,-0.013671875,0.0,0.0,0.0
1736910177,1388325,0,1.005859375,-0.01171875,-0.00390625,-0.015625,0.0,0.0,0.0
1736911427,1388326,0,1.0078125,-0.01171875,-0.00390625,-0.015625,0.0,0.0,0.0
1736912679,1388327,0,1.001953125,-0.009765625,0.001953125,-0.0078125,0.0,0.0,0.0
1736913929,1388328,0,1.0078125,-0.01171875,0.001953125,-0.009765625,0.0,0.0,0.0
1736915179,1388329,0,1.005859375,-0.017578125,0.001953125,-0.015625,0.0,0.0,0.0
1736916431,1388330,0,1.005859375,-0.009765625,0.00390625,-0.005859375,0.0,0.0,0.0
1736917681,1388331,0,1.01171875,-0.013671875,0.001953125,-0.01171875,0.0,0.0,0.0
1736918932,1388332,0,1.0,-0.0078125,0.001953125,-0.005859375,0.0,0.0,0.0
1736920182,1388333,0,0.998046875,-0.01171875,0.001953125,-0.009765625,0.0,0.0,0.0
1736921432,1388334,0,1.005859375,-0.005859375,-0.005859375,-0.01171875,0.0,0.0,0.0
1736922684,1388335,0,1.0,-0.005859375,0.00390625,-0.001953125,0.0,0.0,0.0
1736923934,1388336,0,0.998046875,-0.00390625,0.0,-0.00390625,0.0,0.0,0.0
1736925184,1388337,0,1.005859375,-0.001953125,0.005859375,0.00390625,0.0,0.0,0.0
1736926436,1388338,0,1.0078125,-0.001953125,-0.001953125,-0.00390625,0.0,0.0,0.0
1736927686,1388339,0,1.0,-0.005859375,0.0,-0.005859375,0.0,0.0,0.0
1736928937,1388340,0,1.0,0.0,-0.00390625,-0.00390625,0.0,0.0,0.0
1736930188,1388341,0,1.0078125,-0.001953125,-0.005859375,-0.0078125,0.0,0.0,0.0
1736931439,1388342,0,1.0,-0.001953125,0.0,-0.001953125,0.0,0.0,0.0
1736932691,1388343,0,1.0078125,-0.005859375,0.0,-0.005859375,0.0,0.0,0.0
1736933942,1388344,0,1.00390625,-0.001953125,0.001953125,0.0,0.0,0.0,0.0
1736935192,1388345,0,1.0078125,0.0,-0.00390625,-0.00390625,0.0,0.0,0.0
1736936443,1388346,0,1.0,0.001953125,0.0,0.001953125,0.0,0.0,0.0
1736937695,1388347,0,1.009765625,-0.0078125,0.001953125,-0.005859375,0.0,0.0,0.0
1736938945,1388348,0,1.01171875,0.005859375,-0.00390625,0.001953125,0.0,0.0,0.0
1736940197,1388349,0,1.013671875,-0.00390625,-0.001953125,-0.005859375,0.0,0.0,0.0
1736941448,1388350,0,0.998046875,-0.00390625,0.001953125,-0.001953125,0.0,0.0,0.0
1736942698,1388351,0,1.0,-0.00390625,0.00390625,0.0,0.0,0.0,0.0
1736943949,1388352,0,0.99609375,0.001953125,-0.005859375,-0.00390625,0.0,0.0,0.0
1736945199,1388353,0,1.00390625,-0.005859375,-0.005859375,-0.01171875,0.0,0.0,0.0
1736946449,1388354,0,1.0078125,-0.001953125,-0.001953125,-0.00390625,0.0,0.0,0.0
1736947701,1388355,0,0.994140625,-0.00390625,-0.005859375,-0.009765625,0.0,0.0,0.0
1736948951,1388356,0,1.005859375,-0.0078125,-0.00390625,-0.01171875,0.0,0.0,0.0
1736950202,1388357,0,1.005859375,-0.00390625,-0.0078125,-0.01171875,0.0,0.0,0.0
1736951453,1388358,0,1.0078125,-0.001953125,-0.0078125,-0.009765625,0.0,0.0,0.0
1736952704,1388359,0,1.0078125,-0.009765625,-0.005859375,-0.015625,0.0,0.0,0.0
1736953954,1388360,0,1.005859375,-0.009765625,-0.005859375,-0.015625,0.0,0.0,0.0
1736955205,1388361,0,1.005859375,-0.009765625,-0.005859375,-0.015625,0.0,0.0,0.0
1736956457,1388362,0,1.005859375,-0.0078125,-0.009765625,-0.017578125,0.0,0.0,0.0
1736957707,1388363,0,1.0078125,-0.01171875,-0.005859375,-0.017578125,0.0,0.0,0.0
1736958959,1388364,0,1.0,-0.009765625,-0.009765625,-0.01953125,0.0,0.0,0.0
1736960209,1388365,0,1.005859375,-0.0078125,-0.0078125,-0.015625,0.0,0.0,0.0
1736961460,1388366,0,0.998046875,-0.009765625,-0.001953125,-0.01171875,0.0,0.0,0.0
1736962711,1388367,0,1.00390625,-0.013671875,-0.005859375,-0.01953125,0.0,0.0,0.0
1736963961,1388368,0,1.005859375,-0.009765625,0.001953125,-0.0078125,0.0,0.0,0.0
1736965211,1388369,0,1.00390625,-0.013671875,-0.001953125,-0.015625,0.0,0.0,0.0
1736966461,1388370,0,1.005859375,-0.017578125,0.005859375,-0.01171875,0.0,0.0,0.0
1736967712,1388371,0,1.01171875,-0.0078125,0.0,-0.0078125,0.0,0.0,0.0
1736968962,1388372,0,0.99609375,-0.015625,-0.009765625,-0.025390625,0.0,0.0,0.0
1736970212,1388373,0,1.0,-0.009765625,-0.001953125,-0.01171875,0.0,0.0,0.0
1736971463,1388374,0,1.00390625,-0.013671875,-0.001953125,-0.015625,0.0,0.0,0.0
1736972713,1388375,0,1.005859375,-0.009765625,0.0,-0.009765625,0.0,0.0,0.0
1736973965,1388376,0,1.0,-0.017578125,-0.001953125,-0.01953125,0.0,0.0,0.0
1736975216,1388377,0,1.0,-0.013671875,-0.001953125,-0.015625,0.0,0.0,0.0
1736976468,1388378,0,1.005859375,-0.015625,0.0,-0.015625,0.0,0.0,0.0
1736977718,1388379,0,0.998046875,-0.01171875,-0.005859375,-0.017578125,0.0,0.0,0.0
1736978970,1388380,0,1.005859375,-0.01171875,0.00390625,-0.0078125,0.0,0.0,0.0
1736980221,1388381,0,1.0078125,-0.013671875,-0.005859375,-0.01953125,0.0,0.0,0.0
1736981471,1388382,0,1.001953125,-0.009765625,-0.001953125,-0.01171875,0.0,0.0,0.0
1736982722,1388383,0,1.0,-0.013671875,-0.001953125,-0.015625,0.0,0.0,0.0
1736983973,1388384,0,1.009765625,-0.009765625,0.0,-0.009765625,0.0,0.0,0.0
1736985225,1388385,0,1.0,-0.009765625,0.001953125,-0.0078125,0.0,0.0,0.0
1736986477,1388386,0,1.0078125,-0.009765625,0.0,-0.009765625,0.0,0.0,0.0
1736987728,1388387,0,1.00390625,-0.01171875,0.00390625,-0.0078125,0.0,0.0,0.0
1736988978,1388388,0,0.998046875,-0.00390625,0.0078125,0.00390625,0.0,0.0,0.0
1736990229,1388389,0,1.0078125,-0.005859375,0.00390625,-0.001953125,0.0,0.0,0.0
1736991481,1388390,0,0.99609375,-0.001953125,0.0,-0.001953125,0.0,0.0,0.0
1736992731,1388391,0,1.005859375,-0.005859375,-0.005859375,-0.01171875,0.0,0.0,0.0
1736993982,1388392,0,1.005859375,-0.005859375,-0.0078125,-0.013671875,0.0,0.0,0.0
1736995233,1388393,0,1.0,-0.0078125,0.0,-0.0078125,0.0,0.0,0.0
1736996483,1388394,0,1.01171875,-0.0078125,-0.001953125,-0.009765625,0.0,0.0,0.0
1736997734,1388395,0,1.0078125,-0.00390625,-0.005859375,-0.009765625,0.0,0.0,0.0
1736998984,1388396,0,1.001953125,-0.00390625,0.001953125,-0.001953125,0.0,0.0,0.0
1737000235,1388397,0,0.998046875,-0.001953125,-0.001953125,-0.00390625,0.0,0.0,0.0
1737001486,1388398,0,1.0,-0.005859375,0.00390625,-0.001953125,0.0,0.0,0.0
1737002736,1388399,0,1.0,-0.00390625,-0.001953125,-0.005859375,0.0,0.0,0.0
1737003987,1388400,0,1.00390625,-0.00390625,0.0,-0.00390625,0.0,0.0,0.0
1737005238,1388401,0,1.001953125,-0.00390625,-0.0078125,-0.01171875,0.0,0.0,0.0
1737006489,1388402,0,1.00390625,0.0,0.001953125,0.001953125,0.0,0.0,0.0
1737007739,1388403,0,1.001953125,0.0,-0.005859375,-0.005859375,0.0,0.0,0.0
1737008990,1388404,0,1.00390625,0.0,-0.00390625,-0.00390625,0.0,0.0,0.0
1737010241,1388405,0,1.0078125,0.0,-0.005859375,-0.005859375,0.0,0.0,0.0
1737011492,1388406,0,0.998046875,-0.00390625,-0.001953125,-0.005859375,0.0,0.0,0.0
1737012742,1388407,0,1.0,0.0,0.0,0.0,0.0,0.0,0.0
1737013993,1388408,0,1.005859375,-0.005859375,-0.01171875,-0.017578125,0.0,0.0,0.0
1737015244,1388409,0,0.998046875,-0.00390625,0.0,-0.00390625,0.0,0.0,0.0
1737016494,1388410,0,1.009765625,-0.00390625,0.001953125,-0.001953125,0.0,0.0,0.0
1737017746,1388411,0,1.005859375,-0.01171875,-0.00390625,-0.015625,0.0,0.0,0.0
1737018997,1388412,0,1.00390625,-0.0078125,-0.001953125,-0.009765625,0.0,0.0,0.0
1737020248,1388413,0,0.99609375,-0.001953125,-0.001953125,-0.00390625,0.0,0.0,0.0
1737021499,1388414,0,1.0,-0.0078125,0.0,-0.0078125,0.0,0.0,0.0
1737022750,1388415,0,1.0,-0.009765625,-0.015625,-0.025390625,0.0,0.0,0.0
1737024001,1388416,0,1.00390625,-0.013671875,-0.013671875,-0.02734375,0.0,0.0,0.0
1737025252,1388417,0,1.001953125,-0.013671875,-0.01171875,-0.025390625,0.0,0.0,0.0
1737026502,1388418,0,1.0078125,-0.01171875,-0.005859375,-0.017578125,0.0,0.0,0.0
1737027753,1388419,0,1.0,-0.01171875,-0.00390625,-0.015625,0.0,0.0,0.0
1737029004,1388420,0,0.998046875,-0.009765625,-0.015625,-0.025390625,0.0,0.0,0.0
1737030255,1388421,0,1.00390625,-0.013671875,-0.005859375,-0.01953125,0.0,0.0,0.0
1737031505,1388422,0,1.0078125,-0.013671875,-0.00390625,-0.017578125,0.0,0.0,0.0
1737032756,1388423,0,1.009765625,-0.01171875,-0.005859375,-0.017578125,0.0,0.0,0.0
1737034008,1388424,0,1.013671875,-0.009765625,-0.005859375,-0.015625,0.0,0.0,0.0
1737035258,1388425,0,1.00390625,-0.009765625,-0.005859375,-0.015625,0.0,0.0,0.0
1737036509,1388426,0,1.0078125,-0.01953125,-0.005859375,-0.025390625,0.0,0.0,0.0
1737037759,1388427,0,1.0078125,-0.01171875,-0.0078125,-0.01953125,0.0,0.0,0.0
1737039010,1388428,0,1.00390625,-0.013671875,-0.001953125,-0.015625,0.0,0.0,0.0
1737040261,1388429,0,1.0078125,-0.01171875,0.0,-0.01171875,0.0,0.0,0.0
1737041513,1388430,0,1.0078125,-0.0078125,0.001953125,-0.005859375,0.0,0.0,0.0
1737042764,1388431,0,1.009765625,-0.009765625,-0.001953125,-0.01171875,0.0,0.0,0.0
1737044015,1388432,0,1.001953125,-0.015625,0.0,-0.015625,0.0,0.0,0.0
1737045270,1388433,0,0.998046875,-0.015625,-0.001953125,-0.017578125,0.0,0.0,0.0
1737046521,1388434,0,1.00390625,-0.01171875,0.0,-0.01171875,0.0,0.0,0.0
1737047772,1388435,0,1.00390625,-0.01171875,-0.005859375,-0.017578125,0.0,0.0,0.0
1737049024,1388436,0,1.009765625,-0.01171875,-0.00390625,-0.015625,0.0,0.0,0.0
1737050275,1388437,0,1.015625,-0.013671875,0.00390625,-0.009765625,0.0,0.0,0.0
1737051527,1388438,0,1.00390625,-0.01953125,0.001953125,-0.017578125,0.0,0.0,0.0
1737052778,1388439,0,1.0078125,-0.009765625,-0.009765625,-0.01953125,0.0,0.0,0.0
1737054028,1388440,0,1.0078125,-0.013671875,0.001953125,-0.01171875,0.0,0.0,0.0
1737055279,1388441,0,1.00390625,-0.009765625,0.005859375,-0.00390625,0.0,0.0,0.0
1737056530,1388442,0,1.001953125,-0.009765625,0.00390625,-0.005859375,0.0,0.0,0.0
1737057782,1388443,0,1.005859375,-0.01171875,0.00390625,-0.0078125,0.0,0.0,0.0
1737059032,1388444,0,1.00390625,-0.0078125,-0.001953125,-0.009765625,0.0,0.0,0.0
1737060282,1388445,0,1.00390625,-0.005859375,-0.001953125,-0.0078125,0.0,0.0,0.0
1737061532,1388446,0,1.0,-0.00390625,-0.001953125,-0.005859375,0.0,0.0,0.0
1737062783,1388447,0,1.00390625,-0.005859375,0.0,-0.005859375,0.0,0.0,0.0
1737064034,1388448,0,1.005859375,-0.0078125,0.001953125,-0.005859375,0.0,0.0,0.0
1737065285,1388449,0,1.0078125,-0.00390625,-0.00390625,-0.0078125,0.0,0.0,0.0
1737066537,1388450,0,1.005859375,-0.00390625,0.0,-0.00390625,0.0,0.0,0.0
1737067789,1388451,0,1.0078125,-0.001953125,-0.005859375,-0.0078125,0.0,0.0,0.0
1737069039,1388452,0,1.0,-0.001953125,0.001953125,0.0,0.0,0.0,0.0
1737070290,1388453,0,1.0078125,-0.001953125,-0.00390625,-0.005859375,0.0,0.0,0.0
1737071541,1388454,0,0.998046875,-0.00390625,0.0078125,0.00390625,0.0,0.0,0.0
1737072792,1388455,0,0.99609375,-0.001953125,-0.00390625,-0.005859375,0.0,0.0,0.0
1737074042,1388456,0,0.998046875,0.001953125,-0.001953125,0.0,0.0,0.0,0.0
1737075294,1388457,0,1.01953125,0.0,-0.001953125,-0.001953125,0.0,0.0,0.0
1737076545,1388458,0,1.015625,-0.0078125,-0.00390625,-0.01171875,0.0,0.0,0.0
1737077795,1388459,0,1.005859375,0.001953125,-0.001953125,0.0,0.0,0.0,0.0
1737079047,1388460,0,1.005859375,-0.001953125,-0.005859375,-0.0078125,0.0,0.0,0.0
1737080298,1388461,0,1.01171875,-0.00390625,-0.00390625,-0.0078125,0.0,0.0,0.0
1737081549,1388462,0,1.009765625,-0.00390625,-0.005859375,-0.009765625,0.0,0.0,0.0
1737082800,1388463,0,1.00390625,-0.001953125,-0.005859375,-0.0078125,0.0,0.0,0.0
1737084050,1388464,0,1.005859375,-0.00390625,-0.00390625,-0.0078125,0.0,0.0,0.0
1737085301,1388465,0,1.0078125,-0.009765625,-0.00390625,-0.013671875,0.0,0.0,0.0
1737086552,1388466,0,1.0078125,-0.00390625,-0.005859375,-0.009765625,0.0,0.0,0.0
1737087803,1388467,0,1.00390625,-0.00390625,-0.00390625,-0.0078125,0.0,0.0,0.0
1737089053,1388468,0,1.0,-0.0078125,0.0,-0.0078125,0.0,0.0,0.0
1737090305,1388469,0,1.001953125,-0.009765625,0.0,-0.009765625,0.0,0.0,0.0
1737091557,1388470,0,1.0078125,-0.009765625,-0.009765625,-0.01953125,0.0,0.0,0.0
1737092808,1388471,0,1.001953125,-0.0078125,-0.001953125,-0.009765625,0.0,0.0,0.0
1737094059,1388472,0,1.0078125,-0.005859375,-0.001953125,-0.0078125,0.0,0.0,0.0
1737095310,1388473,0,1.0,-0.01171875,-0.0078125,-0.01953125,0.0,0.0,0.0
1737096562,1388474,0,1.0,-0.0078125,-0.005859375,-0.013671875,0.0,0.0,0.0
1737097812,1388475,0,1.009765625,-0.0078125,-0.005859375,-0.013671875,0.0,0.0,0.0
1737099064,1388476,0,1.00390625,-0.009765625,0.001953125,-0.0078125,0.0,0.0,0.0
1737100314,1388477,0,0.99609375,-0.013671875,0.0,-0.013671875,0.0,0.0,0.0
1737101565,1388478,0,1.00390625,-0.013671875,-0.0078125,-0.021484375,0.0,0.0,0.0
1737102816,1388479,0,1.005859375,-0.021484375,-0.001953125,-0.0234375,0.0,0.0,0.0
1737104066,1388480,0,1.0,-0.015625,-0.001953125,-0.017578125,0.0,0.0,0.0
1737105317,1388481,0,1.0078125,-0.009765625,-0.0078125,-0.017578125,0.0,0.0,0.0
1737106569,1388482,0,0.998046875,-0.0078125,-0.001953125,-0.009765625,0.0,0.0,0.0
1737107819,1388483,0,0.998046875,-0.017578125,-0.00390625,-0.021484375,0.0,0.0,0.0
1737109070,1388484,0,1.001953125,-0.009765625,0.001953125,-0.0078125,0.0,0.0,0.0
1737110321,1388485,0,1.00390625,-0.005859375,0.0,-0.005859375,0.0,0.0,0.0
1737111571,1388486,0,1.009765625,-0.015625,0.0,-0.015625,0.0,0.0,0.0
1737112822,1388487,0,1.00390625,-0.0234375,0.005859375,-0.017578125,0.0,0.0,0.0
1737114074,1388488,0,1.001953125,-0.0234375,0.001953125,-0.021484375,0.0,0.0,0.0
1737115324,1388489,0,1.0,-0.021484375,0.00390625,-0.017578125,0.0,0.0,0.0
1737116575,1388490,0,1.001953125,-0.0234375,0.0078125,-0.015625,0.0,0.0,0.0
1737117827,1388491,0,1.005859375,-0.015625,0.0,-0.015625,0.0,0.0,0.0
1737119077,1388492,0,1.0,-0.009765625,-0.005859375,-0.015625,0.0,0.0,0.0
1737120328,1388493,0,1.0,-0.0078125,-0.005859375,-0.013671875,0.0,0.0,0.0
1737121580,1388494,0,1.0078125,-0.001953125,-0.001953125,-0.00390625,0.0,0.0,0.0
1737122832,1388495,0,1.00390625,0.0,-0.01171875,-0.01171875,0.0,0.0,0.0
1737124082,1388496,0,1.005859375,-0.001953125,-0.013671875,-0.015625,0.0,0.0,0.0
1737125333,1388497,0,1.005859375,0.00390625,-0.005859375,-0.001953125,0.0,0.0,0.0
1737126585,1388498,0,1.009765625,0.013671875,-0.017578125,-0.00390625,0.0,0.0,0.0
1737127835,1388499,0,0.994140625,0.01953125,-0.017578125,0.001953125,0.0,0.0,0.0
1737129086,1388500,0,0.99609375,0.029296875,-0.017578125,0.01171875,0.0,0.0,0.0
1737130338,1388501,0,0.99609375,0.0234375,-0.017578125,0.005859375,0.0,0.0,0.0
1737131589,1388502,0,1.00390625,0.015625,-0.01953125,-0.00390625,0.0,0.0,0.0
1737132840,1388503,0,1.013671875,0.013671875,-0.01171875,0.001953125,0.0,0.0,0.0
1737134092,1388504,0,1.00390625,0.01171875,-0.013671875,-0.001953125,0.0,0.0,0.0
1737135343,1388505,0,1.005859375,0.017578125,-0.01171875,0.005859375,0.0,0.0,0.0
1737136594,1388506,0,0.998046875,0.0078125,-0.005859375,0.001953125,0.0,0.0,0.0
1737137845,1388507,0,1.005859375,0.00390625,-0.005859375,-0.001953125,0.0,0.0,0.0
1737139096,1388508,0,1.0,0.001953125,-0.001953125,0.0,0.0,0.0,0.0
1737140346,1388509,0,1.001953125,-0.00390625,0.0,-0.00390625,0.0,0.0,0.0
1737141598,1388510,0,0.998046875,-0.0078125,0.00390625,-0.00390625,0.0,0.0,0.0
1737142849,1388511,0,1.0078125,-0.013671875,0.0,-0.013671875,0.0,0.0,0.0
1737144099,1388512,0,1.00390625,-0.013671875,0.005859375,-0.0078125,0.0,0.0,0.0
1737145350,1388513,0,1.0078125,-0.017578125,0.0078125,-0.009765625,0.0,0.0,0.0
1737146601,1388514,0,1.0078125,-0.015625,0.00390625,-0.01171875,0.0,0.0,0.0
1737147852,1388515,0,1.009765625,-0.021484375,0.0,-0.021484375,0.0,0.0,0.0
1737149103,1388516,0,1.005859375,-0.017578125,0.009765625,-0.0078125,0.0,0.0,0.0
1737150354,1388517,0,1.0,-0.025390625,0.00390625,-0.021484375,0.0,0.0,0.0
1737151605,1388518,0,1.001953125,-0.029296875,-0.001953125,-0.03125,0.0,0.0,0.0
1737152855,1388519,0,1.015625,-0.017578125,-0.05859375,-0.076171875,0.0,0.0,0.0
1737154107,1388520,0,1.0,-0.0234375,0.00390625,-0.01953125,0.0,0.0,0.0
1737155357,1388521,0,1.005859375,-0.0234375,0.005859375,-0.017578125,0.0,0.0,0.0
1737156607,1388522,0,0.998046875,-0.01953125,0.0,-0.01953125,0.0,0.0,0.0
1737157859,1388523,0,1.0078125,-0.015625,0.001953125,-0.013671875,0.0,0.0,0.0
1737159109,1388524,0,1.001953125,-0.01953125,0.005859375,-0.013671875,0.0,0.0,0.0
1737160361,1388525,0,1.0,-0.015625,-0.00390625,-0.01953125,0.0,0.0,0.0
1737161611,1388526,0,1.00390625,-0.013671875,-0.00390625,-0.017578125,0.0,0.0,0.0
1737162861,1388527,0,1.0078125,-0.01171875,0.00390625,-0.0078125,0.0,0.0,0.0
1737164113,1388528,0,1.001953125,-0.01171875,0.0,-0.01171875,0.0,0.0,0.0
1737165364,1388529,0,1.005859375,-0.0078125,-0.00390625,-0.01171875,0.0,0.0,0.0
1737166616,1388530,0,1.001953125,-0.005859375,-0.001953125,-0.0078125,0.0,0.0,0.0
1737167866,1388531,0,1.0078125,-0.005859375,-0.009765625,-0.015625,0.0,0.0,0.0
1737169118,1388532,0,1.00390625,-0.0078125,-0.005859375,-0.013671875,0.0,0.0,0.0
1737170368,1388533,0,1.001953125,-0.00390625,-0.009765625,-0.013671875,0.0,0.0,0.0
1737171619,1388534,0,1.0,-0.0078125,-0.005859375,-0.013671875,0.0,0.0,0.0
1737172869,1388535,0,1.005859375,-0.005859375,-0.0078125,-0.013671875,0.0,0.0,0.0
1737174119,1388536,0,1.005859375,-0.009765625,-0.005859375,-0.015625,0.0,0.0,0.0
1737175371,1388537,0,1.005859375,-0.009765625,-0.001953125,-0.01171875,0.0,0.0,0.0
1737176622,1388538,0,0.998046875,-0.005859375,-0.013671875,-0.01953125,0.0,0.0,0.0
1737177874,1388539,0,1.0078125,-0.013671875,-0.0078125,-0.021484375,0.0,0.0,0.0
1737179124,1388540,0,1.00390625,-0.005859375,-0.00390625,-0.009765625,0.0,0.0,0.0
1737180375,1388541,0,1.009765625,-0.0078125,0.0,-0.0078125,0.0,0.0,0.0
1737181625,1388542,0,1.01171875,-0.0078125,0.005859375,-0.001953125,0.0,0.0,0.0
1737182877,1388543,0,1.013671875,-0.015625,0.001953125,-0.013671875,0.0,0.0,0.0
1737184127,1388544,0,1.0,-0.009765625,-0.001953125,-0.01171875,0.0,0.0,0.0
1737185377,1388545,0,1.009765625,-0.013671875,0.0,-0.013671875,0.0,0.0,0.0
1737186629,1388546,0,1.005859375,-0.015625,-0.001953125,-0.017578125,0.0,0.0,0.0
1737187879,1388547,0,1.001953125,-0.009765625,-0.00390625,-0.013671875,0.0,0.0,0.0
1737189130,1388548,0,1.005859375,-0.009765625,0.0,-0.009765625,0.0,0.0,0.0
1737190381,1388549,0,1.001953125,-0.01171875,-0.001953125,-0.013671875,0.0,0.0,0.0
1737191631,1388550,0,1.001953125,-0.005859375,0.001953125,-0.00390625,0.0,0.0,0.0
1737192882,1388551,0,1.00390625,-0.009765625,0.0,-0.009765625,0.0,0.0,0.0
1737194133,1388552,0,1.005859375,-0.0078125,0.001953125,-0.005859375,0.0,0.0,0.0
1737195384,1388553,0,1.0078125,-0.01171875,-0.00390625,-0.015625,0.0,0.0,0.0
1737196635,1388554,0,1.00390625,-0.005859375,0.0,-0.005859375,0.0,0.0,0.0
1737197885,1388555,0,1.005859375,-0.0078125,0.00390625,-0.00390625,0.0,0.0,0.0
1737199136,1388556,0,1.0078125,-0.009765625,-0.001953125,-0.01171875,0.0,0.0,0.0
1737200387,1388557,0,1.0078125,-0.0078125,0.00390625,-0.00390625,0.0,0.0,0.0
1737201638,1388558,0,1.005859375,-0.00390625,0.0078125,0.00390625,0.0,0.0,0.0
1737202889,1388559,0,1.00390625,-0.0078125,0.00390625,-0.00390625,0.0,0.0,0.0
1737204140,1388560,0,1.001953125,-0.0078125,0.005859375,-0.001953125,0.0,0.0,0.0
1737205392,1388561,0,0.99609375,-0.009765625,0.00390625,-0.005859375,0.0,0.0,0.0
1737206642,1388562,0,1.0,-0.009765625,-0.009765625,-0.01953125,0.0,0.0,0.0
1737207894,1388563,0,0.998046875,-0.009765625,-0.001953125,-0.01171875,0.0,0.0,0.0
1737209145,1388564,0,1.0078125,-0.005859375,-0.005859375,-0.01171875,0.0,0.0,0.0
1737210395,1388565,0,1.0,-0.013671875,-0.00390625,-0.017578125,0.0,0.0,0.0
1737211646,1388566,0,0.998046875,-0.013671875,0.013671875,0.0,0.0,0.0,0.0
1737212898,1388567,0,1.005859375,-0.009765625,0.00390625,-0.005859375,0.0,0.0,0.0
1737214149,1388568,0,0.994140625,-0.0078125,-0.0078125,-0.015625,0.0,0.0,0.0
1737215400,1388569,0,1.001953125,-0.01171875,-0.005859375,-0.017578125,0.0,0.0,0.0
1737216651,1388570,0,1.005859375,-0.013671875,0.0,-0.013671875,0.0,0.0,0.0
1737217902,1388571,0,1.001953125,-0.009765625,-0.00390625,-0.013671875,0.0,0.0,0.0
1737219154,1388572,0,1.005859375,-0.009765625,-0.001953125,-0.01171875,0.0,0.0,0.0
