t_us,frame_id,sensor_id,accX,accY,accZ,acc_sum_YZ,magX,magY,magZ
1830479140,1463125,0,1.00390625,-0.001953125,0.00390625,0.001953125,0.0,0.0,0.0
1830480391,1463126,0,1.001953125,-0.001953125,-0.001953125,-0.00390625,0.0,0.0,0.0
1830481642,1463127,0,1.00390625,-0.005859375,-0.001953125,-0.0078125,0.0,0.0,0.0
1830482894,1463128,0,1.00390625,-0.005859375,0.0078125,0.001953125,0.0,0.0,0.0
1830484145,1463129,0,1.00390625,-0.001953125,0.0078125,0.005859375,0.0,0.0,0.0
1830485395,1463130,0,1.0078125,0.001953125,-0.001953125,0.0,0.0,0.0,0.0
1830486646,1463131,0,1.001953125,0.0,-0.001953125,-0.001953125,0.0,0.0,0.0
1830487898,1463132,0,1.00390625,-0.005859375,0.00390625,-0.001953125,0.0,0.0,0.0
1830489149,1463133,0,1.00390625,0.0,0.00390625,0.00390625,0.0,0.0,0.0
1830490400,1463134,0,1.005859375,-0.005859375,-0.001953125,-0.0078125,0.0,0.0,0.0
1830491651,1463135,0,1.005859375,-0.009765625,-0.005859375,-0.015625,0.0,0.0,0.0
1830492902,1463136,0,1.013671875,0.001953125,0.005859375,0.0078125,0.0,0.0,0.0
1830494154,1463137,0,1.001953125,-0.00390625,0.005859375,0.001953125,0.0,0.0,0.0
1830495405,1463138,0,1.0,0.001953125,0.00390625,0.005859375,0.0,0.0,0.0
1830496657,1463139,0,1.001953125,-0.005859375,0.00390625,-0.001953125,0.0,0.0,0.0
1830497907,1463140,0,1.00390625,0.0,0.00390625,0.00390625,0.0,0.0,0.0
1830499158,1463141,0,1.001953125,-0.001953125,0.0,-0.001953125,0.0,0.0,0.0
1830500409,1463142,0,1.00390625,-0.001953125,0.005859375,0.00390625,0.0,0.0,0.0
1830501660,1463143,0,1.005859375,-0.00390625,0.005859375,0.001953125,0.0,0.0,0.0
1830502911,1463144,0,1.001953125,-0.001953125,0.0,-0.001953125,0.0,0.0,0.0
1830504161,1463145,0,1.0,-0.00390625,0.005859375,0.001953125,0.0,0.0,0.0
1830505412,1463146,0,1.00390625,-0.001953125,0.0,-0.001953125,0.0,0.0,0.0
1830506664,1463147,0,0.99609375,-0.001953125,0.001953125,0.0,0.0,0.0,0.0
1830507915,1463148,0,1.001953125,-0.00390625,0.0078125,0.00390625,0.0,0.0,0.0
1830509166,1463149,0,1.001953125,0.00390625,0.0,0.00390625,0.0,0.0,0.0
1830510417,1463150,0,1.0078125,0.001953125,0.001953125,0.00390625,0.0,0.0,0.0
1830511668,1463151,0,1.005859375,0.0,0.001953125,0.001953125,0.0,0.0,0.0
1830512920,1463152,0,0.998046875,0.0,0.005859375,0.005859375,0.0,0.0,0.0
1830514172,1463153,0,1.001953125,0.00390625,0.005859375,0.009765625,0.0,0.0,0.0
1830515422,1463154,0,1.00390625,-0.005859375,0.001953125,-0.00390625,0.0,0.0,0.0
1830516673,1463155,0,1.01171875,-0.00390625,-0.00390625,-0.0078125,0.0,0.0,0.0
1830517924,1463156,0,1.0078125,0.001953125,0.0,0.001953125,0.0,0.0,0.0
1830519174,1463157,0,1.009765625,-0.001953125,0.00390625,0.001953125,0.0,0.0,0.0
1830520425,1463158,0,1.015625,-0.00390625,-0.001953125,-0.005859375,0.0,0.0,0.0
1830521676,1463159,0,0.998046875,0.0,0.005859375,0.005859375,0.0,0.0,0.0
1830522927,1463160,0,0.998046875,-0.001953125,0.001953125,0.0,0.0,0.0,0.0
1830524177,1463161,0,0.998046875,0.0,0.0,0.0,0.0,0.0,0.0
1830525427,1463162,0,1.00390625,-0.001953125,0.0,-0.001953125,0.0,0.0,0.0
1830526679,1463163,0,1.005859375,-0.00390625,0.001953125,-0.001953125,0.0,0.0,0.0
1830527929,1463164,0,1.001953125,-0.00390625,0.0,-0.00390625,0.0,0.0,0.0
1830529179,1463165,0,1.0078125,-0.00390625,0.0,-0.00390625,0.0,0.0,0.0
1830530431,1463166,0,0.998046875,-0.001953125,0.0,-0.001953125,0.0,0.0,0.0
1830531681,1463167,0,1.0,0.0,0.00390625,0.00390625,0.0,0.0,0.0
1830532932,1463168,0,1.001953125,0.0,0.0,0.0,0.0,0.0,0.0
1830534182,1463169,0,1.00390625,0.0,0.0,0.0,0.0,0.0,0.0
1830535432,1463170,0,1.005859375,-0.001953125,-0.001953125,-0.00390625,0.0,0.0,0.0
1830536684,1463171,0,1.001953125,-0.001953125,0.00390625,0.001953125,0.0,0.0,0.0
1830537934,1463172,0,1.00390625,0.001953125,-0.001953125,0.0,0.0,0.0,0.0
1830539184,1463173,0,0.998046875,-0.001953125,-0.00390625,-0.005859375,0.0,0.0,0.0
1830540436,1463174,0,1.0,-0.00390625,0.001953125,-0.001953125,0.0,0.0,0.0
1830541686,1463175,0,1.00390625,0.001953125,0.0,0.001953125,0.0,0.0,0.0
1830542937,1463176,0,1.0078125,0.009765625,0.00390625,0.013671875,0.0,0.0,0.0
1830544188,1463177,0,1.00390625,0.0,0.001953125,0.001953125,0.0,0.0,0.0
1830545439,1463178,0,1.0078125,-0.001953125,0.00390625,0.001953125,0.0,0.0,0.0
1830546691,1463179,0,1.0,-0.001953125,0.0,-0.001953125,0.0,0.0,0.0
1830547942,1463180,0,1.009765625,-0.005859375,0.0,-0.005859375,0.0,0.0,0.0
1830549192,1463181,0,1.015625,-0.001953125,0.0,-0.001953125,0.0,0.0,0.0
1830550443,1463182,0,1.0,-0.001953125,0.0,-0.001953125,0.0,0.0,0.0
1830551695,1463183,0,1.001953125,-0.001953125,-0.001953125,-0.00390625,0.0,0.0,0.0
1830552945,1463184,0,1.005859375,0.00390625,0.009765625,0.013671875,0.0,0.0,0.0
1830554197,1463185,0,1.005859375,-0.00390625,0.00390625,0.0,0.0,0.0,0.0
1830555448,1463186,0,1.0,-0.00390625,0.0,-0.00390625,0.0,0.0,0.0
1830556698,1463187,0,1.0,-0.00390625,0.005859375,0.001953125,0.0,0.0,0.0
1830557949,1463188,0,1.005859375,0.0,0.005859375,0.005859375,0.0,0.0,0.0
1830559199,1463189,0,1.009765625,0.0,-0.001953125,-0.001953125,0.0,0.0,0.0
1830560449,1463190,0,1.005859375,-0.00390625,0.0078125,0.00390625,0.0,0.0,0.0
1830561701,1463191,0,1.00390625,0.0,0.00390625,0.00390625,0.0,0.0,0.0
1830562951,1463192,0,1.0078125,-0.001953125,0.0,-0.001953125,0.0,0.0,0.0
1830564202,1463193,0,1.0,-0.001953125,0.00390625,0.001953125,0.0,0.0,0.0
1830565453,1463194,0,1.001953125,-0.001953125,0.001953125,0.0,0.0,0.0,0.0
1830566704,1463195,0,1.0,-0.00390625,0.0,-0.00390625,0.0,0.0,0.0
1830567954,1463196,0,1.0078125,0.0,0.00390625,0.00390625,0.0,0.0,0.0
1830569205,1463197,0,1.001953125,0.001953125,-0.005859375,-0.00390625,0.0,0.0,0.0
1830570457,1463198,0,1.001953125,0.0,0.001953125,0.001953125,0.0,0.0,0.0
1830571707,1463199,0,1.001953125,0.0,0.005859375,0.005859375,0.0,0.0,0.0
1830572959,1463200,0,1.0078125,0.0,-0.00390625,-0.00390625,0.0,0.0,0.0
1830574209,1463201,0,1.009765625,-0.001953125,0.00390625,0.001953125,0.0,0.0,0.0
1830575460,1463202,0,1.015625,-0.00390625,0.001953125,-0.001953125,0.0,0.0,0.0
1830576711,1463203,0,1.0,0.001953125,0.00390625,0.005859375,0.0,0.0,0.0
1830577961,1463204,0,1.005859375,0.0,0.00390625,0.00390625,0.0,0.0,0.0
1830579211,1463205,0,1.005859375,0.0,0.0,0.0,0.0,0.0,0.0
1830580461,1463206,0,1.0078125,0.0,0.00390625,0.00390625,0.0,0.0,0.0
1830581712,1463207,0,1.0078125,-0.001953125,0.005859375,0.00390625,0.0,0.0,0.0
1830582962,1463208,0,1.001953125,-0.001953125,0.005859375,0.00390625,0.0,0.0,0.0
1830584212,1463209,0,1.0078125,-0.005859375,0.005859375,0.0,0.0,0.0,0.0
1830585463,1463210,0,1.005859375,-0.001953125,0.0,-0.001953125,0.0,0.0,0.0
1830586713,1463211,0,1.0078125,-0.001953125,0.0,-0.001953125,0.0,0.0,0.0
1830587965,1463212,0,1.0078125,0.0,0.001953125,0.001953125,0.0,0.0,0.0
1830589216,1463213,0,1.001953125,0.001953125,0.005859375,0.0078125,0.0,0.0,0.0
1830590468,1463214,0,1.0078125,-0.005859375,0.005859375,0.0,0.0,0.0,0.0
1830591718,1463215,0,1.001953125,-0.001953125,0.0,-0.001953125,0.0,0.0,0.0
1830592970,1463216,0,1.0078125,-0.001953125,0.001953125,0.0,0.0,0.0,0.0
1830594221,1463217,0,1.0,0.0,0.00390625,0.00390625,0.0,0.0,0.0
1830595471,1463218,0,1.001953125,-0.005859375,0.0078125,0.001953125,0.0,0.0,0.0
1830596722,1463219,0,1.0078125,-0.00390625,-0.001953125,-0.005859375,0.0,0.0,0.0
1830597973,1463220,0,1.001953125,-0.00390625,-0.01171875,-0.015625,0.0,0.0,0.0
1830599225,1463221,0,1.01171875,-0.001953125,0.001953125,0.0,0.0,0.0,0.0
1830600477,1463222,0,1.0078125,0.0,0.005859375,0.005859375,0.0,0.0,0.0
1830601728,1463223,0,1.00390625,0.001953125,0.005859375,0.0078125,0.0,0.0,0.0
1830602978,1463224,0,1.00390625,0.0,0.005859375,0.005859375,0.0,0.0,0.0
1830604229,1463225,0,0.998046875,0.0,0.00390625,0.00390625,0.0,0.0,0.0
1830605481,1463226,0,1.005859375,-0.001953125,0.001953125,0.0,0.0,0.0,0.0
1830606731,1463227,0,1.001953125,-0.00390625,0.001953125,-0.001953125,0.0,0.0,0.0
1830607982,1463228,0,1.005859375,-0.00390625,0.005859375,0.001953125,0.0,0.0,0.0
1830609233,1463229,0,1.001953125,0.0,0.0,0.0,0.0,0.0,0.0
1830610483,1463230,0,1.0,-0.00390625,0.001953125,-0.001953125,0.0,0.0,0.0
1830611734,1463231,0,1.001953125,-0.00390625,0.005859375,0.001953125,0.0,0.0,0.0
1830612984,1463232,0,1.009765625,0.0,0.001953125,0.001953125,0.0,0.0,0.0
1830614235,1463233,0,1.0,-0.001953125,0.0,-0.001953125,0.0,0.0,0.0
1830615486,1463234,0,1.001953125,-0.005859375,0.00390625,-0.001953125,0.0,0.0,0.0
1830616736,1463235,0,1.0078125,-0.001953125,0.0,-0.001953125,0.0,0.0,0.0
1830617987,1463236,0,1.005859375,0.001953125,-0.00390625,-0.001953125,0.0,0.0,0.0
1830619238,1463237,0,1.00390625,0.0,0.005859375,0.005859375,0.0,0.0,0.0
1830620489,1463238,0,1.005859375,-0.001953125,0.009765625,0.0078125,0.0,0.0,0.0
1830621739,1463239,0,1.00390625,-0.0078125,0.00390625,-0.00390625,0.0,0.0,0.0
1830622990,1463240,0,1.005859375,0.0,0.0,0.0,0.0,0.0,0.0
1830624241,1463241,0,1.00390625,0.00390625,-0.001953125,0.001953125,0.0,0.0,0.0
1830625492,1463242,0,1.0078125,0.0,0.001953125,0.001953125,0.0,0.0,0.0
1830626742,1463243,0,1.0078125,-0.001953125,-0.001953125,-0.00390625,0.0,0.0,0.0
1830627993,1463244,0,1.005859375,-0.005859375,-0.001953125,-0.0078125,0.0,0.0,0.0
1830629244,1463245,0,1.00390625,0.0,0.00390625,0.00390625,0.0,0.0,0.0
1830630494,1463246,0,1.001953125,-0.001953125,0.001953125,0.0,0.0,0.0,0.0
1830631746,1463247,0,1.001953125,0.0,0.00390625,0.00390625,0.0,0.0,0.0
1830632997,1463248,0,1.00390625,-0.001953125,0.00390625,0.001953125,0.0,0.0,0.0
1830634248,1463249,0,0.998046875,-0.001953125,0.009765625,0.0078125,0.0,0.0,0.0
1830635499,1463250,0,1.0,-0.001953125,0.0,-0.001953125,0.0,0.0,0.0
1830636750,1463251,0,1.001953125,-0.00390625,-0.001953125,-0.005859375,0.0,0.0,0.0
1830638001,1463252,0,1.0078125,0.001953125,0.0,0.001953125,0.0,0.0,0.0
1830639252,1463253,0,1.009765625,0.0,0.00390625,0.00390625,0.0,0.0,0.0
1830640502,1463254,0,1.009765625,-0.001953125,0.005859375,0.00390625,0.0,0.0,0.0
1830641753,1463255,0,1.0078125,-0.00390625,0.00390625,0.0,0.0,0.0,0.0
1830643004,1463256,0,1.001953125,-0.005859375,0.0,-0.005859375,0.0,0.0,0.0
1830644255,1463257,0,1.001953125,-0.001953125,0.005859375,0.00390625,0.0,0.0,0.0
1830645505,1463258,0,1.005859375,0.0,-0.001953125,-0.001953125,0.0,0.0,0.0
1830646756,1463259,0,1.005859375,0.0,0.005859375,0.005859375,0.0,0.0,0.0
1830648008,1463260,0,1.0,0.0,0.00390625,0.00390625,0.0,0.0,0.0
1830649258,1463261,0,1.009765625,0.00390625,-0.00390625,0.0,0.0,0.0,0.0
1830650509,1463262,0,1.001953125,0.001953125,0.001953125,0.00390625,0.0,0.0,0.0
1830651759,1463263,0,1.005859375,-0.00390625,-0.00390625,-0.0078125,0.0,0.0,0.0
1830653010,1463264,0,1.0078125,0.001953125,0.0,0.001953125,0.0,0.0,0.0
1830654261,1463265,0,1.0,0.0,0.00390625,0.00390625,0.0,0.0,0.0
1830655513,1463266,0,1.0078125,-0.005859375,0.005859375,0.0,0.0,0.0,0.0
1830656764,1463267,0,1.00390625,-0.001953125,0.001953125,0.0,0.0,0.0,0.0
1830658015,1463268,0,1.00390625,-0.00390625,0.0,-0.00390625,0.0,0.0,0.0
1830659270,1463269,0,1.0078125,0.00390625,0.00390625,0.0078125,0.0,0.0,0.0
1830660521,1463270,0,1.00390625,0.0,0.0078125,0.0078125,0.0,0.0,0.0
1830661772,1463271,0,1.001953125,0.0,0.00390625,0.00390625,0.0,0.0,0.0
1830663024,1463272,0,1.00390625,-0.00390625,0.0078125,0.00390625,0.0,0.0,0.0
1830664275,1463273,0,1.001953125,-0.001953125,0.00390625,0.001953125,0.0,0.0,0.0
1830665527,1463274,0,1.00390625,0.0,0.0,0.0,0.0,0.0,0.0
1830666778,1463275,0,1.001953125,0.0,0.00390625,0.00390625,0.0,0.0,0.0
1830668028,1463276,0,1.0078125,0.0,0.00390625,0.00390625,0.0,0.0,0.0
1830669279,1463277,0,1.001953125,0.0,0.001953125,0.001953125,0.0,0.0,0.0
1830670530,1463278,0,1.001953125,-0.00390625,0.0,-0.00390625,0.0,0.0,0.0
1830671782,1463279,0,1.001953125,0.0,0.005859375,0.005859375,0.0,0.0,0.0
1830673032,1463280,0,1.005859375,-0.001953125,0.0,-0.001953125,0.0,0.0,0.0
1830674282,1463281,0,1.001953125,0.001953125,0.001953125,0.00390625,0.0,0.0,0.0
1830675532,1463282,0,1.005859375,-0.00390625,0.01171875,0.0078125,0.0,0.0,0.0
1830676783,1463283,0,1.01171875,0.0,-0.001953125,-0.001953125,0.0,0.0,0.0
1830678034,1463284,0,0.99609375,-0.00390625,0.005859375,0.001953125,0.0,0.0,0.0
1830679285,1463285,0,1.0078125,0.0,0.0,0.0,0.0,0.0,0.0
1830680537,1463286,0,1.01171875,-0.001953125,-0.001953125,-0.00390625,0.0,0.0,0.0
1830681789,1463287,0,1.005859375,0.001953125,0.0078125,0.009765625,0.0,0.0,0.0
1830683039,1463288,0,1.001953125,-0.005859375,-0.01171875,-0.017578125,0.0,0.0,0.0
1830684290,1463289,0,1.005859375,-0.005859375,0.001953125,-0.00390625,0.0,0.0,0.0
1830685541,1463290,0,1.009765625,-0.00390625,0.00390625,0.0,0.0,0.0,0.0
1830686792,1463291,0,1.00390625,-0.001953125,0.0,-0.001953125,0.0,0.0,0.0
1830688042,1463292,0,1.001953125,-0.001953125,-0.001953125,-0.00390625,0.0,0.0,0.0
1830689294,1463293,0,1.005859375,-0.001953125,-0.00390625,-0.005859375,0.0,0.0,0.0
1830690545,1463294,0,1.0,0.0,-0.00390625,-0.00390625,0.0,0.0,0.0
1830691795,1463295,0,1.00390625,0.0,0.001953125,0.001953125,0.0,0.0,0.0
1830693047,1463296,0,1.0,0.001953125,0.009765625,0.01171875,0.0,0.0,0.0
1830694298,1463297,0,1.0078125,-0.005859375,-0.001953125,-0.0078125,0.0,0.0,0.0
1830695549,1463298,0,1.0,-0.005859375,0.001953125,-0.00390625,0.0,0.0,0.0
1830696800,1463299,0,1.009765625,-0.00390625,0.001953125,-0.001953125,0.0,0.0,0.0
1830698050,1463300,0,1.0,-0.001953125,0.0078125,0.005859375,0.0,0.0,0.0
1830699301,1463301,0,1.0078125,-0.001953125,0.001953125,0.0,0.0,0.0,0.0
1830700552,1463302,0,1.009765625,-0.00390625,0.0,-0.00390625,0.0,0.0,0.0
1830701803,1463303,0,1.001953125,-0.00390625,0.0,-0.00390625,0.0,0.0,0.0
1830703053,1463304,0,1.015625,0.001953125,0.00390625,0.005859375,0.0,0.0,0.0
1830704305,1463305,0,1.0,0.0,0.001953125,0.001953125,0.0,0.0,0.0
1830705557,1463306,0,1.013671875,-0.001953125,0.00390625,0.001953125,0.0,0.0,0.0
1830706808,1463307,0,0.998046875,0.0,0.001953125,0.001953125,0.0,0.0,0.0
1830708059,1463308,0,1.001953125,0.00390625,0.009765625,0.013671875,0.0,0.0,0.0
1830709310,1463309,0,0.998046875,-0.001953125,0.001953125,0.0,0.0,0.0,0.0
1830710562,1463310,0,1.001953125,-0.001953125,0.005859375,0.00390625,0.0,0.0,0.0
1830711812,1463311,0,1.00390625,-0.005859375,0.00390625,-0.001953125,0.0,0.0,0.0
1830713064,1463312,0,1.009765625,0.0,0.0,0.0,0.0,0.0,0.0
1830714314,1463313,0,1.0078125,-0.001953125,0.0,-0.001953125,0.0,0.0,0.0
1830715565,1463314,0,1.0078125,0.00390625,0.001953125,0.005859375,0.0,0.0,0.0
1830716816,1463315,0,1.005859375,0.0,-0.001953125,-0.001953125,0.0,0.0,0.0
1830718066,1463316,0,1.0078125,0.0,0.005859375,0.005859375,0.0,0.0,0.0
1830719317,1463317,0,0.998046875,0.0,0.00390625,0.00390625,0.0,0.0,0.0
1830720569,1463318,0,1.001953125,0.0,0.005859375,0.005859375,0.0,0.0,0.0
1830721819,1463319,0,1.0,-0.001953125,0.0,-0.001953125,0.0,0.0,0.0
1830723070,1463320,0,1.0,0.001953125,0.00390625,0.005859375,0.0,0.0,0.0
1830724321,1463321,0,1.0,-0.001953125,0.0078125,0.005859375,0.0,0.0,0.0
1830725571,1463322,0,1.005859375,0.0,0.001953125,0.001953125,0.0,0.0,0.0
1830726822,1463323,0,1.001953125,0.001953125,0.001953125,0.00390625,0.0,0.0,0.0
1830728074,1463324,0,1.005859375,0.005859375,-0.00390625,0.001953125,0.0,0.0,0.0
1830729324,1463325,0,1.001953125,-0.001953125,0.005859375,0.00390625,0.0,0.0,0.0
1830730575,1463326,0,0.99609375,-0.00390625,0.0,-0.00390625,0.0,0.0,0.0
1830731827,1463327,0,1.005859375,-0.00390625,0.0078125,0.00390625,0.0,0.0,0.0
1830733077,1463328,0,1.0078125,0.001953125,0.00390625,0.005859375,0.0,0.0,0.0
1830734328,1463329,0,1.009765625,0.001953125,0.00390625,0.005859375,0.0,0.0,0.0
1830735580,1463330,0,1.005859375,-0.001953125,0.01171875,0.009765625,0.0,0.0,0.0
1830736832,1463331,0,1.005859375,-0.001953125,-0.00390625,-0.005859375,0.0,0.0,0.0
1830738082,1463332,0,1.0,0.0,-0.00390625,-0.00390625,0.0,0.0,0.0
1830739333,1463333,0,1.001953125,-0.001953125,0.0,-0.001953125,0.0,0.0,0.0
1830740585,1463334,0,1.001953125,-0.00390625,0.00390625,0.0,0.0,0.0,0.0
1830741835,1463335,0,1.0078125,0.0,0.0,0.0,0.0,0.0,0.0
1830743086,1463336,0,1.005859375,0.0,0.0,0.0,0.0,0.0,0.0
1830744338,1463337,0,1.0078125,0.0,0.001953125,0.001953125,0.0,0.0,0.0
1830745589,1463338,0,1.005859375,-0.001953125,0.0078125,0.005859375,0.0,0.0,0.0
1830746840,1463339,0,1.00390625,0.0,0.0,0.0,0.0,0.0,0.0
1830748092,1463340,0,1.005859375,-0.005859375,0.001953125,-0.00390625,0.0,0.0,0.0
1830749343,1463341,0,1.0,-0.001953125,0.00390625,0.001953125,0.0,0.0,0.0
1830750594,1463342,0,1.0,0.001953125,0.001953125,0.00390625,0.0,0.0,0.0
1830751845,1463343,0,1.001953125,0.0,-0.001953125,-0.001953125,0.0,0.0,0.0
1830753096,1463344,0,1.001953125,0.001953125,0.005859375,0.0078125,0.0,0.0,0.0
1830754346,1463345,0,1.001953125,-0.009765625,0.00390625,-0.005859375,0.0,0.0,0.0
1830755598,1463346,0,1.0,-0.00390625,0.001953125,-0.001953125,0.0,0.0,0.0
1830756849,1463347,0,0.998046875,-0.005859375,0.001953125,-0.00390625,0.0,0.0,0.0
1830758099,1463348,0,1.001953125,-0.001953125,0.001953125,0.0,0.0,0.0,0.0
1830759350,1463349,0,1.00390625,0.001953125,0.001953125,0.00390625,0.0,0.0,0.0
1830760601,1463350,0,0.998046875,-0.001953125,-0.00390625,-0.005859375,0.0,0.0,0.0
1830761852,1463351,0,1.0078125,0.0,-0.001953125,-0.001953125,0.0,0.0,0.0
1830763103,1463352,0,1.0078125,0.0,0.001953125,0.001953125,0.0,0.0,0.0
1830764354,1463353,0,1.00390625,0.0,-0.001953125,-0.001953125,0.0,0.0,0.0
1830765605,1463354,0,1.005859375,-0.005859375,0.001953125,-0.00390625,0.0,0.0,0.0
1830766855,1463355,0,1.0078125,-0.001953125,0.0,-0.001953125,0.0,0.0,0.0
1830768107,1463356,0,1.005859375,-0.001953125,0.009765625,0.0078125,0.0,0.0,0.0
1830769357,1463357,0,1.005859375,-0.005859375,0.005859375,0.0,0.0,0.0,0.0
1830770607,1463358,0,1.00390625,-0.001953125,0.005859375,0.00390625,0.0,0.0,0.0
1830771859,1463359,0,1.0078125,-0.001953125,0.001953125,0.0,0.0,0.0,0.0
1830773109,1463360,0,1.005859375,0.0,0.00390625,0.00390625,0.0,0.0,0.0
1830774361,1463361,0,1.005859375,-0.001953125,0.0,-0.001953125,0.0,0.0,0.0
1830775611,1463362,0,1.0078125,-0.001953125,0.00390625,0.001953125,0.0,0.0,0.0
1830776861,1463363,0,1.00390625,0.0,0.009765625,0.009765625,0.0,0.0,0.0
1830778113,1463364,0,1.005859375,-0.001953125,0.0078125,0.005859375,0.0,0.0,0.0
1830779364,1463365,0,1.001953125,-0.001953125,0.0078125,0.005859375,0.0,0.0,0.0
1830780616,1463366,0,1.009765625,0.00390625,0.001953125,0.005859375,0.0,0.0,0.0
1830781866,1463367,0,0.998046875,-0.005859375,-0.001953125,-0.0078125,0.0,0.0,0.0
1830783118,1463368,0,1.0078125,-0.005859375,-0.005859375,-0.01171875,0.0,0.0,0.0
1830784368,1463369,0,1.005859375,0.0,0.005859375,0.005859375,0.0,0.0,0.0
1830785619,1463370,0,1.00390625,-0.001953125,0.00390625,0.001953125,0.0,0.0,0.0
1830786869,1463371,0,1.009765625,-0.001953125,0.0,-0.001953125,0.0,0.0,0.0
1830788119,1463372,0,1.005859375,-0.001953125,0.0078125,0.005859375,0.0,0.0,0.0
1830789371,1463373,0,1.005859375,-0.005859375,0.001953125,-0.00390625,0.0,0.0,0.0
1830790622,1463374,0,1.0,-0.001953125,0.0078125,0.005859375,0.0,0.0,0.0
1830791874,1463375,0,1.001953125,-0.001953125,0.0078125,0.005859375,0.0,0.0,0.0
1830793124,1463376,0,1.0078125,-0.005859375,0.001953125,-0.00390625,0.0,0.0,0.0
1830794375,1463377,0,1.005859375,-0.001953125,-0.00390625,-0.005859375,0.0,0.0,0.0
1830795625,1463378,0,1.005859375,-0.001953125,0.001953125,0.0,0.0,0.0,0.0
1830796877,1463379,0,1.001953125,-0.00390625,0.001953125,-0.001953125,0.0,0.0,0.0
1830798127,1463380,0,1.005859375,-0.001953125,0.0,-0.001953125,0.0,0.0,0.0
1830799377,1463381,0,1.0078125,-0.001953125,0.001953125,0.0,0.0,0.0,0.0
1830800629,1463382,0,1.005859375,-0.005859375,0.00390625,-0.001953125,0.0,0.0,0.0
1830801879,1463383,0,0.998046875,-0.001953125,0.00390625,0.001953125,0.0,0.0,0.0
1830803130,1463384,0,0.998046875,0.001953125,0.001953125,0.00390625,0.0,0.0,0.0
1830804381,1463385,0,1.001953125,0.00390625,0.0078125,0.01171875,0.0,0.0,0.0
1830805631,1463386,0,1.005859375,-0.005859375,0.001953125,-0.00390625,0.0,0.0,0.0
1830806882,1463387,0,0.998046875,-0.001953125,0.0,-0.001953125,0.0,0.0,0.0
1830808133,1463388,0,1.001953125,0.0078125,0.009765625,0.017578125,0.0,0.0,0.0
1830809384,1463389,0,0.998046875,-0.00390625,0.0,-0.00390625,0.0,0.0,0.0
1830810635,1463390,0,1.005859375,-0.00390625,-0.005859375,-0.009765625,0.0,0.0,0.0
1830811885,1463391,0,1.0,-0.001953125,0.0,-0.001953125,0.0,0.0,0.0
1830813136,1463392,0,1.009765625,0.001953125,0.001953125,0.00390625,0.0,0.0,0.0
1830814387,1463393,0,0.990234375,-0.00390625,0.001953125,-0.001953125,0.0,0.0,0.0
1830815638,1463394,0,1.001953125,-0.00390625,0.005859375,0.001953125,0.0,0.0,0.0
1830816889,1463395,0,1.005859375,0.0,0.0078125,0.0078125,0.0,0.0,0.0
1830818140,1463396,0,1.0078125,-0.001953125,0.001953125,0.0,0.0,0.0,0.0
1830819392,1463397,0,1.005859375,0.0,0.00390625,0.00390625,0.0,0.0,0.0
1830820642,1463398,0,1.00390625,0.0,0.001953125,0.001953125,0.0,0.0,0.0
1830821894,1463399,0,1.0,-0.001953125,0.0,-0.001953125,0.0,0.0,0.0
1830823145,1463400,0,0.998046875,0.0,0.005859375,0.005859375,0.0,0.0,0.0
1830824395,1463401,0,0.998046875,0.0,-0.00390625,-0.00390625,0.0,0.0,0.0
1830825646,1463402,0,1.0,-0.00390625,0.009765625,0.005859375,0.0,0.0,0.0
1830826898,1463403,0,1.0078125,-0.001953125,-0.005859375,-0.0078125,0.0,0.0,0.0
1830828149,1463404,0,1.005859375,-0.0078125,0.0,-0.0078125,0.0,0.0,0.0
1830829400,1463405,0,1.00390625,-0.005859375,0.001953125,-0.00390625,0.0,0.0,0.0
1830830651,1463406,0,1.00390625,-0.001953125,0.00390625,0.001953125,0.0,0.0,0.0
1830831902,1463407,0,1.005859375,-0.00390625,0.005859375,0.001953125,0.0,0.0,0.0
1830833154,1463408,0,1.0078125,-0.005859375,0.009765625,0.00390625,0.0,0.0,0.0
1830834405,1463409,0,1.0,0.0,0.0,0.0,0.0,0.0,0.0
1830835657,1463410,0,1.00390625,-0.0078125,-0.001953125,-0.009765625,0.0,0.0,0.0
1830836907,1463411,0,1.013671875,0.00390625,0.00390625,0.0078125,0.0,0.0,0.0
1830838158,1463412,0,0.994140625,0.001953125,0.005859375,0.0078125,0.0,0.0,0.0
1830839409,1463413,0,1.005859375,0.005859375,0.0078125,0.013671875,0.0,0.0,0.0
1830840660,1463414,0,1.01171875,-0.00390625,0.001953125,-0.001953125,0.0,0.0,0.0
1830841911,1463415,0,1.0078125,-0.00390625,-0.001953125,-0.005859375,0.0,0.0,0.0
1830843161,1463416,0,1.01171875,0.0,-0.001953125,-0.001953125,0.0,0.0,0.0
1830844412,1463417,0,1.00390625,-0.001953125,0.0078125,0.005859375,0.0,0.0,0.0
1830845664,1463418,0,1.009765625,-0.00390625,-0.001953125,-0.005859375,0.0,0.0,0.0
1830846915,1463419,0,1.00390625,-0.001953125,0.00390625,0.001953125,0.0,0.0,0.0
1830848166,1463420,0,1.009765625,-0.001953125,0.0078125,0.005859375,0.0,0.0,0.0
1830849417,1463421,0,0.998046875,-0.005859375,0.00390625,-0.001953125,0.0,0.0,0.0
1830850668,1463422,0,0.998046875,-0.00390625,0.00390625,0.0,0.0,0.0,0.0
1830851920,1463423,0,1.0,0.0,-0.001953125,-0.001953125,0.0,0.0,0.0
1830853172,1463424,0,1.00390625,-0.001953125,0.001953125,0.0,0.0,0.0,0.0
1830854422,1463425,0,1.0,0.0,0.0,0.0,0.0,0.0,0.0
1830855673,1463426,0,1.001953125,-0.001953125,-0.001953125,-0.00390625,0.0,0.0,0.0
1830856924,1463427,0,1.009765625,0.0,0.0078125,0.0078125,0.0,0.0,0.0
1830858174,1463428,0,1.00390625,-0.00390625,-0.001953125,-0.005859375,0.0,0.0,0.0
1830859425,1463429,0,1.0,-0.001953125,0.005859375,0.00390625,0.0,0.0,0.0
1830860676,1463430,0,0.998046875,0.0,0.0078125,0.0078125,0.0,0.0,0.0
1830861927,1463431,0,0.99609375,0.001953125,0.0,0.001953125,0.0,0.0,0.0
1830863177,1463432,0,1.017578125,-0.005859375,-0.001953125,-0.0078125,0.0,0.0,0.0
1830864427,1463433,0,1.005859375,-0.001953125,-0.00390625,-0.005859375,0.0,0.0,0.0
1830865679,1463434,0,0.998046875,0.0,0.00390625,0.00390625,0.0,0.0,0.0
1830866929,1463435,0,1.00390625,-0.005859375,0.001953125,-0.00390625,0.0,0.0,0.0
1830868179,1463436,0,1.009765625,-0.001953125,0.0,-0.001953125,0.0,0.0,0.0
1830869431,1463437,0,1.001953125,-0.001953125,0.005859375,0.00390625,0.0,0.0,0.0
1830870681,1463438,0,1.001953125,-0.001953125,0.0,-0.001953125,0.0,0.0,0.0
1830871932,1463439,0,1.001953125,0.0,0.0,0.0,0.0,0.0,0.0
1830873182,1463440,0,1.005859375,0.001953125,0.00390625,0.005859375,0.0,0.0,0.0
1830874432,1463441,0,1.005859375,-0.00390625,0.001953125,-0.001953125,0.0,0.0,0.0
1830875684,1463442,0,1.0,-0.001953125,0.001953125,0.0,0.0,0.0,0.0
1830876934,1463443,0,1.005859375,0.0,0.0,0.0,0.0,0.0,0.0
1830878184,1463444,0,0.998046875,-0.001953125,0.00390625,0.001953125,0.0,0.0,0.0
1830879436,1463445,0,1.0,0.001953125,0.001953125,0.00390625,0.0,0.0,0.0
1830880686,1463446,0,1.00390625,-0.005859375,0.0,-0.005859375,0.0,0.0,0.0
1830881937,1463447,0,0.998046875,0.0,0.001953125,0.001953125,0.0,0.0,0.0
1830883188,1463448,0,1.001953125,-0.001953125,0.001953125,0.0,0.0,0.0,0.0
1830884439,1463449,0,1.001953125,-0.00390625,0.001953125,-0.001953125,0.0,0.0,0.0
1830885691,1463450,0,1.0078125,0.00390625,0.001953125,0.005859375,0.0,0.0,0.0
1830886942,1463451,0,1.009765625,-0.001953125,-0.001953125,-0.00390625,0.0,0.0,0.0
1830888192,1463452,0,1.005859375,-0.00390625,0.0,-0.00390625,0.0,0.0,0.0
1830889443,1463453,0,1.0078125,-0.00390625,0.00390625,0.0,0.0,0.0,0.0
1830890695,1463454,0,1.009765625,-0.001953125,-0.0078125,-0.009765625,0.0,0.0,0.0
1830891945,1463455,0,1.005859375,0.001953125,0.00390625,0.005859375,0.0,0.0,0.0
1830893197,1463456,0,1.005859375,0.0,0.0,0.0,0.0,0.0,0.0
1830894448,1463457,0,1.0,-0.001953125,0.0078125,0.005859375,0.0,0.0,0.0
1830895698,1463458,0,1.00390625,0.0,0.0,0.0,0.0,0.0,0.0
1830896949,1463459,0,1.005859375,-0.001953125,0.00390625,0.001953125,0.0,0.0,0.0
1830898199,1463460,0,1.001953125,-0.001953125,-0.001953125,-0.00390625,0.0,0.0,0.0
1830899449,1463461,0,1.001953125,0.0,0.0078125,0.0078125,0.0,0.0,0.0
1830900701,1463462,0,1.005859375,-0.001953125,0.0,-0.001953125,0.0,0.0,0.0
1830901951,1463463,0,1.005859375,-0.001953125,0.00390625,0.001953125,0.0,0.0,0.0
1830903202,1463464,0,1.005859375,-0.001953125,0.00390625,0.001953125,0.0,0.0,0.0
1830904453,1463465,0,0.998046875,-0.001953125,-0.00390625,-0.005859375,0.0,0.0,0.0
1830905704,1463466,0,1.00390625,-0.001953125,0.005859375,0.00390625,0.0,0.0,0.0
1830906954,1463467,0,1.00390625,0.0,0.001953125,0.001953125,0.0,0.0,0.0
1830908205,1463468,0,0.99609375,-0.001953125,0.005859375,0.00390625,0.0,0.0,0.0
1830909457,1463469,0,1.00390625,0.001953125,0.00390625,0.005859375,0.0,0.0,0.0
1830910707,1463470,0,1.005859375,-0.001953125,-0.001953125,-0.00390625,0.0,0.0,0.0
1830911959,1463471,0,1.005859375,-0.001953125,0.00390625,0.001953125,0.0,0.0,0.0
1830913209,1463472,0,1.0078125,-0.0078125,-0.001953125,-0.009765625,0.0,0.0,0.0
1830914460,1463473,0,1.00390625,0.0,0.0,0.0,0.0,0.0,0.0
1830915711,1463474,0,1.01171875,-0.001953125,0.00390625,0.001953125,0.0,0.0,0.0
1830916961,1463475,0,1.005859375,0.0,0.0,0.0,0.0,0.0,0.0
1830918211,1463476,0,0.998046875,0.001953125,0.0,0.001953125,0.0,0.0,0.0
1830919461,1463477,0,1.0,0.001953125,0.009765625,0.01171875,0.0,0.0,0.0
1830920712,1463478,0,1.0,0.001953125,0.001953125,0.00390625,0.0,0.0,0.0
1830921962,1463479,0,1.001953125,-0.00390625,0.001953125,-0.001953125,0.0,0.0,0.0
1830923212,1463480,0,1.00390625,0.0,0.005859375,0.005859375,0.0,0.0,0.0
1830924463,1463481,0,1.0,0.0,0.001953125,0.001953125,0.0,0.0,0.0
1830925713,1463482,0,1.005859375,-0.00390625,0.005859375,0.001953125,0.0,0.0,0.0
1830926965,1463483,0,1.0078125,-0.001953125,0.0078125,0.005859375,0.0,0.0,0.0
1830928216,1463484,0,1.00390625,0.0,0.005859375,0.005859375,0.0,0.0,0.0
1830929468,1463485,0,1.001953125,0.0,0.005859375,0.005859375,0.0,0.0,0.0
1830930718,1463486,0,1.0078125,-0.001953125,0.0,-0.001953125,0.0,0.0,0.0
1830931970,1463487,0,1.001953125,-0.005859375,0.001953125,-0.00390625,0.0,0.0,0.0
1830933221,1463488,0,1.00390625,0.001953125,0.0,0.001953125,0.0,0.0,0.0
1830934471,1463489,0,1.0078125,-0.001953125,0.005859375,0.00390625,0.0,0.0,0.0
1830935722,1463490,0,1.001953125,-0.00390625,-0.001953125,-0.005859375,0.0,0.0,0.0
1830936973,1463491,0,1.00390625,-0.001953125,0.0,-0.001953125,0.0,0.0,0.0
1830938225,1463492,0,1.00390625,-0.001953125,-0.00390625,-0.005859375,0.0,0.0,0.0
1830939477,1463493,0,1.0,-0.005859375,-0.001953125,-0.0078125,0.0,0.0,0.0
1830940728,1463494,0,0.998046875,0.001953125,0.0,0.001953125,0.0,0.0,0.0
1830941978,1463495,0,1.01171875,0.0,0.00390625,0.00390625,0.0,0.0,0.0
1830943229,1463496,0,1.005859375,-0.001953125,0.0078125,0.005859375,0.0,0.0,0.0
1830944481,1463497,0,0.990234375,-0.0078125,0.0,-0.0078125,0.0,0.0,0.0
1830945731,1463498,0,1.017578125,-0.00390625,0.0,-0.00390625,0.0,0.0,0.0
1830946982,1463499,0,1.0078125,-0.00390625,0.00390625,0.0,0.0,0.0,0.0
1830948233,1463500,0,1.00390625,0.0,0.0078125,0.0078125,0.0,0.0,0.0
1830949483,1463501,0,1.009765625,0.0,0.005859375,0.005859375,0.0,0.0,0.0
1830950734,1463502,0,1.0,0.0,0.0,0.0,0.0,0.0,0.0
1830951984,1463503,0,1.00390625,-0.00390625,0.0,-0.00390625,0.0,0.0,0.0
1830953235,1463504,0,0.998046875,-0.001953125,0.0,-0.001953125,0.0,0.0,0.0
1830954486,1463505,0,0.998046875,-0.001953125,0.001953125,0.0,0.0,0.0,0.0
1830955736,1463506,0,1.005859375,-0.001953125,0.005859375,0.00390625,0.0,0.0,0.0
1830956987,1463507,0,0.99609375,0.001953125,0.00390625,0.005859375,0.0,0.0,0.0
1830958238,1463508,0,1.00390625,0.0,0.001953125,0.001953125,0.0,0.0,0.0
1830959489,1463509,0,1.00390625,0.0,0.0,0.0,0.0,0.0,0.0
1830960739,1463510,0,1.0078125,-0.001953125,0.0,-0.001953125,0.0,0.0,0.0
1830961990,1463511,0,1.0,-0.001953125,-0.001953125,-0.00390625,0.0,0.0,0.0
1830963241,1463512,0,1.005859375,-0.00390625,0.00390625,0.0,0.0,0.0,0.0
1830964492,1463513,0,1.001953125,0.001953125,0.00390625,0.005859375,0.0,0.0,0.0
1830965742,1463514,0,1.0078125,-0.00390625,0.00390625,0.0,0.0,0.0,0.0
1830966993,1463515,0,1.0,-0.005859375,0.00390625,-0.001953125,0.0,0.0,0.0
1830968244,1463516,0,1.00390625,-0.005859375,-0.00390625,-0.009765625,0.0,0.0,0.0
1830969494,1463517,0,1.009765625,-0.005859375,-0.005859375,-0.01171875,0.0,0.0,0.0
1830970746,1463518,0,0.99609375,-0.00390625,0.0,-0.00390625,0.0,0.0,0.0
1830971997,1463519,0,1.0078125,0.0,-0.001953125,-0.001953125,0.0,0.0,0.0
1830973248,1463520,0,0.99609375,0.0,0.001953125,0.001953125,0.0,0.0,0.0
1830974499,1463521,0,1.001953125,-0.00390625,0.001953125,-0.001953125,0.0,0.0,0.0
1830975750,1463522,0,0.994140625,-0.005859375,0.00390625,-0.001953125,0.0,0.0,0.0
1830977001,1463523,0,0.998046875,-0.001953125,0.001953125,0.0,0.0,0.0,0.0
1830978252,1463524,0,1.001953125,0.0,-0.001953125,-0.001953125,0.0,0.0,0.0
1830979502,1463525,0,1.005859375,0.0,0.005859375,0.005859375,0.0,0.0,0.0
1830980753,1463526,0,1.00390625,-0.00390625,0.001953125,-0.001953125,0.0,0.0,0.0
1830982004,1463527,0,1.00390625,-0.001953125,0.0,-0.001953125,0.0,0.0,0.0
1830983255,1463528,0,1.0,0.0,0.009765625,0.009765625,0.0,0.0,0.0
1830984505,1463529,0,1.00390625,0.001953125,0.005859375,0.0078125,0.0,0.0,0.0
1830985756,1463530,0,1.001953125,-0.001953125,0.005859375,0.00390625,0.0,0.0,0.0
1830987008,1463531,0,1.0078125,-0.001953125,0.0,-0.001953125,0.0,0.0,0.0
1830988258,1463532,0,1.00390625,-0.00390625,-0.00390625,-0.0078125,0.0,0.0,0.0
1830989509,1463533,0,1.0,-0.001953125,0.00390625,0.001953125,0.0,0.0,0.0
1830990759,1463534,0,1.001953125,-0.001953125,-0.001953125,-0.00390625,0.0,0.0,0.0
1830992010,1463535,0,1.00390625,0.005859375,-0.001953125,0.00390625,0.0,0.0,0.0
1830993261,1463536,0,1.001953125,0.00390625,0.001953125,0.005859375,0.0,0.0,0.0
1830994513,1463537,0,1.0078125,-0.001953125,0.00390625,0.001953125,0.0,0.0,0.0
1830995764,1463538,0,1.005859375,-0.005859375,-0.00390625,-0.009765625,0.0,0.0,0.0
1830997015,1463539,0,1.01171875,0.001953125,0.001953125,0.00390625,0.0,0.0,0.0
1830998270,1463540,0,1.005859375,0.005859375,0.009765625,0.015625,0.0,0.0,0.0
1830999521,1463541,0,1.001953125,-0.001953125,0.001953125,0.0,0.0,0.0,0.0
1831000772,1463542,0,1.0078125,-0.001953125,0.01171875,0.009765625,0.0,0.0,0.0
1831002024,1463543,0,0.99609375,0.0,0.00390625,0.00390625,0.0,0.0,0.0
1831003275,1463544,0,1.005859375,0.0,-0.001953125,-0.001953125,0.0,0.0,0.0
1831004527,1463545,0,1.001953125,-0.00390625,0.0,-0.00390625,0.0,0.0,0.0
1831005778,1463546,0,1.0078125,-0.001953125,0.001953125,0.0,0.0,0.0,0.0
1831007028,1463547,0,0.998046875,-0.0078125,0.001953125,-0.005859375,0.0,0.0,0.0
1831008279,1463548,0,0.998046875,-0.001953125,0.001953125,0.0,0.0,0.0,0.0
1831009530,1463549,0,1.0078125,-0.00390625,0.0,-0.00390625,0.0,0.0,0.0
1831010782,1463550,0,1.0,0.001953125,0.0,0.001953125,0.0,0.0,0.0
1831012032,1463551,0,1.00390625,0.0,-0.001953125,-0.001953125,0.0,0.0,0.0
1831013282,1463552,0,1.0078125,0.0,0.005859375,0.005859375,0.0,0.0,0.0
1831014532,1463553,0,1.00390625,0.0,0.00390625,0.00390625,0.0,0.0,0.0
1831015783,1463554,0,1.00390625,-0.001953125,0.00390625,0.001953125,0.0,0.0,0.0
1831017034,1463555,0,1.001953125,-0.001953125,0.00390625,0.001953125,0.0,0.0,0.0
1831018285,1463556,0,1.005859375,-0.001953125,0.005859375,0.00390625,0.0,0.0,0.0
1831019537,1463557,0,1.00390625,0.001953125,0.0,0.001953125,0.0,0.0,0.0
1831020789,1463558,0,1.001953125,0.00390625,-0.001953125,0.001953125,0.0,0.0,0.0
1831022039,1463559,0,1.00390625,-0.001953125,0.00390625,0.001953125,0.0,0.0,0.0
1831023290,1463560,0,1.001953125,-0.001953125,0.0,-0.001953125,0.0,0.0,0.0
1831024541,1463561,0,1.013671875,0.0,0.001953125,0.001953125,0.0,0.0,0.0
1831025792,1463562,0,1.00390625,-0.001953125,0.0,-0.001953125,0.0,0.0,0.0
1831027042,1463563,0,1.001953125,0.001953125,0.0078125,0.009765625,0.0,0.0,0.0
1831028294,1463564,0,1.005859375,-0.001953125,0.001953125,0.0,0.0,0.0,0.0
1831029545,1463565,0,1.001953125,-0.00390625,0.0,-0.00390625,0.0,0.0,0.0
1831030795,1463566,0,1.00390625,-0.001953125,0.00390625,0.001953125,0.0,0.0,0.0
1831032047,1463567,0,1.005859375,0.0,-0.001953125,-0.001953125,0.0,0.0,0.0
1831033298,1463568,0,1.0,-0.001953125,0.0,-0.001953125,0.0,0.0,0.0
1831034549,1463569,0,1.00390625,-0.00390625,0.005859375,0.001953125,0.0,0.0,0.0
1831035800,1463570,0,1.001953125,0.0,-0.001953125,-0.001953125,0.0,0.0,0.0
1831037050,1463571,0,1.00390625,0.001953125,0.00390625,0.005859375,0.0,0.0,0.0
1831038301,1463572,0,1.005859375,0.001953125,0.0,0.001953125,0.0,0.0,0.0
1831039552,1463573,0,1.001953125,0.0,0.001953125,0.001953125,0.0,0.0,0.0
1831040803,1463574,0,1.009765625,0.001953125,0.0,0.001953125,0.0,0.0,0.0
1831042053,1463575,0,1.0,0.00390625,-0.009765625,-0.005859375,0.0,0.0,0.0
1831043305,1463576,0,1.0,0.0,-0.001953125,-0.001953125,0.0,0.0,0.0
1831044557,1463577,0,1.01171875,-0.00390625,0.015625,0.01171875,0.0,0.0,0.0
1831045808,1463578,0,1.009765625,-0.0078125,0.01171875,0.00390625,0.0,0.0,0.0
1831047059,1463579,0,1.0078125,-0.00390625,0.0,-0.00390625,0.0,0.0,0.0
1831048310,1463580,0,0.9921875,0.001953125,0.005859375,0.0078125,0.0,0.0,0.0
1831049562,1463581,0,1.01171875,-0.005859375,-0.00390625,-0.009765625,0.0,0.0,0.0
1831050812,1463582,0,1.017578125,0.00390625,0.0078125,0.01171875,0.0,0.0,0.0
1831052064,1463583,0,1.001953125,-0.001953125,-0.005859375,-0.0078125,0.0,0.0,0.0
1831053314,1463584,0,1.001953125,-0.001953125,-0.001953125,-0.00390625,0.0,0.0,0.0
1831054565,1463585,0,1.013671875,0.0,0.01171875,0.01171875,0.0,0.0,0.0
1831055816,1463586,0,1.009765625,-0.005859375,0.001953125,-0.00390625,0.0,0.0,0.0
1831057066,1463587,0,0.998046875,0.001953125,0.0078125,0.009765625,0.0,0.0,0.0
1831058317,1463588,0,1.001953125,-0.001953125,0.009765625,0.0078125,0.0,0.0,0.0
1831059569,1463589,0,1.00390625,-0.00390625,0.005859375,0.001953125,0.0,0.0,0.0
1831060819,1463590,0,1.01171875,0.001953125,0.0,0.001953125,0.0,0.0,0.0
1831062070,1463591,0,1.0,0.001953125,-0.005859375,-0.00390625,0.0,0.0,0.0
1831063321,1463592,0,1.0078125,0.001953125,0.005859375,0.0078125,0.0,0.0,0.0
1831064571,1463593,0,1.005859375,0.0,0.001953125,0.001953125,0.0,0.0,0.0
1831065822,1463594,0,0.998046875,0.001953125,0.001953125,0.00390625,0.0,0.0,0.0
1831067074,1463595,0,1.009765625,0.001953125,0.005859375,0.0078125,0.0,0.0,0.0
1831068324,1463596,0,1.00390625,0.00390625,0.00390625,0.0078125,0.0,0.0,0.0
1831069575,1463597,0,1.015625,0.001953125,-0.001953125,0.0,0.0,0.0,0.0
1831070827,1463598,0,1.009765625,0.0,-0.001953125,-0.001953125,0.0,0.0,0.0
1831072077,1463599,0,1.001953125,0.001953125,0.001953125,0.00390625,0.0,0.0,0.0
1831073328,1463600,0,1.009765625,-0.00390625,0.005859375,0.001953125,0.0,0.0,0.0
1831074580,1463601,0,1.0078125,0.0,0.0,0.0,0.0,0.0,0.0
1831075832,1463602,0,0.998046875,-0.001953125,-0.005859375,-0.0078125,0.0,0.0,0.0
1831077082,1463603,0,1.005859375,-0.005859375,0.00390625,-0.001953125,0.0,0.0,0.0
1831078333,1463604,0,1.0078125,0.001953125,0.00390625,0.005859375,0.0,0.0,0.0
1831079585,1463605,0,0.998046875,0.001953125,0.009765625,0.01171875,0.0,0.0,0.0
1831080835,1463606,0,1.0,0.001953125,-0.001953125,0.0,0.0,0.0,0.0
1831082086,1463607,0,0.998046875,0.00390625,0.0,0.00390625,0.0,0.0,0.0
1831083338,1463608,0,1.00390625,0.0078125,0.001953125,0.009765625,0.0,0.0,0.0
1831084589,1463609,0,1.005859375,0.00390625,0.001953125,0.005859375,0.0,0.0,0.0
1831085840,1463610,0,1.00390625,0.001953125,0.005859375,0.0078125,0.0,0.0,0.0
1831087092,1463611,0,1.005859375,0.0,0.005859375,0.005859375,0.0,0.0,0.0
1831088343,1463612,0,1.0078125,0.00390625,-0.001953125,0.001953125,0.0,0.0,0.0
1831089594,1463613,0,1.00390625,0.025390625,0.0,0.025390625,0.0,0.0,0.0
1831090845,1463614,0,1.001953125,0.02734375,-0.00390625,0.0234375,0.0,0.0,0.0
1831092096,1463615,0,1.0,0.015625,-0.00390625,0.01171875,0.0,0.0,0.0
1831093346,1463616,0,1.00390625,0.0234375,-0.00390625,0.01953125,0.0,0.0,0.0
1831094598,1463617,0,1.005859375,0.017578125,-0.00390625,0.013671875,0.0,0.0,0.0
1831095849,1463618,0,1.005859375,0.02734375,-0.005859375,0.021484375,0.0,0.0,0.0
1831097099,1463619,0,1.01171875,0.03515625,-0.01171875,0.0234375,0.0,0.0,0.0
1831098350,1463620,0,0.9921875,0.0390625,-0.021484375,0.017578125,0.0,0.0,0.0
1831099601,1463621,0,1.001953125,0.037109375,-0.017578125,0.01953125,0.0,0.0,0.0
1831100852,1463622,0,1.00390625,0.041015625,-0.017578125,0.0234375,0.0,0.0,0.0
1831102103,1463623,0,1.00390625,0.048828125,-0.01953125,0.029296875,0.0,0.0,0.0
1831103354,1463624,0,0.984375,0.078125,-0.03125,0.046875,0.0,0.0,0.0
1831104605,1463625,0,1.037109375,0.09765625,-0.044921875,0.052734375,0.0,0.0,0.0
1831105855,1463626,0,0.998046875,0.171875,-0.068359375,0.103515625,0.0,0.0,0.0
1831107107,1463627,0,1.01171875,0.111328125,-0.060546875,0.05078125,0.0,0.0,0.0
1831108357,1463628,0,1.001953125,0.1484375,-0.091796875,0.056640625,0.0,0.0,0.0
1831109607,1463629,0,1.01171875,0.1484375,-0.0703125,0.078125,0.0,0.0,0.0
1831110859,1463630,0,1.005859375,0.17578125,-0.083984375,0.091796875,0.0,0.0,0.0
1831112109,1463631,0,1.029296875,0.212890625,-0.08984375,0.123046875,0.0,0.0,0.0
1831113361,1463632,0,0.986328125,0.376953125,-0.171875,0.205078125,0.0,0.0,0.0
1831114611,1463633,0,1.009765625,0.521484375,-0.23046875,0.291015625,0.0,0.0,0.0
1831115861,1463634,0,1.037109375,0.701171875,-0.330078125,0.37109375,0.0,0.0,0.0
1831117113,1463635,0,0.982421875,1.08203125,-0.857421875,0.224609375,0.0,0.0,0.0
1831118364,1463636,0,0.7734375,1.677734375,-0.73828125,0.939453125,0.0,0.0,0.0
1831119616,1463637,0,1.47265625,0.919921875,0.08203125,1.001953125,0.0,0.0,0.0
1831120866,1463638,0,1.064453125,0.001953125,0.1640625,0.166015625,0.0,0.0,0.0
1831122118,1463639,0,0.59765625,-0.251953125,-0.392578125,-0.64453125,0.0,0.0,0.0
1831123368,1463640,0,0.7890625,1.9609375,-0.80859375,1.15234375,0.0,0.0,0.0
1831124619,1463641,0,1.66015625,1.080078125,0.11328125,1.193359375,0.0,0.0,0.0
1831125869,1463642,0,1.169921875,0.763671875,0.03125,0.794921875,0.0,0.0,0.0
1831127119,1463643,0,0.490234375,1.24609375,-0.890625,0.35546875,0.0,0.0,0.0
1831128371,1463644,0,0.724609375,0.537109375,-0.3671875,0.169921875,0.0,0.0,0.0
1831129622,1463645,0,1.380859375,0.357421875,0.529296875,0.88671875,0.0,0.0,0.0
1831130874,1463646,0,1.25390625,0.427734375,0.396484375,0.82421875,0.0,0.0,0.0
1831132124,1463647,0,0.591796875,0.443359375,-0.11328125,0.330078125,0.0,0.0,0.0
1831133375,1463648,0,0.87109375,0.271484375,0.763671875,1.03515625,0.0,0.0,0.0
1831134625,1463649,0,1.44140625,0.140625,0.38671875,0.52734375,0.0,0.0,0.0
1831135877,1463650,0,0.630859375,0.23828125,-0.1875,0.05078125,0.0,0.0,0.0
1831137127,1463651,0,0.935546875,-0.060546875,0.18359375,0.123046875,0.0,0.0,0.0
1831138377,1463652,0,1.279296875,-0.17578125,0.6796875,0.50390625,0.0,0.0,0.0
1831139629,1463653,0,1.123046875,-0.2109375,0.525390625,0.314453125,0.0,0.0,0.0
1831140879,1463654,0,0.814453125,-0.279296875,0.140625,-0.138671875,0.0,0.0,0.0
1831142130,1463655,0,0.865234375,-0.302734375,0.279296875,-0.0234375,0.0,0.0,0.0
1831143381,1463656,0,1.16796875,-0.38671875,0.712890625,0.326171875,0.0,0.0,0.0
1831144631,1463657,0,1.080078125,-0.46875,0.6484375,0.1796875,0.0,0.0,0.0
1831145882,1463658,0,0.81640625,-0.55859375,0.244140625,-0.314453125,0.0,0.0,0.0
1831147133,1463659,0,0.8828125,-0.59375,0.322265625,-0.271484375,0.0,0.0,0.0
1831148384,1463660,0,1.115234375,-0.66015625,0.66796875,0.0078125,0.0,0.0,0.0
1831149635,1463661,0,1.068359375,-0.705078125,0.66015625,-0.044921875,0.0,0.0,0.0
1831150885,1463662,0,0.927734375,-0.755859375,0.45703125,-0.298828125,0.0,0.0,0.0
1831152136,1463663,0,0.96875,-0.7890625,0.44921875,-0.33984375,0.0,0.0,0.0
1831153387,1463664,0,1.08203125,-0.8125,0.609375,-0.203125,0.0,0.0,0.0
1831154638,1463665,0,1.07421875,-0.845703125,0.60546875,-0.240234375,0.0,0.0,0.0
1831155889,1463666,0,0.943359375,-0.853515625,0.435546875,-0.41796875,0.0,0.0,0.0
1831157140,1463667,0,0.939453125,-0.845703125,0.408203125,-0.4375,0.0,0.0,0.0
1831158392,1463668,0,1.0546875,-0.810546875,0.572265625,-0.23828125,0.0,0.0,0.0
1831159642,1463669,0,1.07421875,-0.79296875,0.576171875,-0.216796875,0.0,0.0,0.0
1831160894,1463670,0,0.986328125,-0.796875,0.44140625,-0.35546875,0.0,0.0,0.0
1831162145,1463671,0,1.0,-0.77734375,0.404296875,-0.373046875,0.0,0.0,0.0
1831163395,1463672,0,1.056640625,-0.740234375,0.490234375,-0.25,0.0,0.0,0.0
1831164646,1463673,0,1.03515625,-0.685546875,0.462890625,-0.22265625,0.0,0.0,0.0
1831165898,1463674,0,0.970703125,-0.626953125,0.34375,-0.283203125,0.0,0.0,0.0
1831167149,1463675,0,0.9609375,-0.5625,0.30078125,-0.26171875,0.0,0.0,0.0
1831168400,1463676,0,1.021484375,-0.49609375,0.349609375,-0.146484375,0.0,0.0,0.0
1831169651,1463677,0,1.0390625,-0.447265625,0.34375,-0.103515625,0.0,0.0,0.0
1831170902,1463678,0,0.9921875,-0.38671875,0.251953125,-0.134765625,0.0,0.0,0.0
1831172154,1463679,0,0.990234375,-0.314453125,0.203125,-0.111328125,0.0,0.0,0.0
1831173405,1463680,0,1.033203125,-0.23046875,0.236328125,0.005859375,0.0,0.0,0.0
1831174657,1463681,0,1.01953125,-0.16015625,0.208984375,0.048828125,0.0,0.0,0.0
1831175907,1463682,0,0.994140625,-0.107421875,0.08203125,-0.025390625,0.0,0.0,0.0
1831177158,1463683,0,0.9375,-0.041015625,-0.0703125,-0.111328125,0.0,0.0,0.0
1831178409,1463684,0,0.986328125,-0.001953125,0.021484375,0.01953125,0.0,0.0,0.0
1831179660,1463685,0,1.03125,0.06640625,0.041015625,0.107421875,0.0,0.0,0.0
1831180911,1463686,0,1.001953125,0.11328125,-0.021484375,0.091796875,0.0,0.0,0.0
1831182161,1463687,0,0.990234375,0.169921875,-0.064453125,0.10546875,0.0,0.0,0.0
1831183412,1463688,0,1.0078125,0.240234375,-0.068359375,0.171875,0.0,0.0,0.0
1831184664,1463689,0,1.01953125,0.283203125,-0.1171875,0.166015625,0.0,0.0,0.0
1831185915,1463690,0,1.009765625,0.3125,-0.173828125,0.138671875,0.0,0.0,0.0
1831187166,1463691,0,0.978515625,0.400390625,-0.185546875,0.21484375,0.0,0.0,0.0
1831188417,1463692,0,0.9921875,0.4296875,-0.1640625,0.265625,0.0,0.0,0.0
1831189668,1463693,0,1.056640625,0.455078125,-0.1796875,0.275390625,0.0,0.0,0.0
1831190920,1463694,0,0.99609375,0.466796875,-0.234375,0.232421875,0.0,0.0,0.0
1831192172,1463695,0,1.009765625,0.48046875,-0.23046875,0.25,0.0,0.0,0.0
1831193422,1463696,0,1.01953125,0.4921875,-0.232421875,0.259765625,0.0,0.0,0.0
1831194673,1463697,0,1.001953125,0.5,-0.25,0.25,0.0,0.0,0.0
1831195924,1463698,0,0.9921875,0.505859375,-0.2734375,0.232421875,0.0,0.0,0.0
1831197174,1463699,0,0.994140625,0.51171875,-0.263671875,0.248046875,0.0,0.0,0.0
1831198425,1463700,0,1.01171875,0.49609375,-0.244140625,0.251953125,0.0,0.0,0.0
1831199676,1463701,0,1.01171875,0.48828125,-0.2421875,0.24609375,0.0,0.0,0.0
1831200927,1463702,0,1.0078125,0.48046875,-0.244140625,0.236328125,0.0,0.0,0.0
1831202177,1463703,0,1.0078125,0.455078125,-0.228515625,0.2265625,0.0,0.0,0.0
1831203427,1463704,0,1.009765625,0.4375,-0.20703125,0.23046875,0.0,0.0,0.0
1831204679,1463705,0,0.99609375,0.421875,-0.205078125,0.216796875,0.0,0.0,0.0
1831205929,1463706,0,0.990234375,0.392578125,-0.1953125,0.197265625,0.0,0.0,0.0
1831207179,1463707,0,1.001953125,0.36328125,-0.173828125,0.189453125,0.0,0.0,0.0
1831208431,1463708,0,1.0078125,0.32421875,-0.134765625,0.189453125,0.0,0.0,0.0
1831209681,1463709,0,0.998046875,0.29296875,-0.111328125,0.181640625,0.0,0.0,0.0
1831210932,1463710,0,1.013671875,0.26171875,-0.095703125,0.166015625,0.0,0.0,0.0
1831212182,1463711,0,0.998046875,0.208984375,-0.07421875,0.134765625,0.0,0.0,0.0
1831213432,1463712,0,1.009765625,0.17578125,-0.0390625,0.13671875,0.0,0.0,0.0
1831214684,1463713,0,1.0078125,0.1328125,-0.029296875,0.103515625,0.0,0.0,0.0
1831215934,1463714,0,0.998046875,0.09375,-0.021484375,0.072265625,0.0,0.0,0.0
1831217184,1463715,0,1.00390625,0.05078125,-0.001953125,0.048828125,0.0,0.0,0.0
1831218436,1463716,0,0.998046875,0.0078125,0.013671875,0.021484375,0.0,0.0,0.0
1831219686,1463717,0,1.00390625,-0.0234375,0.0390625,0.015625,0.0,0.0,0.0
1831220937,1463718,0,1.009765625,-0.064453125,0.068359375,0.00390625,0.0,0.0,0.0
1831222188,1463719,0,1.015625,-0.09375,0.091796875,-0.001953125,0.0,0.0,0.0
1831223439,1463720,0,1.0078125,-0.12890625,0.095703125,-0.033203125,0.0,0.0,0.0
1831224691,1463721,0,0.998046875,-0.173828125,0.09375,-0.080078125,0.0,0.0,0.0
1831225942,1463722,0,0.990234375,-0.1953125,0.107421875,-0.087890625,0.0,0.0,0.0
1831227192,1463723,0,1.001953125,-0.2109375,0.123046875,-0.087890625,0.0,0.0,0.0
1831228443,1463724,0,1.0,-0.2421875,0.15234375,-0.08984375,0.0,0.0,0.0
1831229695,1463725,0,1.0078125,-0.271484375,0.16796875,-0.103515625,0.0,0.0,0.0
1831230945,1463726,0,1.01171875,-0.2890625,0.181640625,-0.107421875,0.0,0.0,0.0
1831232197,1463727,0,1.009765625,-0.298828125,0.181640625,-0.1171875,0.0,0.0,0.0
1831233448,1463728,0,1.0,-0.3125,0.173828125,-0.138671875,0.0,0.0,0.0
1831234698,1463729,0,1.009765625,-0.318359375,0.09765625,-0.220703125,0.0,0.0,0.0
1831235949,1463730,0,1.00390625,-0.322265625,0.171875,-0.150390625,0.0,0.0,0.0
1831237199,1463731,0,1.0,-0.32421875,0.173828125,-0.150390625,0.0,0.0,0.0
1831238449,1463732,0,1.01953125,-0.326171875,0.169921875,-0.15625,0.0,0.0,0.0
1831239701,1463733,0,1.005859375,-0.30859375,0.169921875,-0.138671875,0.0,0.0,0.0
1831240951,1463734,0,1.0078125,-0.298828125,0.162109375,-0.13671875,0.0,0.0,0.0
1831242202,1463735,0,1.005859375,-0.283203125,0.14453125,-0.138671875,0.0,0.0,0.0
1831243453,1463736,0,1.001953125,-0.267578125,0.138671875,-0.12890625,0.0,0.0,0.0
1831244704,1463737,0,1.001953125,-0.244140625,0.130859375,-0.11328125,0.0,0.0,0.0
1831245954,1463738,0,1.001953125,-0.2265625,0.115234375,-0.111328125,0.0,0.0,0.0
1831247205,1463739,0,1.00390625,-0.205078125,0.095703125,-0.109375,0.0,0.0,0.0
1831248457,1463740,0,1.001953125,-0.181640625,0.0859375,-0.095703125,0.0,0.0,0.0
1831249707,1463741,0,0.998046875,-0.15625,0.0625,-0.09375,0.0,0.0,0.0
1831250959,1463742,0,0.998046875,-0.126953125,0.046875,-0.080078125,0.0,0.0,0.0
1831252209,1463743,0,1.005859375,-0.099609375,0.0390625,-0.060546875,0.0,0.0,0.0
1831253460,1463744,0,1.0,-0.076171875,0.03515625,-0.041015625,0.0,0.0,0.0
1831254711,1463745,0,0.998046875,-0.04296875,0.015625,-0.02734375,0.0,0.0,0.0
1831255961,1463746,0,1.0,-0.021484375,0.0,-0.021484375,0.0,0.0,0.0
1831257211,1463747,0,1.001953125,0.001953125,-0.005859375,-0.00390625,0.0,0.0,0.0
1831258461,1463748,0,1.01171875,0.029296875,-0.015625,0.013671875,0.0,0.0,0.0
1831259712,1463749,0,1.0,0.0625,-0.03125,0.03125,0.0,0.0,0.0
1831260962,1463750,0,1.0078125,0.07421875,-0.048828125,0.025390625,0.0,0.0,0.0
1831262212,1463751,0,1.0078125,0.091796875,-0.05078125,0.041015625,0.0,0.0,0.0
1831263463,1463752,0,1.0,0.1171875,-0.0703125,0.046875,0.0,0.0,0.0
1831264713,1463753,0,1.009765625,0.138671875,-0.068359375,0.0703125,0.0,0.0,0.0
1831265965,1463754,0,1.0,0.154296875,-0.0859375,0.068359375,0.0,0.0,0.0
1831267216,1463755,0,0.998046875,0.166015625,-0.083984375,0.08203125,0.0,0.0,0.0
1831268468,1463756,0,1.0,0.181640625,-0.087890625,0.09375,0.0,0.0,0.0
1831269718,1463757,0,1.00390625,0.189453125,-0.09375,0.095703125,0.0,0.0,0.0
1831270970,1463758,0,1.001953125,0.193359375,-0.095703125,0.09765625,0.0,0.0,0.0
1831272221,1463759,0,1.009765625,0.19921875,-0.099609375,0.099609375,0.0,0.0,0.0
1831273471,1463760,0,1.005859375,0.201171875,-0.099609375,0.1015625,0.0,0.0,0.0
1831274722,1463761,0,0.998046875,0.203125,-0.09765625,0.10546875,0.0,0.0,0.0
1831275973,1463762,0,1.00390625,0.201171875,-0.09765625,0.103515625,0.0,0.0,0.0
1831277225,1463763,0,1.0078125,0.197265625,-0.103515625,0.09375,0.0,0.0,0.0
1831278477,1463764,0,1.009765625,0.1953125,-0.09375,0.1015625,0.0,0.0,0.0
1831279728,1463765,0,1.00390625,0.1875,-0.08203125,0.10546875,0.0,0.0,0.0
1831280978,1463766,0,1.0,0.1796875,-0.083984375,0.095703125,0.0,0.0,0.0
1831282229,1463767,0,1.005859375,0.162109375,-0.080078125,0.08203125,0.0,0.0,0.0
1831283481,1463768,0,1.0078125,0.14453125,-0.07421875,0.0703125,0.0,0.0,0.0
1831284731,1463769,0,0.99609375,0.14453125,-0.0625,0.08203125,0.0,0.0,0.0
1831285982,1463770,0,1.005859375,0.123046875,-0.068359375,0.0546875,0.0,0.0,0.0
1831287233,1463771,0,1.001953125,0.111328125,-0.05078125,0.060546875,0.0,0.0,0.0
1831288483,1463772,0,1.009765625,0.091796875,-0.046875,0.044921875,0.0,0.0,0.0
1831289734,1463773,0,1.00390625,0.07421875,-0.03515625,0.0390625,0.0,0.0,0.0
1831290984,1463774,0,1.005859375,0.05859375,-0.025390625,0.033203125,0.0,0.0,0.0
1831292235,1463775,0,0.998046875,0.0390625,-0.0078125,0.03125,0.0,0.0,0.0
1831293486,1463776,0,1.001953125,0.001953125,-0.001953125,0.0,0.0,0.0,0.0
1831294736,1463777,0,1.0078125,-0.015625,0.005859375,-0.009765625,0.0,0.0,0.0
1831295987,1463778,0,1.005859375,-0.02734375,0.009765625,-0.017578125,0.0,0.0,0.0
1831297238,1463779,0,1.005859375,-0.044921875,0.02734375,-0.017578125,0.0,0.0,0.0
1831298489,1463780,0,1.001953125,-0.05859375,0.02734375,-0.03125,0.0,0.0,0.0
1831299739,1463781,0,1.005859375,-0.080078125,0.03515625,-0.044921875,0.0,0.0,0.0
1831300990,1463782,0,1.0078125,-0.087890625,0.03515625,-0.052734375,0.0,0.0,0.0
1831302241,1463783,0,1.00390625,-0.095703125,0.03515625,-0.060546875,0.0,0.0,0.0
1831303492,1463784,0,1.005859375,-0.109375,0.048828125,-0.060546875,0.0,0.0,0.0
1831304742,1463785,0,0.998046875,-0.1171875,0.052734375,-0.064453125,0.0,0.0,0.0
1831305993,1463786,0,0.998046875,-0.125,0.048828125,-0.076171875,0.0,0.0,0.0
1831307244,1463787,0,1.001953125,-0.1328125,0.0546875,-0.078125,0.0,0.0,0.0
1831308494,1463788,0,1.005859375,-0.130859375,0.0546875,-0.076171875,0.0,0.0,0.0
1831309746,1463789,0,0.998046875,-0.138671875,0.0546875,-0.083984375,0.0,0.0,0.0
1831310997,1463790,0,1.00390625,-0.138671875,0.05859375,-0.080078125,0.0,0.0,0.0
1831312248,1463791,0,1.0078125,-0.140625,0.052734375,-0.087890625,0.0,0.0,0.0
1831313499,1463792,0,1.00390625,-0.142578125,0.056640625,-0.0859375,0.0,0.0,0.0
1831314750,1463793,0,1.005859375,-0.1328125,0.060546875,-0.072265625,0.0,0.0,0.0
1831316001,1463794,0,0.99609375,-0.130859375,0.052734375,-0.078125,0.0,0.0,0.0
1831317252,1463795,0,1.017578125,-0.130859375,0.04296875,-0.087890625,0.0,0.0,0.0
1831318502,1463796,0,1.0,-0.125,0.044921875,-0.080078125,0.0,0.0,0.0
1831319753,1463797,0,1.013671875,-0.1171875,0.037109375,-0.080078125,0.0,0.0,0.0
1831321004,1463798,0,1.00390625,-0.09765625,0.03515625,-0.0625,0.0,0.0,0.0
1831322255,1463799,0,1.017578125,-0.09375,0.037109375,-0.056640625,0.0,0.0,0.0
1831323505,1463800,0,1.009765625,-0.080078125,0.029296875,-0.05078125,0.0,0.0,0.0
1831324756,1463801,0,1.00390625,-0.07421875,0.02734375,-0.046875,0.0,0.0,0.0
1831326008,1463802,0,1.00390625,-0.0625,0.017578125,-0.044921875,0.0,0.0,0.0
1831327258,1463803,0,1.00390625,-0.046875,0.01171875,-0.03515625,0.0,0.0,0.0
1831328509,1463804,0,1.00390625,-0.03125,0.009765625,-0.021484375,0.0,0.0,0.0
1831329759,1463805,0,1.0078125,-0.025390625,0.01171875,-0.013671875,0.0,0.0,0.0
1831331010,1463806,0,1.0078125,-0.017578125,0.00390625,-0.013671875,0.0,0.0,0.0
1831332261,1463807,0,1.001953125,-0.00390625,-0.005859375,-0.009765625,0.0,0.0,0.0
1831333513,1463808,0,1.005859375,0.001953125,-0.0078125,-0.005859375,0.0,0.0,0.0
1831334764,1463809,0,1.001953125,0.013671875,-0.01171875,0.001953125,0.0,0.0,0.0
1831336015,1463810,0,1.005859375,0.02734375,-0.0234375,0.00390625,0.0,0.0,0.0
1831337270,1463811,0,1.0078125,0.037109375,-0.025390625,0.01171875,0.0,0.0,0.0
1831338521,1463812,0,1.0,0.044921875,-0.021484375,0.0234375,0.0,0.0,0.0
1831339772,1463813,0,1.005859375,0.048828125,-0.03125,0.017578125,0.0,0.0,0.0
1831341024,1463814,0,1.0078125,0.05859375,-0.02734375,0.03125,0.0,0.0,0.0
1831342275,1463815,0,1.00390625,0.068359375,-0.033203125,0.03515625,0.0,0.0,0.0
1831343527,1463816,0,0.998046875,0.0703125,-0.03125,0.0390625,0.0,0.0,0.0
1831344778,1463817,0,0.998046875,0.080078125,-0.037109375,0.04296875,0.0,0.0,0.0
1831346028,1463818,0,1.001953125,0.08203125,-0.029296875,0.052734375,0.0,0.0,0.0
1831347279,1463819,0,1.009765625,0.083984375,-0.0390625,0.044921875,0.0,0.0,0.0
1831348530,1463820,0,1.005859375,0.08203125,-0.02734375,0.0546875,0.0,0.0,0.0
1831349782,1463821,0,1.00390625,0.0859375,-0.0390625,0.046875,0.0,0.0,0.0
1831351032,1463822,0,1.0078125,0.078125,-0.03515625,0.04296875,0.0,0.0,0.0
1831352282,1463823,0,1.0078125,0.080078125,-0.03125,0.048828125,0.0,0.0,0.0
1831353532,1463824,0,1.009765625,0.072265625,-0.033203125,0.0390625,0.0,0.0,0.0
1831354783,1463825,0,1.001953125,0.064453125,-0.033203125,0.03125,0.0,0.0,0.0
1831356034,1463826,0,1.00390625,0.06640625,-0.029296875,0.037109375,0.0,0.0,0.0
1831357285,1463827,0,1.00390625,0.060546875,-0.03125,0.029296875,0.0,0.0,0.0
1831358537,1463828,0,1.0078125,0.048828125,-0.025390625,0.0234375,0.0,0.0,0.0
1831359789,1463829,0,1.001953125,0.046875,-0.02734375,0.01953125,0.0,0.0,0.0
1831361039,1463830,0,1.0078125,0.0390625,-0.01953125,0.01953125,0.0,0.0,0.0
1831362290,1463831,0,1.005859375,0.029296875,-0.015625,0.013671875,0.0,0.0,0.0
1831363541,1463832,0,1.00390625,0.017578125,-0.009765625,0.0078125,0.0,0.0,0.0
1831364792,1463833,0,0.99609375,0.009765625,-0.015625,-0.005859375,0.0,0.0,0.0
1831366042,1463834,0,1.005859375,0.005859375,-0.005859375,0.0,0.0,0.0,0.0
1831367294,1463835,0,1.009765625,0.0,-0.0078125,-0.0078125,0.0,0.0,0.0
1831368545,1463836,0,1.015625,-0.01171875,-0.001953125,-0.013671875,0.0,0.0,0.0
1831369795,1463837,0,0.990234375,-0.01953125,0.009765625,-0.009765625,0.0,0.0,0.0
1831371047,1463838,0,1.017578125,-0.03125,0.00390625,-0.02734375,0.0,0.0,0.0
1831372298,1463839,0,0.998046875,-0.03515625,-0.001953125,-0.037109375,0.0,0.0,0.0
1831373549,1463840,0,1.0078125,-0.0390625,0.00390625,-0.03515625,0.0,0.0,0.0
1831374800,1463841,0,0.998046875,-0.044921875,0.0078125,-0.037109375,0.0,0.0,0.0
1831376050,1463842,0,1.0,-0.048828125,0.009765625,-0.0390625,0.0,0.0,0.0
1831377301,1463843,0,1.00390625,-0.052734375,0.015625,-0.037109375,0.0,0.0,0.0
1831378552,1463844,0,1.005859375,-0.060546875,0.017578125,-0.04296875,0.0,0.0,0.0
1831379803,1463845,0,1.00390625,-0.060546875,0.01171875,-0.048828125,0.0,0.0,0.0
1831381053,1463846,0,1.001953125,-0.05859375,0.017578125,-0.041015625,0.0,0.0,0.0
1831382305,1463847,0,1.001953125,-0.0703125,0.01953125,-0.05078125,0.0,0.0,0.0
1831383557,1463848,0,1.00390625,-0.064453125,0.017578125,-0.046875,0.0,0.0,0.0
1831384808,1463849,0,1.005859375,-0.06640625,0.015625,-0.05078125,0.0,0.0,0.0
1831386059,1463850,0,1.005859375,-0.0703125,0.013671875,-0.056640625,0.0,0.0,0.0
1831387310,1463851,0,1.005859375,-0.06640625,0.01171875,-0.0546875,0.0,0.0,0.0
1831388562,1463852,0,1.005859375,-0.064453125,0.015625,-0.048828125,0.0,0.0,0.0
1831389812,1463853,0,1.001953125,-0.0703125,0.0234375,-0.046875,0.0,0.0,0.0
1831391064,1463854,0,1.00390625,-0.0625,0.013671875,-0.048828125,0.0,0.0,0.0
1831392314,1463855,0,1.0078125,-0.05078125,0.013671875,-0.037109375,0.0,0.0,0.0
1831393565,1463856,0,1.00390625,-0.052734375,0.01171875,-0.041015625,0.0,0.0,0.0
1831394816,1463857,0,1.0,-0.046875,0.015625,-0.03125,0.0,0.0,0.0
1831396066,1463858,0,1.00390625,-0.0390625,0.01171875,-0.02734375,0.0,0.0,0.0
1831397317,1463859,0,1.0078125,-0.04296875,0.01953125,-0.0234375,0.0,0.0,0.0
1831398569,1463860,0,1.009765625,-0.03515625,-0.001953125,-0.037109375,0.0,0.0,0.0
1831399819,1463861,0,1.005859375,-0.021484375,0.005859375,-0.015625,0.0,0.0,0.0
1831401070,1463862,0,0.998046875,-0.017578125,0.009765625,-0.0078125,0.0,0.0,0.0
1831402321,1463863,0,1.001953125,-0.013671875,0.001953125,-0.01171875,0.0,0.0,0.0
1831403571,1463864,0,1.001953125,-0.0078125,0.0,-0.0078125,0.0,0.0,0.0
1831404822,1463865,0,1.0,-0.00390625,0.0,-0.00390625,0.0,0.0,51219271778304.0
1831407324,1463867,0,1.005859375,0.0078125,-0.005859375,0.001953125,0.0,0.0,0.0
1831408575,1463868,0,1.0,0.013671875,-0.0078125,0.005859375,0.0,0.0,0.0
1831409827,1463869,0,1.001953125,0.015625,-0.00390625,0.01171875,0.0,0.0,0.0
1831411077,1463870,0,1.00390625,0.015625,-0.01171875,0.00390625,0.0,0.0,0.0
1831412328,1463871,0,1.001953125,0.021484375,-0.01171875,0.009765625,0.0,0.0,0.0
1831413580,1463872,0,1.00390625,0.02734375,-0.009765625,0.017578125,0.0,0.0,0.0
1831414832,1463873,0,1.005859375,0.03125,-0.005859375,0.025390625,0.0,0.0,0.0
1831416082,1463874,0,1.005859375,0.029296875,-0.013671875,0.015625,0.0,0.0,0.0
1831417333,1463875,0,1.00390625,0.037109375,-0.01953125,0.017578125,0.0,0.0,0.0
1831418585,1463876,0,1.005859375,0.03515625,-0.013671875,0.021484375,0.0,0.0,0.0
1831419835,1463877,0,1.0,0.0390625,-0.0078125,0.03125,0.0,0.0,0.0
1831421086,1463878,0,1.009765625,0.0390625,-0.013671875,0.025390625,0.0,0.0,0.0
1831422338,1463879,0,1.0078125,0.0390625,-0.009765625,0.029296875,0.0,0.0,0.0
1831423589,1463880,0,0.998046875,0.033203125,-0.009765625,0.0234375,0.0,0.0,0.0
1831424840,1463881,0,0.99609375,0.029296875,-0.013671875,0.015625,0.0,0.0,0.0
1831426092,1463882,0,1.01171875,0.03515625,-0.01953125,0.015625,0.0,0.0,0.0
1831427343,1463883,0,1.009765625,0.029296875,-0.015625,0.013671875,0.0,0.0,0.0
1831428594,1463884,0,1.0078125,0.025390625,-0.0078125,0.017578125,0.0,0.0,0.0
1831429845,1463885,0,1.00390625,0.021484375,-0.009765625,0.01171875,0.0,0.0,0.0
1831431096,1463886,0,1.005859375,0.015625,-0.01171875,0.00390625,0.0,0.0,0.0
1831432346,1463887,0,0.998046875,0.013671875,-0.009765625,0.00390625,0.0,0.0,0.0
1831433598,1463888,0,1.00390625,0.01171875,-0.015625,-0.00390625,0.0,0.0,0.0
1831434849,1463889,0,1.0078125,0.01171875,-0.01171875,0.0,0.0,0.0,0.0
1831436099,1463890,0,0.998046875,0.0078125,-0.013671875,-0.005859375,0.0,0.0,0.0
1831437350,1463891,0,1.0,0.0,-0.013671875,-0.013671875,0.0,0.0,0.0
1831438601,1463892,0,1.001953125,-0.001953125,-0.00390625,-0.005859375,0.0,0.0,0.0
1831439852,1463893,0,1.00390625,-0.00390625,-0.009765625,-0.013671875,0.0,0.0,0.0
1831441103,1463894,0,1.009765625,-0.01171875,-0.001953125,-0.013671875,0.0,0.0,0.0
1831442354,1463895,0,1.0078125,-0.017578125,-0.005859375,-0.0234375,0.0,0.0,0.0
1831443605,1463896,0,1.005859375,-0.0234375,0.0,-0.0234375,0.0,0.0,0.0
1831444855,1463897,0,1.00390625,-0.02734375,0.0078125,-0.01953125,0.0,0.0,0.0
1831446107,1463898,0,1.00390625,-0.02734375,-0.001953125,-0.029296875,0.0,0.0,0.0
1831447357,1463899,0,1.005859375,-0.03125,0.001953125,-0.029296875,0.0,0.0,0.0
1831448607,1463900,0,1.017578125,-0.02734375,-0.001953125,-0.029296875,0.0,0.0,0.0
1831449859,1463901,0,0.99609375,-0.037109375,0.0,-0.037109375,0.0,0.0,0.0
1831451109,1463902,0,1.00390625,-0.0390625,0.005859375,-0.033203125,0.0,0.0,0.0
1831452361,1463903,0,1.001953125,-0.037109375,-0.005859375,-0.04296875,0.0,0.0,0.0
1831453611,1463904,0,1.00390625,-0.037109375,0.0,-0.037109375,0.0,0.0,0.0
1831454861,1463905,0,1.00390625,-0.0390625,0.001953125,-0.037109375,0.0,0.0,0.0
1831456113,1463906,0,1.0,-0.04296875,0.00390625,-0.0390625,0.0,0.0,0.0
1831457364,1463907,0,1.005859375,-0.03515625,0.00390625,-0.03125,0.0,0.0,0.0
1831458616,1463908,0,1.009765625,-0.037109375,0.005859375,-0.03125,0.0,0.0,0.0
1831459866,1463909,0,1.0078125,-0.037109375,0.001953125,-0.03515625,0.0,0.0,0.0
1831461118,1463910,0,1.0078125,-0.03515625,0.005859375,-0.029296875,0.0,0.0,0.0
1831462368,1463911,0,1.009765625,-0.03125,0.001953125,-0.029296875,0.0,0.0,0.0
1831463619,1463912,0,1.0078125,-0.029296875,0.00390625,-0.025390625,0.0,0.0,0.0
1831464869,1463913,0,1.005859375,-0.02734375,0.001953125,-0.025390625,0.0,0.0,0.0
1831466119,1463914,0,1.005859375,-0.02734375,0.001953125,-0.025390625,0.0,0.0,0.0
1831467371,1463915,0,1.001953125,-0.025390625,0.005859375,-0.01953125,0.0,0.0,0.0
1831468622,1463916,0,1.001953125,-0.025390625,0.001953125,-0.0234375,0.0,0.0,0.0
1831469874,1463917,0,1.005859375,-0.021484375,0.0,-0.021484375,0.0,0.0,0.0
1831471124,1463918,0,1.0,-0.015625,0.01171875,-0.00390625,0.0,0.0,0.0
1831472375,1463919,0,1.01171875,-0.009765625,0.0078125,-0.001953125,0.0,0.0,0.0
1831473625,1463920,0,1.005859375,-0.009765625,-0.0078125,-0.017578125,0.0,0.0,0.0
1831474877,1463921,0,1.0078125,-0.0078125,0.001953125,-0.005859375,0.0,0.0,0.0
1831476127,1463922,0,1.0,-0.009765625,-0.001953125,-0.01171875,0.0,0.0,0.0
1831477377,1463923,0,1.009765625,-0.00390625,-0.0078125,-0.01171875,0.0,0.0,0.0
1831478629,1463924,0,1.0,0.0,-0.005859375,-0.005859375,0.0,0.0,0.0
1831479879,1463925,0,1.009765625,0.00390625,0.0,0.00390625,0.0,0.0,0.0
1831481130,1463926,0,1.005859375,0.005859375,-0.001953125,0.00390625,0.0,0.0,0.0
1831482381,1463927,0,1.00390625,0.009765625,-0.00390625,0.005859375,0.0,0.0,0.0
1831483631,1463928,0,1.0078125,0.01171875,0.001953125,0.013671875,0.0,0.0,0.0
1831484882,1463929,0,1.005859375,0.013671875,-0.001953125,0.01171875,0.0,0.0,0.0
1831486133,1463930,0,1.005859375,0.017578125,-0.00390625,0.013671875,0.0,0.0,0.0
1831487384,1463931,0,1.0,0.01953125,0.0,0.01953125,0.0,0.0,0.0
1831488635,1463932,0,1.005859375,0.015625,-0.001953125,0.013671875,0.0,0.0,0.0
1831489885,1463933,0,1.0,0.015625,-0.00390625,0.01171875,0.0,0.0,0.0
1831491136,1463934,0,1.005859375,0.021484375,-0.001953125,0.01953125,0.0,0.0,0.0
1831492387,1463935,0,1.005859375,0.017578125,0.001953125,0.01953125,0.0,0.0,0.0
1831493638,1463936,0,1.001953125,0.017578125,-0.00390625,0.013671875,0.0,0.0,0.0
1831494889,1463937,0,1.005859375,0.015625,-0.001953125,0.013671875,0.0,0.0,0.0
1831496140,1463938,0,1.005859375,0.013671875,0.0,0.013671875,0.0,0.0,0.0
1831497392,1463939,0,1.01171875,0.01171875,-0.0078125,0.00390625,0.0,0.0,0.0
1831498642,1463940,0,1.001953125,0.015625,-0.005859375,0.009765625,0.0,0.0,0.0
1831499894,1463941,0,1.009765625,0.017578125,-0.00390625,0.013671875,0.0,0.0,0.0
1831501145,1463942,0,1.0078125,0.005859375,-0.009765625,-0.00390625,0.0,0.0,0.0
1831502395,1463943,0,1.0,0.0078125,0.0,0.0078125,0.0,0.0,0.0
1831503646,1463944,0,1.005859375,0.001953125,-0.005859375,-0.00390625,0.0,0.0,0.0
1831504898,1463945,0,1.0078125,0.0,-0.001953125,-0.001953125,0.0,0.0,0.0
1831506149,1463946,0,1.00390625,-0.00390625,-0.005859375,-0.009765625,0.0,0.0,0.0
1831507400,1463947,0,1.001953125,-0.00390625,-0.00390625,-0.0078125,0.0,0.0,0.0
1831508651,1463948,0,1.001953125,-0.009765625,0.0,-0.009765625,0.0,0.0,0.0
1831509902,1463949,0,1.0,-0.009765625,-0.005859375,-0.015625,0.0,0.0,0.0
1831511154,1463950,0,1.001953125,-0.013671875,-0.00390625,-0.017578125,0.0,0.0,0.0
1831512405,1463951,0,1.0078125,-0.01953125,0.001953125,-0.017578125,0.0,0.0,0.0
1831513657,1463952,0,1.0,-0.0234375,-0.00390625,-0.02734375,0.0,0.0,0.0
1831514907,1463953,0,1.00390625,-0.01953125,-0.00390625,-0.0234375,0.0,0.0,0.0
1831516158,1463954,0,1.00390625,-0.017578125,-0.001953125,-0.01953125,0.0,0.0,0.0
1831517409,1463955,0,1.00390625,-0.0234375,-0.005859375,-0.029296875,0.0,0.0,0.0
1831518660,1463956,0,1.001953125,-0.02734375,-0.001953125,-0.029296875,0.0,0.0,0.0
1831519911,1463957,0,1.005859375,-0.025390625,0.001953125,-0.0234375,0.0,0.0,0.0
1831521161,1463958,0,1.001953125,-0.029296875,0.0,-0.029296875,0.0,0.0,0.0
1831522412,1463959,0,1.0,-0.029296875,0.0,-0.029296875,0.0,0.0,0.0
1831523664,1463960,0,1.001953125,-0.033203125,0.001953125,-0.03125,0.0,0.0,0.0
1831524915,1463961,0,1.001953125,-0.029296875,-0.001953125,-0.03125,0.0,0.0,0.0
1831526166,1463962,0,1.005859375,-0.03515625,-0.009765625,-0.044921875,0.0,0.0,0.0
1831527417,1463963,0,1.01171875,-0.029296875,-0.01171875,-0.041015625,0.0,0.0,0.0
1831528668,1463964,0,1.0078125,-0.029296875,0.005859375,-0.0234375,0.0,0.0,0.0
1831529920,1463965,0,0.998046875,-0.029296875,-0.001953125,-0.03125,0.0,0.0,0.0
1831531172,1463966,0,1.017578125,-0.02734375,0.005859375,-0.021484375,0.0,0.0,0.0
1831532422,1463967,0,1.005859375,-0.029296875,0.005859375,-0.0234375,0.0,0.0,0.0
1831533673,1463968,0,0.994140625,-0.0234375,0.001953125,-0.021484375,0.0,0.0,0.0
1831534924,1463969,0,1.001953125,-0.025390625,0.001953125,-0.0234375,0.0,0.0,0.0
1831536174,1463970,0,0.998046875,-0.01953125,0.0,-0.01953125,0.0,0.0,0.0
1831537425,1463971,0,1.005859375,-0.01953125,0.0,-0.01953125,0.0,0.0,0.0
1831538676,1463972,0,1.005859375,-0.01953125,0.0,-0.01953125,0.0,0.0,0.0
1831539927,1463973,0,1.009765625,-0.017578125,-0.001953125,-0.01953125,0.0,0.0,0.0
1831541177,1463974,0,1.001953125,-0.013671875,0.0,-0.013671875,0.0,0.0,0.0
1831542427,1463975,0,1.005859375,-0.009765625,0.0,-0.009765625,0.0,0.0,0.0
1831543679,1463976,0,1.001953125,-0.009765625,0.00390625,-0.005859375,0.0,0.0,0.0
1831544929,1463977,0,1.005859375,-0.005859375,-0.001953125,-0.0078125,0.0,0.0,0.0
1831546179,1463978,0,1.001953125,-0.00390625,-0.00390625,-0.0078125,0.0,0.0,0.0
1831547431,1463979,0,1.00390625,0.0,-0.001953125,-0.001953125,0.0,0.0,0.0
1831548681,1463980,0,0.998046875,-0.001953125,-0.001953125,-0.00390625,0.0,0.0,0.0
1831549932,1463981,0,1.001953125,-0.001953125,-0.001953125,-0.00390625,0.0,0.0,0.0
1831551182,1463982,0,1.00390625,0.001953125,-0.013671875,-0.01171875,0.0,0.0,0.0
1831552432,1463983,0,1.0078125,0.001953125,-0.00390625,-0.001953125,0.0,0.0,0.0
1831553684,1463984,0,1.013671875,0.00390625,0.0,0.00390625,0.0,0.0,0.0
1831554934,1463985,0,1.001953125,0.015625,0.0,0.015625,0.0,0.0,0.0
1831556184,1463986,0,0.998046875,0.013671875,-0.001953125,0.01171875,0.0,0.0,0.0
1831557436,1463987,0,1.0,0.005859375,-0.0078125,-0.001953125,0.0,0.0,0.0
1831558686,1463988,0,1.0,0.01171875,-0.015625,-0.00390625,0.0,0.0,0.0
1831559937,1463989,0,1.001953125,0.013671875,-0.00390625,0.009765625,0.0,0.0,0.0
1831561188,1463990,0,1.005859375,0.0078125,-0.005859375,0.001953125,0.0,0.0,0.0
1831562439,1463991,0,1.009765625,0.013671875,-0.001953125,0.01171875,0.0,0.0,0.0
1831563691,1463992,0,1.001953125,0.01171875,-0.001953125,0.009765625,0.0,0.0,0.0
1831564942,1463993,0,1.005859375,0.013671875,-0.001953125,0.01171875,0.0,0.0,0.0
1831566192,1463994,0,1.0078125,0.015625,-0.001953125,0.013671875,0.0,0.0,0.0
1831567443,1463995,0,1.0078125,0.0078125,-0.009765625,-0.001953125,0.0,0.0,0.0
1831568695,1463996,0,1.005859375,0.005859375,-0.001953125,0.00390625,0.0,0.0,0.0
1831569945,1463997,0,1.001953125,0.005859375,-0.01171875,-0.005859375,0.0,0.0,0.0
1831571197,1463998,0,1.00390625,0.001953125,-0.0078125,-0.005859375,0.0,0.0,0.0
1831572448,1463999,0,1.001953125,0.0,-0.013671875,-0.013671875,0.0,0.0,0.0
1831573698,1464000,0,1.0,0.001953125,-0.005859375,-0.00390625,0.0,0.0,0.0
1831574949,1464001,0,1.0,0.001953125,-0.009765625,-0.0078125,0.0,0.0,0.0
1831576199,1464002,0,1.00390625,-0.005859375,-0.001953125,-0.0078125,0.0,0.0,0.0
1831577449,1464003,0,1.005859375,-0.0078125,-0.009765625,-0.017578125,0.0,0.0,0.0
1831578701,1464004,0,1.0,-0.001953125,-0.005859375,-0.0078125,0.0,0.0,0.0
1831579951,1464005,0,1.005859375,-0.013671875,-0.0234375,-0.037109375,0.0,0.0,0.0
1831581202,1464006,0,1.001953125,-0.009765625,-0.0078125,-0.017578125,0.0,0.0,0.0
1831582453,1464007,0,1.005859375,-0.01171875,-0.009765625,-0.021484375,0.0,0.0,0.0
1831583704,1464008,0,1.00390625,-0.01171875,-0.00390625,-0.015625,0.0,0.0,0.0
1831584954,1464009,0,1.001953125,-0.01953125,0.00390625,-0.015625,0.0,0.0,0.0
1831586205,1464010,0,1.01171875,-0.021484375,-0.005859375,-0.02734375,0.0,0.0,0.0
1831587457,1464011,0,1.01171875,-0.01953125,-0.009765625,-0.029296875,0.0,0.0,0.0
1831588707,1464012,0,1.001953125,-0.0234375,-0.005859375,-0.029296875,0.0,0.0,0.0
1831589959,1464013,0,1.00390625,-0.025390625,0.001953125,-0.0234375,0.0,0.0,0.0
1831591209,1464014,0,1.001953125,-0.021484375,0.0,-0.021484375,0.0,0.0,0.0
1831592460,1464015,0,1.005859375,-0.021484375,0.001953125,-0.01953125,0.0,0.0,0.0
1831593711,1464016,0,1.005859375,-0.021484375,-0.001953125,-0.0234375,0.0,0.0,0.0
1831594961,1464017,0,1.001953125,-0.025390625,0.005859375,-0.01953125,0.0,0.0,0.0
1831596211,1464018,0,1.001953125,-0.025390625,0.001953125,-0.0234375,0.0,0.0,0.0
1831597461,1464019,0,1.0078125,-0.0234375,0.0,-0.0234375,0.0,0.0,0.0
1831598712,1464020,0,1.0078125,-0.025390625,0.001953125,-0.0234375,0.0,0.0,0.0
1831599962,1464021,0,1.001953125,-0.03125,-0.001953125,-0.033203125,0.0,0.0,0.0
1831601212,1464022,0,1.00390625,-0.02734375,0.005859375,-0.021484375,0.0,0.0,0.0
1831602463,1464023,0,1.005859375,-0.021484375,0.00390625,-0.017578125,0.0,0.0,0.0
1831603713,1464024,0,1.00390625,-0.01953125,0.0078125,-0.01171875,0.0,0.0,0.0
1831604965,1464025,0,1.015625,-0.0234375,0.01171875,-0.01171875,0.0,0.0,0.0
1831606216,1464026,0,1.00390625,-0.0234375,0.00390625,-0.01953125,0.0,0.0,0.0
1831607468,1464027,0,1.0078125,-0.0234375,0.00390625,-0.01953125,0.0,0.0,0.0
1831608718,1464028,0,0.998046875,-0.015625,0.0078125,-0.0078125,0.0,0.0,0.0
1831609970,1464029,0,1.01171875,-0.009765625,0.00390625,-0.005859375,0.0,0.0,0.0
1831611221,1464030,0,1.0,-0.009765625,0.0,-0.009765625,0.0,0.0,0.0
1831612471,1464031,0,0.9921875,-0.013671875,0.00390625,-0.009765625,0.0,0.0,0.0
1831613722,1464032,0,0.99609375,-0.009765625,0.005859375,-0.00390625,0.0,0.0,0.0
1831614973,1464033,0,0.998046875,-0.0078125,-0.001953125,-0.009765625,0.0,0.0,0.0
1831616225,1464034,0,1.005859375,-0.001953125,-0.00390625,-0.005859375,0.0,0.0,0.0
1831617477,1464035,0,1.005859375,0.001953125,0.0,0.001953125,0.0,0.0,0.0
1831618728,1464036,0,1.00390625,-0.005859375,0.001953125,-0.00390625,0.0,0.0,0.0
1831619978,1464037,0,1.00390625,-0.00390625,0.00390625,0.0,0.0,0.0,0.0
1831621229,1464038,0,1.001953125,0.00390625,-0.00390625,0.0,0.0,0.0,0.0
1831622481,1464039,0,1.00390625,0.00390625,-0.00390625,0.0,0.0,0.0,0.0
1831623731,1464040,0,1.0,0.00390625,-0.005859375,-0.001953125,0.0,0.0,0.0
1831624982,1464041,0,1.00390625,0.0078125,-0.001953125,0.005859375,0.0,0.0,0.0
1831626233,1464042,0,1.001953125,0.001953125,-0.001953125,0.0,0.0,0.0,0.0
1831627483,1464043,0,1.005859375,0.0078125,-0.00390625,0.00390625,0.0,0.0,0.0
1831628734,1464044,0,1.005859375,0.0078125,-0.009765625,-0.001953125,0.0,0.0,0.0
1831629984,1464045,0,1.001953125,0.005859375,-0.009765625,-0.00390625,0.0,0.0,0.0
1831631235,1464046,0,1.0078125,0.00390625,-0.001953125,0.001953125,0.0,0.0,0.0
1831632486,1464047,0,1.001953125,0.005859375,-0.005859375,0.0,0.0,0.0,0.0
1831633736,1464048,0,1.0078125,0.01171875,-0.005859375,0.005859375,0.0,0.0,0.0
1831634987,1464049,0,0.994140625,0.005859375,-0.001953125,0.00390625,0.0,0.0,0.0
1831636238,1464050,0,0.99609375,0.001953125,-0.001953125,0.0,0.0,0.0,0.0
1831637489,1464051,0,1.0,0.00390625,-0.009765625,-0.005859375,0.0,0.0,0.0
1831638739,1464052,0,1.001953125,0.001953125,-0.0234375,-0.021484375,0.0,0.0,0.0
1831639991,1464053,0,0.998046875,0.00390625,-0.013671875,-0.009765625,0.0,0.0,0.0
1831641241,1464054,0,1.001953125,0.001953125,-0.0078125,-0.005859375,0.0,0.0,0.0
1831642492,1464055,0,1.0078125,0.00390625,-0.013671875,-0.009765625,0.0,0.0,0.0
1831643744,1464056,0,1.00390625,-0.001953125,-0.00390625,-0.005859375,0.0,0.0,0.0
1831644994,1464057,0,1.005859375,-0.001953125,-0.005859375,-0.0078125,0.0,0.0,0.0
1831646245,1464058,0,1.001953125,-0.005859375,-0.01171875,-0.017578125,0.0,0.0,0.0
1831647496,1464059,0,1.001953125,-0.005859375,-0.0078125,-0.013671875,0.0,0.0,0.0
1831648747,1464060,0,1.0,-0.005859375,-0.00390625,-0.009765625,0.0,0.0,0.0
1831649998,1464061,0,1.001953125,-0.009765625,-0.0078125,-0.017578125,0.0,0.0,0.0
1831651248,1464062,0,1.0,-0.01171875,-0.013671875,-0.025390625,0.0,0.0,0.0
1831652499,1464063,0,1.0,-0.0078125,-0.001953125,-0.009765625,0.0,0.0,0.0
1831653750,1464064,0,1.001953125,-0.009765625,-0.001953125,-0.01171875,0.0,0.0,0.0
1831655001,1464065,0,1.0,-0.015625,-0.001953125,-0.017578125,0.0,0.0,0.0
1831656252,1464066,0,0.998046875,-0.01953125,-0.005859375,-0.025390625,0.0,0.0,0.0
1831657502,1464067,0,1.005859375,-0.009765625,-0.00390625,-0.013671875,0.0,0.0,0.0
1831658753,1464068,0,1.001953125,-0.01953125,-0.005859375,-0.025390625,0.0,0.0,0.0
1831660004,1464069,0,1.009765625,-0.015625,-0.00390625,-0.01953125,0.0,0.0,0.0
1831661255,1464070,0,1.0078125,-0.021484375,-0.001953125,-0.0234375,0.0,0.0,0.0
1831662505,1464071,0,1.005859375,-0.0234375,-0.001953125,-0.025390625,0.0,0.0,0.0
1831663756,1464072,0,0.998046875,-0.017578125,0.00390625,-0.013671875,0.0,0.0,0.0
1831665008,1464073,0,1.00390625,-0.0234375,0.005859375,-0.017578125,0.0,0.0,0.0
1831666258,1464074,0,1.001953125,-0.01953125,0.001953125,-0.017578125,0.0,0.0,0.0
1831667509,1464075,0,1.001953125,-0.021484375,0.00390625,-0.017578125,0.0,0.0,0.0
1831668759,1464076,0,1.005859375,-0.01953125,-0.001953125,-0.021484375,0.0,0.0,0.0
1831670010,1464077,0,1.00390625,-0.01953125,0.0,-0.01953125,0.0,0.0,0.0
1831671261,1464078,0,1.00390625,-0.01953125,0.0,-0.01953125,0.0,0.0,0.0
1831672513,1464079,0,1.001953125,-0.017578125,0.0,-0.017578125,0.0,0.0,0.0
1831673764,1464080,0,1.005859375,-0.01953125,0.001953125,-0.017578125,0.0,0.0,0.0
1831675015,1464081,0,1.001953125,-0.013671875,0.00390625,-0.009765625,0.0,0.0,0.0
1831676270,1464082,0,1.0078125,-0.01953125,0.009765625,-0.009765625,0.0,0.0,0.0
1831677521,1464083,0,1.001953125,-0.013671875,0.001953125,-0.01171875,0.0,0.0,0.0
1831678772,1464084,0,1.001953125,-0.01171875,0.0078125,-0.00390625,0.0,0.0,0.0
1831680024,1464085,0,1.00390625,-0.01171875,0.00390625,-0.0078125,0.0,0.0,0.0
1831681275,1464086,0,1.009765625,-0.0078125,0.005859375,-0.001953125,0.0,0.0,0.0
1831682527,1464087,0,1.01171875,-0.0078125,0.001953125,-0.005859375,0.0,0.0,0.0
1831683778,1464088,0,1.005859375,-0.001953125,0.00390625,0.001953125,0.0,0.0,0.0
1831685028,1464089,0,1.005859375,-0.0078125,0.00390625,-0.00390625,0.0,0.0,0.0
1831686279,1464090,0,1.0078125,-0.0078125,0.00390625,-0.00390625,0.0,0.0,0.0
1831687530,1464091,0,0.998046875,-0.005859375,-0.001953125,-0.0078125,0.0,0.0,0.0
1831688782,1464092,0,1.021484375,-0.001953125,-0.00390625,-0.005859375,0.0,0.0,0.0
1831690032,1464093,0,1.01953125,-0.00390625,-0.0078125,-0.01171875,0.0,0.0,0.0
1831691282,1464094,0,1.015625,-0.001953125,0.009765625,0.0078125,0.0,0.0,0.0
1831692532,1464095,0,1.0,0.001953125,0.001953125,0.00390625,0.0,0.0,0.0
1831693783,1464096,0,1.0078125,0.00390625,-0.001953125,0.001953125,0.0,0.0,0.0
1831695034,1464097,0,1.001953125,-0.001953125,-0.001953125,-0.00390625,0.0,0.0,0.0
1831696285,1464098,0,1.001953125,0.001953125,-0.00390625,-0.001953125,0.0,0.0,0.0
1831697537,1464099,0,1.001953125,0.00390625,0.0,0.00390625,0.0,0.0,0.0
1831698789,1464100,0,1.00390625,0.001953125,-0.0078125,-0.005859375,0.0,0.0,0.0
1831700039,1464101,0,1.009765625,0.001953125,-0.005859375,-0.00390625,0.0,0.0,0.0
1831701290,1464102,0,1.0078125,0.0,-0.009765625,-0.009765625,0.0,0.0,0.0
1831702541,1464103,0,1.00390625,0.00390625,-0.00390625,0.0,0.0,0.0,0.0
1831703792,1464104,0,1.005859375,0.00390625,-0.00390625,0.0,0.0,0.0,0.0
1831705042,1464105,0,1.005859375,-0.001953125,-0.0078125,-0.009765625,0.0,0.0,0.0
1831706294,1464106,0,1.005859375,0.0,-0.013671875,-0.013671875,0.0,0.0,0.0
1831707545,1464107,0,1.00390625,-0.001953125,-0.005859375,-0.0078125,0.0,0.0,0.0
1831708795,1464108,0,1.00390625,-0.0078125,-0.005859375,-0.013671875,0.0,0.0,0.0
1831710047,1464109,0,1.00390625,-0.005859375,-0.005859375,-0.01171875,0.0,0.0,0.0
1831711298,1464110,0,0.994140625,0.001953125,-0.009765625,-0.0078125,0.0,0.0,0.0
1831712549,1464111,0,1.005859375,0.0,-0.009765625,-0.009765625,0.0,0.0,0.0
1831713800,1464112,0,1.0078125,-0.005859375,-0.0078125,-0.013671875,0.0,0.0,0.0
1831715050,1464113,0,0.99609375,-0.00390625,-0.009765625,-0.013671875,0.0,0.0,0.0
1831716301,1464114,0,1.001953125,-0.009765625,-0.009765625,-0.01953125,0.0,0.0,0.0
1831717552,1464115,0,1.009765625,-0.013671875,-0.00390625,-0.017578125,0.0,0.0,0.0
1831718803,1464116,0,1.00390625,-0.009765625,-0.01171875,-0.021484375,0.0,0.0,0.0
1831720053,1464117,0,1.001953125,-0.0078125,-0.005859375,-0.013671875,0.0,0.0,0.0
1831721305,1464118,0,1.001953125,-0.013671875,-0.01171875,-0.025390625,0.0,0.0,0.0
1831722557,1464119,0,1.009765625,-0.013671875,-0.00390625,-0.017578125,0.0,0.0,0.0
1831723808,1464120,0,1.0,-0.013671875,-0.005859375,-0.01953125,0.0,0.0,0.0
1831725059,1464121,0,1.005859375,-0.015625,-0.0078125,-0.0234375,0.0,0.0,0.0
1831726310,1464122,0,1.00390625,-0.01171875,-0.00390625,-0.015625,0.0,0.0,0.0
1831727562,1464123,0,0.99609375,-0.01171875,-0.00390625,-0.015625,0.0,0.0,0.0
1831728812,1464124,0,1.001953125,-0.021484375,-0.001953125,-0.0234375,0.0,0.0,0.0
1831730064,1464125,0,1.00390625,-0.013671875,-0.001953125,-0.015625,0.0,0.0,0.0
1831731314,1464126,0,1.001953125,-0.0234375,0.001953125,-0.021484375,0.0,0.0,0.0
1831732565,1464127,0,1.005859375,-0.017578125,-0.001953125,-0.01953125,0.0,0.0,0.0
1831733816,1464128,0,1.005859375,-0.021484375,0.0,-0.021484375,0.0,0.0,0.0
1831735066,1464129,0,1.00390625,-0.017578125,0.005859375,-0.01171875,0.0,0.0,0.0
1831736317,1464130,0,1.009765625,-0.015625,0.00390625,-0.01171875,0.0,0.0,0.0
1831737569,1464131,0,1.013671875,-0.01171875,-0.001953125,-0.013671875,0.0,0.0,0.0
1831738819,1464132,0,1.0078125,-0.01171875,0.001953125,-0.009765625,0.0,0.0,0.0
1831740070,1464133,0,1.001953125,-0.01171875,-0.001953125,-0.013671875,0.0,0.0,0.0
1831741321,1464134,0,1.005859375,-0.013671875,0.013671875,0.0,0.0,0.0,0.0
1831742571,1464135,0,1.0078125,-0.0078125,0.0078125,0.0,0.0,0.0,0.0
1831743822,1464136,0,1.00390625,-0.01171875,0.00390625,-0.0078125,0.0,0.0,0.0
1831745074,1464137,0,1.005859375,-0.005859375,0.00390625,-0.001953125,0.0,0.0,0.0
1831746324,1464138,0,1.005859375,-0.01171875,0.001953125,-0.009765625,0.0,0.0,0.0
1831747575,1464139,0,0.99609375,-0.009765625,0.0078125,-0.001953125,0.0,0.0,0.0
1831748827,1464140,0,1.0078125,-0.0078125,0.0078125,0.0,0.0,0.0,0.0
1831750077,1464141,0,1.00390625,-0.001953125,0.009765625,0.0078125,0.0,0.0,0.0
1831751328,1464142,0,1.0,-0.0078125,0.001953125,-0.005859375,0.0,0.0,0.0
1831752580,1464143,0,1.001953125,-0.009765625,-0.001953125,-0.01171875,0.0,0.0,0.0
1831753832,1464144,0,1.001953125,-0.005859375,0.001953125,-0.00390625,0.0,0.0,0.0
1831755082,1464145,0,0.998046875,-0.005859375,-0.001953125,-0.0078125,0.0,0.0,0.0
1831756333,1464146,0,1.0,-0.001953125,0.0,-0.001953125,0.0,0.0,0.0
1831757585,1464147,0,1.00390625,-0.00390625,0.001953125,-0.001953125,0.0,0.0,0.0
1831758835,1464148,0,1.0,0.0,-0.005859375,-0.005859375,0.0,0.0,0.0
1831760086,1464149,0,1.001953125,-0.001953125,0.0,-0.001953125,0.0,0.0,0.0
1831761338,1464150,0,1.00390625,0.001953125,0.0,0.001953125,0.0,0.0,0.0
1831762589,1464151,0,1.013671875,-0.001953125,-0.001953125,-0.00390625,0.0,0.0,0.0
1831763840,1464152,0,1.005859375,-0.009765625,-0.009765625,-0.01953125,0.0,0.0,0.0
1831765092,1464153,0,1.0078125,-0.009765625,-0.005859375,-0.015625,0.0,0.0,0.0
1831766343,1464154,0,1.0078125,0.0,-0.001953125,-0.001953125,0.0,0.0,0.0
1831767594,1464155,0,1.001953125,0.0,0.0,0.0,0.0,0.0,0.0
1831768845,1464156,0,1.005859375,-0.005859375,0.0,-0.005859375,0.0,0.0,0.0
1831770096,1464157,0,1.01171875,-0.00390625,-0.009765625,-0.013671875,0.0,0.0,0.0
1831771346,1464158,0,1.001953125,-0.00390625,-0.00390625,-0.0078125,0.0,0.0,0.0
1831772598,1464159,0,1.013671875,-0.005859375,-0.005859375,-0.01171875,0.0,0.0,0.0
1831773849,1464160,0,1.001953125,-0.005859375,-0.0078125,-0.013671875,0.0,0.0,0.0
1831775099,1464161,0,1.0,-0.005859375,-0.005859375,-0.01171875,0.0,0.0,0.0
1831776350,1464162,0,1.005859375,-0.005859375,-0.0078125,-0.013671875,0.0,0.0,0.0
1831777601,1464163,0,1.005859375,0.0,-0.00390625,-0.00390625,0.0,0.0,0.0
1831778852,1464164,0,1.00390625,-0.005859375,-0.00390625,-0.009765625,0.0,0.0,0.0
1831780103,1464165,0,1.001953125,-0.00390625,0.0,-0.00390625,0.0,0.0,0.0
1831781354,1464166,0,1.005859375,-0.0078125,-0.0078125,-0.015625,0.0,0.0,0.0
1831782605,1464167,0,1.005859375,-0.00390625,-0.00390625,-0.0078125,0.0,0.0,0.0
1831783855,1464168,0,1.00390625,-0.0078125,-0.01171875,-0.01953125,0.0,0.0,0.0
1831785107,1464169,0,1.0078125,-0.009765625,-0.00390625,-0.013671875,0.0,0.0,0.0
1831786357,1464170,0,1.005859375,-0.009765625,-0.009765625,-0.01953125,0.0,0.0,0.0
1831787607,1464171,0,1.001953125,-0.01171875,-0.00390625,-0.015625,0.0,0.0,0.0
1831788859,1464172,0,1.005859375,-0.009765625,-0.0078125,-0.017578125,0.0,0.0,0.0
1831790109,1464173,0,1.01171875,-0.01171875,-0.00390625,-0.015625,0.0,0.0,0.0
1831791361,1464174,0,1.01171875,-0.013671875,-0.0078125,-0.021484375,0.0,0.0,0.0
1831792611,1464175,0,1.001953125,-0.017578125,-0.001953125,-0.01953125,0.0,0.0,0.0
1831793861,1464176,0,1.001953125,-0.01171875,-0.001953125,-0.013671875,0.0,0.0,0.0
1831795113,1464177,0,1.001953125,-0.0078125,-0.00390625,-0.01171875,0.0,0.0,0.0
1831796364,1464178,0,1.0078125,-0.015625,-0.001953125,-0.017578125,0.0,0.0,0.0
1831797616,1464179,0,1.0078125,-0.009765625,0.001953125,-0.0078125,0.0,0.0,0.0
1831798866,1464180,0,1.005859375,-0.015625,0.001953125,-0.013671875,0.0,0.0,0.0
1831800118,1464181,0,1.0,-0.013671875,0.00390625,-0.009765625,0.0,0.0,0.0
1831801368,1464182,0,1.005859375,-0.015625,0.001953125,-0.013671875,0.0,0.0,0.0
1831802619,1464183,0,1.0,-0.013671875,-0.001953125,-0.015625,0.0,0.0,0.0
1831803869,1464184,0,1.0078125,-0.013671875,-0.001953125,-0.015625,0.0,0.0,0.0
1831805119,1464185,0,1.00390625,-0.013671875,0.00390625,-0.009765625,0.0,0.0,0.0
1831806371,1464186,0,1.005859375,-0.015625,0.0,-0.015625,0.0,0.0,0.0
1831807622,1464187,0,1.0,-0.01171875,-0.001953125,-0.013671875,0.0,0.0,0.0
1831808874,1464188,0,1.009765625,-0.01171875,0.001953125,-0.009765625,0.0,0.0,0.0
1831810124,1464189,0,1.001953125,-0.01171875,0.005859375,-0.005859375,0.0,0.0,0.0
1831811375,1464190,0,1.0078125,-0.009765625,0.0,-0.009765625,0.0,0.0,0.0
1831812625,1464191,0,1.00390625,-0.013671875,0.00390625,-0.009765625,0.0,0.0,0.0
1831813877,1464192,0,1.001953125,-0.0078125,0.00390625,-0.00390625,0.0,0.0,0.0
1831815127,1464193,0,1.005859375,-0.01171875,0.0,-0.01171875,0.0,0.0,0.0
1831816377,1464194,0,1.005859375,-0.005859375,0.001953125,-0.00390625,0.0,0.0,0.0
1831817629,1464195,0,1.00390625,-0.013671875,-0.001953125,-0.015625,0.0,0.0,0.0
1831818879,1464196,0,1.005859375,0.0,0.005859375,0.005859375,0.0,0.0,0.0
1831820130,1464197,0,1.015625,-0.00390625,0.0,-0.00390625,0.0,0.0,0.0
1831821381,1464198,0,0.99609375,0.0,0.00390625,0.00390625,0.0,0.0,0.0
1831822631,1464199,0,1.01171875,-0.005859375,0.0,-0.005859375,0.0,0.0,0.0
1831823882,1464200,0,1.001953125,-0.005859375,0.0,-0.005859375,0.0,0.0,0.0
1831825133,1464201,0,1.00390625,-0.00390625,-0.001953125,-0.005859375,0.0,0.0,0.0
1831826384,1464202,0,1.009765625,-0.005859375,0.001953125,-0.00390625,0.0,0.0,0.0
1831827635,1464203,0,1.009765625,0.0,-0.001953125,-0.001953125,0.0,0.0,0.0
1831828885,1464204,0,1.0,-0.001953125,-0.005859375,-0.0078125,0.0,0.0,0.0
1831830136,1464205,0,1.001953125,0.0,0.0,0.0,0.0,0.0,0.0
1831831387,1464206,0,1.00390625,-0.00390625,0.0,-0.00390625,0.0,0.0,0.0
1831832638,1464207,0,0.998046875,-0.001953125,0.005859375,0.00390625,0.0,0.0,0.0
1831833889,1464208,0,1.001953125,-0.00390625,-0.00390625,-0.0078125,0.0,0.0,0.0
1831835140,1464209,0,1.005859375,-0.00390625,-0.00390625,-0.0078125,0.0,0.0,0.0
1831836392,1464210,0,1.00390625,-0.00390625,-0.005859375,-0.009765625,0.0,0.0,0.0
1831837642,1464211,0,0.998046875,0.001953125,-0.00390625,-0.001953125,0.0,0.0,0.0
1831838894,1464212,0,1.005859375,-0.00390625,-0.00390625,-0.0078125,0.0,0.0,0.0
1831840145,1464213,0,1.005859375,-0.005859375,0.001953125,-0.00390625,0.0,0.0,0.0
1831841395,1464214,0,1.01953125,0.0,0.001953125,0.001953125,0.0,0.0,0.0
1831842646,1464215,0,1.001953125,-0.0234375,0.00390625,-0.01953125,0.0,0.0,0.0
1831843898,1464216,0,1.00390625,-0.013671875,-0.005859375,-0.01953125,0.0,0.0,0.0
1831845149,1464217,0,1.009765625,-0.0078125,0.0,-0.0078125,0.0,0.0,0.0
1831846400,1464218,0,1.005859375,-0.0078125,-0.001953125,-0.009765625,0.0,0.0,0.0
1831847651,1464219,0,1.005859375,-0.01953125,-0.0078125,-0.02734375,0.0,0.0,0.0
1831848902,1464220,0,1.0,-0.01171875,-0.001953125,-0.013671875,0.0,0.0,0.0
1831850154,1464221,0,1.001953125,-0.029296875,0.005859375,-0.0234375,0.0,0.0,0.0
1831851405,1464222,0,1.0078125,-0.021484375,0.009765625,-0.01171875,0.0,0.0,0.0
1831852657,1464223,0,1.0078125,-0.021484375,0.001953125,-0.01953125,0.0,0.0,0.0
1831853907,1464224,0,1.00390625,-0.01953125,-0.005859375,-0.025390625,0.0,0.0,0.0
1831855158,1464225,0,1.00390625,-0.01953125,0.001953125,-0.017578125,0.0,0.0,0.0
1831856409,1464226,0,1.005859375,-0.009765625,-0.001953125,-0.01171875,0.0,0.0,0.0
1831857660,1464227,0,1.005859375,-0.0078125,-0.0078125,-0.015625,0.0,0.0,0.0
1831858911,1464228,0,1.00390625,-0.005859375,-0.01171875,-0.017578125,0.0,0.0,0.0
1831860161,1464229,0,1.0078125,-0.01171875,-0.00390625,-0.015625,0.0,0.0,0.0
1831861412,1464230,0,1.005859375,-0.00390625,-0.005859375,-0.009765625,0.0,0.0,0.0
1831862664,1464231,0,1.00390625,-0.00390625,-0.00390625,-0.0078125,0.0,0.0,0.0
1831863915,1464232,0,1.005859375,-0.001953125,-0.013671875,-0.015625,0.0,0.0,0.0
1831865166,1464233,0,1.009765625,0.0,-0.009765625,-0.009765625,0.0,0.0,0.0
1831866417,1464234,0,1.005859375,0.0,-0.01171875,-0.01171875,0.0,0.0,0.0
1831867668,1464235,0,1.00390625,-0.001953125,-0.01171875,-0.013671875,0.0,0.0,0.0
1831868920,1464236,0,1.00390625,0.0,-0.01953125,-0.01953125,0.0,0.0,0.0
1831870172,1464237,0,1.005859375,-0.01171875,-0.01171875,-0.0234375,0.0,0.0,0.0
1831871422,1464238,0,1.00390625,-0.005859375,-0.005859375,-0.01171875,0.0,0.0,0.0
1831872673,1464239,0,1.005859375,-0.005859375,0.001953125,-0.00390625,0.0,0.0,0.0
1831873924,1464240,0,0.9921875,-0.01171875,-0.013671875,-0.025390625,0.0,0.0,0.0
1831875174,1464241,0,0.998046875,-0.0078125,-0.00390625,-0.01171875,0.0,0.0,0.0
1831876425,1464242,0,0.99609375,-0.0078125,-0.0078125,-0.015625,0.0,0.0,0.0
1831877676,1464243,0,0.99609375,-0.013671875,-0.00390625,-0.017578125,0.0,0.0,0.0
1831878927,1464244,0,0.994140625,-0.013671875,0.00390625,-0.009765625,0.0,0.0,0.0
1831880177,1464245,0,1.00390625,-0.009765625,0.001953125,-0.0078125,0.0,0.0,0.0
1831881427,1464246,0,1.001953125,-0.01953125,-0.001953125,-0.021484375,0.0,0.0,0.0
1831882679,1464247,0,1.005859375,-0.013671875,-0.001953125,-0.015625,0.0,0.0,0.0
1831883929,1464248,0,1.00390625,-0.013671875,0.0,-0.013671875,0.0,0.0,0.0
1831885179,1464249,0,1.0078125,-0.009765625,0.0,-0.009765625,0.0,0.0,0.0
1831886431,1464250,0,1.0078125,-0.0078125,-0.001953125,-0.009765625,0.0,0.0,0.0
1831887681,1464251,0,0.998046875,-0.005859375,0.001953125,-0.00390625,0.0,0.0,0.0
1831888932,1464252,0,1.005859375,-0.0078125,0.0,-0.0078125,0.0,0.0,0.0
1831890182,1464253,0,1.00390625,-0.00390625,0.00390625,0.0,0.0,0.0,0.0
1831891432,1464254,0,1.0,-0.005859375,0.0,-0.005859375,0.0,0.0,0.0
1831892684,1464255,0,1.009765625,0.0,0.0,0.0,0.0,0.0,0.0
1831893934,1464256,0,1.009765625,-0.005859375,0.0,-0.005859375,0.0,0.0,0.0
1831895184,1464257,0,1.0,0.00390625,-0.009765625,-0.005859375,0.0,0.0,0.0
1831896436,1464258,0,1.009765625,-0.001953125,-0.0078125,-0.009765625,0.0,0.0,0.0
1831897686,1464259,0,1.0,0.0078125,-0.0078125,0.0,0.0,0.0,0.0
1831898937,1464260,0,1.005859375,0.005859375,0.001953125,0.0078125,0.0,0.0,0.0
1831900188,1464261,0,1.013671875,0.0,-0.0078125,-0.0078125,0.0,0.0,0.0
1831901439,1464262,0,1.005859375,0.0,-0.00390625,-0.00390625,0.0,0.0,0.0
1831902691,1464263,0,1.0,-0.00390625,0.0,-0.00390625,0.0,0.0,0.0
1831903942,1464264,0,1.00390625,0.0,0.0,0.0,0.0,0.0,0.0
1831905192,1464265,0,1.0078125,0.0,-0.001953125,-0.001953125,0.0,0.0,0.0
1831906443,1464266,0,1.00390625,-0.00390625,-0.005859375,-0.009765625,0.0,0.0,0.0
1831907695,1464267,0,1.005859375,-0.005859375,-0.0078125,-0.013671875,0.0,0.0,0.0
1831908945,1464268,0,1.00390625,-0.005859375,-0.005859375,-0.01171875,0.0,0.0,0.0
1831910197,1464269,0,1.00390625,-0.009765625,-0.001953125,-0.01171875,0.0,0.0,0.0
1831911448,1464270,0,1.00390625,-0.0078125,-0.0078125,-0.015625,0.0,0.0,0.0
1831912698,1464271,0,1.005859375,-0.009765625,-0.001953125,-0.01171875,0.0,0.0,0.0
1831913949,1464272,0,1.00390625,-0.017578125,-0.001953125,-0.01953125,0.0,0.0,0.0
1831915199,1464273,0,1.00390625,-0.015625,-0.00390625,-0.01953125,0.0,0.0,0.0
1831916449,1464274,0,1.001953125,-0.01171875,0.0,-0.01171875,0.0,0.0,0.0
1831917701,1464275,0,1.0,-0.017578125,-0.001953125,-0.01953125,0.0,0.0,0.0
1831918951,1464276,0,1.001953125,-0.015625,-0.001953125,-0.017578125,0.0,0.0,0.0
1831920202,1464277,0,1.0078125,-0.013671875,-0.001953125,-0.015625,0.0,0.0,0.0
1831921453,1464278,0,1.0078125,-0.015625,0.001953125,-0.013671875,0.0,0.0,0.0
1831922704,1464279,0,1.0078125,-0.013671875,-0.00390625,-0.017578125,0.0,0.0,0.0
1831923954,1464280,0,1.013671875,-0.013671875,0.005859375,-0.0078125,0.0,0.0,0.0
1831925205,1464281,0,1.009765625,-0.01171875,0.0,-0.01171875,0.0,0.0,0.0
1831926457,1464282,0,1.0078125,-0.013671875,-0.005859375,-0.01953125,0.0,0.0,0.0
1831927707,1464283,0,1.001953125,-0.013671875,-0.00390625,-0.017578125,0.0,0.0,0.0
1831928959,1464284,0,1.0078125,-0.017578125,-0.001953125,-0.01953125,0.0,0.0,0.0
1831930209,1464285,0,0.998046875,-0.009765625,-0.001953125,-0.01171875,0.0,0.0,0.0
1831931460,1464286,0,0.998046875,-0.01171875,-0.005859375,-0.017578125,0.0,0.0,0.0
1831932711,1464287,0,1.0078125,-0.013671875,-0.005859375,-0.01953125,0.0,0.0,0.0
1831933961,1464288,0,1.00390625,-0.009765625,-0.005859375,-0.015625,0.0,0.0,0.0
1831935211,1464289,0,1.0078125,-0.009765625,0.0,-0.009765625,0.0,0.0,0.0
1831936461,1464290,0,1.005859375,-0.009765625,-0.005859375,-0.015625,0.0,0.0,0.0
1831937712,1464291,0,1.0078125,-0.01171875,-0.00390625,-0.015625,0.0,0.0,0.0
1831938962,1464292,0,1.0078125,-0.00390625,0.0,-0.00390625,0.0,0.0,0.0
1831940212,1464293,0,1.00390625,-0.0078125,0.001953125,-0.005859375,0.0,0.0,0.0
1831941463,1464294,0,1.009765625,-0.01171875,-0.001953125,-0.013671875,0.0,0.0,0.0
1831942713,1464295,0,1.005859375,-0.009765625,-0.001953125,-0.01171875,0.0,0.0,0.0
1831943965,1464296,0,1.001953125,-0.009765625,-0.001953125,-0.01171875,0.0,0.0,0.0
1831945216,1464297,0,0.998046875,-0.001953125,-0.00390625,-0.005859375,0.0,0.0,0.0
1831946468,1464298,0,1.005859375,-0.005859375,-0.001953125,-0.0078125,0.0,0.0,0.0
1831947718,1464299,0,1.009765625,-0.00390625,-0.00390625,-0.0078125,0.0,0.0,0.0
1831948970,1464300,0,1.0,-0.005859375,-0.0078125,-0.013671875,0.0,0.0,0.0
1831950221,1464301,0,0.998046875,-0.00390625,0.005859375,0.001953125,0.0,0.0,0.0
1831951471,1464302,0,0.998046875,-0.0078125,-0.00390625,-0.01171875,0.0,0.0,0.0
1831952722,1464303,0,0.998046875,-0.001953125,0.005859375,0.00390625,0.0,0.0,0.0
1831953973,1464304,0,1.005859375,-0.005859375,0.0,-0.005859375,0.0,0.0,0.0
1831955225,1464305,0,1.009765625,-0.005859375,-0.005859375,-0.01171875,0.0,0.0,0.0
1831956477,1464306,0,1.00390625,0.001953125,-0.00390625,-0.001953125,0.0,0.0,0.0
1831957728,1464307,0,0.998046875,-0.00390625,-0.001953125,-0.005859375,0.0,0.0,0.0
1831958978,1464308,0,1.00390625,-0.001953125,-0.00390625,-0.005859375,0.0,0.0,0.0
1831960229,1464309,0,1.009765625,-0.005859375,0.0,-0.005859375,0.0,0.0,0.0
1831961481,1464310,0,1.0,0.0,0.005859375,0.005859375,0.0,0.0,0.0
1831962731,1464311,0,1.001953125,0.00390625,0.001953125,0.005859375,0.0,0.0,0.0
1831963982,1464312,0,1.0078125,0.001953125,-0.00390625,-0.001953125,0.0,0.0,0.0
1831965233,1464313,0,1.00390625,0.0,0.0,0.0,0.0,0.0,0.0
1831966483,1464314,0,1.001953125,-0.005859375,-0.005859375,-0.01171875,0.0,0.0,0.0
1831967734,1464315,0,1.0078125,-0.005859375,0.0,-0.005859375,0.0,0.0,0.0
1831968984,1464316,0,1.001953125,-0.001953125,-0.001953125,-0.00390625,0.0,0.0,0.0
1831970235,1464317,0,1.001953125,-0.005859375,-0.001953125,-0.0078125,0.0,0.0,0.0
1831971486,1464318,0,1.0078125,-0.001953125,-0.001953125,-0.00390625,0.0,0.0,0.0
1831972736,1464319,0,1.005859375,-0.00390625,-0.001953125,-0.005859375,0.0,0.0,0.0
1831973987,1464320,0,1.009765625,-0.005859375,-0.00390625,-0.009765625,0.0,0.0,0.0
1831975238,1464321,0,1.005859375,-0.005859375,-0.00390625,-0.009765625,0.0,0.0,0.0
1831976489,1464322,0,1.00390625,-0.00390625,-0.0078125,-0.01171875,0.0,0.0,0.0
1831977739,1464323,0,1.0,0.001953125,-0.00390625,-0.001953125,0.0,0.0,0.0
1831978990,1464324,0,1.0,-0.001953125,-0.00390625,-0.005859375,0.0,0.0,0.0
1831980241,1464325,0,0.998046875,-0.00390625,-0.005859375,-0.009765625,0.0,0.0,0.0
1831981492,1464326,0,1.0,-0.00390625,0.001953125,-0.001953125,0.0,0.0,0.0
1831982742,1464327,0,1.01171875,-0.001953125,-0.00390625,-0.005859375,0.0,0.0,0.0
1831983993,1464328,0,0.998046875,-0.01171875,-0.0078125,-0.01953125,0.0,0.0,0.0
1831985244,1464329,0,1.00390625,-0.009765625,-0.00390625,-0.013671875,0.0,0.0,0.0
1831986494,1464330,0,1.001953125,-0.013671875,-0.00390625,-0.017578125,0.0,0.0,0.0
1831987746,1464331,0,1.009765625,-0.01171875,-0.00390625,-0.015625,0.0,0.0,0.0
1831988997,1464332,0,1.00390625,-0.013671875,-0.00390625,-0.017578125,0.0,0.0,0.0
1831990248,1464333,0,1.0078125,-0.01171875,-0.001953125,-0.013671875,0.0,0.0,0.0
1831991499,1464334,0,1.0078125,-0.01171875,0.00390625,-0.0078125,0.0,0.0,0.0
1831992750,1464335,0,1.005859375,-0.009765625,-0.001953125,-0.01171875,0.0,0.0,0.0
1831994001,1464336,0,0.998046875,-0.005859375,-0.00390625,-0.009765625,0.0,0.0,0.0
1831995252,1464337,0,1.0,-0.013671875,-0.00390625,-0.017578125,0.0,0.0,0.0
1831996502,1464338,0,1.001953125,-0.013671875,-0.005859375,-0.01953125,0.0,0.0,0.0
1831997753,1464339,0,1.005859375,-0.0078125,0.0,-0.0078125,0.0,0.0,0.0
1831999004,1464340,0,1.005859375,-0.01171875,-0.005859375,-0.017578125,0.0,0.0,0.0
1832000255,1464341,0,1.009765625,-0.009765625,0.0,-0.009765625,0.0,0.0,0.0
1832001505,1464342,0,1.009765625,-0.0078125,-0.005859375,-0.013671875,0.0,0.0,0.0
1832002756,1464343,0,1.00390625,-0.005859375,0.001953125,-0.00390625,0.0,0.0,0.0
1832004008,1464344,0,1.005859375,-0.009765625,-0.00390625,-0.013671875,0.0,0.0,0.0
1832005258,1464345,0,1.001953125,-0.009765625,-0.0078125,-0.017578125,0.0,0.0,0.0
1832006509,1464346,0,1.0078125,-0.005859375,0.001953125,-0.00390625,0.0,0.0,0.0
1832007759,1464347,0,0.998046875,-0.00390625,-0.04296875,-0.046875,0.0,0.0,0.0
1832009010,1464348,0,1.015625,-0.0078125,0.00390625,-0.00390625,0.0,0.0,0.0
1832010261,1464349,0,1.009765625,-0.005859375,0.001953125,-0.00390625,0.0,0.0,0.0
1832011513,1464350,0,0.998046875,-0.00390625,-0.001953125,-0.005859375,0.0,0.0,0.0
1832012764,1464351,0,1.009765625,-0.00390625,-0.001953125,-0.005859375,0.0,0.0,0.0
1832014015,1464352,0,1.0,-0.001953125,0.0,-0.001953125,0.0,0.0,0.0
1832015270,1464353,0,1.005859375,-0.009765625,-0.001953125,-0.01171875,0.0,0.0,0.0
1832016521,1464354,0,1.005859375,-0.001953125,-0.0078125,-0.009765625,0.0,0.0,0.0
1832017772,1464355,0,1.005859375,-0.005859375,-0.00390625,-0.009765625,0.0,0.0,0.0
1832019024,1464356,0,1.001953125,-0.00390625,-0.00390625,-0.0078125,0.0,0.0,0.0
1832020275,1464357,0,1.0,-0.001953125,0.001953125,0.0,0.0,0.0,0.0
1832021527,1464358,0,1.001953125,-0.00390625,-0.001953125,-0.005859375,0.0,0.0,0.0
1832022778,1464359,0,1.0078125,-0.001953125,-0.00390625,-0.005859375,0.0,0.0,0.0
1832024028,1464360,0,1.005859375,-0.0078125,-0.001953125,-0.009765625,0.0,0.0,0.0
1832025279,1464361,0,1.009765625,-0.001953125,-0.001953125,-0.00390625,0.0,0.0,0.0
1832026530,1464362,0,1.005859375,-0.00390625,0.0,-0.00390625,0.0,0.0,0.0
1832027782,1464363,0,1.005859375,-0.001953125,-0.00390625,-0.005859375,0.0,0.0,0.0
1832029032,1464364,0,1.005859375,-0.001953125,0.0,-0.001953125,0.0,0.0,0.0
1832030282,1464365,0,1.013671875,-0.00390625,0.0078125,0.00390625,0.0,0.0,0.0
1832031532,1464366,0,1.005859375,0.0,0.001953125,0.001953125,0.0,0.0,0.0
1832032783,1464367,0,1.015625,-0.009765625,-0.00390625,-0.013671875,0.0,0.0,0.0
1832034034,1464368,0,1.009765625,-0.001953125,0.001953125,0.0,0.0,0.0,0.0
1832035285,1464369,0,0.9921875,-0.005859375,0.0,-0.005859375,0.0,0.0,0.0
1832036537,1464370,0,0.994140625,0.0,-0.00390625,-0.00390625,0.0,0.0,0.0
1832037789,1464371,0,0.998046875,-0.0078125,0.0,-0.0078125,0.0,0.0,0.0
1832039039,1464372,0,1.00390625,-0.005859375,0.0,-0.005859375,0.0,0.0,0.0
1832040290,1464373,0,0.998046875,-0.0078125,-0.001953125,-0.009765625,0.0,0.0,0.0
1832041541,1464374,0,0.998046875,-0.009765625,-0.001953125,-0.01171875,0.0,0.0,0.0
1832042792,1464375,0,0.998046875,-0.0078125,-0.001953125,-0.009765625,0.0,0.0,0.0
1832044042,1464376,0,1.001953125,-0.005859375,0.005859375,0.0,0.0,0.0,0.0
1832045294,1464377,0,1.0078125,-0.005859375,-0.001953125,-0.0078125,0.0,0.0,0.0
1832046545,1464378,0,1.009765625,-0.009765625,0.0,-0.009765625,0.0,0.0,0.0
1832047795,1464379,0,1.0078125,-0.013671875,-0.001953125,-0.015625,0.0,0.0,0.0
1832049047,1464380,0,1.005859375,-0.0078125,-0.00390625,-0.01171875,0.0,0.0,0.0
1832050298,1464381,0,1.005859375,-0.01171875,-0.001953125,-0.013671875,0.0,0.0,0.0
1832051549,1464382,0,1.001953125,-0.005859375,-0.001953125,-0.0078125,0.0,0.0,0.0
1832052800,1464383,0,1.005859375,-0.0078125,-0.00390625,-0.01171875,0.0,0.0,0.0
1832054050,1464384,0,1.00390625,-0.015625,-0.001953125,-0.017578125,0.0,0.0,0.0
1832055301,1464385,0,1.005859375,-0.0078125,-0.009765625,-0.017578125,0.0,0.0,0.0
1832056552,1464386,0,0.998046875,-0.013671875,0.00390625,-0.009765625,0.0,0.0,0.0
1832057803,1464387,0,0.998046875,-0.01171875,-0.00390625,-0.015625,0.0,0.0,0.0
1832059053,1464388,0,1.00390625,-0.009765625,-0.005859375,-0.015625,0.0,0.0,0.0
1832060305,1464389,0,1.005859375,-0.009765625,-0.0078125,-0.017578125,0.0,0.0,0.0
1832061557,1464390,0,1.001953125,-0.01171875,-0.001953125,-0.013671875,0.0,0.0,0.0
1832062808,1464391,0,1.0,-0.013671875,-0.005859375,-0.01953125,0.0,0.0,0.0
1832064059,1464392,0,1.0078125,-0.015625,-0.005859375,-0.021484375,0.0,0.0,0.0
1832065310,1464393,0,0.998046875,-0.013671875,-0.005859375,-0.01953125,0.0,0.0,0.0
1832066562,1464394,0,1.0078125,-0.01171875,-0.001953125,-0.013671875,0.0,0.0,0.0
1832067812,1464395,0,0.99609375,-0.0078125,-0.00390625,-0.01171875,0.0,0.0,0.0
1832069064,1464396,0,1.00390625,-0.01171875,-0.001953125,-0.013671875,0.0,0.0,0.0
1832070314,1464397,0,1.0078125,-0.00390625,-0.0078125,-0.01171875,0.0,0.0,0.0
1832071565,1464398,0,1.00390625,-0.009765625,-0.01171875,-0.021484375,0.0,0.0,0.0
1832072816,1464399,0,1.00390625,-0.01171875,0.0,-0.01171875,0.0,0.0,0.0
1832074066,1464400,0,1.0,-0.00390625,-0.005859375,-0.009765625,0.0,0.0,0.0
1832075317,1464401,0,1.005859375,-0.0078125,-0.005859375,-0.013671875,0.0,0.0,0.0
1832076569,1464402,0,1.005859375,-0.0078125,-0.001953125,-0.009765625,0.0,0.0,0.0
1832077819,1464403,0,1.001953125,-0.009765625,-0.001953125,-0.01171875,0.0,0.0,0.0
1832079070,1464404,0,1.00390625,-0.005859375,-0.00390625,-0.009765625,0.0,0.0,0.0
1832080321,1464405,0,1.0,-0.01171875,0.001953125,-0.009765625,0.0,0.0,0.0
1832081571,1464406,0,1.0,-0.009765625,-0.01171875,-0.021484375,0.0,0.0,0.0
1832082822,1464407,0,1.0078125,-0.01171875,-0.0078125,-0.01953125,0.0,0.0,0.0
1832084074,1464408,0,1.013671875,-0.005859375,-0.00390625,-0.009765625,0.0,0.0,0.0
1832085324,1464409,0,1.005859375,-0.015625,-0.005859375,-0.021484375,0.0,0.0,0.0
1832086575,1464410,0,1.005859375,-0.0078125,0.005859375,-0.001953125,0.0,0.0,0.0
1832087827,1464411,0,1.001953125,-0.005859375,0.001953125,-0.00390625,0.0,0.0,0.0
1832089077,1464412,0,1.005859375,-0.013671875,0.005859375,-0.0078125,0.0,0.0,0.0
1832090328,1464413,0,1.005859375,-0.009765625,-0.00390625,-0.013671875,0.0,0.0,0.0
1832091580,1464414,0,1.01171875,-0.009765625,0.0,-0.009765625,0.0,0.0,0.0
1832092832,1464415,0,1.0,-0.009765625,0.00390625,-0.005859375,0.0,0.0,0.0
1832094082,1464416,0,1.005859375,-0.00390625,0.0,-0.00390625,0.0,0.0,0.0
1832095333,1464417,0,1.001953125,-0.0078125,0.001953125,-0.005859375,0.0,0.0,0.0
1832096585,1464418,0,1.0078125,-0.009765625,0.0,-0.009765625,0.0,0.0,0.0
1832097835,1464419,0,1.001953125,-0.0078125,-0.001953125,-0.009765625,0.0,0.0,0.0
1832099086,1464420,0,0.99609375,-0.013671875,0.001953125,-0.01171875,0.0,0.0,0.0
1832100338,1464421,0,1.001953125,-0.005859375,0.00390625,-0.001953125,0.0,0.0,0.0
1832101589,1464422,0,1.0078125,-0.005859375,0.0,-0.005859375,0.0,0.0,0.0
1832102840,1464423,0,1.001953125,-0.00390625,0.0,-0.00390625,0.0,0.0,0.0
1832104092,1464424,0,1.001953125,-0.0078125,-0.00390625,-0.01171875,0.0,0.0,0.0
1832105343,1464425,0,1.00390625,-0.009765625,0.001953125,-0.0078125,0.0,0.0,0.0
1832106594,1464426,0,1.0078125,-0.009765625,0.00390625,-0.005859375,0.0,0.0,0.0
1832107845,1464427,0,0.998046875,-0.009765625,0.0,-0.009765625,0.0,0.0,0.0
1832109096,1464428,0,1.0,-0.0078125,0.00390625,-0.00390625,0.0,0.0,0.0
1832110346,1464429,0,1.0078125,-0.0078125,-0.001953125,-0.009765625,0.0,0.0,0.0
1832111598,1464430,0,1.001953125,-0.015625,0.0,-0.015625,0.0,0.0,0.0
1832112849,1464431,0,1.001953125,-0.00390625,0.001953125,-0.001953125,0.0,0.0,0.0
1832114099,1464432,0,1.005859375,-0.009765625,0.001953125,-0.0078125,0.0,0.0,0.0
1832115350,1464433,0,1.0078125,-0.015625,0.0,-0.015625,0.0,0.0,0.0
1832116601,1464434,0,1.00390625,-0.01171875,-0.001953125,-0.013671875,0.0,0.0,0.0
1832117852,1464435,0,1.013671875,-0.009765625,-0.001953125,-0.01171875,0.0,0.0,0.0
