t_us,frame_id,sensor_id,accX,accY,accZ,acc_sum_YZ,magX,magY,magZ
1716376275,1371910,0,1.0078125,0.0,0.00390625,0.00390625,0.0,0.0,0.0
1716377527,1371911,0,0.998046875,-0.001953125,0.005859375,0.00390625,0.0,0.0,0.0
1716378778,1371912,0,0.994140625,-0.00390625,0.0,-0.00390625,0.0,0.0,0.0
1716380028,1371913,0,1.00390625,0.0,0.00390625,0.00390625,0.0,0.0,0.0
1716381279,1371914,0,1.0078125,0.0,0.0,0.0,0.0,0.0,0.0
1716382530,1371915,0,1.00390625,0.00390625,0.001953125,0.005859375,0.0,0.0,0.0
1716383782,1371916,0,1.001953125,-0.001953125,0.001953125,0.0,0.0,0.0,0.0
1716385032,1371917,0,1.00390625,-0.001953125,-0.001953125,-0.00390625,0.0,0.0,0.0
1716386282,1371918,0,0.998046875,-0.001953125,0.0,-0.001953125,0.0,0.0,0.0
1716387532,1371919,0,1.005859375,-0.001953125,-0.00390625,-0.005859375,0.0,0.0,0.0
1716388783,1371920,0,1.005859375,0.0,0.001953125,0.001953125,0.0,0.0,0.0
1716390034,1371921,0,1.005859375,-0.00390625,0.001953125,-0.001953125,0.0,0.0,0.0
1716391285,1371922,0,1.005859375,0.0,0.00390625,0.00390625,0.0,0.0,0.0
1716392537,1371923,0,1.005859375,-0.005859375,-0.001953125,-0.0078125,0.0,0.0,0.0
1716393789,1371924,0,1.00390625,-0.005859375,-0.001953125,-0.0078125,0.0,0.0,0.0
1716395039,1371925,0,1.0078125,0.0,0.00390625,0.00390625,0.0,0.0,0.0
1716396290,1371926,0,1.00390625,-0.00390625,0.0,-0.00390625,0.0,0.0,0.0
1716397541,1371927,0,1.005859375,-0.005859375,0.00390625,-0.001953125,0.0,0.0,0.0
1716398792,1371928,0,1.009765625,0.001953125,0.005859375,0.0078125,0.0,0.0,0.0
1716400042,1371929,0,1.00390625,-0.00390625,-0.00390625,-0.0078125,0.0,0.0,0.0
1716401294,1371930,0,1.0,-0.00390625,0.00390625,0.0,0.0,0.0,0.0
1716402545,1371931,0,1.013671875,-0.00390625,0.001953125,-0.001953125,0.0,0.0,0.0
1716403795,1371932,0,1.001953125,-0.00390625,0.0,-0.00390625,0.0,0.0,0.0
1716405047,1371933,0,1.001953125,-0.00390625,-0.001953125,-0.005859375,0.0,0.0,0.0
1716406298,1371934,0,0.998046875,-0.005859375,0.005859375,0.0,0.0,0.0,0.0
1716407549,1371935,0,1.00390625,0.0,0.005859375,0.005859375,0.0,0.0,0.0
1716408800,1371936,0,1.0078125,-0.001953125,0.001953125,0.0,0.0,0.0,0.0
1716410050,1371937,0,1.009765625,-0.001953125,0.001953125,0.0,0.0,0.0,0.0
1716411301,1371938,0,1.00390625,0.0,0.001953125,0.001953125,0.0,0.0,0.0
1716412552,1371939,0,1.005859375,-0.00390625,0.0,-0.00390625,0.0,0.0,0.0
1716413803,1371940,0,1.0,-0.001953125,0.01171875,0.009765625,0.0,0.0,0.0
1716415053,1371941,0,1.00390625,0.0,0.00390625,0.00390625,0.0,0.0,0.0
1716416305,1371942,0,1.00390625,0.0,0.00390625,0.00390625,0.0,0.0,0.0
1716417557,1371943,0,1.001953125,-0.001953125,0.00390625,0.001953125,0.0,0.0,0.0
1716418808,1371944,0,1.001953125,-0.001953125,0.0,-0.001953125,0.0,0.0,0.0
1716420059,1371945,0,1.00390625,-0.00390625,0.0,-0.00390625,0.0,0.0,0.0
1716421310,1371946,0,1.005859375,0.0,0.005859375,0.005859375,0.0,0.0,0.0
1716422562,1371947,0,1.001953125,-0.001953125,-0.001953125,-0.00390625,0.0,0.0,0.0
1716423812,1371948,0,0.998046875,-0.00390625,-0.001953125,-0.005859375,0.0,0.0,0.0
1716425064,1371949,0,1.001953125,0.0,0.001953125,0.001953125,0.0,0.0,0.0
1716426314,1371950,0,0.998046875,-0.00390625,-0.001953125,-0.005859375,0.0,0.0,0.0
1716427565,1371951,0,1.00390625,-0.001953125,0.0,-0.001953125,0.0,0.0,0.0
1716428816,1371952,0,0.99609375,-0.001953125,-0.001953125,-0.00390625,0.0,0.0,0.0
1716430066,1371953,0,1.021484375,-0.00390625,-0.001953125,-0.005859375,0.0,0.0,0.0
1716431317,1371954,0,1.00390625,-0.001953125,0.0,-0.001953125,0.0,0.0,0.0
1716432569,1371955,0,1.0,-0.00390625,0.001953125,-0.001953125,0.0,0.0,0.0
1716433819,1371956,0,1.001953125,-0.001953125,-0.001953125,-0.00390625,0.0,0.0,0.0
1716435070,1371957,0,1.0,-0.001953125,-0.001953125,-0.00390625,0.0,0.0,0.0
1716436321,1371958,0,1.005859375,-0.001953125,0.0,-0.001953125,0.0,0.0,0.0
1716437571,1371959,0,1.00390625,0.0,0.001953125,0.001953125,0.0,0.0,0.0
1716438822,1371960,0,0.99609375,0.0,0.00390625,0.00390625,0.0,0.0,0.0
1716440074,1371961,0,1.009765625,0.0,0.0078125,0.0078125,0.0,0.0,0.0
1716441324,1371962,0,0.998046875,-0.001953125,0.005859375,0.00390625,0.0,0.0,0.0
1716442575,1371963,0,1.0078125,0.0,0.0,0.0,0.0,0.0,0.0
1716443827,1371964,0,1.005859375,0.001953125,0.001953125,0.00390625,0.0,0.0,0.0
1716445077,1371965,0,1.00390625,0.0,-0.00390625,-0.00390625,0.0,0.0,0.0
1716446328,1371966,0,1.00390625,-0.00390625,0.0,-0.00390625,0.0,0.0,0.0
1716447580,1371967,0,1.00390625,0.0,0.00390625,0.00390625,0.0,0.0,0.0
1716448832,1371968,0,1.0,0.0,0.0,0.0,0.0,0.0,0.0
1716450082,1371969,0,1.0078125,-0.005859375,0.005859375,0.0,0.0,0.0,0.0
1716451333,1371970,0,1.0078125,-0.005859375,0.00390625,-0.001953125,0.0,0.0,0.0
1716452585,1371971,0,1.0078125,0.0,-0.0078125,-0.0078125,0.0,0.0,0.0
1716453835,1371972,0,1.0078125,-0.00390625,0.001953125,-0.001953125,0.0,0.0,0.0
1716455086,1371973,0,1.017578125,0.0,0.001953125,0.001953125,0.0,0.0,0.0
1716456338,1371974,0,1.01171875,-0.001953125,0.009765625,0.0078125,0.0,0.0,0.0
1716457589,1371975,0,1.001953125,-0.001953125,0.00390625,0.001953125,0.0,0.0,0.0
1716458840,1371976,0,1.005859375,-0.001953125,0.0,-0.001953125,0.0,0.0,0.0
1716460092,1371977,0,1.0078125,-0.00390625,0.001953125,-0.001953125,0.0,0.0,0.0
1716461343,1371978,0,1.00390625,0.0,-0.005859375,-0.005859375,0.0,0.0,0.0
1716462594,1371979,0,1.009765625,-0.001953125,0.0,-0.001953125,0.0,0.0,0.0
1716463845,1371980,0,1.00390625,0.0,0.00390625,0.00390625,0.0,0.0,0.0
1716465096,1371981,0,1.00390625,-0.00390625,0.00390625,0.0,0.0,0.0,0.0
1716466346,1371982,0,1.001953125,0.0,0.0,0.0,0.0,0.0,0.0
1716467598,1371983,0,1.0078125,-0.00390625,0.00390625,0.0,0.0,0.0,0.0
1716468849,1371984,0,1.005859375,-0.001953125,0.0078125,0.005859375,0.0,0.0,0.0
1716470099,1371985,0,0.998046875,-0.001953125,0.001953125,0.0,0.0,0.0,0.0
1716471350,1371986,0,1.001953125,0.0,0.00390625,0.00390625,0.0,0.0,0.0
1716472601,1371987,0,1.005859375,0.0,-0.001953125,-0.001953125,0.0,0.0,0.0
1716473852,1371988,0,1.0078125,-0.001953125,0.005859375,0.00390625,0.0,0.0,0.0
1716475103,1371989,0,1.00390625,-0.005859375,0.0078125,0.001953125,0.0,0.0,0.0
1716476354,1371990,0,1.0078125,-0.005859375,0.001953125,-0.00390625,0.0,0.0,0.0
1716477605,1371991,0,1.01171875,-0.005859375,0.001953125,-0.00390625,0.0,0.0,0.0
1716478855,1371992,0,1.009765625,0.0,0.0,0.0,0.0,0.0,0.0
1716480107,1371993,0,1.0,-0.00390625,-0.001953125,-0.005859375,0.0,0.0,0.0
1716481357,1371994,0,0.99609375,0.0,0.009765625,0.009765625,0.0,0.0,0.0
1716482607,1371995,0,1.001953125,-0.00390625,-0.001953125,-0.005859375,0.0,0.0,0.0
1716483859,1371996,0,1.005859375,-0.0078125,0.00390625,-0.00390625,0.0,0.0,0.0
1716485109,1371997,0,0.998046875,-0.005859375,-0.01171875,-0.017578125,0.0,0.0,0.0
1716486361,1371998,0,1.013671875,-0.001953125,0.0,-0.001953125,0.0,0.0,0.0
1716487611,1371999,0,1.0078125,0.0,0.001953125,0.001953125,0.0,0.0,0.0
1716488861,1372000,0,1.0078125,0.0,0.001953125,0.001953125,0.0,0.0,0.0
1716490113,1372001,0,1.001953125,-0.001953125,0.00390625,0.001953125,0.0,0.0,0.0
1716491364,1372002,0,1.001953125,-0.00390625,0.0,-0.00390625,0.0,0.0,0.0
1716492616,1372003,0,1.001953125,-0.001953125,0.001953125,0.0,0.0,0.0,0.0
1716493866,1372004,0,1.001953125,0.0,0.001953125,0.001953125,0.0,0.0,0.0
1716495118,1372005,0,1.00390625,-0.001953125,0.00390625,0.001953125,0.0,0.0,0.0
1716496368,1372006,0,1.005859375,-0.001953125,0.005859375,0.00390625,0.0,0.0,0.0
1716497619,1372007,0,1.005859375,0.0,0.0078125,0.0078125,0.0,0.0,0.0
1716498869,1372008,0,1.001953125,-0.00390625,0.0,-0.00390625,0.0,0.0,0.0
1716500119,1372009,0,1.0,-0.005859375,0.001953125,-0.00390625,0.0,0.0,0.0
1716501371,1372010,0,0.994140625,-0.00390625,0.0,-0.00390625,0.0,0.0,0.0
1716502622,1372011,0,0.998046875,-0.001953125,0.001953125,0.0,0.0,0.0,0.0
1716503874,1372012,0,1.00390625,-0.005859375,0.00390625,-0.001953125,0.0,0.0,0.0
1716505124,1372013,0,1.005859375,-0.001953125,0.001953125,0.0,0.0,0.0,0.0
1716506375,1372014,0,1.0078125,-0.005859375,-0.00390625,-0.009765625,0.0,0.0,0.0
1716507625,1372015,0,1.009765625,0.0,0.0,0.0,0.0,0.0,0.0
1716508877,1372016,0,0.99609375,-0.00390625,0.009765625,0.005859375,0.0,0.0,0.0
1716510127,1372017,0,1.0078125,-0.005859375,0.005859375,0.0,0.0,0.0,0.0
1716511377,1372018,0,1.00390625,-0.001953125,0.005859375,0.00390625,0.0,0.0,0.0
1716512629,1372019,0,1.005859375,-0.00390625,-0.00390625,-0.0078125,0.0,0.0,0.0
1716513879,1372020,0,1.0,0.0,0.001953125,0.001953125,0.0,0.0,0.0
1716515130,1372021,0,1.0078125,-0.005859375,0.0,-0.005859375,0.0,0.0,0.0
1716516381,1372022,0,1.005859375,0.001953125,0.001953125,0.00390625,0.0,0.0,0.0
1716517631,1372023,0,1.001953125,-0.005859375,0.0,-0.005859375,0.0,0.0,0.0
1716518882,1372024,0,1.0,0.001953125,0.00390625,0.005859375,0.0,0.0,0.0
1716520133,1372025,0,1.00390625,0.0,0.0,0.0,0.0,0.0,0.0
1716521384,1372026,0,1.00390625,-0.005859375,0.001953125,-0.00390625,0.0,0.0,0.0
1716522635,1372027,0,1.001953125,-0.00390625,0.001953125,-0.001953125,0.0,0.0,0.0
1716523885,1372028,0,1.001953125,0.0,0.00390625,0.00390625,0.0,0.0,0.0
1716525136,1372029,0,1.005859375,-0.005859375,0.00390625,-0.001953125,0.0,0.0,0.0
1716526387,1372030,0,0.998046875,0.0,0.001953125,0.001953125,0.0,0.0,0.0
1716527638,1372031,0,1.00390625,-0.001953125,0.001953125,0.0,0.0,0.0,0.0
1716528889,1372032,0,1.001953125,-0.001953125,-0.00390625,-0.005859375,0.0,0.0,0.0
1716530140,1372033,0,1.00390625,-0.001953125,0.00390625,0.001953125,0.0,0.0,0.0
1716531392,1372034,0,1.009765625,0.0,0.00390625,0.00390625,0.0,0.0,0.0
1716532642,1372035,0,1.005859375,-0.001953125,0.013671875,0.01171875,0.0,0.0,0.0
1716533894,1372036,0,1.00390625,-0.001953125,0.009765625,0.0078125,0.0,0.0,0.0
1716535145,1372037,0,1.001953125,-0.005859375,-0.001953125,-0.0078125,0.0,0.0,0.0
1716536395,1372038,0,1.00390625,0.00390625,0.001953125,0.005859375,0.0,0.0,0.0
1716537646,1372039,0,1.005859375,-0.00390625,0.005859375,0.001953125,0.0,0.0,0.0
1716538898,1372040,0,0.998046875,0.0,0.00390625,0.00390625,0.0,0.0,0.0
1716540149,1372041,0,1.009765625,-0.001953125,0.0,-0.001953125,0.0,0.0,0.0
1716541400,1372042,0,1.0078125,0.0,0.001953125,0.001953125,0.0,0.0,0.0
1716542651,1372043,0,1.009765625,0.0,0.005859375,0.005859375,0.0,0.0,0.0
1716543902,1372044,0,1.0,-0.00390625,0.00390625,0.0,0.0,0.0,0.0
1716545154,1372045,0,1.001953125,-0.001953125,0.0078125,0.005859375,0.0,0.0,0.0
1716546405,1372046,0,1.001953125,-0.00390625,0.01171875,0.0078125,0.0,0.0,0.0
1716547657,1372047,0,1.0078125,0.0,0.0,0.0,0.0,0.0,0.0
1716548907,1372048,0,1.005859375,0.00390625,0.00390625,0.0078125,0.0,0.0,0.0
1716550158,1372049,0,1.01171875,0.0,0.001953125,0.001953125,0.0,0.0,0.0
1716551409,1372050,0,1.005859375,0.0,0.005859375,0.005859375,0.0,0.0,0.0
1716552660,1372051,0,1.005859375,-0.00390625,-0.001953125,-0.005859375,0.0,0.0,0.0
1716553911,1372052,0,1.001953125,-0.001953125,-0.001953125,-0.00390625,0.0,0.0,0.0
1716555161,1372053,0,1.009765625,-0.00390625,0.001953125,-0.001953125,0.0,0.0,0.0
1716556412,1372054,0,1.009765625,0.0,0.009765625,0.009765625,0.0,0.0,0.0
1716557664,1372055,0,1.00390625,-0.001953125,0.0078125,0.005859375,0.0,0.0,0.0
1716558915,1372056,0,1.001953125,-0.001953125,0.00390625,0.001953125,0.0,0.0,0.0
1716560166,1372057,0,1.01171875,-0.001953125,0.005859375,0.00390625,0.0,0.0,0.0
1716561417,1372058,0,1.0078125,-0.0078125,-0.001953125,-0.009765625,0.0,0.0,0.0
1716562668,1372059,0,1.00390625,-0.001953125,-0.00390625,-0.005859375,0.0,0.0,0.0
1716563920,1372060,0,1.005859375,-0.001953125,0.0,-0.001953125,0.0,0.0,0.0
1716565172,1372061,0,1.0078125,-0.001953125,0.00390625,0.001953125,0.0,0.0,0.0
1716566422,1372062,0,1.0,-0.00390625,0.001953125,-0.001953125,0.0,0.0,0.0
1716567673,1372063,0,1.001953125,0.0,0.0,0.0,0.0,0.0,0.0
1716568924,1372064,0,1.001953125,0.0,0.001953125,0.001953125,0.0,0.0,0.0
1716570174,1372065,0,0.99609375,0.0,0.001953125,0.001953125,0.0,0.0,0.0
1716571425,1372066,0,1.0,0.001953125,0.001953125,0.00390625,0.0,0.0,0.0
1716572676,1372067,0,1.005859375,-0.00390625,0.001953125,-0.001953125,0.0,0.0,0.0
1716573927,1372068,0,1.005859375,-0.001953125,0.00390625,0.001953125,0.0,0.0,0.0
1716575177,1372069,0,1.001953125,-0.00390625,0.00390625,0.0,0.0,0.0,0.0
1716576427,1372070,0,1.005859375,0.001953125,0.001953125,0.00390625,0.0,0.0,0.0
1716577679,1372071,0,1.0,-0.00390625,0.001953125,-0.001953125,0.0,0.0,0.0
1716578929,1372072,0,1.005859375,-0.001953125,0.001953125,0.0,0.0,0.0,0.0
1716580179,1372073,0,1.005859375,-0.001953125,0.0,-0.001953125,0.0,0.0,0.0
1716581431,1372074,0,0.998046875,0.0,0.001953125,0.001953125,0.0,0.0,0.0
1716582681,1372075,0,0.998046875,-0.00390625,0.0,-0.00390625,0.0,0.0,0.0
1716583932,1372076,0,1.009765625,0.0,-0.00390625,-0.00390625,0.0,0.0,0.0
1716585182,1372077,0,1.001953125,-0.00390625,0.005859375,0.001953125,0.0,0.0,0.0
1716586432,1372078,0,1.0,-0.001953125,0.005859375,0.00390625,0.0,0.0,0.0
1716587684,1372079,0,1.0,-0.001953125,-0.00390625,-0.005859375,0.0,0.0,0.0
1716588934,1372080,0,1.0078125,-0.001953125,0.0,-0.001953125,0.0,0.0,0.0
1716590184,1372081,0,1.005859375,0.00390625,0.00390625,0.0078125,0.0,0.0,0.0
1716591436,1372082,0,1.013671875,0.001953125,0.005859375,0.0078125,0.0,0.0,0.0
1716592686,1372083,0,1.0,-0.001953125,0.00390625,0.001953125,0.0,0.0,0.0
1716593937,1372084,0,1.0,0.0,0.0,0.0,0.0,0.0,0.0
1716595188,1372085,0,1.005859375,0.00390625,0.00390625,0.0078125,0.0,0.0,0.0
1716596439,1372086,0,1.009765625,-0.001953125,0.005859375,0.00390625,0.0,0.0,0.0
1716597691,1372087,0,1.00390625,0.0,-0.001953125,-0.001953125,0.0,0.0,0.0
1716598942,1372088,0,1.001953125,-0.00390625,0.0,-0.00390625,0.0,0.0,0.0
1716600192,1372089,0,1.0,-0.001953125,0.001953125,0.0,0.0,0.0,0.0
1716601443,1372090,0,1.005859375,-0.00390625,0.00390625,0.0,0.0,0.0,0.0
1716602695,1372091,0,1.0078125,-0.001953125,-0.001953125,-0.00390625,0.0,0.0,0.0
1716603945,1372092,0,1.005859375,-0.00390625,0.0,-0.00390625,0.0,0.0,0.0
1716605197,1372093,0,1.001953125,-0.001953125,0.005859375,0.00390625,0.0,0.0,0.0
1716606448,1372094,0,1.00390625,0.00390625,0.00390625,0.0078125,0.0,0.0,0.0
1716607698,1372095,0,1.0078125,-0.001953125,0.001953125,0.0,0.0,0.0,0.0
1716608949,1372096,0,0.998046875,-0.00390625,0.00390625,0.0,0.0,0.0,0.0
1716610199,1372097,0,1.0078125,-0.001953125,0.005859375,0.00390625,0.0,0.0,0.0
1716611449,1372098,0,0.998046875,0.0,-0.0078125,-0.0078125,0.0,0.0,0.0
1716612701,1372099,0,1.001953125,-0.00390625,-0.005859375,-0.009765625,0.0,0.0,0.0
1716613951,1372100,0,1.009765625,-0.001953125,0.005859375,0.00390625,0.0,0.0,0.0
1716615202,1372101,0,1.005859375,0.001953125,0.005859375,0.0078125,0.0,0.0,0.0
1716616453,1372102,0,1.001953125,-0.0078125,-0.001953125,-0.009765625,0.0,0.0,0.0
1716617704,1372103,0,1.001953125,0.00390625,0.0078125,0.01171875,0.0,0.0,0.0
1716618954,1372104,0,0.99609375,-0.001953125,-0.0078125,-0.009765625,0.0,0.0,0.0
1716620205,1372105,0,1.0,-0.00390625,0.005859375,0.001953125,0.0,0.0,0.0
1716621457,1372106,0,1.0,-0.005859375,0.005859375,0.0,0.0,0.0,0.0
1716622707,1372107,0,1.01171875,0.00390625,0.005859375,0.009765625,0.0,0.0,0.0
1716623959,1372108,0,1.005859375,-0.00390625,0.0,-0.00390625,0.0,0.0,0.0
1716625209,1372109,0,1.0078125,-0.005859375,0.00390625,-0.001953125,0.0,0.0,0.0
1716626460,1372110,0,1.005859375,0.0,-0.001953125,-0.001953125,0.0,0.0,0.0
1716627711,1372111,0,1.00390625,-0.00390625,0.001953125,-0.001953125,0.0,0.0,0.0
1716628961,1372112,0,1.00390625,-0.00390625,0.00390625,0.0,0.0,0.0,0.0
1716630211,1372113,0,1.00390625,-0.001953125,0.001953125,0.0,0.0,0.0,0.0
1716631461,1372114,0,1.001953125,-0.00390625,0.005859375,0.001953125,0.0,0.0,0.0
1716632712,1372115,0,1.001953125,0.0,0.0078125,0.0078125,0.0,0.0,0.0
1716633962,1372116,0,1.005859375,-0.00390625,0.0078125,0.00390625,0.0,0.0,0.0
1716635212,1372117,0,1.00390625,0.001953125,-0.001953125,0.0,0.0,0.0,0.0
1716636463,1372118,0,0.998046875,0.0,0.0,0.0,0.0,0.0,0.0
1716637713,1372119,0,1.0078125,-0.00390625,0.0078125,0.00390625,0.0,0.0,0.0
1716638965,1372120,0,1.001953125,0.00390625,0.001953125,0.005859375,0.0,0.0,0.0
1716640216,1372121,0,1.001953125,-0.001953125,0.005859375,0.00390625,0.0,0.0,0.0
1716641468,1372122,0,1.0078125,-0.00390625,-0.001953125,-0.005859375,0.0,0.0,0.0
1716642718,1372123,0,0.998046875,-0.00390625,0.009765625,0.005859375,0.0,0.0,0.0
1716643970,1372124,0,0.99609375,-0.005859375,0.0078125,0.001953125,0.0,0.0,0.0
1716645221,1372125,0,1.00390625,0.0,0.001953125,0.001953125,0.0,0.0,0.0
1716646471,1372126,0,1.0078125,-0.005859375,0.001953125,-0.00390625,0.0,0.0,0.0
1716647722,1372127,0,0.99609375,-0.001953125,0.0,-0.001953125,0.0,0.0,0.0
1716648973,1372128,0,1.005859375,-0.001953125,0.0,-0.001953125,0.0,0.0,0.0
1716650225,1372129,0,1.001953125,-0.00390625,0.001953125,-0.001953125,0.0,0.0,0.0
1716651477,1372130,0,1.00390625,0.001953125,0.00390625,0.005859375,0.0,0.0,0.0
1716652728,1372131,0,1.005859375,-0.001953125,0.0,-0.001953125,0.0,0.0,0.0
1716653978,1372132,0,1.00390625,0.0,0.00390625,0.00390625,0.0,0.0,0.0
1716655229,1372133,0,1.00390625,-0.001953125,0.005859375,0.00390625,0.0,0.0,0.0
1716656481,1372134,0,1.005859375,-0.005859375,0.001953125,-0.00390625,0.0,0.0,0.0
1716657731,1372135,0,0.998046875,-0.00390625,0.0,-0.00390625,0.0,0.0,0.0
1716658982,1372136,0,0.998046875,0.0,0.0,0.0,0.0,0.0,0.0
1716660233,1372137,0,1.005859375,-0.001953125,0.001953125,0.0,0.0,0.0,0.0
1716661483,1372138,0,1.001953125,-0.001953125,0.00390625,0.001953125,0.0,0.0,0.0
1716662734,1372139,0,1.001953125,-0.005859375,-0.001953125,-0.0078125,0.0,0.0,0.0
1716663984,1372140,0,1.001953125,0.00390625,-0.001953125,0.001953125,0.0,0.0,0.0
1716665235,1372141,0,1.001953125,-0.005859375,0.005859375,0.0,0.0,0.0,0.0
1716666486,1372142,0,1.0078125,0.0,-0.001953125,-0.001953125,0.0,0.0,0.0
1716667736,1372143,0,1.00390625,-0.001953125,-0.001953125,-0.00390625,0.0,0.0,0.0
1716668987,1372144,0,1.009765625,-0.00390625,0.0078125,0.00390625,0.0,0.0,0.0
1716670238,1372145,0,1.0078125,-0.00390625,0.0,-0.00390625,0.0,0.0,0.0
1716671489,1372146,0,1.021484375,0.0,0.0,0.0,0.0,0.0,0.0
1716672739,1372147,0,1.0078125,-0.001953125,0.0,-0.001953125,0.0,0.0,0.0
1716673991,1372148,0,0.998046875,-0.00390625,0.0078125,0.00390625,0.0,0.0,0.0
1716675241,1372149,0,0.998046875,-0.001953125,0.005859375,0.00390625,0.0,0.0,0.0
1716676492,1372150,0,1.00390625,-0.005859375,-0.001953125,-0.0078125,0.0,0.0,0.0
1716677744,1372151,0,1.005859375,0.0,0.0,0.0,0.0,0.0,0.0
1716678994,1372152,0,1.005859375,0.001953125,0.00390625,0.005859375,0.0,0.0,0.0
1716680245,1372153,0,1.0,-0.00390625,0.0078125,0.00390625,0.0,0.0,0.0
1716681496,1372154,0,0.998046875,-0.001953125,0.00390625,0.001953125,0.0,0.0,0.0
1716682747,1372155,0,1.0,-0.001953125,0.0,-0.001953125,0.0,0.0,0.0
1716683998,1372156,0,1.00390625,-0.001953125,0.001953125,0.0,0.0,0.0,0.0
1716685248,1372157,0,1.005859375,-0.00390625,0.005859375,0.001953125,0.0,0.0,0.0
1716686499,1372158,0,1.001953125,-0.001953125,0.005859375,0.00390625,0.0,0.0,0.0
1716687750,1372159,0,1.0078125,-0.00390625,0.005859375,0.001953125,0.0,0.0,0.0
1716689001,1372160,0,1.005859375,-0.001953125,0.0,-0.001953125,0.0,0.0,0.0
1716690252,1372161,0,1.005859375,-0.00390625,-0.001953125,-0.005859375,0.0,0.0,0.0
1716691502,1372162,0,1.017578125,0.005859375,-0.005859375,0.0,0.0,0.0,0.0
1716692753,1372163,0,1.015625,-0.00390625,0.0,-0.00390625,0.0,0.0,0.0
1716694004,1372164,0,1.009765625,0.001953125,0.0,0.001953125,0.0,0.0,0.0
1716695255,1372165,0,1.013671875,-0.005859375,0.005859375,0.0,0.0,0.0,0.0
1716696505,1372166,0,1.00390625,-0.00390625,0.01171875,0.0078125,0.0,0.0,0.0
1716697756,1372167,0,1.001953125,-0.005859375,0.00390625,-0.001953125,0.0,0.0,0.0
1716699008,1372168,0,1.001953125,-0.001953125,0.00390625,0.001953125,0.0,0.0,0.0
1716700258,1372169,0,0.998046875,-0.00390625,0.0,-0.00390625,0.0,0.0,0.0
1716701509,1372170,0,1.00390625,0.0,0.001953125,0.001953125,0.0,0.0,0.0
1716702759,1372171,0,1.001953125,-0.001953125,-0.009765625,-0.01171875,0.0,0.0,0.0
1716704010,1372172,0,1.0,0.0,0.00390625,0.00390625,0.0,0.0,0.0
1716705261,1372173,0,1.001953125,0.0,0.001953125,0.001953125,0.0,0.0,0.0
1716706513,1372174,0,0.998046875,-0.001953125,0.001953125,0.0,0.0,0.0,0.0
1716707764,1372175,0,1.001953125,0.0,0.0,0.0,0.0,0.0,0.0
1716709015,1372176,0,1.001953125,-0.00390625,0.00390625,0.0,0.0,0.0,0.0
1716710270,1372177,0,1.0078125,-0.001953125,-0.001953125,-0.00390625,0.0,0.0,0.0
1716711521,1372178,0,0.99609375,0.0,0.00390625,0.00390625,0.0,0.0,0.0
1716712772,1372179,0,1.001953125,0.0,0.0,0.0,0.0,0.0,0.0
1716714024,1372180,0,0.998046875,0.001953125,0.00390625,0.005859375,0.0,0.0,0.0
1716715275,1372181,0,1.005859375,0.0,0.001953125,0.001953125,0.0,0.0,0.0
1716716527,1372182,0,1.005859375,0.0,0.0078125,0.0078125,0.0,0.0,0.0
1716717778,1372183,0,0.998046875,-0.005859375,0.0,-0.005859375,0.0,0.0,0.0
1716719028,1372184,0,0.998046875,-0.001953125,0.001953125,0.0,0.0,0.0,0.0
1716720279,1372185,0,1.01171875,0.0,0.00390625,0.00390625,0.0,0.0,0.0
1716721530,1372186,0,0.998046875,-0.001953125,0.0078125,0.005859375,0.0,0.0,0.0
1716722782,1372187,0,1.0078125,-0.00390625,0.0078125,0.00390625,0.0,0.0,0.0
1716724032,1372188,0,1.00390625,0.001953125,0.005859375,0.0078125,0.0,0.0,0.0
1716725282,1372189,0,1.005859375,0.00390625,0.001953125,0.005859375,0.0,0.0,0.0
1716726532,1372190,0,0.998046875,-0.001953125,0.0,-0.001953125,0.0,0.0,0.0
1716727783,1372191,0,1.009765625,-0.001953125,0.00390625,0.001953125,0.0,0.0,0.0
1716729034,1372192,0,0.998046875,-0.001953125,0.001953125,0.0,0.0,0.0,0.0
1716730285,1372193,0,1.001953125,-0.00390625,0.005859375,0.001953125,0.0,0.0,0.0
1716731537,1372194,0,1.00390625,-0.001953125,0.00390625,0.001953125,0.0,0.0,0.0
1716732789,1372195,0,1.001953125,-0.001953125,0.001953125,0.0,0.0,0.0,0.0
1716734039,1372196,0,1.0078125,-0.00390625,0.00390625,0.0,0.0,0.0,0.0
1716735290,1372197,0,1.0078125,-0.00390625,0.00390625,0.0,0.0,0.0,0.0
1716736541,1372198,0,0.99609375,-0.001953125,0.00390625,0.001953125,0.0,0.0,0.0
1716737792,1372199,0,1.0078125,-0.00390625,0.005859375,0.001953125,0.0,0.0,0.0
1716739042,1372200,0,1.001953125,-0.001953125,0.005859375,0.00390625,0.0,0.0,0.0
1716740294,1372201,0,1.0078125,0.0,0.0,0.0,0.0,0.0,0.0
1716741545,1372202,0,1.00390625,-0.001953125,0.005859375,0.00390625,0.0,0.0,0.0
1716742795,1372203,0,0.998046875,0.0,0.00390625,0.00390625,0.0,0.0,0.0
1716744047,1372204,0,1.001953125,-0.00390625,0.001953125,-0.001953125,0.0,0.0,0.0
1716745298,1372205,0,1.001953125,-0.0078125,-0.001953125,-0.009765625,0.0,0.0,0.0
1716746549,1372206,0,1.009765625,0.001953125,-0.005859375,-0.00390625,0.0,0.0,0.0
1716747800,1372207,0,1.0078125,-0.005859375,-0.0078125,-0.013671875,0.0,0.0,0.0
1716749050,1372208,0,1.001953125,0.00390625,-0.005859375,-0.001953125,0.0,0.0,0.0
1716750301,1372209,0,0.998046875,0.00390625,0.0,0.00390625,0.0,0.0,0.0
1716751552,1372210,0,1.00390625,0.0,0.00390625,0.00390625,0.0,0.0,0.0
1716752803,1372211,0,1.005859375,-0.001953125,-0.001953125,-0.00390625,0.0,0.0,0.0
1716754053,1372212,0,1.0,0.0,-0.001953125,-0.001953125,0.0,0.0,0.0
1716755305,1372213,0,1.00390625,-0.00390625,0.009765625,0.005859375,0.0,0.0,0.0
1716756557,1372214,0,1.001953125,-0.00390625,0.005859375,0.001953125,0.0,0.0,0.0
1716757808,1372215,0,1.0078125,-0.00390625,0.005859375,0.001953125,0.0,0.0,0.0
1716759059,1372216,0,1.0078125,-0.001953125,0.00390625,0.001953125,0.0,0.0,0.0
1716760310,1372217,0,1.005859375,-0.00390625,0.005859375,0.001953125,0.0,0.0,0.0
1716761562,1372218,0,1.0078125,0.0,0.001953125,0.001953125,0.0,0.0,0.0
1716762812,1372219,0,1.0,0.0,0.001953125,0.001953125,0.0,0.0,0.0
1716764064,1372220,0,1.0078125,-0.001953125,-0.001953125,-0.00390625,0.0,0.0,0.0
1716765314,1372221,0,1.001953125,-0.005859375,0.0,-0.005859375,0.0,0.0,0.0
1716766565,1372222,0,1.001953125,0.0,0.0,0.0,0.0,0.0,0.0
1716767816,1372223,0,1.0078125,0.0,0.0,0.0,0.0,0.0,0.0
1716769066,1372224,0,1.0,0.001953125,0.00390625,0.005859375,0.0,0.0,0.0
1716770317,1372225,0,1.0078125,-0.001953125,0.0,-0.001953125,0.0,0.0,0.0
1716771569,1372226,0,1.01171875,-0.005859375,0.00390625,-0.001953125,0.0,0.0,0.0
1716772819,1372227,0,0.99609375,-0.005859375,0.005859375,0.0,0.0,0.0,0.0
1716774070,1372228,0,1.0078125,0.0,-0.00390625,-0.00390625,0.0,0.0,0.0
1716775321,1372229,0,1.005859375,0.00390625,-0.001953125,0.001953125,0.0,0.0,0.0
1716776571,1372230,0,1.0078125,-0.00390625,0.009765625,0.005859375,0.0,0.0,0.0
1716777822,1372231,0,0.998046875,-0.00390625,0.0,-0.00390625,0.0,0.0,0.0
1716779074,1372232,0,1.00390625,-0.00390625,0.01171875,0.0078125,0.0,0.0,0.0
1716780324,1372233,0,1.001953125,-0.001953125,-0.001953125,-0.00390625,0.0,0.0,0.0
1716781575,1372234,0,1.0,-0.001953125,0.0,-0.001953125,0.0,0.0,0.0
1716782827,1372235,0,1.00390625,0.0,0.001953125,0.001953125,0.0,0.0,0.0
1716784077,1372236,0,1.00390625,-0.005859375,0.0,-0.005859375,0.0,0.0,0.0
1716785328,1372237,0,1.0,-0.001953125,0.001953125,0.0,0.0,0.0,0.0
1716786580,1372238,0,1.00390625,0.0,0.001953125,0.001953125,0.0,0.0,0.0
1716787832,1372239,0,1.001953125,-0.001953125,0.00390625,0.001953125,0.0,0.0,0.0
1716789082,1372240,0,1.00390625,-0.001953125,-0.001953125,-0.00390625,0.0,0.0,0.0
1716790333,1372241,0,1.001953125,-0.00390625,0.00390625,0.0,0.0,0.0,0.0
1716791585,1372242,0,1.009765625,0.0,0.0,0.0,0.0,0.0,0.0
1716792835,1372243,0,1.00390625,0.0,0.0,0.0,0.0,0.0,0.0
1716794086,1372244,0,1.001953125,0.0,-0.001953125,-0.001953125,0.0,0.0,0.0
1716795338,1372245,0,1.0078125,-0.001953125,0.0,-0.001953125,0.0,0.0,0.0
1716796589,1372246,0,1.009765625,-0.001953125,0.009765625,0.0078125,0.0,0.0,0.0
1716797840,1372247,0,1.005859375,-0.005859375,0.0,-0.005859375,0.0,0.0,-2.6780929447351946e+29
1716800343,1372249,0,1.01171875,-0.005859375,-0.001953125,-0.0078125,0.0,0.0,0.0
1716801594,1372250,0,1.009765625,-0.005859375,-0.005859375,-0.01171875,0.0,0.0,0.0
1716802845,1372251,0,1.005859375,-0.001953125,0.0,-0.001953125,0.0,0.0,0.0
1716804096,1372252,0,0.99609375,-0.001953125,-0.005859375,-0.0078125,0.0,0.0,0.0
1716805346,1372253,0,1.0,-0.001953125,0.0,-0.001953125,0.0,0.0,0.0
1716806598,1372254,0,1.00390625,-0.001953125,0.001953125,0.0,0.0,0.0,0.0
1716807849,1372255,0,1.001953125,-0.001953125,0.001953125,0.0,0.0,0.0,0.0
1716809099,1372256,0,1.00390625,0.0,0.0078125,0.0078125,0.0,0.0,0.0
1716810350,1372257,0,1.0078125,-0.001953125,0.00390625,0.001953125,0.0,0.0,0.0
1716811601,1372258,0,1.005859375,0.0,0.0,0.0,0.0,0.0,0.0
1716812852,1372259,0,1.00390625,-0.001953125,-0.00390625,-0.005859375,0.0,0.0,0.0
1716814103,1372260,0,1.0,-0.001953125,-0.005859375,-0.0078125,0.0,0.0,0.0
1716815354,1372261,0,1.0078125,-0.001953125,-0.01171875,-0.013671875,0.0,0.0,0.0
1716816605,1372262,0,1.001953125,-0.001953125,0.0078125,0.005859375,0.0,0.0,0.0
1716817855,1372263,0,1.005859375,-0.001953125,0.001953125,0.0,0.0,0.0,0.0
1716819107,1372264,0,1.001953125,-0.001953125,0.005859375,0.00390625,0.0,0.0,0.0
1716820357,1372265,0,1.0078125,-0.001953125,0.005859375,0.00390625,0.0,0.0,0.0
1716821607,1372266,0,1.0078125,-0.001953125,0.001953125,0.0,0.0,0.0,0.0
1716822859,1372267,0,1.0,-0.00390625,0.00390625,0.0,0.0,0.0,0.0
1716824109,1372268,0,1.005859375,0.001953125,-0.001953125,0.0,0.0,0.0,0.0
1716825361,1372269,0,1.00390625,0.0,-0.005859375,-0.005859375,0.0,0.0,0.0
1716826611,1372270,0,1.009765625,0.001953125,0.009765625,0.01171875,0.0,0.0,0.0
1716827861,1372271,0,1.015625,0.005859375,0.005859375,0.01171875,0.0,0.0,0.0
1716829113,1372272,0,1.005859375,-0.009765625,-0.001953125,-0.01171875,0.0,0.0,0.0
1716830364,1372273,0,1.015625,0.0,0.0078125,0.0078125,0.0,0.0,0.0
1716831616,1372274,0,1.015625,-0.001953125,0.0078125,0.005859375,0.0,0.0,0.0
1716832866,1372275,0,1.005859375,-0.005859375,-0.0078125,-0.013671875,0.0,0.0,0.0
1716834118,1372276,0,1.0,-0.001953125,0.0,-0.001953125,0.0,0.0,0.0
1716835368,1372277,0,1.00390625,0.0,0.001953125,0.001953125,0.0,0.0,0.0
1716836619,1372278,0,1.0078125,-0.001953125,-0.001953125,-0.00390625,0.0,0.0,0.0
1716837869,1372279,0,1.005859375,0.0,0.001953125,0.001953125,0.0,0.0,0.0
1716839119,1372280,0,1.001953125,-0.001953125,-0.001953125,-0.00390625,0.0,0.0,0.0
1716840371,1372281,0,1.00390625,-0.001953125,0.001953125,0.0,0.0,0.0,0.0
1716841622,1372282,0,0.998046875,0.0,-0.001953125,-0.001953125,0.0,0.0,0.0
1716842874,1372283,0,1.0,0.0,0.005859375,0.005859375,0.0,0.0,0.0
1716844124,1372284,0,1.001953125,0.0,0.0,0.0,0.0,0.0,0.0
1716845375,1372285,0,1.0,-0.001953125,0.0,-0.001953125,0.0,0.0,0.0
1716846625,1372286,0,0.998046875,0.0,0.0,0.0,0.0,0.0,0.0
1716847877,1372287,0,1.005859375,-0.001953125,0.00390625,0.001953125,0.0,0.0,0.0
1716849127,1372288,0,1.0078125,0.001953125,0.001953125,0.00390625,0.0,0.0,0.0
1716850377,1372289,0,1.00390625,-0.00390625,0.001953125,-0.001953125,0.0,0.0,0.0
1716851629,1372290,0,1.005859375,0.0,-0.00390625,-0.00390625,0.0,0.0,0.0
1716852879,1372291,0,1.01171875,-0.005859375,0.001953125,-0.00390625,0.0,0.0,0.0
1716854130,1372292,0,0.99609375,-0.001953125,0.0078125,0.005859375,0.0,0.0,0.0
1716855381,1372293,0,1.015625,-0.009765625,-0.00390625,-0.013671875,0.0,0.0,0.0
1716856631,1372294,0,0.998046875,0.001953125,0.00390625,0.005859375,0.0,0.0,0.0
1716857882,1372295,0,1.005859375,-0.00390625,0.0078125,0.00390625,0.0,0.0,0.0
1716859133,1372296,0,1.00390625,-0.001953125,0.005859375,0.00390625,0.0,0.0,0.0
1716860384,1372297,0,1.005859375,0.0,0.0,0.0,0.0,0.0,0.0
1716861635,1372298,0,1.00390625,-0.001953125,0.00390625,0.001953125,0.0,0.0,0.0
1716862885,1372299,0,1.005859375,-0.00390625,0.0078125,0.00390625,0.0,0.0,0.0
1716864136,1372300,0,1.005859375,0.001953125,0.00390625,0.005859375,0.0,0.0,0.0
1716865387,1372301,0,1.005859375,-0.001953125,0.001953125,0.0,0.0,0.0,0.0
1716866638,1372302,0,1.00390625,0.001953125,-0.001953125,0.0,0.0,0.0,0.0
1716867889,1372303,0,1.005859375,0.001953125,0.0,0.001953125,0.0,0.0,0.0
1716869140,1372304,0,1.009765625,0.001953125,0.00390625,0.005859375,0.0,0.0,0.0
1716870392,1372305,0,1.0078125,-0.001953125,-0.001953125,-0.00390625,0.0,0.0,0.0
1716871642,1372306,0,1.0,0.001953125,-0.001953125,0.0,0.0,0.0,0.0
1716872894,1372307,0,1.001953125,0.001953125,0.00390625,0.005859375,0.0,0.0,0.0
1716874145,1372308,0,1.009765625,-0.001953125,0.00390625,0.001953125,0.0,0.0,0.0
1716875395,1372309,0,1.009765625,-0.00390625,0.00390625,0.0,0.0,0.0,0.0
1716876646,1372310,0,1.005859375,0.0,-0.009765625,-0.009765625,0.0,0.0,0.0
1716877898,1372311,0,1.01171875,0.005859375,0.005859375,0.01171875,0.0,0.0,0.0
1716879149,1372312,0,0.99609375,-0.005859375,0.0078125,0.001953125,0.0,0.0,0.0
1716880400,1372313,0,1.005859375,-0.0078125,-0.005859375,-0.013671875,0.0,0.0,0.0
1716881651,1372314,0,1.005859375,0.0,0.0,0.0,0.0,0.0,0.0
1716882902,1372315,0,1.00390625,-0.00390625,-0.00390625,-0.0078125,0.0,0.0,0.0
1716884154,1372316,0,0.99609375,-0.001953125,0.009765625,0.0078125,0.0,0.0,0.0
1716885405,1372317,0,1.001953125,-0.005859375,0.00390625,-0.001953125,0.0,0.0,0.0
1716886657,1372318,0,1.00390625,-0.001953125,0.00390625,0.001953125,0.0,0.0,0.0
1716887907,1372319,0,1.005859375,0.0,-0.001953125,-0.001953125,0.0,0.0,0.0
1716889158,1372320,0,1.005859375,-0.00390625,0.00390625,0.0,0.0,0.0,0.0
1716890409,1372321,0,1.001953125,0.0,0.00390625,0.00390625,0.0,0.0,0.0
1716891660,1372322,0,0.99609375,0.0,0.0,0.0,0.0,0.0,0.0
1716892911,1372323,0,1.0078125,-0.001953125,0.001953125,0.0,0.0,0.0,0.0
1716894161,1372324,0,1.00390625,-0.001953125,-0.001953125,-0.00390625,0.0,0.0,0.0
1716895412,1372325,0,1.001953125,-0.001953125,0.0,-0.001953125,0.0,0.0,0.0
1716896664,1372326,0,1.0,-0.001953125,0.001953125,0.0,0.0,0.0,0.0
1716897915,1372327,0,1.0078125,-0.001953125,0.00390625,0.001953125,0.0,0.0,0.0
1716899166,1372328,0,1.001953125,0.0,0.00390625,0.00390625,0.0,0.0,0.0
1716900417,1372329,0,1.0078125,0.0,0.00390625,0.00390625,0.0,0.0,0.0
1716901668,1372330,0,1.005859375,-0.00390625,0.005859375,0.001953125,0.0,0.0,0.0
1716902920,1372331,0,1.00390625,0.001953125,0.00390625,0.005859375,0.0,0.0,0.0
1716904172,1372332,0,1.0078125,0.0,0.00390625,0.00390625,0.0,0.0,0.0
1716905422,1372333,0,1.0078125,0.001953125,0.0078125,0.009765625,0.0,0.0,0.0
1716906673,1372334,0,0.998046875,0.0,-0.001953125,-0.001953125,0.0,0.0,0.0
1716907924,1372335,0,1.001953125,-0.005859375,0.00390625,-0.001953125,0.0,0.0,0.0
1716909174,1372336,0,1.001953125,-0.001953125,0.001953125,0.0,0.0,0.0,0.0
1716910425,1372337,0,1.00390625,0.00390625,0.005859375,0.009765625,0.0,0.0,0.0
1716911676,1372338,0,1.005859375,0.00390625,0.0,0.00390625,0.0,0.0,0.0
1716912927,1372339,0,1.009765625,-0.00390625,0.005859375,0.001953125,0.0,0.0,0.0
1716914177,1372340,0,1.00390625,0.001953125,0.005859375,0.0078125,0.0,0.0,0.0
1716915427,1372341,0,1.005859375,0.005859375,0.005859375,0.01171875,0.0,0.0,0.0
1716916679,1372342,0,0.994140625,-0.00390625,0.00390625,0.0,0.0,0.0,0.0
1716917929,1372343,0,1.00390625,-0.001953125,0.0,-0.001953125,0.0,0.0,0.0
1716919179,1372344,0,1.001953125,-0.00390625,0.00390625,0.0,0.0,0.0,0.0
1716920431,1372345,0,0.998046875,-0.00390625,0.001953125,-0.001953125,0.0,0.0,0.0
1716921681,1372346,0,1.0,0.0,0.005859375,0.005859375,0.0,0.0,0.0
1716922932,1372347,0,1.001953125,-0.001953125,-0.00390625,-0.005859375,0.0,0.0,0.0
1716924182,1372348,0,1.0078125,-0.001953125,0.001953125,0.0,0.0,0.0,0.0
1716925432,1372349,0,1.00390625,-0.00390625,0.0,-0.00390625,0.0,0.0,0.0
1716926684,1372350,0,1.005859375,0.0,0.001953125,0.001953125,0.0,0.0,0.0
1716927934,1372351,0,1.0078125,0.0,0.001953125,0.001953125,0.0,0.0,0.0
1716929184,1372352,0,1.005859375,0.001953125,0.00390625,0.005859375,0.0,0.0,0.0
1716930436,1372353,0,1.013671875,-0.00390625,0.0,-0.00390625,0.0,0.0,0.0
1716931686,1372354,0,1.00390625,-0.009765625,-0.001953125,-0.01171875,0.0,0.0,0.0
1716932937,1372355,0,1.0,0.0,0.005859375,0.005859375,0.0,0.0,0.0
1716934188,1372356,0,1.009765625,0.001953125,-0.00390625,-0.001953125,0.0,0.0,0.0
1716935439,1372357,0,1.0078125,0.0,0.001953125,0.001953125,0.0,0.0,0.0
1716936691,1372358,0,0.998046875,-0.005859375,0.00390625,-0.001953125,0.0,0.0,0.0
1716937942,1372359,0,1.009765625,-0.005859375,0.0078125,0.001953125,0.0,0.0,0.0
1716939192,1372360,0,1.009765625,0.0,0.001953125,0.001953125,0.0,0.0,0.0
1716940443,1372361,0,0.998046875,-0.00390625,0.00390625,0.0,0.0,0.0,0.0
1716941695,1372362,0,1.001953125,-0.00390625,0.001953125,-0.001953125,0.0,0.0,0.0
1716942945,1372363,0,0.998046875,0.0,-0.001953125,-0.001953125,0.0,0.0,0.0
1716944197,1372364,0,1.005859375,0.0,-0.001953125,-0.001953125,0.0,0.0,0.0
1716945448,1372365,0,1.00390625,-0.001953125,0.0078125,0.005859375,0.0,0.0,0.0
1716946698,1372366,0,1.001953125,0.0,0.00390625,0.00390625,0.0,0.0,0.0
1716947949,1372367,0,1.0078125,0.0,0.001953125,0.001953125,0.0,0.0,0.0
1716949199,1372368,0,1.005859375,0.0,-0.001953125,-0.001953125,0.0,0.0,0.0
1716950449,1372369,0,1.00390625,-0.00390625,0.00390625,0.0,0.0,0.0,0.0
1716951701,1372370,0,1.005859375,0.001953125,-0.001953125,0.0,0.0,0.0,0.0
1716952951,1372371,0,1.00390625,-0.00390625,-0.001953125,-0.005859375,0.0,0.0,0.0
1716954202,1372372,0,1.005859375,-0.00390625,0.0,-0.00390625,0.0,0.0,0.0
1716955453,1372373,0,1.00390625,0.00390625,-0.001953125,0.001953125,0.0,0.0,0.0
1716956704,1372374,0,1.005859375,-0.001953125,0.005859375,0.00390625,0.0,0.0,0.0
1716957954,1372375,0,1.0078125,-0.001953125,0.0078125,0.005859375,0.0,0.0,0.0
1716959205,1372376,0,1.009765625,-0.001953125,0.005859375,0.00390625,0.0,0.0,0.0
1716960457,1372377,0,1.0078125,0.001953125,0.0,0.001953125,0.0,0.0,0.0
1716961707,1372378,0,1.0078125,-0.0078125,0.001953125,-0.005859375,0.0,0.0,0.0
1716962959,1372379,0,1.005859375,-0.0078125,0.005859375,-0.001953125,0.0,0.0,0.0
1716964209,1372380,0,1.00390625,0.005859375,0.001953125,0.0078125,0.0,0.0,0.0
1716965460,1372381,0,1.0,0.0,0.00390625,0.00390625,0.0,0.0,0.0
1716966711,1372382,0,1.00390625,0.001953125,0.005859375,0.0078125,0.0,0.0,0.0
1716967961,1372383,0,1.005859375,-0.00390625,0.0,-0.00390625,0.0,0.0,0.0
1716969211,1372384,0,1.001953125,-0.00390625,0.005859375,0.001953125,0.0,0.0,0.0
1716970461,1372385,0,1.001953125,-0.001953125,0.005859375,0.00390625,0.0,0.0,0.0
1716971712,1372386,0,1.00390625,-0.001953125,-0.00390625,-0.005859375,0.0,0.0,0.0
1716972962,1372387,0,1.001953125,0.0,0.001953125,0.001953125,0.0,0.0,0.0
1716974212,1372388,0,0.998046875,-0.00390625,0.005859375,0.001953125,0.0,0.0,0.0
1716975463,1372389,0,1.00390625,0.0,0.00390625,0.00390625,0.0,0.0,0.0
1716976713,1372390,0,1.005859375,-0.001953125,0.0,-0.001953125,0.0,0.0,0.0
1716977965,1372391,0,1.001953125,-0.00390625,0.0,-0.00390625,0.0,0.0,0.0
1716979216,1372392,0,1.005859375,-0.001953125,0.00390625,0.001953125,0.0,0.0,0.0
1716980468,1372393,0,1.0078125,-0.001953125,0.001953125,0.0,0.0,0.0,0.0
1716981718,1372394,0,1.005859375,-0.00390625,0.00390625,0.0,0.0,0.0,0.0
1716982970,1372395,0,1.0078125,-0.001953125,-0.005859375,-0.0078125,0.0,0.0,0.0
1716984221,1372396,0,1.0078125,-0.001953125,-0.00390625,-0.005859375,0.0,0.0,0.0
1716985471,1372397,0,1.0,0.0,0.005859375,0.005859375,0.0,0.0,0.0
1716986722,1372398,0,1.0078125,-0.001953125,0.001953125,0.0,0.0,0.0,0.0
1716987973,1372399,0,1.0,0.00390625,0.0,0.00390625,0.0,0.0,0.0
1716989225,1372400,0,0.99609375,-0.001953125,0.00390625,0.001953125,0.0,0.0,0.0
1716990477,1372401,0,1.001953125,0.00390625,0.001953125,0.005859375,0.0,0.0,0.0
1716991728,1372402,0,0.998046875,-0.001953125,0.0,-0.001953125,0.0,0.0,0.0
1716992978,1372403,0,0.998046875,-0.001953125,-0.001953125,-0.00390625,0.0,0.0,0.0
1716994229,1372404,0,1.001953125,-0.001953125,0.0,-0.001953125,0.0,0.0,0.0
1716995481,1372405,0,1.00390625,-0.00390625,0.0,-0.00390625,0.0,0.0,0.0
1716996731,1372406,0,1.001953125,-0.001953125,0.005859375,0.00390625,0.0,0.0,0.0
1716997982,1372407,0,1.005859375,0.0,0.005859375,0.005859375,0.0,0.0,0.0
1716999233,1372408,0,1.005859375,0.0,0.001953125,0.001953125,0.0,0.0,0.0
1717000483,1372409,0,1.0078125,-0.00390625,-0.001953125,-0.005859375,0.0,0.0,0.0
1717001734,1372410,0,1.0078125,-0.001953125,0.001953125,0.0,0.0,0.0,0.0
1717002984,1372411,0,1.005859375,0.0,0.005859375,0.005859375,0.0,0.0,0.0
1717004235,1372412,0,1.001953125,0.0,0.001953125,0.001953125,0.0,0.0,0.0
1717005486,1372413,0,1.001953125,-0.001953125,-0.00390625,-0.005859375,0.0,0.0,0.0
1717006736,1372414,0,1.005859375,-0.001953125,0.00390625,0.001953125,0.0,0.0,0.0
1717007987,1372415,0,1.001953125,-0.005859375,0.0,-0.005859375,0.0,0.0,0.0
1717009238,1372416,0,1.0,-0.00390625,-0.001953125,-0.005859375,0.0,0.0,0.0
1717010489,1372417,0,1.001953125,-0.001953125,0.001953125,0.0,0.0,0.0,0.0
1717011739,1372418,0,1.015625,0.001953125,0.001953125,0.00390625,0.0,0.0,0.0
1717012990,1372419,0,1.009765625,0.005859375,0.001953125,0.0078125,0.0,0.0,0.0
1717014241,1372420,0,1.0,-0.001953125,0.00390625,0.001953125,0.0,0.0,0.0
1717015492,1372421,0,1.009765625,-0.00390625,0.00390625,0.0,0.0,0.0,0.0
1717016742,1372422,0,1.0078125,-0.00390625,-0.001953125,-0.005859375,0.0,0.0,0.0
1717017993,1372423,0,1.0078125,-0.001953125,0.005859375,0.00390625,0.0,0.0,0.0
1717019244,1372424,0,1.001953125,-0.001953125,0.009765625,0.0078125,0.0,0.0,0.0
1717020494,1372425,0,1.001953125,-0.001953125,0.005859375,0.00390625,0.0,0.0,0.0
1717021746,1372426,0,1.00390625,0.0,0.001953125,0.001953125,0.0,0.0,0.0
1717022997,1372427,0,1.0,-0.001953125,0.00390625,0.001953125,0.0,0.0,0.0
1717024248,1372428,0,1.00390625,-0.00390625,0.005859375,0.001953125,0.0,0.0,0.0
1717025499,1372429,0,0.99609375,0.0,0.005859375,0.005859375,0.0,0.0,0.0
1717026750,1372430,0,1.0,0.0,0.00390625,0.00390625,0.0,0.0,0.0
1717028001,1372431,0,1.001953125,0.0,0.001953125,0.001953125,0.0,0.0,0.0
1717029252,1372432,0,1.0078125,0.001953125,0.005859375,0.0078125,0.0,0.0,0.0
1717030502,1372433,0,1.00390625,-0.001953125,0.005859375,0.00390625,0.0,0.0,0.0
1717031753,1372434,0,1.005859375,-0.001953125,0.0,-0.001953125,0.0,0.0,0.0
1717033004,1372435,0,1.0078125,-0.00390625,0.00390625,0.0,0.0,0.0,0.0
1717034255,1372436,0,1.009765625,-0.0078125,-0.001953125,-0.009765625,0.0,0.0,0.0
1717035505,1372437,0,1.0078125,0.0,0.0,0.0,0.0,0.0,0.0
1717036756,1372438,0,1.0,0.0,0.009765625,0.009765625,0.0,0.0,0.0
1717038008,1372439,0,1.00390625,0.00390625,0.001953125,0.005859375,0.0,0.0,0.0
1717039258,1372440,0,1.0,0.0,0.015625,0.015625,0.0,0.0,0.0
1717040509,1372441,0,1.009765625,0.001953125,0.00390625,0.005859375,0.0,0.0,0.0
1717041759,1372442,0,1.009765625,-0.001953125,0.00390625,0.001953125,0.0,0.0,0.0
1717043010,1372443,0,1.0078125,-0.001953125,0.001953125,0.0,0.0,0.0,0.0
1717044261,1372444,0,1.00390625,-0.00390625,0.00390625,0.0,0.0,0.0,0.0
1717045513,1372445,0,0.998046875,-0.001953125,0.001953125,0.0,0.0,0.0,0.0
1717046764,1372446,0,1.005859375,0.0,0.001953125,0.001953125,0.0,0.0,0.0
1717048015,1372447,0,1.005859375,-0.00390625,-0.001953125,-0.005859375,0.0,0.0,0.0
1717049270,1372448,0,1.00390625,-0.001953125,0.001953125,0.0,0.0,0.0,0.0
1717050521,1372449,0,1.001953125,0.0,0.0,0.0,0.0,0.0,0.0
1717051772,1372450,0,1.00390625,0.001953125,0.0,0.001953125,0.0,0.0,0.0
1717053024,1372451,0,1.005859375,0.0,0.0,0.0,0.0,0.0,0.0
1717054275,1372452,0,1.009765625,-0.001953125,-0.001953125,-0.00390625,0.0,0.0,0.0
1717055527,1372453,0,1.0078125,0.001953125,0.00390625,0.005859375,0.0,0.0,0.0
1717056778,1372454,0,1.005859375,0.0,-0.001953125,-0.001953125,0.0,0.0,0.0
1717058028,1372455,0,1.00390625,-0.001953125,0.0,-0.001953125,0.0,0.0,0.0
1717059279,1372456,0,1.005859375,0.0,0.005859375,0.005859375,0.0,0.0,0.0
1717060530,1372457,0,1.00390625,-0.001953125,0.005859375,0.00390625,0.0,0.0,0.0
1717061782,1372458,0,1.001953125,0.0,-0.001953125,-0.001953125,0.0,0.0,0.0
1717063032,1372459,0,1.001953125,-0.001953125,0.0078125,0.005859375,0.0,0.0,0.0
1717064282,1372460,0,1.0,-0.00390625,0.0078125,0.00390625,0.0,0.0,0.0
1717065532,1372461,0,1.00390625,-0.00390625,0.00390625,0.0,0.0,0.0,0.0
1717066783,1372462,0,1.0078125,0.00390625,0.005859375,0.009765625,0.0,0.0,0.0
1717068034,1372463,0,1.005859375,0.005859375,0.005859375,0.01171875,0.0,0.0,0.0
1717069285,1372464,0,0.99609375,0.001953125,-0.001953125,0.0,0.0,0.0,0.0
1717070537,1372465,0,1.001953125,-0.001953125,0.005859375,0.00390625,0.0,0.0,0.0
1717071789,1372466,0,0.99609375,0.001953125,0.001953125,0.00390625,0.0,0.0,0.0
1717073039,1372467,0,1.001953125,0.0,0.0,0.0,0.0,0.0,0.0
1717074290,1372468,0,1.00390625,0.00390625,0.005859375,0.009765625,0.0,0.0,0.0
1717075541,1372469,0,1.00390625,0.001953125,-0.001953125,0.0,0.0,0.0,0.0
1717076792,1372470,0,1.0,0.0,0.0,0.0,0.0,0.0,0.0
1717078042,1372471,0,1.005859375,0.00390625,0.0,0.00390625,0.0,0.0,0.0
1717079294,1372472,0,1.001953125,0.0,0.001953125,0.001953125,0.0,0.0,0.0
1717080545,1372473,0,1.00390625,0.00390625,0.001953125,0.005859375,0.0,0.0,0.0
1717081795,1372474,0,1.0,0.0,0.001953125,0.001953125,0.0,0.0,0.0
1717083047,1372475,0,1.0078125,0.001953125,0.00390625,0.005859375,0.0,0.0,0.0
1717084298,1372476,0,1.005859375,-0.001953125,0.00390625,0.001953125,0.0,0.0,0.0
1717085549,1372477,0,1.005859375,0.0,-0.001953125,-0.001953125,0.0,0.0,0.0
1717086800,1372478,0,0.998046875,-0.00390625,0.0,-0.00390625,0.0,0.0,0.0
1717088050,1372479,0,1.00390625,0.001953125,0.001953125,0.00390625,0.0,0.0,0.0
1717089301,1372480,0,1.0078125,-0.00390625,0.009765625,0.005859375,0.0,0.0,0.0
1717090552,1372481,0,1.005859375,-0.005859375,-0.001953125,-0.0078125,0.0,0.0,0.0
1717091803,1372482,0,1.005859375,0.00390625,0.0078125,0.01171875,0.0,0.0,0.0
1717093053,1372483,0,1.001953125,-0.001953125,0.0078125,0.005859375,0.0,0.0,0.0
1717094305,1372484,0,1.001953125,0.00390625,-0.001953125,0.001953125,0.0,0.0,0.0
1717095557,1372485,0,0.998046875,-0.001953125,-0.005859375,-0.0078125,0.0,0.0,0.0
1717096808,1372486,0,1.00390625,-0.00390625,0.01171875,0.0078125,0.0,0.0,0.0
1717098059,1372487,0,1.00390625,-0.001953125,-0.001953125,-0.00390625,0.0,0.0,0.0
1717099310,1372488,0,0.998046875,0.0,-0.001953125,-0.001953125,0.0,0.0,0.0
1717100562,1372489,0,1.001953125,0.0,0.001953125,0.001953125,0.0,0.0,0.0
1717101812,1372490,0,1.0,0.0,-0.00390625,-0.00390625,0.0,0.0,0.0
1717103064,1372491,0,1.00390625,-0.00390625,0.00390625,0.0,0.0,0.0,0.0
1717104314,1372492,0,1.001953125,-0.00390625,-0.001953125,-0.005859375,0.0,0.0,0.0
1717105565,1372493,0,1.0078125,0.0,0.0078125,0.0078125,0.0,0.0,0.0
1717106816,1372494,0,1.00390625,-0.001953125,0.0,-0.001953125,0.0,0.0,0.0
1717108066,1372495,0,1.005859375,0.00390625,0.00390625,0.0078125,0.0,0.0,0.0
1717109317,1372496,0,1.001953125,0.0,0.0,0.0,0.0,0.0,0.0
1717110569,1372497,0,1.009765625,-0.001953125,-0.001953125,-0.00390625,0.0,0.0,0.0
1717111819,1372498,0,1.0078125,0.0,0.0,0.0,0.0,0.0,0.0
1717113070,1372499,0,1.01171875,0.0,-0.001953125,-0.001953125,0.0,0.0,0.0
1717114321,1372500,0,1.009765625,-0.00390625,0.009765625,0.005859375,0.0,0.0,0.0
1717115571,1372501,0,1.001953125,-0.005859375,0.005859375,0.0,0.0,0.0,0.0
1717116822,1372502,0,1.015625,-0.005859375,0.001953125,-0.00390625,0.0,0.0,0.0
1717118074,1372503,0,1.0078125,-0.00390625,0.001953125,-0.001953125,0.0,0.0,0.0
1717119324,1372504,0,1.005859375,-0.005859375,0.001953125,-0.00390625,0.0,0.0,0.0
1717120575,1372505,0,1.005859375,0.0078125,0.00390625,0.01171875,0.0,0.0,0.0
1717121827,1372506,0,1.00390625,-0.00390625,0.005859375,0.001953125,0.0,0.0,0.0
1717123077,1372507,0,1.0078125,-0.00390625,0.001953125,-0.001953125,0.0,0.0,0.0
1717124328,1372508,0,1.00390625,0.0,0.0,0.0,0.0,0.0,0.0
1717125580,1372509,0,1.0,-0.00390625,0.0,-0.00390625,0.0,0.0,0.0
1717126832,1372510,0,1.0078125,-0.001953125,0.001953125,0.0,0.0,0.0,0.0
1717128082,1372511,0,1.00390625,-0.001953125,0.001953125,0.0,0.0,0.0,0.0
1717129333,1372512,0,1.005859375,-0.00390625,-0.00390625,-0.0078125,0.0,0.0,0.0
1717130585,1372513,0,1.005859375,-0.00390625,0.005859375,0.001953125,0.0,0.0,0.0
1717131835,1372514,0,1.0078125,-0.001953125,0.0,-0.001953125,0.0,0.0,0.0
1717133086,1372515,0,1.00390625,0.0,0.0,0.0,0.0,0.0,0.0
1717134338,1372516,0,1.001953125,0.0,0.005859375,0.005859375,0.0,0.0,0.0
1717135589,1372517,0,1.00390625,-0.001953125,0.00390625,0.001953125,0.0,0.0,0.0
1717136840,1372518,0,1.01171875,0.00390625,0.0,0.00390625,0.0,0.0,0.0
1717138092,1372519,0,1.00390625,-0.001953125,0.005859375,0.00390625,0.0,0.0,0.0
1717139343,1372520,0,0.99609375,-0.00390625,0.0078125,0.00390625,0.0,0.0,0.0
1717140594,1372521,0,1.0078125,0.0,0.00390625,0.00390625,0.0,0.0,0.0
1717141845,1372522,0,0.998046875,0.0,0.0,0.0,0.0,0.0,0.0
1717143096,1372523,0,1.001953125,-0.001953125,0.005859375,0.00390625,0.0,0.0,0.0
1717144346,1372524,0,1.00390625,-0.001953125,-0.00390625,-0.005859375,0.0,0.0,0.0
1717145598,1372525,0,1.001953125,0.00390625,0.001953125,0.005859375,0.0,0.0,0.0
1717146849,1372526,0,0.998046875,0.00390625,-0.001953125,0.001953125,0.0,0.0,0.0
1717148099,1372527,0,1.013671875,-0.00390625,0.001953125,-0.001953125,0.0,0.0,0.0
1717149350,1372528,0,1.01171875,-0.0078125,-0.001953125,-0.009765625,0.0,0.0,0.0
1717150601,1372529,0,1.001953125,0.0,0.009765625,0.009765625,0.0,0.0,0.0
1717151852,1372530,0,1.0078125,0.0,0.005859375,0.005859375,0.0,0.0,0.0
1717153103,1372531,0,1.0078125,0.0,0.005859375,0.005859375,0.0,0.0,0.0
1717154354,1372532,0,1.00390625,-0.00390625,0.00390625,0.0,0.0,0.0,0.0
1717155605,1372533,0,1.0,-0.001953125,0.001953125,0.0,0.0,0.0,0.0
1717156855,1372534,0,1.00390625,-0.001953125,0.001953125,0.0,0.0,0.0,0.0
1717158107,1372535,0,1.005859375,-0.001953125,0.0,-0.001953125,0.0,0.0,0.0
1717159357,1372536,0,1.005859375,0.0,0.0,0.0,0.0,0.0,0.0
1717160607,1372537,0,1.00390625,-0.005859375,0.00390625,-0.001953125,0.0,0.0,0.0
1717161859,1372538,0,1.00390625,-0.001953125,0.0,-0.001953125,0.0,0.0,0.0
1717163109,1372539,0,1.005859375,-0.00390625,0.005859375,0.001953125,0.0,0.0,0.0
1717164361,1372540,0,1.00390625,-0.001953125,0.0,-0.001953125,0.0,0.0,0.0
1717165611,1372541,0,1.00390625,-0.00390625,0.001953125,-0.001953125,0.0,0.0,0.0
1717166861,1372542,0,1.0078125,-0.005859375,0.00390625,-0.001953125,0.0,0.0,0.0
1717168113,1372543,0,1.005859375,0.001953125,0.0,0.001953125,0.0,0.0,0.0
1717169364,1372544,0,1.00390625,-0.001953125,0.00390625,0.001953125,0.0,0.0,0.0
1717170616,1372545,0,1.01171875,-0.00390625,-0.001953125,-0.005859375,0.0,0.0,0.0
1717171866,1372546,0,1.0,-0.00390625,0.0,-0.00390625,0.0,0.0,0.0
1717173118,1372547,0,1.00390625,-0.009765625,0.0,-0.009765625,0.0,0.0,0.0
1717174368,1372548,0,1.00390625,-0.0078125,0.00390625,-0.00390625,0.0,0.0,0.0
1717175619,1372549,0,1.005859375,0.001953125,0.00390625,0.005859375,0.0,0.0,0.0
1717176869,1372550,0,1.005859375,-0.001953125,0.001953125,0.0,0.0,0.0,0.0
1717178119,1372551,0,1.0078125,-0.0078125,0.001953125,-0.005859375,0.0,0.0,0.0
1717179371,1372552,0,1.00390625,-0.001953125,-0.001953125,-0.00390625,0.0,0.0,0.0
1717180622,1372553,0,0.998046875,0.001953125,0.0,0.001953125,0.0,0.0,0.0
1717181874,1372554,0,1.0,-0.00390625,0.001953125,-0.001953125,0.0,0.0,0.0
1717183124,1372555,0,1.0,-0.00390625,0.00390625,0.0,0.0,0.0,0.0
1717184375,1372556,0,1.00390625,-0.00390625,-0.001953125,-0.005859375,0.0,0.0,0.0
1717185625,1372557,0,1.001953125,0.0,-0.001953125,-0.001953125,0.0,0.0,0.0
1717186877,1372558,0,1.0078125,0.0,0.0,0.0,0.0,0.0,0.0
1717188127,1372559,0,1.009765625,0.0,0.00390625,0.00390625,0.0,0.0,0.0
1717189377,1372560,0,0.998046875,-0.00390625,0.00390625,0.0,0.0,0.0,0.0
1717190629,1372561,0,1.001953125,0.0,0.001953125,0.001953125,0.0,0.0,0.0
1717191879,1372562,0,1.0,-0.00390625,-0.005859375,-0.009765625,0.0,0.0,0.0
1717193130,1372563,0,1.001953125,-0.0078125,0.001953125,-0.005859375,0.0,0.0,0.0
1717194381,1372564,0,1.00390625,-0.00390625,0.001953125,-0.001953125,0.0,0.0,0.0
1717195631,1372565,0,1.005859375,0.0,0.00390625,0.00390625,0.0,0.0,0.0
1717196882,1372566,0,0.998046875,0.0,0.00390625,0.00390625,0.0,0.0,0.0
1717198133,1372567,0,1.00390625,0.0,0.013671875,0.013671875,0.0,0.0,0.0
1717199384,1372568,0,1.00390625,0.0,-0.00390625,-0.00390625,0.0,0.0,0.0
1717200635,1372569,0,1.001953125,-0.001953125,-0.001953125,-0.00390625,0.0,0.0,0.0
1717201885,1372570,0,1.005859375,-0.00390625,0.005859375,0.001953125,0.0,0.0,0.0
1717203136,1372571,0,1.005859375,-0.001953125,0.013671875,0.01171875,0.0,0.0,0.0
1717204387,1372572,0,1.00390625,-0.005859375,-0.00390625,-0.009765625,0.0,0.0,0.0
1717205638,1372573,0,0.998046875,-0.001953125,0.0078125,0.005859375,0.0,0.0,0.0
1717206889,1372574,0,1.001953125,0.001953125,0.00390625,0.005859375,0.0,0.0,0.0
1717208140,1372575,0,1.005859375,-0.00390625,0.001953125,-0.001953125,0.0,0.0,0.0
1717209392,1372576,0,1.00390625,0.0,0.00390625,0.00390625,0.0,0.0,0.0
1717210642,1372577,0,1.0,-0.001953125,-0.00390625,-0.005859375,0.0,0.0,0.0
1717211894,1372578,0,1.0,0.0,0.00390625,0.00390625,0.0,0.0,0.0
1717213145,1372579,0,1.001953125,-0.00390625,0.001953125,-0.001953125,0.0,0.0,0.0
1717214395,1372580,0,1.005859375,-0.005859375,0.001953125,-0.00390625,0.0,0.0,0.0
1717215646,1372581,0,1.00390625,-0.001953125,0.001953125,0.0,0.0,0.0,0.0
1717216898,1372582,0,1.005859375,0.005859375,0.00390625,0.009765625,0.0,0.0,0.0
1717218149,1372583,0,0.998046875,0.0,-0.001953125,-0.001953125,0.0,0.0,0.0
1717219400,1372584,0,1.00390625,-0.00390625,0.001953125,-0.001953125,0.0,0.0,0.0
1717220651,1372585,0,1.00390625,-0.001953125,0.001953125,0.0,0.0,0.0,0.0
1717221902,1372586,0,1.00390625,-0.005859375,0.00390625,-0.001953125,0.0,0.0,0.0
1717223154,1372587,0,1.001953125,-0.001953125,0.00390625,0.001953125,0.0,0.0,0.0
1717224405,1372588,0,1.001953125,-0.01171875,-0.005859375,-0.017578125,0.0,0.0,0.0
1717225657,1372589,0,1.005859375,-0.005859375,-0.001953125,-0.0078125,0.0,0.0,0.0
1717226907,1372590,0,1.0078125,-0.005859375,-0.001953125,-0.0078125,0.0,0.0,0.0
1717228158,1372591,0,1.013671875,0.001953125,0.0,0.001953125,0.0,0.0,0.0
1717229409,1372592,0,1.00390625,0.00390625,0.0,0.00390625,0.0,0.0,0.0
1717230660,1372593,0,1.005859375,-0.00390625,0.0,-0.00390625,0.0,0.0,0.0
1717231911,1372594,0,1.00390625,-0.00390625,0.0,-0.00390625,0.0,0.0,0.0
1717233161,1372595,0,1.00390625,-0.005859375,0.0,-0.005859375,0.0,0.0,0.0
1717234412,1372596,0,1.005859375,-0.001953125,0.001953125,0.0,0.0,0.0,0.0
1717235664,1372597,0,1.005859375,-0.001953125,0.005859375,0.00390625,0.0,0.0,0.0
1717236915,1372598,0,1.00390625,0.001953125,-0.001953125,0.0,0.0,0.0,0.0
1717238166,1372599,0,1.00390625,0.0,0.0,0.0,0.0,0.0,0.0
1717239417,1372600,0,1.001953125,0.0,0.0,0.0,0.0,0.0,0.0
1717240668,1372601,0,1.00390625,0.0,-0.001953125,-0.001953125,0.0,0.0,0.0
1717241920,1372602,0,1.001953125,-0.00390625,0.00390625,0.0,0.0,0.0,0.0
1717243172,1372603,0,1.001953125,-0.001953125,-0.001953125,-0.00390625,0.0,0.0,0.0
1717244422,1372604,0,0.998046875,-0.00390625,0.00390625,0.0,0.0,0.0,0.0
1717245673,1372605,0,0.998046875,0.001953125,0.001953125,0.00390625,0.0,0.0,0.0
1717246924,1372606,0,1.001953125,0.00390625,0.001953125,0.005859375,0.0,0.0,0.0
1717248174,1372607,0,1.005859375,-0.00390625,-0.001953125,-0.005859375,0.0,0.0,0.0
1717249425,1372608,0,0.998046875,-0.005859375,0.0,-0.005859375,0.0,0.0,0.0
1717250676,1372609,0,1.0078125,0.0,0.0,0.0,0.0,0.0,0.0
1717251927,1372610,0,1.00390625,0.001953125,0.00390625,0.005859375,0.0,0.0,0.0
1717253177,1372611,0,1.0078125,0.00390625,0.001953125,0.005859375,0.0,0.0,0.0
1717254427,1372612,0,1.0078125,0.001953125,0.00390625,0.005859375,0.0,0.0,0.0
1717255679,1372613,0,1.001953125,0.001953125,0.0,0.001953125,0.0,0.0,0.0
1717256929,1372614,0,1.005859375,-0.001953125,-0.001953125,-0.00390625,0.0,0.0,0.0
1717258179,1372615,0,0.99609375,0.001953125,0.00390625,0.005859375,0.0,0.0,0.0
1717259431,1372616,0,1.005859375,0.001953125,-0.001953125,0.0,0.0,0.0,0.0
1717260681,1372617,0,1.001953125,0.0,0.005859375,0.005859375,0.0,0.0,0.0
1717261932,1372618,0,1.005859375,-0.001953125,0.001953125,0.0,0.0,0.0,0.0
1717263182,1372619,0,1.0,-0.00390625,0.0,-0.00390625,0.0,0.0,0.0
1717264432,1372620,0,1.00390625,0.0,0.00390625,0.00390625,0.0,0.0,0.0
1717265684,1372621,0,1.005859375,0.001953125,0.0,0.001953125,0.0,0.0,0.0
1717266934,1372622,0,0.998046875,-0.001953125,0.00390625,0.001953125,0.0,0.0,0.0
1717268184,1372623,0,1.005859375,-0.00390625,0.00390625,0.0,0.0,0.0,0.0
1717269436,1372624,0,0.998046875,-0.001953125,0.00390625,0.001953125,0.0,0.0,0.0
1717270686,1372625,0,0.998046875,-0.001953125,0.0,-0.001953125,0.0,0.0,0.0
1717271937,1372626,0,1.001953125,-0.001953125,0.0,-0.001953125,0.0,0.0,0.0
1717273188,1372627,0,1.001953125,-0.0078125,0.005859375,-0.001953125,0.0,0.0,0.0
1717274439,1372628,0,1.009765625,0.001953125,0.0078125,0.009765625,0.0,0.0,0.0
1717275691,1372629,0,0.998046875,-0.00390625,-0.00390625,-0.0078125,0.0,0.0,0.0
1717276942,1372630,0,0.998046875,0.005859375,-0.001953125,0.00390625,0.0,0.0,0.0
1717278192,1372631,0,1.005859375,0.0,-0.001953125,-0.001953125,0.0,0.0,0.0
1717279443,1372632,0,1.0078125,0.005859375,-0.00390625,0.001953125,0.0,0.0,0.0
1717280695,1372633,0,1.00390625,-0.001953125,-0.005859375,-0.0078125,0.0,0.0,0.0
1717281945,1372634,0,0.99609375,-0.001953125,0.0,-0.001953125,0.0,0.0,0.0
1717283197,1372635,0,1.001953125,0.001953125,0.0,0.001953125,0.0,0.0,0.0
1717284448,1372636,0,1.0,0.0,0.005859375,0.005859375,0.0,0.0,0.0
1717285698,1372637,0,1.005859375,-0.001953125,0.001953125,0.0,0.0,0.0,0.0
1717286949,1372638,0,1.005859375,-0.005859375,0.0,-0.005859375,0.0,0.0,0.0
1717288199,1372639,0,1.001953125,-0.001953125,0.00390625,0.001953125,0.0,0.0,0.0
1717289449,1372640,0,0.9921875,-0.00390625,0.0,-0.00390625,0.0,0.0,0.0
1717290701,1372641,0,1.005859375,-0.001953125,-0.001953125,-0.00390625,0.0,0.0,0.0
1717291951,1372642,0,1.0,-0.001953125,0.0078125,0.005859375,0.0,0.0,0.0
1717293202,1372643,0,1.0078125,-0.005859375,0.013671875,0.0078125,0.0,0.0,0.0
1717294453,1372644,0,1.00390625,-0.001953125,0.00390625,0.001953125,0.0,0.0,0.0
1717295704,1372645,0,1.001953125,-0.001953125,-0.001953125,-0.00390625,0.0,0.0,0.0
1717296954,1372646,0,1.0078125,-0.001953125,0.005859375,0.00390625,0.0,0.0,0.0
1717298205,1372647,0,1.00390625,-0.005859375,0.0,-0.005859375,0.0,0.0,0.0
1717299457,1372648,0,1.005859375,0.0,0.005859375,0.005859375,0.0,0.0,0.0
1717300707,1372649,0,1.00390625,-0.001953125,0.009765625,0.0078125,0.0,0.0,0.0
1717301959,1372650,0,1.0,0.0078125,0.00390625,0.01171875,0.0,0.0,0.0
1717303209,1372651,0,1.00390625,-0.001953125,0.0078125,0.005859375,0.0,0.0,0.0
1717304460,1372652,0,1.00390625,-0.001953125,0.001953125,0.0,0.0,0.0,0.0
1717305711,1372653,0,0.990234375,0.001953125,0.005859375,0.0078125,0.0,0.0,0.0
1717306961,1372654,0,1.001953125,-0.00390625,0.0,-0.00390625,0.0,0.0,0.0
1717308211,1372655,0,1.005859375,0.0,0.005859375,0.005859375,0.0,0.0,0.0
1717309461,1372656,0,1.01171875,-0.005859375,0.005859375,0.0,0.0,0.0,0.0
1717310712,1372657,0,1.00390625,0.0,0.005859375,0.005859375,0.0,0.0,0.0
1717311962,1372658,0,1.001953125,-0.001953125,0.005859375,0.00390625,0.0,0.0,0.0
1717313212,1372659,0,1.005859375,-0.001953125,-0.001953125,-0.00390625,0.0,0.0,0.0
1717314463,1372660,0,1.0078125,0.0,0.001953125,0.001953125,0.0,0.0,0.0
1717315713,1372661,0,1.001953125,-0.00390625,0.005859375,0.001953125,0.0,0.0,0.0
1717316965,1372662,0,1.001953125,-0.001953125,0.001953125,0.0,0.0,0.0,0.0
1717318216,1372663,0,0.998046875,-0.00390625,0.005859375,0.001953125,0.0,0.0,0.0
1717319468,1372664,0,1.005859375,-0.005859375,0.005859375,0.0,0.0,0.0,0.0
1717320718,1372665,0,1.005859375,-0.001953125,0.005859375,0.00390625,0.0,0.0,0.0
1717321970,1372666,0,1.0078125,0.001953125,0.01171875,0.013671875,0.0,0.0,0.0
1717323221,1372667,0,1.00390625,0.001953125,0.00390625,0.005859375,0.0,0.0,0.0
1717324471,1372668,0,1.0078125,0.0078125,0.0,0.0078125,0.0,0.0,0.0
1717325722,1372669,0,1.01171875,0.009765625,0.0,0.009765625,0.0,0.0,0.0
1717326973,1372670,0,1.005859375,0.005859375,0.005859375,0.01171875,0.0,0.0,0.0
1717328225,1372671,0,1.009765625,0.01953125,-0.005859375,0.013671875,0.0,0.0,0.0
1717329477,1372672,0,1.00390625,0.0078125,0.001953125,0.009765625,0.0,0.0,0.0
1717330728,1372673,0,1.005859375,0.033203125,-0.01171875,0.021484375,0.0,0.0,0.0
1717331978,1372674,0,1.009765625,0.013671875,0.0,0.013671875,0.0,0.0,0.0
1717333229,1372675,0,1.013671875,0.01953125,0.0,0.01953125,0.0,0.0,0.0
1717334481,1372676,0,1.01171875,0.015625,-0.005859375,0.009765625,0.0,0.0,0.0
1717335731,1372677,0,1.013671875,0.0234375,0.0,0.0234375,0.0,0.0,0.0
1717336982,1372678,0,1.005859375,0.025390625,-0.005859375,0.01953125,0.0,0.0,0.0
1717338233,1372679,0,0.998046875,0.03515625,-0.025390625,0.009765625,0.0,0.0,0.0
1717339483,1372680,0,1.001953125,0.009765625,-0.015625,-0.005859375,0.0,0.0,0.0
1717340734,1372681,0,1.0078125,0.025390625,0.0,0.025390625,0.0,0.0,0.0
1717341984,1372682,0,1.00390625,0.033203125,-0.00390625,0.029296875,0.0,0.0,0.0
1717343235,1372683,0,1.00390625,0.060546875,-0.01953125,0.041015625,0.0,0.0,0.0
1717344486,1372684,0,1.03125,0.103515625,-0.029296875,0.07421875,0.0,0.0,0.0
1717345736,1372685,0,1.01953125,0.181640625,-0.09765625,0.083984375,0.0,0.0,0.0
1717346987,1372686,0,1.0703125,0.2578125,-0.056640625,0.201171875,0.0,0.0,0.0
1717348238,1372687,0,1.0078125,0.216796875,-0.115234375,0.1015625,0.0,0.0,0.0
1717349489,1372688,0,0.98828125,0.3125,-0.140625,0.171875,0.0,0.0,0.0
1717350739,1372689,0,1.056640625,0.294921875,-0.1328125,0.162109375,0.0,0.0,0.0
1717351990,1372690,0,1.013671875,0.552734375,-0.251953125,0.30078125,0.0,0.0,0.0
1717353241,1372691,0,0.96875,0.76953125,-0.3828125,0.38671875,0.0,0.0,0.0
1717354492,1372692,0,0.904296875,1.07421875,-0.59375,0.48046875,0.0,0.0,0.0
1717355742,1372693,0,1.1015625,1.306640625,-0.65625,0.650390625,0.0,0.0,0.0
1717356993,1372694,0,0.984375,0.88671875,-0.34765625,0.5390625,0.0,0.0,0.0
1717358244,1372695,0,0.861328125,0.0625,-0.103515625,-0.041015625,0.0,0.0,0.0
1717359494,1372696,0,0.900390625,0.330078125,-0.181640625,0.1484375,0.0,0.0,0.0
1717360746,1372697,0,1.10546875,0.41796875,-0.09765625,0.3203125,0.0,0.0,0.0
1717361997,1372698,0,0.802734375,0.720703125,-0.67578125,0.044921875,0.0,0.0,0.0
1717363248,1372699,0,1.015625,2.251953125,-0.861328125,1.390625,0.0,0.0,0.0
1717364499,1372700,0,1.32421875,0.57421875,0.33203125,0.90625,0.0,0.0,0.0
1717365750,1372701,0,0.89453125,0.65625,-0.013671875,0.642578125,0.0,0.0,0.0
1717367001,1372702,0,0.92578125,0.505859375,-0.099609375,0.40625,0.0,0.0,0.0
1717368252,1372703,0,1.005859375,0.279296875,0.072265625,0.3515625,0.0,0.0,0.0
1717369502,1372704,0,1.248046875,0.125,0.447265625,0.572265625,0.0,0.0,0.0
1717370753,1372705,0,1.208984375,0.396484375,0.376953125,0.7734375,0.0,0.0,0.0
1717372004,1372706,0,0.724609375,0.509765625,-0.216796875,0.29296875,0.0,0.0,0.0
1717373255,1372707,0,0.853515625,0.27734375,-0.009765625,0.267578125,0.0,0.0,0.0
1717374505,1372708,0,1.203125,0.27734375,0.47265625,0.75,0.0,0.0,0.0
1717375756,1372709,0,0.916015625,-0.076171875,0.34375,0.267578125,0.0,0.0,0.0
1717377008,1372710,0,0.779296875,0.0,0.044921875,0.044921875,0.0,0.0,0.0
1717378258,1372711,0,1.064453125,-0.29296875,0.435546875,0.142578125,0.0,0.0,0.0
1717379509,1372712,0,1.166015625,-0.30859375,0.5859375,0.27734375,0.0,0.0,0.0
1717380759,1372713,0,1.044921875,-0.27734375,0.4375,0.16015625,0.0,0.0,0.0
1717382010,1372714,0,0.8828125,-0.3046875,0.341796875,0.037109375,0.0,0.0,0.0
1717383261,1372715,0,0.923828125,-0.376953125,0.38671875,0.009765625,0.0,0.0,0.0
1717384513,1372716,0,1.0234375,-0.416015625,0.541015625,0.125,0.0,0.0,0.0
1717385764,1372717,0,0.998046875,-0.544921875,0.501953125,-0.04296875,0.0,0.0,0.0
1717387015,1372718,0,0.892578125,-0.634765625,0.50390625,-0.130859375,0.0,0.0,0.0
1717388270,1372719,0,1.005859375,-0.693359375,0.705078125,0.01171875,0.0,0.0,0.0
1717389521,1372720,0,1.126953125,-0.76953125,0.63671875,-0.1328125,0.0,0.0,0.0
1717390772,1372721,0,0.978515625,-0.791015625,0.490234375,-0.30078125,0.0,0.0,0.0
1717392024,1372722,0,1.005859375,-0.818359375,0.50390625,-0.314453125,0.0,0.0,0.0
1717393275,1372723,0,1.037109375,-0.8046875,0.541015625,-0.263671875,0.0,0.0,0.0
1717394527,1372724,0,1.0,-0.837890625,0.521484375,-0.31640625,0.0,0.0,0.0
1717395778,1372725,0,0.962890625,-0.830078125,0.443359375,-0.38671875,0.0,0.0,0.0
1717397028,1372726,0,0.994140625,-0.80859375,0.453125,-0.35546875,0.0,0.0,0.0
1717398279,1372727,0,1.064453125,-0.82421875,0.5234375,-0.30078125,0.0,0.0,0.0
1717399530,1372728,0,1.052734375,-0.796875,0.482421875,-0.314453125,0.0,0.0,0.0
1717400782,1372729,0,0.96875,-0.77734375,0.396484375,-0.380859375,0.0,0.0,0.0
1717402032,1372730,0,0.9765625,-0.720703125,0.38671875,-0.333984375,0.0,0.0,0.0
1717403282,1372731,0,1.0078125,-0.63671875,0.416015625,-0.220703125,0.0,0.0,0.0
1717404532,1372732,0,1.0,-0.58203125,0.384765625,-0.197265625,0.0,0.0,0.0
1717405783,1372733,0,0.998046875,-0.517578125,0.3203125,-0.197265625,0.0,0.0,0.0
1717407034,1372734,0,1.01953125,-0.46875,0.314453125,-0.154296875,0.0,0.0,0.0
1717408285,1372735,0,1.05078125,-0.42578125,0.33203125,-0.09375,0.0,0.0,0.0
1717409537,1372736,0,1.0390625,-0.369140625,0.28515625,-0.083984375,0.0,0.0,0.0
1717410789,1372737,0,0.98828125,-0.296875,0.2109375,-0.0859375,0.0,0.0,0.0
1717412039,1372738,0,0.98046875,-0.19921875,0.15234375,-0.046875,0.0,0.0,0.0
1717413290,1372739,0,0.98828125,-0.12890625,0.15625,0.02734375,0.0,0.0,0.0
1717414541,1372740,0,0.98046875,-0.0703125,0.06640625,-0.00390625,0.0,0.0,0.0
1717415792,1372741,0,0.927734375,-0.0078125,-0.01171875,-0.01953125,0.0,0.0,0.0
1717417042,1372742,0,1.025390625,0.02734375,0.04296875,0.0703125,0.0,0.0,0.0
1717418294,1372743,0,1.056640625,0.109375,0.0390625,0.1484375,0.0,0.0,0.0
1717419545,1372744,0,1.015625,0.1484375,-0.0078125,0.140625,0.0,0.0,0.0
1717420795,1372745,0,0.994140625,0.19921875,-0.06640625,0.1328125,0.0,0.0,0.0
1717422047,1372746,0,0.966796875,0.263671875,-0.111328125,0.15234375,0.0,0.0,0.0
1717423298,1372747,0,0.98046875,0.2890625,-0.115234375,0.173828125,0.0,0.0,0.0
1717424549,1372748,0,0.984375,0.33203125,-0.14453125,0.1875,0.0,0.0,0.0
1717425800,1372749,0,0.96875,0.384765625,-0.19921875,0.185546875,0.0,0.0,0.0
1717427050,1372750,0,1.009765625,0.4140625,-0.185546875,0.228515625,0.0,0.0,0.0
1717428301,1372751,0,1.06640625,0.4375,-0.146484375,0.291015625,0.0,0.0,0.0
1717429552,1372752,0,1.04296875,0.4609375,-0.171875,0.2890625,0.0,0.0,0.0
1717430803,1372753,0,1.01171875,0.4765625,-0.212890625,0.263671875,0.0,0.0,0.0
1717432053,1372754,0,1.0078125,0.490234375,-0.232421875,0.2578125,0.0,0.0,0.0
1717433305,1372755,0,1.001953125,0.494140625,-0.25,0.244140625,0.0,0.0,0.0
1717434557,1372756,0,0.990234375,0.501953125,-0.265625,0.236328125,0.0,0.0,0.0
1717435808,1372757,0,0.982421875,0.5078125,-0.291015625,0.216796875,0.0,0.0,0.0
1717437059,1372758,0,0.982421875,0.5,-0.271484375,0.228515625,0.0,0.0,0.0
1717438310,1372759,0,1.021484375,0.486328125,-0.228515625,0.2578125,0.0,0.0,0.0
1717439562,1372760,0,1.041015625,0.474609375,-0.203125,0.271484375,0.0,0.0,0.0
1717440812,1372761,0,1.01953125,0.46484375,-0.20703125,0.2578125,0.0,0.0,0.0
1717442064,1372762,0,1.009765625,0.427734375,-0.197265625,0.23046875,0.0,0.0,0.0
1717443314,1372763,0,1.0,0.40234375,-0.19921875,0.203125,0.0,0.0,0.0
1717444565,1372764,0,0.978515625,0.373046875,-0.193359375,0.1796875,0.0,0.0,0.0
1717445816,1372765,0,0.9921875,0.34375,-0.1640625,0.1796875,0.0,0.0,0.0
1717447066,1372766,0,1.00390625,0.296875,-0.130859375,0.166015625,0.0,0.0,0.0
1717448317,1372767,0,1.015625,0.265625,-0.09765625,0.16796875,0.0,0.0,0.0
1717449569,1372768,0,1.0078125,0.228515625,-0.083984375,0.14453125,0.0,0.0,0.0
1717450819,1372769,0,1.0078125,0.189453125,-0.0625,0.126953125,0.0,0.0,0.0
1717452070,1372770,0,1.009765625,0.150390625,-0.03125,0.119140625,0.0,0.0,0.0
1717453321,1372771,0,1.00390625,0.12890625,-0.017578125,0.111328125,0.0,0.0,0.0
1717454571,1372772,0,0.994140625,0.078125,-0.015625,0.0625,0.0,0.0,0.0
1717455822,1372773,0,1.001953125,0.021484375,-0.00390625,0.017578125,0.0,0.0,0.0
1717457074,1372774,0,1.001953125,-0.0078125,0.02734375,0.01953125,0.0,0.0,0.0
1717458324,1372775,0,1.0078125,-0.056640625,0.056640625,0.0,0.0,0.0,0.0
1717459575,1372776,0,1.005859375,-0.091796875,0.0859375,-0.005859375,0.0,0.0,0.0
1717460827,1372777,0,1.001953125,-0.1171875,0.095703125,-0.021484375,0.0,0.0,0.0
1717462077,1372778,0,0.99609375,-0.15234375,0.099609375,-0.052734375,0.0,0.0,0.0
1717463328,1372779,0,0.99609375,-0.18359375,0.095703125,-0.087890625,0.0,0.0,0.0
1717464580,1372780,0,0.990234375,-0.205078125,0.1171875,-0.087890625,0.0,0.0,0.0
1717465832,1372781,0,0.998046875,-0.224609375,0.13671875,-0.087890625,0.0,0.0,0.0
1717467082,1372782,0,1.017578125,-0.2578125,0.16015625,-0.09765625,0.0,0.0,0.0
1717468333,1372783,0,1.017578125,-0.26953125,0.177734375,-0.091796875,0.0,0.0,0.0
1717469585,1372784,0,1.01171875,-0.296875,0.1796875,-0.1171875,0.0,0.0,0.0
1717470835,1372785,0,1.0,-0.30859375,0.169921875,-0.138671875,0.0,0.0,0.0
1717472086,1372786,0,0.994140625,-0.31640625,0.16796875,-0.1484375,0.0,0.0,0.0
1717473338,1372787,0,1.001953125,-0.3203125,0.17578125,-0.14453125,0.0,0.0,0.0
1717474589,1372788,0,1.001953125,-0.322265625,0.173828125,-0.1484375,0.0,0.0,0.0
1717475840,1372789,0,1.01171875,-0.318359375,0.169921875,-0.1484375,0.0,0.0,0.0
1717477092,1372790,0,1.01953125,-0.3203125,0.18359375,-0.13671875,0.0,0.0,0.0
1717478343,1372791,0,1.025390625,-0.30859375,0.1796875,-0.12890625,0.0,0.0,0.0
1717479594,1372792,0,1.017578125,-0.302734375,0.1640625,-0.138671875,0.0,0.0,0.0
1717480845,1372793,0,1.009765625,-0.2890625,0.162109375,-0.126953125,0.0,0.0,0.0
1717482096,1372794,0,0.994140625,-0.2734375,0.138671875,-0.134765625,0.0,0.0,0.0
1717483346,1372795,0,1.0,-0.25390625,0.126953125,-0.126953125,0.0,0.0,0.0
1717484598,1372796,0,0.990234375,-0.2265625,0.115234375,-0.111328125,0.0,0.0,0.0
1717485849,1372797,0,0.994140625,-0.203125,0.048828125,-0.154296875,0.0,0.0,0.0
1717487099,1372798,0,1.00390625,-0.18359375,0.0859375,-0.09765625,0.0,0.0,0.0
1717488350,1372799,0,1.005859375,-0.16015625,0.07421875,-0.0859375,0.0,0.0,0.0
1717489601,1372800,0,1.001953125,-0.138671875,0.052734375,-0.0859375,0.0,0.0,0.0
1717490852,1372801,0,1.013671875,-0.103515625,0.05078125,-0.052734375,0.0,0.0,0.0
1717492103,1372802,0,1.009765625,-0.0859375,0.0390625,-0.046875,0.0,0.0,0.0
1717493354,1372803,0,0.998046875,-0.052734375,0.0,-0.052734375,0.0,0.0,0.0
1717494605,1372804,0,0.99609375,-0.009765625,-0.013671875,-0.0234375,0.0,0.0,0.0
1717495855,1372805,0,0.990234375,0.0234375,-0.021484375,0.001953125,0.0,0.0,0.0
1717497107,1372806,0,1.005859375,0.044921875,-0.0234375,0.021484375,0.0,0.0,0.0
1717498357,1372807,0,1.005859375,0.072265625,-0.041015625,0.03125,0.0,0.0,0.0
1717499607,1372808,0,1.01171875,0.09375,-0.048828125,0.044921875,0.0,0.0,0.0
1717500859,1372809,0,1.0078125,0.111328125,-0.048828125,0.0625,0.0,0.0,0.0
1717502109,1372810,0,1.001953125,0.130859375,-0.068359375,0.0625,0.0,0.0,0.0
1717503361,1372811,0,1.00390625,0.150390625,-0.087890625,0.0625,0.0,0.0,0.0
1717504611,1372812,0,0.998046875,0.16015625,-0.0859375,0.07421875,0.0,0.0,0.0
1717505861,1372813,0,1.005859375,0.177734375,-0.083984375,0.09375,0.0,0.0,0.0
1717507113,1372814,0,0.998046875,0.18359375,-0.08984375,0.09375,0.0,0.0,0.0
1717508364,1372815,0,1.00390625,0.1875,-0.095703125,0.091796875,0.0,0.0,0.0
1717509616,1372816,0,1.0078125,0.193359375,-0.1015625,0.091796875,0.0,0.0,0.0
1717510866,1372817,0,1.009765625,0.19921875,-0.09765625,0.1015625,0.0,0.0,0.0
1717512118,1372818,0,1.0078125,0.203125,-0.09375,0.109375,0.0,0.0,0.0
1717513368,1372819,0,1.005859375,0.201171875,-0.10546875,0.095703125,0.0,0.0,0.0
1717514619,1372820,0,0.99609375,0.193359375,-0.095703125,0.09765625,0.0,0.0,0.0
1717515869,1372821,0,1.0,0.1953125,-0.0859375,0.109375,0.0,0.0,0.0
1717517119,1372822,0,1.0,0.193359375,-0.087890625,0.10546875,0.0,0.0,0.0
1717518371,1372823,0,1.00390625,0.17578125,-0.0859375,0.08984375,0.0,0.0,0.0
1717519622,1372824,0,1.0078125,0.166015625,-0.083984375,0.08203125,0.0,0.0,0.0
1717520874,1372825,0,1.009765625,0.15234375,-0.076171875,0.076171875,0.0,0.0,0.0
1717522124,1372826,0,1.00390625,0.142578125,-0.064453125,0.078125,0.0,0.0,0.0
1717523375,1372827,0,0.998046875,0.125,-0.0625,0.0625,0.0,0.0,0.0
1717524625,1372828,0,1.00390625,0.109375,-0.048828125,0.060546875,0.0,0.0,0.0
1717525877,1372829,0,1.00390625,0.09375,-0.041015625,0.052734375,0.0,0.0,0.0
1717527127,1372830,0,1.0078125,0.078125,-0.03515625,0.04296875,0.0,0.0,0.0
1717528377,1372831,0,1.01171875,0.056640625,-0.029296875,0.02734375,0.0,0.0,0.0
1717529629,1372832,0,1.0,0.041015625,-0.01953125,0.021484375,0.0,0.0,0.0
1717530879,1372833,0,1.005859375,0.01953125,-0.01171875,0.0078125,0.0,0.0,0.0
1717532130,1372834,0,0.99609375,0.005859375,-0.001953125,0.00390625,0.0,0.0,0.0
1717533381,1372835,0,0.99609375,-0.0078125,-0.00390625,-0.01171875,0.0,0.0,0.0
1717534631,1372836,0,0.998046875,-0.02734375,0.0078125,-0.01953125,0.0,0.0,0.0
1717535882,1372837,0,1.005859375,-0.0390625,0.017578125,-0.021484375,0.0,0.0,0.0
1717537133,1372838,0,1.0078125,-0.056640625,0.03125,-0.025390625,0.0,0.0,0.0
1717538384,1372839,0,1.009765625,-0.0703125,0.03515625,-0.03515625,0.0,0.0,0.0
1717539635,1372840,0,1.0078125,-0.078125,0.037109375,-0.041015625,0.0,0.0,0.0
1717540885,1372841,0,1.0078125,-0.09765625,0.03515625,-0.0625,0.0,0.0,0.0
1717542136,1372842,0,1.005859375,-0.111328125,0.041015625,-0.0703125,0.0,0.0,0.0
1717543387,1372843,0,0.9921875,-0.119140625,0.046875,-0.072265625,0.0,0.0,0.0
1717544638,1372844,0,1.00390625,-0.123046875,0.0546875,-0.068359375,0.0,0.0,0.0
1717545889,1372845,0,1.00390625,-0.12890625,0.0546875,-0.07421875,0.0,0.0,0.0
1717547140,1372846,0,1.001953125,-0.134765625,0.060546875,-0.07421875,0.0,0.0,0.0
1717548392,1372847,0,1.013671875,-0.138671875,0.06640625,-0.072265625,0.0,0.0,0.0
1717549642,1372848,0,1.0078125,-0.138671875,0.05859375,-0.080078125,0.0,0.0,0.0
1717550894,1372849,0,1.00390625,-0.13671875,0.0546875,-0.08203125,0.0,0.0,0.0
1717552145,1372850,0,1.005859375,-0.13671875,0.0546875,-0.08203125,0.0,0.0,0.0
1717553395,1372851,0,0.998046875,-0.12890625,0.05078125,-0.078125,0.0,0.0,0.0
1717554646,1372852,0,1.001953125,-0.126953125,0.052734375,-0.07421875,0.0,0.0,0.0
1717555898,1372853,0,1.00390625,-0.111328125,0.041015625,-0.0703125,0.0,0.0,0.0
1717557149,1372854,0,1.0078125,-0.115234375,0.0390625,-0.076171875,0.0,0.0,0.0
1717558400,1372855,0,1.009765625,-0.10546875,0.037109375,-0.068359375,0.0,0.0,0.0
1717559651,1372856,0,1.009765625,-0.09375,0.033203125,-0.060546875,0.0,0.0,0.0
1717560902,1372857,0,1.001953125,-0.0859375,0.03515625,-0.05078125,0.0,0.0,0.0
1717562154,1372858,0,1.005859375,-0.072265625,0.01953125,-0.052734375,0.0,0.0,0.0
1717563405,1372859,0,0.998046875,-0.064453125,0.01953125,-0.044921875,0.0,0.0,0.0
1717564657,1372860,0,1.0,-0.0546875,0.013671875,-0.041015625,0.0,0.0,0.0
1717565907,1372861,0,1.00390625,-0.041015625,0.005859375,-0.03515625,0.0,0.0,0.0
1717567158,1372862,0,1.005859375,-0.033203125,-0.001953125,-0.03515625,0.0,0.0,0.0
1717568409,1372863,0,1.00390625,-0.01171875,0.00390625,-0.0078125,0.0,0.0,0.0
1717569660,1372864,0,1.01171875,-0.013671875,0.0,-0.013671875,0.0,0.0,0.0
1717570911,1372865,0,1.013671875,0.0078125,-0.0078125,0.0,0.0,0.0,0.0
1717572161,1372866,0,0.9921875,0.015625,-0.00390625,0.01171875,0.0,0.0,0.0
1717573412,1372867,0,1.009765625,0.033203125,-0.01171875,0.021484375,0.0,0.0,0.0
1717574664,1372868,0,1.005859375,0.041015625,-0.013671875,0.02734375,0.0,0.0,0.0
1717575915,1372869,0,1.0,0.046875,-0.021484375,0.025390625,0.0,0.0,0.0
1717577166,1372870,0,1.001953125,0.05078125,-0.029296875,0.021484375,0.0,0.0,0.0
1717578417,1372871,0,1.00390625,0.05859375,-0.029296875,0.029296875,0.0,0.0,0.0
1717579668,1372872,0,1.0078125,0.068359375,-0.02734375,0.041015625,0.0,0.0,0.0
1717580920,1372873,0,1.00390625,0.072265625,-0.03515625,0.037109375,0.0,0.0,0.0
1717582172,1372874,0,1.005859375,0.076171875,-0.0390625,0.037109375,0.0,0.0,0.0
1717583422,1372875,0,1.001953125,0.080078125,-0.03125,0.048828125,0.0,0.0,0.0
1717584673,1372876,0,1.01171875,0.0859375,-0.037109375,0.048828125,0.0,0.0,0.0
1717585924,1372877,0,1.001953125,0.08203125,-0.03125,0.05078125,0.0,0.0,0.0
1717587174,1372878,0,1.001953125,0.083984375,-0.037109375,0.046875,0.0,0.0,0.0
1717588425,1372879,0,1.0,0.08203125,-0.037109375,0.044921875,0.0,0.0,0.0
1717589676,1372880,0,1.001953125,0.08203125,-0.03125,0.05078125,0.0,0.0,0.0
1717590927,1372881,0,0.998046875,0.07421875,-0.0390625,0.03515625,0.0,0.0,0.0
1717592177,1372882,0,1.001953125,0.07421875,-0.033203125,0.041015625,0.0,0.0,0.0
1717593427,1372883,0,1.0078125,0.068359375,-0.033203125,0.03515625,0.0,0.0,0.0
1717594679,1372884,0,1.015625,0.06640625,-0.029296875,0.037109375,0.0,0.0,0.0
1717595929,1372885,0,1.00390625,0.06640625,-0.02734375,0.0390625,0.0,0.0,0.0
1717597179,1372886,0,1.0078125,0.046875,-0.03125,0.015625,0.0,0.0,0.0
1717598431,1372887,0,1.0,0.04296875,-0.013671875,0.029296875,0.0,0.0,0.0
1717599681,1372888,0,1.001953125,0.025390625,-0.03125,-0.005859375,0.0,0.0,0.0
1717600932,1372889,0,1.009765625,0.0234375,-0.01953125,0.00390625,0.0,0.0,0.0
1717602182,1372890,0,1.00390625,0.01171875,-0.013671875,-0.001953125,0.0,0.0,0.0
1717603432,1372891,0,1.00390625,0.001953125,-0.005859375,-0.00390625,0.0,0.0,0.0
1717604684,1372892,0,0.998046875,0.0,-0.009765625,-0.009765625,0.0,0.0,0.0
1717605934,1372893,0,1.001953125,-0.01171875,-0.001953125,-0.013671875,0.0,0.0,0.0
1717607184,1372894,0,1.0078125,-0.021484375,0.00390625,-0.017578125,0.0,0.0,0.0
1717608436,1372895,0,1.0078125,-0.0234375,0.0078125,-0.015625,0.0,0.0,0.0
1717609686,1372896,0,1.005859375,-0.025390625,0.005859375,-0.01953125,0.0,0.0,0.0
1717610937,1372897,0,1.001953125,-0.037109375,0.005859375,-0.03125,0.0,0.0,0.0
1717612188,1372898,0,1.00390625,-0.041015625,0.0078125,-0.033203125,0.0,0.0,0.0
1717613439,1372899,0,1.00390625,-0.048828125,0.001953125,-0.046875,0.0,0.0,0.0
1717614691,1372900,0,1.00390625,-0.0546875,0.0078125,-0.046875,0.0,0.0,0.0
1717615942,1372901,0,0.99609375,-0.056640625,0.0078125,-0.048828125,0.0,0.0,0.0
1717617192,1372902,0,1.005859375,-0.056640625,0.009765625,-0.046875,0.0,0.0,0.0
1717618443,1372903,0,1.001953125,-0.05859375,0.01171875,-0.046875,0.0,0.0,0.0
1717619695,1372904,0,1.0078125,-0.072265625,0.01953125,-0.052734375,0.0,0.0,0.0
1717620945,1372905,0,1.0078125,-0.0625,0.0234375,-0.0390625,0.0,0.0,0.0
1717622197,1372906,0,1.015625,-0.064453125,0.005859375,-0.05859375,0.0,0.0,0.0
1717623448,1372907,0,1.005859375,-0.068359375,0.0078125,-0.060546875,0.0,0.0,0.0
1717624698,1372908,0,0.994140625,-0.068359375,0.00390625,-0.064453125,0.0,0.0,0.0
1717625949,1372909,0,1.001953125,-0.068359375,0.01171875,-0.056640625,0.0,0.0,0.0
1717627199,1372910,0,1.005859375,-0.060546875,0.01953125,-0.041015625,0.0,0.0,0.0
1717628449,1372911,0,1.001953125,-0.052734375,0.01171875,-0.041015625,0.0,0.0,0.0
1717629701,1372912,0,0.99609375,-0.05859375,0.013671875,-0.044921875,0.0,0.0,0.0
1717630951,1372913,0,1.00390625,-0.05078125,0.0078125,-0.04296875,0.0,0.0,0.0
1717632202,1372914,0,1.0078125,-0.048828125,0.005859375,-0.04296875,0.0,0.0,0.0
1717633453,1372915,0,1.005859375,-0.0390625,0.009765625,-0.029296875,0.0,0.0,0.0
1717634704,1372916,0,1.001953125,-0.04296875,0.001953125,-0.041015625,0.0,0.0,0.0
1717635954,1372917,0,1.00390625,-0.03515625,0.0,-0.03515625,0.0,0.0,0.0
1717637205,1372918,0,1.0078125,-0.02734375,0.005859375,-0.021484375,0.0,0.0,0.0
1717638457,1372919,0,1.009765625,-0.0234375,0.00390625,-0.01953125,0.0,0.0,0.0
1717639707,1372920,0,1.00390625,-0.0234375,0.005859375,-0.017578125,0.0,0.0,0.0
1717640959,1372921,0,1.005859375,-0.017578125,0.0,-0.017578125,0.0,0.0,0.0
1717642209,1372922,0,1.001953125,-0.0078125,-0.001953125,-0.009765625,0.0,0.0,0.0
1717643460,1372923,0,1.001953125,-0.005859375,0.001953125,-0.00390625,0.0,0.0,0.0
1717644711,1372924,0,1.005859375,-0.005859375,0.001953125,-0.00390625,0.0,0.0,0.0
1717645961,1372925,0,1.00390625,0.005859375,-0.005859375,0.0,0.0,0.0,0.0
1717647211,1372926,0,1.009765625,0.009765625,-0.001953125,0.0078125,0.0,0.0,0.0
1717648461,1372927,0,1.001953125,0.017578125,-0.00390625,0.013671875,0.0,0.0,0.0
1717649712,1372928,0,1.0,0.02734375,0.001953125,0.029296875,0.0,0.0,0.0
1717650962,1372929,0,1.013671875,0.02734375,-0.005859375,0.021484375,0.0,0.0,0.0
1717652212,1372930,0,1.0078125,0.03515625,-0.00390625,0.03125,0.0,0.0,0.0
1717653463,1372931,0,1.009765625,0.033203125,-0.017578125,0.015625,0.0,0.0,0.0
1717654713,1372932,0,1.0078125,0.03125,-0.015625,0.015625,0.0,0.0,0.0
1717655965,1372933,0,1.005859375,0.033203125,-0.015625,0.017578125,0.0,0.0,0.0
1717657216,1372934,0,1.0,0.033203125,-0.00390625,0.029296875,0.0,0.0,0.0
1717658468,1372935,0,1.01171875,0.0390625,-0.009765625,0.029296875,0.0,0.0,0.0
1717659718,1372936,0,1.009765625,0.03515625,-0.0078125,0.02734375,0.0,0.0,0.0
1717660970,1372937,0,1.0078125,0.03125,-0.013671875,0.017578125,0.0,0.0,0.0
1717662221,1372938,0,1.013671875,0.033203125,-0.013671875,0.01953125,0.0,0.0,0.0
1717663471,1372939,0,1.00390625,0.02734375,-0.01171875,0.015625,0.0,0.0,0.0
1717664722,1372940,0,1.0,0.02734375,-0.005859375,0.021484375,0.0,0.0,0.0
1717665973,1372941,0,1.005859375,0.02734375,-0.0078125,0.01953125,0.0,0.0,0.0
1717667225,1372942,0,1.005859375,0.021484375,-0.009765625,0.01171875,0.0,0.0,0.0
1717668477,1372943,0,1.005859375,0.01953125,-0.0078125,0.01171875,0.0,0.0,0.0
1717669728,1372944,0,1.00390625,0.013671875,-0.009765625,0.00390625,0.0,0.0,0.0
1717670978,1372945,0,1.005859375,0.017578125,-0.0078125,0.009765625,0.0,0.0,0.0
1717672229,1372946,0,1.001953125,0.0078125,-0.001953125,0.005859375,0.0,0.0,0.0
1717673481,1372947,0,1.0,0.001953125,-0.005859375,-0.00390625,0.0,0.0,0.0
1717674731,1372948,0,1.0078125,0.00390625,0.001953125,0.005859375,0.0,0.0,0.0
1717675982,1372949,0,0.998046875,0.0,-0.001953125,-0.001953125,0.0,0.0,0.0
1717677233,1372950,0,1.001953125,-0.009765625,-0.001953125,-0.01171875,0.0,0.0,0.0
1717678483,1372951,0,1.009765625,-0.0078125,-0.005859375,-0.013671875,0.0,0.0,0.0
1717679734,1372952,0,0.994140625,-0.009765625,-0.001953125,-0.01171875,0.0,0.0,0.0
1717680984,1372953,0,0.99609375,-0.017578125,0.001953125,-0.015625,0.0,0.0,0.0
1717682235,1372954,0,1.005859375,-0.021484375,0.0,-0.021484375,0.0,0.0,0.0
1717683486,1372955,0,1.01171875,-0.021484375,-0.00390625,-0.025390625,0.0,0.0,0.0
1717684736,1372956,0,1.005859375,-0.02734375,-0.001953125,-0.029296875,0.0,0.0,0.0
1717685987,1372957,0,1.00390625,-0.03125,0.0,-0.03125,0.0,0.0,0.0
1717687238,1372958,0,0.998046875,-0.03515625,-0.001953125,-0.037109375,0.0,0.0,0.0
1717688489,1372959,0,1.00390625,-0.037109375,-0.005859375,-0.04296875,0.0,0.0,0.0
1717689739,1372960,0,1.0,-0.03515625,-0.001953125,-0.037109375,0.0,0.0,0.0
1717690990,1372961,0,1.0078125,-0.037109375,0.0,-0.037109375,0.0,0.0,0.0
1717692241,1372962,0,1.00390625,-0.0390625,-0.001953125,-0.041015625,0.0,0.0,0.0
1717693492,1372963,0,1.00390625,-0.046875,0.005859375,-0.041015625,0.0,0.0,0.0
1717694742,1372964,0,1.001953125,-0.037109375,-0.00390625,-0.041015625,0.0,0.0,0.0
1717695993,1372965,0,1.00390625,-0.041015625,0.0,-0.041015625,0.0,0.0,0.0
1717697244,1372966,0,1.00390625,-0.041015625,-0.001953125,-0.04296875,0.0,0.0,0.0
1717698494,1372967,0,1.00390625,-0.033203125,0.001953125,-0.03125,0.0,0.0,0.0
1717699746,1372968,0,1.01171875,-0.0390625,0.005859375,-0.033203125,0.0,0.0,0.0
1717700997,1372969,0,1.001953125,-0.037109375,0.005859375,-0.03125,0.0,0.0,0.0
1717702248,1372970,0,0.998046875,-0.029296875,-0.001953125,-0.03125,0.0,0.0,0.0
1717703499,1372971,0,1.015625,-0.03125,-0.001953125,-0.033203125,0.0,0.0,0.0
1717704750,1372972,0,1.0,-0.025390625,0.001953125,-0.0234375,0.0,0.0,0.0
1717706001,1372973,0,1.0,-0.0234375,-0.001953125,-0.025390625,0.0,0.0,0.0
1717707252,1372974,0,1.01171875,-0.01953125,0.005859375,-0.013671875,0.0,0.0,0.0
1717708502,1372975,0,1.009765625,-0.021484375,-0.001953125,-0.0234375,0.0,0.0,0.0
1717709753,1372976,0,1.0078125,-0.01953125,0.0,-0.01953125,0.0,0.0,0.0
1717711004,1372977,0,0.998046875,-0.013671875,-0.001953125,-0.015625,0.0,0.0,0.0
1717712255,1372978,0,1.0,-0.009765625,0.001953125,-0.0078125,0.0,0.0,0.0
1717713505,1372979,0,1.001953125,-0.005859375,0.0,-0.005859375,0.0,0.0,0.0
1717714756,1372980,0,1.005859375,-0.00390625,-0.00390625,-0.0078125,0.0,0.0,0.0
1717716008,1372981,0,1.0078125,0.0,0.001953125,0.001953125,0.0,0.0,0.0
1717717258,1372982,0,1.001953125,0.0078125,0.0,0.0078125,0.0,0.0,0.0
1717718509,1372983,0,1.001953125,0.005859375,-0.001953125,0.00390625,0.0,0.0,0.0
1717719759,1372984,0,1.01171875,0.01171875,-0.005859375,0.005859375,0.0,0.0,0.0
1717721010,1372985,0,1.005859375,0.013671875,-0.001953125,0.01171875,0.0,0.0,0.0
1717722261,1372986,0,1.005859375,0.013671875,-0.00390625,0.009765625,0.0,0.0,0.0
1717723513,1372987,0,1.005859375,0.013671875,0.0,0.013671875,0.0,0.0,0.0
1717724764,1372988,0,1.001953125,0.01953125,-0.001953125,0.017578125,0.0,0.0,0.0
1717726015,1372989,0,1.0078125,0.01953125,0.00390625,0.0234375,0.0,0.0,0.0
1717727270,1372990,0,1.00390625,0.0234375,-0.00390625,0.01953125,0.0,0.0,0.0
1717728521,1372991,0,1.0,0.017578125,-0.009765625,0.0078125,0.0,0.0,0.0
1717729772,1372992,0,1.0,0.017578125,-0.009765625,0.0078125,0.0,0.0,0.0
1717731024,1372993,0,1.005859375,0.0234375,0.0,0.0234375,0.0,0.0,0.0
1717732275,1372994,0,1.0,0.015625,-0.005859375,0.009765625,0.0,0.0,0.0
1717733527,1372995,0,1.00390625,0.017578125,-0.00390625,0.013671875,0.0,0.0,0.0
1717734778,1372996,0,1.0,0.017578125,-0.013671875,0.00390625,0.0,0.0,0.0
1717736028,1372997,0,0.998046875,0.013671875,-0.00390625,0.009765625,0.0,0.0,0.0
1717737279,1372998,0,1.00390625,0.01171875,-0.001953125,0.009765625,0.0,0.0,0.0
1717738530,1372999,0,1.009765625,0.0078125,-0.0078125,0.0,0.0,0.0,0.0
1717739782,1373000,0,1.00390625,0.01171875,-0.00390625,0.0078125,0.0,0.0,0.0
1717741032,1373001,0,1.00390625,0.0,-0.00390625,-0.00390625,0.0,0.0,0.0
1717742282,1373002,0,1.001953125,0.0,-0.005859375,-0.005859375,0.0,0.0,0.0
1717743532,1373003,0,1.005859375,-0.001953125,-0.0078125,-0.009765625,0.0,0.0,0.0
1717744783,1373004,0,1.00390625,-0.001953125,-0.001953125,-0.00390625,0.0,0.0,0.0
1717746034,1373005,0,1.005859375,-0.00390625,-0.001953125,-0.005859375,0.0,0.0,0.0
1717747285,1373006,0,1.00390625,-0.0078125,0.0,-0.0078125,0.0,0.0,0.0
1717748537,1373007,0,1.0,-0.0078125,-0.001953125,-0.009765625,0.0,0.0,0.0
1717749789,1373008,0,0.99609375,-0.01171875,-0.00390625,-0.015625,0.0,0.0,0.0
1717751039,1373009,0,1.00390625,-0.015625,0.0,-0.015625,0.0,0.0,0.0
1717752290,1373010,0,1.001953125,-0.015625,0.0,-0.015625,0.0,0.0,0.0
1717753541,1373011,0,1.009765625,-0.01953125,-0.001953125,-0.021484375,0.0,0.0,0.0
1717754792,1373012,0,0.998046875,-0.021484375,-0.00390625,-0.025390625,0.0,0.0,0.0
1717756042,1373013,0,1.0,-0.01953125,-0.005859375,-0.025390625,0.0,0.0,0.0
1717757294,1373014,0,1.01171875,-0.02734375,-0.0078125,-0.03515625,0.0,0.0,0.0
1717758545,1373015,0,1.0078125,-0.033203125,-0.005859375,-0.0390625,0.0,0.0,0.0
1717759795,1373016,0,1.0078125,-0.033203125,0.0,-0.033203125,0.0,0.0,0.0
1717761047,1373017,0,0.99609375,-0.029296875,0.0,-0.029296875,0.0,0.0,0.0
1717762298,1373018,0,1.005859375,-0.03125,-0.001953125,-0.033203125,0.0,0.0,0.0
1717763549,1373019,0,1.005859375,-0.03125,-0.001953125,-0.033203125,0.0,0.0,0.0
1717764800,1373020,0,1.00390625,-0.03125,0.001953125,-0.029296875,0.0,0.0,0.0
1717766050,1373021,0,1.00390625,-0.025390625,-0.001953125,-0.02734375,0.0,0.0,0.0
1717767301,1373022,0,1.0078125,-0.029296875,0.0,-0.029296875,0.0,0.0,0.0
1717768552,1373023,0,1.0078125,-0.029296875,0.0,-0.029296875,0.0,0.0,0.0
1717769803,1373024,0,1.0,-0.03125,-0.00390625,-0.03515625,0.0,0.0,0.0
1717771053,1373025,0,1.00390625,-0.025390625,0.005859375,-0.01953125,0.0,0.0,0.0
1717772305,1373026,0,1.005859375,-0.0234375,-0.001953125,-0.025390625,0.0,0.0,0.0
1717773557,1373027,0,1.005859375,-0.025390625,-0.001953125,-0.02734375,0.0,0.0,0.0
1717774808,1373028,0,1.001953125,-0.025390625,0.001953125,-0.0234375,0.0,0.0,0.0
1717776059,1373029,0,1.0078125,-0.0234375,0.0078125,-0.015625,0.0,0.0,0.0
1717777310,1373030,0,1.0,-0.017578125,0.0,-0.017578125,0.0,0.0,0.0
1717778562,1373031,0,1.0078125,-0.013671875,-0.00390625,-0.017578125,0.0,0.0,0.0
1717779812,1373032,0,1.0078125,-0.015625,-0.00390625,-0.01953125,0.0,0.0,0.0
1717781064,1373033,0,1.005859375,-0.01171875,-0.0078125,-0.01953125,0.0,0.0,0.0
1717782314,1373034,0,1.009765625,-0.00390625,0.005859375,0.001953125,0.0,0.0,0.0
1717783565,1373035,0,1.00390625,-0.0078125,0.001953125,-0.005859375,0.0,0.0,0.0
1717784816,1373036,0,1.005859375,-0.00390625,0.005859375,0.001953125,0.0,0.0,0.0
1717786066,1373037,0,1.015625,0.001953125,0.00390625,0.005859375,0.0,0.0,0.0
1717787317,1373038,0,1.01171875,0.0,0.00390625,0.00390625,0.0,0.0,0.0
1717788569,1373039,0,0.998046875,0.0,0.0,0.0,0.0,0.0,0.0
1717789819,1373040,0,1.01171875,0.001953125,0.0,0.001953125,0.0,0.0,-1.9120498909161854e+31
1717792321,1373042,0,1.00390625,0.009765625,-0.001953125,0.0078125,0.0,0.0,0.0
1717793571,1373043,0,1.001953125,0.0078125,-0.001953125,0.005859375,0.0,0.0,0.0
1717794822,1373044,0,1.005859375,0.009765625,0.0,0.009765625,0.0,0.0,0.0
1717796074,1373045,0,1.001953125,0.009765625,-0.001953125,0.0078125,0.0,0.0,0.0
1717797324,1373046,0,1.00390625,0.005859375,-0.0078125,-0.001953125,0.0,0.0,0.0
1717798575,1373047,0,1.0078125,0.009765625,-0.00390625,0.005859375,0.0,0.0,0.0
1717799827,1373048,0,1.005859375,0.01171875,0.0,0.01171875,0.0,0.0,0.0
1717801077,1373049,0,1.001953125,0.01171875,-0.001953125,0.009765625,0.0,0.0,0.0
1717802328,1373050,0,1.00390625,0.01171875,-0.0078125,0.00390625,0.0,0.0,0.0
1717803580,1373051,0,1.00390625,0.013671875,-0.005859375,0.0078125,0.0,0.0,0.0
1717804832,1373052,0,1.009765625,0.015625,-0.005859375,0.009765625,0.0,0.0,0.0
1717806082,1373053,0,1.005859375,0.017578125,-0.001953125,0.015625,0.0,0.0,0.0
1717807333,1373054,0,1.0078125,0.0078125,-0.005859375,0.001953125,0.0,0.0,0.0
1717808585,1373055,0,1.001953125,0.0078125,-0.001953125,0.005859375,0.0,0.0,0.0
1717809835,1373056,0,1.001953125,0.005859375,-0.0078125,-0.001953125,0.0,0.0,0.0
1717811086,1373057,0,1.0,0.00390625,-0.009765625,-0.005859375,0.0,0.0,0.0
1717812338,1373058,0,1.005859375,0.001953125,-0.013671875,-0.01171875,0.0,0.0,0.0
1717813589,1373059,0,1.005859375,-0.00390625,-0.009765625,-0.013671875,0.0,0.0,0.0
1717814840,1373060,0,1.001953125,-0.00390625,-0.005859375,-0.009765625,0.0,0.0,0.0
1717816092,1373061,0,1.009765625,-0.00390625,-0.005859375,-0.009765625,0.0,0.0,0.0
1717817343,1373062,0,1.001953125,-0.005859375,-0.00390625,-0.009765625,0.0,0.0,0.0
1717818594,1373063,0,1.001953125,-0.0078125,-0.00390625,-0.01171875,0.0,0.0,0.0
1717819845,1373064,0,1.0078125,-0.015625,-0.01171875,-0.02734375,0.0,0.0,0.0
1717821096,1373065,0,1.005859375,-0.01171875,-0.005859375,-0.017578125,0.0,0.0,0.0
1717822346,1373066,0,1.005859375,-0.015625,-0.00390625,-0.01953125,0.0,0.0,0.0
1717823598,1373067,0,1.005859375,-0.015625,0.0,-0.015625,0.0,0.0,0.0
1717824849,1373068,0,1.0078125,-0.015625,0.0,-0.015625,0.0,0.0,0.0
1717826099,1373069,0,1.005859375,-0.021484375,-0.001953125,-0.0234375,0.0,0.0,0.0
1717827350,1373070,0,1.0078125,-0.021484375,-0.001953125,-0.0234375,0.0,0.0,0.0
1717828601,1373071,0,1.005859375,-0.01953125,0.001953125,-0.017578125,0.0,0.0,0.0
1717829852,1373072,0,1.00390625,-0.025390625,0.0,-0.025390625,0.0,0.0,0.0
1717831103,1373073,0,1.009765625,-0.02734375,-0.00390625,-0.03125,0.0,0.0,0.0
1717832354,1373074,0,1.0078125,-0.0234375,-0.0078125,-0.03125,0.0,0.0,0.0
1717833605,1373075,0,0.99609375,-0.02734375,0.001953125,-0.025390625,0.0,0.0,0.0
1717834855,1373076,0,1.0078125,-0.03125,-0.0078125,-0.0390625,0.0,0.0,0.0
1717836107,1373077,0,1.001953125,-0.02734375,-0.00390625,-0.03125,0.0,0.0,0.0
1717837357,1373078,0,1.001953125,-0.029296875,0.005859375,-0.0234375,0.0,0.0,0.0
1717838607,1373079,0,0.998046875,-0.02734375,0.001953125,-0.025390625,0.0,0.0,0.0
1717839859,1373080,0,1.0,-0.03125,-0.0078125,-0.0390625,0.0,0.0,0.0
1717841109,1373081,0,1.009765625,-0.02734375,0.001953125,-0.025390625,0.0,0.0,0.0
1717842361,1373082,0,1.005859375,-0.021484375,0.009765625,-0.01171875,0.0,0.0,0.0
1717843611,1373083,0,1.001953125,-0.021484375,0.0,-0.021484375,0.0,0.0,0.0
1717844861,1373084,0,1.0,-0.01953125,0.001953125,-0.017578125,0.0,0.0,0.0
1717846113,1373085,0,1.00390625,-0.0234375,0.001953125,-0.021484375,0.0,0.0,0.0
1717847364,1373086,0,1.0078125,-0.01953125,0.0,-0.01953125,0.0,0.0,0.0
1717848616,1373087,0,1.001953125,-0.013671875,0.001953125,-0.01171875,0.0,0.0,0.0
1717849866,1373088,0,1.005859375,-0.01171875,0.0,-0.01171875,0.0,0.0,0.0
1717851118,1373089,0,1.001953125,-0.015625,0.0,-0.015625,0.0,0.0,0.0
1717852368,1373090,0,1.005859375,-0.009765625,0.001953125,-0.0078125,0.0,0.0,0.0
1717853619,1373091,0,1.001953125,-0.005859375,0.0,-0.005859375,0.0,0.0,0.0
1717854869,1373092,0,1.001953125,-0.0078125,0.00390625,-0.00390625,0.0,0.0,0.0
1717856119,1373093,0,1.0078125,-0.0078125,0.0,-0.0078125,0.0,0.0,0.0
1717857371,1373094,0,1.005859375,0.0,0.0,0.0,0.0,0.0,0.0
1717858622,1373095,0,1.005859375,-0.001953125,-0.00390625,-0.005859375,0.0,0.0,0.0
1717859874,1373096,0,0.99609375,0.001953125,-0.001953125,0.0,0.0,0.0,0.0
1717861124,1373097,0,0.998046875,0.0,0.001953125,0.001953125,0.0,0.0,0.0
1717862375,1373098,0,1.0078125,0.005859375,0.005859375,0.01171875,0.0,0.0,0.0
1717863625,1373099,0,1.013671875,0.0078125,0.0,0.0078125,0.0,0.0,0.0
1717864877,1373100,0,0.99609375,0.009765625,0.00390625,0.013671875,0.0,0.0,0.0
1717866127,1373101,0,1.00390625,0.005859375,-0.001953125,0.00390625,0.0,0.0,0.0
1717867377,1373102,0,1.0,0.01171875,-0.009765625,0.001953125,0.0,0.0,0.0
1717868629,1373103,0,1.00390625,0.00390625,-0.01171875,-0.0078125,0.0,0.0,0.0
1717869879,1373104,0,1.005859375,0.01171875,-0.005859375,0.005859375,0.0,0.0,0.0
1717871130,1373105,0,1.001953125,0.009765625,-0.005859375,0.00390625,0.0,0.0,0.0
1717872381,1373106,0,1.001953125,0.009765625,-0.01171875,-0.001953125,0.0,0.0,0.0
1717873631,1373107,0,1.001953125,0.009765625,-0.005859375,0.00390625,0.0,0.0,0.0
1717874882,1373108,0,1.0078125,0.005859375,-0.0078125,-0.001953125,0.0,0.0,0.0
1717876133,1373109,0,1.005859375,0.005859375,-0.00390625,0.001953125,0.0,0.0,0.0
1717877384,1373110,0,1.005859375,0.009765625,-0.0078125,0.001953125,0.0,0.0,0.0
1717878635,1373111,0,1.00390625,0.005859375,-0.005859375,0.0,0.0,0.0,0.0
1717879885,1373112,0,0.99609375,0.001953125,-0.005859375,-0.00390625,0.0,0.0,0.0
1717881136,1373113,0,0.998046875,0.005859375,-0.009765625,-0.00390625,0.0,0.0,0.0
1717882387,1373114,0,1.0078125,0.0,-0.00390625,-0.00390625,0.0,0.0,0.0
1717883638,1373115,0,1.01171875,-0.00390625,-0.00390625,-0.0078125,0.0,0.0,0.0
1717884889,1373116,0,1.013671875,-0.0078125,-0.009765625,-0.017578125,0.0,0.0,0.0
1717886140,1373117,0,1.005859375,-0.005859375,-0.001953125,-0.0078125,0.0,0.0,0.0
1717887392,1373118,0,0.998046875,-0.0078125,0.00390625,-0.00390625,0.0,0.0,0.0
1717888642,1373119,0,1.009765625,-0.009765625,-0.0078125,-0.017578125,0.0,0.0,0.0
1717889894,1373120,0,1.001953125,-0.0078125,-0.013671875,-0.021484375,0.0,0.0,0.0
1717891145,1373121,0,0.99609375,-0.01171875,-0.005859375,-0.017578125,0.0,0.0,0.0
1717892395,1373122,0,1.009765625,-0.01171875,-0.001953125,-0.013671875,0.0,0.0,0.0
1717893646,1373123,0,1.009765625,-0.00390625,-0.001953125,-0.005859375,0.0,0.0,0.0
1717894898,1373124,0,1.0,-0.013671875,-0.0078125,-0.021484375,0.0,0.0,0.0
1717896149,1373125,0,1.00390625,-0.021484375,-0.0078125,-0.029296875,0.0,0.0,0.0
1717897400,1373126,0,1.001953125,-0.017578125,-0.001953125,-0.01953125,0.0,0.0,0.0
1717898651,1373127,0,1.00390625,-0.01953125,-0.00390625,-0.0234375,0.0,0.0,0.0
1717899902,1373128,0,1.00390625,-0.021484375,-0.00390625,-0.025390625,0.0,0.0,0.0
1717901154,1373129,0,1.005859375,-0.025390625,-0.001953125,-0.02734375,0.0,0.0,0.0
1717902405,1373130,0,1.0,-0.01953125,0.001953125,-0.017578125,0.0,0.0,0.0
1717903657,1373131,0,1.001953125,-0.0234375,-0.00390625,-0.02734375,0.0,0.0,0.0
1717904907,1373132,0,1.0078125,-0.021484375,-0.001953125,-0.0234375,0.0,0.0,0.0
1717906158,1373133,0,1.0078125,-0.01953125,0.00390625,-0.015625,0.0,0.0,0.0
1717907409,1373134,0,1.00390625,-0.0234375,0.00390625,-0.01953125,0.0,0.0,0.0
1717908660,1373135,0,1.001953125,-0.017578125,-0.00390625,-0.021484375,0.0,0.0,0.0
1717909911,1373136,0,1.013671875,-0.021484375,0.0078125,-0.013671875,0.0,0.0,0.0
1717911161,1373137,0,1.005859375,-0.015625,-0.00390625,-0.01953125,0.0,0.0,0.0
1717912412,1373138,0,1.0078125,-0.0234375,0.001953125,-0.021484375,0.0,0.0,0.0
1717913664,1373139,0,1.0078125,-0.025390625,-0.001953125,-0.02734375,0.0,0.0,0.0
1717914915,1373140,0,1.0078125,-0.015625,0.01171875,-0.00390625,0.0,0.0,0.0
1717916166,1373141,0,1.001953125,-0.01171875,0.005859375,-0.005859375,0.0,0.0,0.0
1717917417,1373142,0,1.001953125,-0.017578125,0.00390625,-0.013671875,0.0,0.0,0.0
1717918668,1373143,0,1.00390625,-0.015625,0.005859375,-0.009765625,0.0,0.0,0.0
1717919920,1373144,0,0.998046875,-0.013671875,-0.001953125,-0.015625,0.0,0.0,0.0
1717921172,1373145,0,1.001953125,-0.01171875,-0.001953125,-0.013671875,0.0,0.0,0.0
1717922422,1373146,0,1.005859375,-0.009765625,0.0,-0.009765625,0.0,0.0,0.0
1717923673,1373147,0,1.0078125,-0.00390625,0.00390625,0.0,0.0,0.0,0.0
1717924924,1373148,0,1.0078125,-0.00390625,-0.001953125,-0.005859375,0.0,0.0,0.0
1717926174,1373149,0,1.00390625,-0.00390625,0.00390625,0.0,0.0,0.0,0.0
1717927425,1373150,0,1.005859375,0.001953125,0.0,0.001953125,0.0,0.0,0.0
1717928676,1373151,0,1.005859375,-0.001953125,-0.00390625,-0.005859375,0.0,0.0,0.0
1717929927,1373152,0,1.005859375,-0.001953125,-0.001953125,-0.00390625,0.0,0.0,0.0
1717931177,1373153,0,1.00390625,0.001953125,0.00390625,0.005859375,0.0,0.0,0.0
1717932427,1373154,0,1.001953125,0.005859375,-0.001953125,0.00390625,0.0,0.0,0.0
1717933679,1373155,0,1.005859375,-0.001953125,-0.005859375,-0.0078125,0.0,0.0,0.0
1717934929,1373156,0,1.0078125,0.005859375,-0.001953125,0.00390625,0.0,0.0,0.0
1717936179,1373157,0,1.001953125,0.005859375,0.001953125,0.0078125,0.0,0.0,0.0
1717937431,1373158,0,1.0,0.0,0.0,0.0,0.0,0.0,0.0
1717938681,1373159,0,1.009765625,0.005859375,-0.001953125,0.00390625,0.0,0.0,0.0
1717939932,1373160,0,1.01171875,0.00390625,-0.0546875,-0.05078125,0.0,0.0,0.0
1717941182,1373161,0,1.00390625,0.0,-0.00390625,-0.00390625,0.0,0.0,0.0
1717942432,1373162,0,1.005859375,-0.001953125,-0.00390625,-0.005859375,0.0,0.0,0.0
1717943684,1373163,0,1.0,0.001953125,-0.009765625,-0.0078125,0.0,0.0,0.0
1717944934,1373164,0,1.015625,0.001953125,-0.009765625,-0.0078125,0.0,0.0,0.0
1717946184,1373165,0,1.0,0.0,-0.001953125,-0.001953125,0.0,0.0,0.0
1717947436,1373166,0,1.013671875,0.00390625,-0.009765625,-0.005859375,0.0,0.0,0.0
1717948686,1373167,0,1.01171875,0.005859375,-0.0078125,-0.001953125,0.0,0.0,0.0
1717949937,1373168,0,1.001953125,-0.001953125,-0.005859375,-0.0078125,0.0,0.0,0.0
1717951188,1373169,0,1.001953125,0.001953125,-0.001953125,0.0,0.0,0.0,0.0
1717952439,1373170,0,1.005859375,-0.00390625,-0.00390625,-0.0078125,0.0,0.0,0.0
1717953691,1373171,0,1.0,-0.00390625,-0.005859375,-0.009765625,0.0,0.0,0.0
1717954942,1373172,0,1.005859375,-0.00390625,-0.00390625,-0.0078125,0.0,0.0,0.0
1717956192,1373173,0,1.0078125,-0.0078125,-0.013671875,-0.021484375,0.0,0.0,0.0
1717957443,1373174,0,1.009765625,-0.009765625,-0.005859375,-0.015625,0.0,0.0,0.0
1717958695,1373175,0,1.001953125,-0.0078125,-0.0078125,-0.015625,0.0,0.0,0.0
1717959945,1373176,0,1.00390625,-0.015625,-0.00390625,-0.01953125,0.0,0.0,0.0
1717961197,1373177,0,1.0,-0.013671875,-0.009765625,-0.0234375,0.0,0.0,0.0
1717962448,1373178,0,1.005859375,-0.009765625,-0.0078125,-0.017578125,0.0,0.0,0.0
1717963698,1373179,0,1.0078125,-0.01171875,-0.001953125,-0.013671875,0.0,0.0,0.0
1717964949,1373180,0,1.009765625,-0.015625,-0.017578125,-0.033203125,0.0,0.0,0.0
1717966199,1373181,0,1.001953125,-0.013671875,-0.0078125,-0.021484375,0.0,0.0,0.0
1717967449,1373182,0,1.01953125,-0.01953125,-0.001953125,-0.021484375,0.0,0.0,0.0
1717968701,1373183,0,1.001953125,-0.017578125,-0.00390625,-0.021484375,0.0,0.0,0.0
1717969951,1373184,0,1.01171875,-0.0234375,-0.0078125,-0.03125,0.0,0.0,0.0
1717971202,1373185,0,0.998046875,-0.015625,-0.001953125,-0.017578125,0.0,0.0,0.0
1717972453,1373186,0,1.015625,-0.02734375,0.0,-0.02734375,0.0,0.0,0.0
1717973704,1373187,0,1.009765625,-0.017578125,-0.005859375,-0.0234375,0.0,0.0,0.0
1717974954,1373188,0,1.005859375,-0.015625,-0.001953125,-0.017578125,0.0,0.0,0.0
1717976205,1373189,0,0.998046875,-0.021484375,-0.001953125,-0.0234375,0.0,0.0,0.0
1717977457,1373190,0,1.009765625,-0.017578125,0.001953125,-0.015625,0.0,0.0,0.0
1717978707,1373191,0,1.005859375,-0.017578125,-0.005859375,-0.0234375,0.0,0.0,0.0
1717979959,1373192,0,1.0078125,-0.013671875,0.001953125,-0.01171875,0.0,0.0,0.0
1717981209,1373193,0,1.00390625,-0.021484375,-0.005859375,-0.02734375,0.0,0.0,0.0
1717982460,1373194,0,1.00390625,-0.015625,-0.00390625,-0.01953125,0.0,0.0,0.0
1717983711,1373195,0,1.001953125,-0.01953125,0.001953125,-0.017578125,0.0,0.0,0.0
1717984961,1373196,0,1.0078125,-0.013671875,0.0078125,-0.005859375,0.0,0.0,0.0
1717986211,1373197,0,1.005859375,-0.017578125,0.0,-0.017578125,0.0,0.0,0.0
1717987461,1373198,0,1.005859375,-0.009765625,0.0,-0.009765625,0.0,0.0,0.0
1717988712,1373199,0,1.005859375,-0.009765625,0.005859375,-0.00390625,0.0,0.0,0.0
1717989962,1373200,0,1.0078125,-0.0078125,0.0,-0.0078125,0.0,0.0,0.0
1717991212,1373201,0,1.005859375,-0.005859375,0.0078125,0.001953125,0.0,0.0,0.0
1717992463,1373202,0,1.009765625,-0.009765625,0.005859375,-0.00390625,0.0,0.0,0.0
1717993713,1373203,0,0.99609375,-0.0078125,0.00390625,-0.00390625,0.0,0.0,0.0
1717994965,1373204,0,1.0078125,-0.009765625,-0.001953125,-0.01171875,0.0,0.0,0.0
1717996216,1373205,0,0.998046875,-0.005859375,0.0078125,0.001953125,0.0,0.0,0.0
1717997468,1373206,0,0.99609375,-0.005859375,0.0,-0.005859375,0.0,0.0,0.0
1717998718,1373207,0,1.0,-0.005859375,-0.001953125,-0.0078125,0.0,0.0,0.0
1717999970,1373208,0,1.0,-0.001953125,0.005859375,0.00390625,0.0,0.0,0.0
1718001221,1373209,0,1.00390625,0.0,0.001953125,0.001953125,0.0,0.0,0.0
1718002471,1373210,0,0.998046875,-0.001953125,-0.001953125,-0.00390625,0.0,0.0,0.0
1718003722,1373211,0,1.0,0.0,0.001953125,0.001953125,0.0,0.0,0.0
1718004973,1373212,0,1.005859375,0.001953125,-0.001953125,0.0,0.0,0.0,0.0
1718006225,1373213,0,1.009765625,0.0,-0.0078125,-0.0078125,0.0,0.0,0.0
1718007477,1373214,0,1.001953125,0.0,-0.00390625,-0.00390625,0.0,0.0,0.0
1718008728,1373215,0,1.005859375,0.001953125,-0.00390625,-0.001953125,0.0,0.0,0.0
1718009978,1373216,0,1.0078125,0.00390625,-0.00390625,0.0,0.0,0.0,0.0
1718011229,1373217,0,1.009765625,0.0,-0.001953125,-0.001953125,0.0,0.0,0.0
1718012481,1373218,0,1.0078125,0.00390625,-0.001953125,0.001953125,0.0,0.0,0.0
1718013731,1373219,0,1.001953125,0.001953125,-0.005859375,-0.00390625,0.0,0.0,0.0
1718014982,1373220,0,1.001953125,0.001953125,-0.001953125,0.0,0.0,0.0,0.0
1718016233,1373221,0,1.009765625,-0.001953125,-0.0078125,-0.009765625,0.0,0.0,0.0
1718017483,1373222,0,1.00390625,-0.00390625,-0.005859375,-0.009765625,0.0,0.0,0.0
1718018734,1373223,0,1.005859375,0.0,-0.0078125,-0.0078125,0.0,0.0,0.0
1718019984,1373224,0,1.0078125,-0.005859375,-0.009765625,-0.015625,0.0,0.0,0.0
1718021235,1373225,0,1.0078125,-0.00390625,-0.01171875,-0.015625,0.0,0.0,0.0
1718022486,1373226,0,1.005859375,-0.0078125,-0.00390625,-0.01171875,0.0,0.0,0.0
1718023736,1373227,0,1.00390625,-0.001953125,0.0,-0.001953125,0.0,0.0,0.0
1718024987,1373228,0,1.009765625,-0.005859375,-0.01171875,-0.017578125,0.0,0.0,0.0
1718026238,1373229,0,1.0078125,-0.009765625,-0.001953125,-0.01171875,0.0,0.0,0.0
1718027489,1373230,0,1.0078125,-0.0078125,-0.0078125,-0.015625,0.0,0.0,0.0
1718028739,1373231,0,1.005859375,-0.0078125,-0.0078125,-0.015625,0.0,0.0,0.0
1718029990,1373232,0,1.00390625,-0.013671875,-0.005859375,-0.01953125,0.0,0.0,0.0
1718031241,1373233,0,1.00390625,-0.01171875,-0.0078125,-0.01953125,0.0,0.0,0.0
1718032492,1373234,0,1.001953125,-0.01171875,-0.0078125,-0.01953125,0.0,0.0,0.0
1718033742,1373235,0,1.009765625,-0.01171875,-0.00390625,-0.015625,0.0,0.0,0.0
1718034993,1373236,0,1.0078125,-0.017578125,-0.005859375,-0.0234375,0.0,0.0,0.0
1718036244,1373237,0,1.01171875,-0.013671875,-0.005859375,-0.01953125,0.0,0.0,0.0
1718037494,1373238,0,1.005859375,-0.015625,-0.00390625,-0.01953125,0.0,0.0,0.0
1718038746,1373239,0,1.00390625,-0.01171875,-0.005859375,-0.017578125,0.0,0.0,0.0
1718039997,1373240,0,1.001953125,-0.013671875,-0.005859375,-0.01953125,0.0,0.0,0.0
1718041248,1373241,0,1.0,-0.017578125,-0.00390625,-0.021484375,0.0,0.0,0.0
1718042499,1373242,0,1.01171875,-0.021484375,-0.001953125,-0.0234375,0.0,0.0,0.0
1718043750,1373243,0,1.005859375,-0.013671875,0.001953125,-0.01171875,0.0,0.0,0.0
1718045001,1373244,0,1.0078125,-0.021484375,0.001953125,-0.01953125,0.0,0.0,0.0
1718046252,1373245,0,1.00390625,-0.01171875,0.0,-0.01171875,0.0,0.0,0.0
1718047502,1373246,0,1.01171875,-0.01171875,0.001953125,-0.009765625,0.0,0.0,0.0
1718048753,1373247,0,1.009765625,-0.01953125,-0.001953125,-0.021484375,0.0,0.0,0.0
1718050004,1373248,0,1.001953125,-0.015625,0.001953125,-0.013671875,0.0,0.0,0.0
1718051255,1373249,0,1.00390625,-0.013671875,0.001953125,-0.01171875,0.0,0.0,0.0
1718052505,1373250,0,1.005859375,-0.013671875,0.0078125,-0.005859375,0.0,0.0,0.0
1718053756,1373251,0,1.0078125,-0.009765625,0.001953125,-0.0078125,0.0,0.0,0.0
1718055008,1373252,0,1.00390625,-0.009765625,0.00390625,-0.005859375,0.0,0.0,0.0
1718056258,1373253,0,1.00390625,-0.01171875,0.00390625,-0.0078125,0.0,0.0,0.0
1718057509,1373254,0,1.001953125,-0.01171875,0.001953125,-0.009765625,0.0,0.0,0.0
1718058759,1373255,0,1.00390625,-0.005859375,0.0078125,0.001953125,0.0,0.0,0.0
1718060010,1373256,0,1.0078125,-0.0078125,0.0,-0.0078125,0.0,0.0,0.0
1718061261,1373257,0,1.001953125,0.0,0.0,0.0,0.0,0.0,0.0
1718062513,1373258,0,1.001953125,-0.001953125,-0.00390625,-0.005859375,0.0,0.0,0.0
1718063764,1373259,0,1.009765625,-0.0078125,-0.00390625,-0.01171875,0.0,0.0,0.0
1718065015,1373260,0,1.0,-0.001953125,0.001953125,0.0,0.0,0.0,0.0
1718066270,1373261,0,1.001953125,-0.001953125,-0.00390625,-0.005859375,0.0,0.0,0.0
1718067521,1373262,0,1.001953125,0.0,0.001953125,0.001953125,0.0,0.0,0.0
1718068772,1373263,0,1.005859375,-0.00390625,-0.001953125,-0.005859375,0.0,0.0,0.0
1718070024,1373264,0,1.0078125,-0.005859375,0.0078125,0.001953125,0.0,0.0,0.0
1718071275,1373265,0,1.01171875,-0.00390625,-0.001953125,-0.005859375,0.0,0.0,0.0
1718072527,1373266,0,1.0078125,-0.00390625,-0.00390625,-0.0078125,0.0,0.0,0.0
1718073778,1373267,0,0.99609375,-0.0078125,-0.001953125,-0.009765625,0.0,0.0,0.0
1718075028,1373268,0,1.001953125,-0.001953125,-0.001953125,-0.00390625,0.0,0.0,0.0
1718076279,1373269,0,1.00390625,-0.001953125,0.001953125,0.0,0.0,0.0,0.0
1718077530,1373270,0,0.99609375,0.001953125,0.001953125,0.00390625,0.0,0.0,0.0
1718078782,1373271,0,0.998046875,-0.005859375,-0.00390625,-0.009765625,0.0,0.0,0.0
1718080032,1373272,0,1.0078125,-0.001953125,-0.0078125,-0.009765625,0.0,0.0,0.0
1718081282,1373273,0,1.00390625,0.0,-0.009765625,-0.009765625,0.0,0.0,0.0
1718082532,1373274,0,1.00390625,-0.001953125,-0.005859375,-0.0078125,0.0,0.0,0.0
1718083783,1373275,0,1.00390625,-0.001953125,-0.00390625,-0.005859375,0.0,0.0,0.0
1718085034,1373276,0,1.005859375,-0.00390625,-0.01171875,-0.015625,0.0,0.0,0.0
1718086285,1373277,0,1.0078125,-0.00390625,-0.00390625,-0.0078125,0.0,0.0,0.0
1718087537,1373278,0,1.005859375,-0.00390625,-0.005859375,-0.009765625,0.0,0.0,0.0
1718088789,1373279,0,1.001953125,-0.0078125,-0.005859375,-0.013671875,0.0,0.0,0.0
1718090039,1373280,0,1.0078125,-0.0078125,-0.00390625,-0.01171875,0.0,0.0,0.0
1718091290,1373281,0,1.00390625,-0.01171875,-0.0078125,-0.01953125,0.0,0.0,0.0
1718092541,1373282,0,1.00390625,-0.005859375,-0.00390625,-0.009765625,0.0,0.0,0.0
1718093792,1373283,0,1.005859375,-0.009765625,-0.00390625,-0.013671875,0.0,0.0,0.0
1718095042,1373284,0,1.001953125,-0.009765625,-0.005859375,-0.015625,0.0,0.0,0.0
1718096294,1373285,0,1.005859375,-0.01171875,0.0,-0.01171875,0.0,0.0,0.0
1718097545,1373286,0,1.00390625,-0.0078125,-0.001953125,-0.009765625,0.0,0.0,0.0
1718098795,1373287,0,1.013671875,-0.01171875,0.0,-0.01171875,0.0,0.0,0.0
1718100047,1373288,0,1.0,-0.01171875,-0.001953125,-0.013671875,0.0,0.0,0.0
1718101298,1373289,0,1.005859375,-0.013671875,-0.005859375,-0.01953125,0.0,0.0,0.0
1718102549,1373290,0,0.998046875,-0.01171875,-0.00390625,-0.015625,0.0,0.0,0.0
1718103800,1373291,0,1.00390625,-0.021484375,-0.00390625,-0.025390625,0.0,0.0,0.0
1718105050,1373292,0,1.01171875,-0.015625,0.001953125,-0.013671875,0.0,0.0,0.0
1718106301,1373293,0,1.0078125,-0.01953125,0.001953125,-0.017578125,0.0,0.0,0.0
1718107552,1373294,0,1.005859375,-0.017578125,-0.001953125,-0.01953125,0.0,0.0,0.0
1718108803,1373295,0,1.0,-0.015625,-0.00390625,-0.01953125,0.0,0.0,0.0
1718110053,1373296,0,1.0078125,-0.01953125,0.001953125,-0.017578125,0.0,0.0,0.0
1718111305,1373297,0,1.005859375,-0.013671875,-0.001953125,-0.015625,0.0,0.0,0.0
1718112557,1373298,0,1.001953125,-0.01953125,-0.00390625,-0.0234375,0.0,0.0,0.0
1718113808,1373299,0,1.005859375,-0.015625,-0.00390625,-0.01953125,0.0,0.0,0.0
1718115059,1373300,0,1.001953125,-0.009765625,-0.005859375,-0.015625,0.0,0.0,0.0
1718116310,1373301,0,1.00390625,-0.009765625,0.005859375,-0.00390625,0.0,0.0,0.0
1718117562,1373302,0,1.0078125,-0.01953125,-0.001953125,-0.021484375,0.0,0.0,0.0
1718118812,1373303,0,1.00390625,-0.017578125,0.0,-0.017578125,0.0,0.0,0.0
1718120064,1373304,0,1.001953125,-0.01171875,0.001953125,-0.009765625,0.0,0.0,0.0
1718121314,1373305,0,1.00390625,-0.013671875,0.0,-0.013671875,0.0,0.0,0.0
1718122565,1373306,0,1.00390625,-0.01171875,0.001953125,-0.009765625,0.0,0.0,0.0
1718123816,1373307,0,1.009765625,-0.0078125,0.001953125,-0.005859375,0.0,0.0,0.0
1718125066,1373308,0,1.009765625,-0.01171875,-0.0078125,-0.01953125,0.0,0.0,0.0
1718126317,1373309,0,1.00390625,-0.0078125,0.005859375,-0.001953125,0.0,0.0,0.0
1718127569,1373310,0,1.01171875,-0.00390625,0.00390625,0.0,0.0,0.0,0.0
1718128819,1373311,0,1.00390625,-0.013671875,-0.00390625,-0.017578125,0.0,0.0,0.0
1718130070,1373312,0,1.001953125,-0.00390625,0.00390625,0.0,0.0,0.0,0.0
1718131321,1373313,0,1.001953125,-0.005859375,0.0,-0.005859375,0.0,0.0,0.0
1718132571,1373314,0,1.005859375,-0.001953125,0.0,-0.001953125,0.0,0.0,0.0
1718133822,1373315,0,1.00390625,-0.00390625,-0.001953125,-0.005859375,0.0,0.0,0.0
1718135074,1373316,0,1.01171875,-0.00390625,-0.001953125,-0.005859375,0.0,0.0,0.0
1718136324,1373317,0,1.00390625,-0.001953125,0.0,-0.001953125,0.0,0.0,0.0
1718137575,1373318,0,1.00390625,-0.001953125,0.0,-0.001953125,0.0,0.0,0.0
1718138827,1373319,0,1.001953125,-0.001953125,0.0,-0.001953125,0.0,0.0,0.0
1718140077,1373320,0,1.005859375,-0.005859375,-0.001953125,-0.0078125,0.0,0.0,0.0
1718141328,1373321,0,1.00390625,0.0,-0.001953125,-0.001953125,0.0,0.0,0.0
1718142580,1373322,0,1.00390625,0.0,0.001953125,0.001953125,0.0,0.0,0.0
1718143832,1373323,0,1.0078125,-0.001953125,-0.001953125,-0.00390625,0.0,0.0,0.0
1718145082,1373324,0,1.001953125,-0.001953125,-0.001953125,-0.00390625,0.0,0.0,0.0
1718146333,1373325,0,1.0,-0.001953125,-0.001953125,-0.00390625,0.0,0.0,0.0
1718147585,1373326,0,1.0,-0.001953125,-0.001953125,-0.00390625,0.0,0.0,0.0
1718148835,1373327,0,1.0078125,-0.00390625,-0.005859375,-0.009765625,0.0,0.0,0.0
1718150086,1373328,0,1.005859375,0.0,-0.0078125,-0.0078125,0.0,0.0,0.0
1718151338,1373329,0,1.005859375,-0.001953125,-0.01953125,-0.021484375,0.0,0.0,0.0
1718152589,1373330,0,1.015625,-0.001953125,0.0,-0.001953125,0.0,0.0,0.0
1718153840,1373331,0,1.015625,-0.009765625,-0.00390625,-0.013671875,0.0,0.0,0.0
1718155092,1373332,0,1.00390625,-0.00390625,-0.001953125,-0.005859375,0.0,0.0,0.0
1718156343,1373333,0,1.001953125,-0.001953125,-0.0078125,-0.009765625,0.0,0.0,0.0
1718157594,1373334,0,1.009765625,0.0,-0.0078125,-0.0078125,0.0,0.0,0.0
1718158845,1373335,0,1.0,-0.009765625,-0.001953125,-0.01171875,0.0,0.0,0.0
1718160096,1373336,0,1.005859375,-0.0078125,-0.0078125,-0.015625,0.0,0.0,0.0
1718161346,1373337,0,1.0078125,-0.009765625,-0.0078125,-0.017578125,0.0,0.0,0.0
1718162598,1373338,0,1.005859375,-0.0078125,-0.001953125,-0.009765625,0.0,0.0,0.0
1718163849,1373339,0,1.00390625,-0.01171875,-0.005859375,-0.017578125,0.0,0.0,0.0
1718165099,1373340,0,1.00390625,-0.01171875,-0.005859375,-0.017578125,0.0,0.0,0.0
1718166350,1373341,0,1.0,-0.009765625,0.0,-0.009765625,0.0,0.0,0.0
1718167601,1373342,0,1.001953125,-0.01171875,-0.00390625,-0.015625,0.0,0.0,0.0
1718168852,1373343,0,1.001953125,-0.015625,-0.001953125,-0.017578125,0.0,0.0,0.0
1718170103,1373344,0,1.0,-0.015625,-0.005859375,-0.021484375,0.0,0.0,0.0
1718171354,1373345,0,1.001953125,-0.015625,-0.0078125,-0.0234375,0.0,0.0,0.0
1718172605,1373346,0,1.00390625,-0.017578125,-0.001953125,-0.01953125,0.0,0.0,0.0
1718173855,1373347,0,1.0078125,-0.017578125,0.0,-0.017578125,0.0,0.0,0.0
1718175107,1373348,0,1.00390625,-0.017578125,-0.001953125,-0.01953125,0.0,0.0,0.0
1718176357,1373349,0,1.00390625,-0.009765625,0.00390625,-0.005859375,0.0,0.0,0.0
1718177607,1373350,0,1.009765625,-0.009765625,-0.001953125,-0.01171875,0.0,0.0,0.0
1718178859,1373351,0,1.0078125,-0.017578125,0.0,-0.017578125,0.0,0.0,0.0
1718180109,1373352,0,1.0078125,-0.009765625,-0.001953125,-0.01171875,0.0,0.0,0.0
1718181361,1373353,0,1.013671875,-0.01953125,0.001953125,-0.017578125,0.0,0.0,0.0
1718182611,1373354,0,1.013671875,-0.015625,0.0078125,-0.0078125,0.0,0.0,0.0
1718183861,1373355,0,1.0078125,-0.009765625,-0.005859375,-0.015625,0.0,0.0,0.0
1718185113,1373356,0,1.005859375,-0.00390625,0.00390625,0.0,0.0,0.0,0.0
1718186364,1373357,0,1.0078125,-0.001953125,0.0,-0.001953125,0.0,0.0,0.0
1718187616,1373358,0,0.99609375,-0.005859375,-0.009765625,-0.015625,0.0,0.0,0.0
1718188866,1373359,0,1.001953125,-0.005859375,-0.00390625,-0.009765625,0.0,0.0,0.0
1718190118,1373360,0,1.005859375,0.00390625,-0.0078125,-0.00390625,0.0,0.0,0.0
1718191368,1373361,0,1.005859375,0.00390625,-0.009765625,-0.005859375,0.0,0.0,0.0
1718192619,1373362,0,1.0,0.00390625,-0.0078125,-0.00390625,0.0,0.0,0.0
1718193869,1373363,0,1.0,0.0078125,-0.013671875,-0.005859375,0.0,0.0,0.0
1718195119,1373364,0,1.01171875,0.009765625,0.001953125,0.01171875,0.0,0.0,0.0
1718196371,1373365,0,1.01171875,0.00390625,-0.001953125,0.001953125,0.0,0.0,0.0
1718197622,1373366,0,1.005859375,0.001953125,-0.009765625,-0.0078125,0.0,0.0,0.0
1718198874,1373367,0,1.001953125,0.00390625,-0.005859375,-0.001953125,0.0,0.0,0.0
1718200124,1373368,0,1.00390625,-0.001953125,-0.00390625,-0.005859375,0.0,0.0,0.0
1718201375,1373369,0,1.0078125,-0.001953125,-0.0078125,-0.009765625,0.0,0.0,0.0
1718202625,1373370,0,1.0,0.0,-0.005859375,-0.005859375,0.0,0.0,0.0
1718203877,1373371,0,1.005859375,0.0,-0.00390625,-0.00390625,0.0,0.0,0.0
1718205127,1373372,0,1.009765625,-0.00390625,0.001953125,-0.001953125,0.0,0.0,0.0
1718206377,1373373,0,1.0,0.00390625,0.0,0.00390625,0.0,0.0,0.0
1718207629,1373374,0,1.001953125,-0.001953125,-0.009765625,-0.01171875,0.0,0.0,0.0
1718208879,1373375,0,1.009765625,-0.001953125,0.00390625,0.001953125,0.0,0.0,0.0
1718210130,1373376,0,1.005859375,-0.005859375,0.00390625,-0.001953125,0.0,0.0,0.0
1718211381,1373377,0,0.9921875,-0.005859375,0.0,-0.005859375,0.0,0.0,0.0
1718212631,1373378,0,0.998046875,-0.009765625,0.005859375,-0.00390625,0.0,0.0,0.0
1718213882,1373379,0,1.0078125,-0.0078125,-0.001953125,-0.009765625,0.0,0.0,0.0
1718215133,1373380,0,1.0078125,-0.009765625,0.00390625,-0.005859375,0.0,0.0,0.0
1718216384,1373381,0,1.001953125,-0.005859375,0.005859375,0.0,0.0,0.0,0.0
1718217635,1373382,0,1.0,-0.009765625,0.001953125,-0.0078125,0.0,0.0,0.0
1718218885,1373383,0,1.005859375,-0.009765625,-0.009765625,-0.01953125,0.0,0.0,0.0
1718220136,1373384,0,1.00390625,-0.009765625,0.0,-0.009765625,0.0,0.0,0.0
1718221387,1373385,0,1.005859375,-0.013671875,0.0,-0.013671875,0.0,0.0,0.0
1718222638,1373386,0,1.001953125,-0.015625,-0.001953125,-0.017578125,0.0,0.0,0.0
1718223889,1373387,0,1.005859375,-0.013671875,-0.001953125,-0.015625,0.0,0.0,0.0
1718225140,1373388,0,1.001953125,-0.013671875,0.001953125,-0.01171875,0.0,0.0,0.0
1718226392,1373389,0,1.009765625,-0.009765625,0.0,-0.009765625,0.0,0.0,0.0
1718227642,1373390,0,1.00390625,-0.015625,-0.001953125,-0.017578125,0.0,0.0,0.0
1718228894,1373391,0,1.01171875,-0.015625,0.001953125,-0.013671875,0.0,0.0,0.0
1718230145,1373392,0,1.0078125,-0.005859375,-0.001953125,-0.0078125,0.0,0.0,0.0
1718231395,1373393,0,1.00390625,-0.01171875,-0.001953125,-0.013671875,0.0,0.0,0.0
1718232646,1373394,0,1.001953125,-0.015625,-0.005859375,-0.021484375,0.0,0.0,0.0
1718233898,1373395,0,1.00390625,-0.01171875,-0.001953125,-0.013671875,0.0,0.0,0.0
1718235149,1373396,0,0.994140625,-0.013671875,-0.005859375,-0.01953125,0.0,0.0,0.0
1718236400,1373397,0,1.00390625,-0.015625,-0.001953125,-0.017578125,0.0,0.0,0.0
1718237651,1373398,0,1.00390625,-0.0078125,-0.00390625,-0.01171875,0.0,0.0,0.0
1718238902,1373399,0,1.001953125,-0.015625,0.0,-0.015625,0.0,0.0,0.0
1718240154,1373400,0,0.99609375,-0.009765625,-0.0078125,-0.017578125,0.0,0.0,0.0
1718241405,1373401,0,1.005859375,-0.0078125,-0.001953125,-0.009765625,0.0,0.0,0.0
1718242657,1373402,0,1.00390625,-0.01171875,-0.001953125,-0.013671875,0.0,0.0,0.0
1718243907,1373403,0,1.005859375,-0.0078125,0.00390625,-0.00390625,0.0,0.0,0.0
1718245158,1373404,0,1.0078125,-0.013671875,-0.001953125,-0.015625,0.0,0.0,0.0
1718246409,1373405,0,1.0078125,-0.01171875,0.0,-0.01171875,0.0,0.0,0.0
1718247660,1373406,0,1.001953125,-0.009765625,0.00390625,-0.005859375,0.0,0.0,0.0
1718248911,1373407,0,1.0,-0.01171875,-0.001953125,-0.013671875,0.0,0.0,0.0
1718250161,1373408,0,1.005859375,-0.013671875,0.0,-0.013671875,0.0,0.0,0.0
1718251412,1373409,0,1.001953125,-0.01171875,0.0,-0.01171875,0.0,0.0,0.0
1718252664,1373410,0,1.0078125,-0.009765625,-0.001953125,-0.01171875,0.0,0.0,0.0
1718253915,1373411,0,1.005859375,-0.015625,0.0,-0.015625,0.0,0.0,0.0
1718255166,1373412,0,1.0,-0.017578125,0.005859375,-0.01171875,0.0,0.0,0.0
1718256417,1373413,0,1.009765625,-0.017578125,0.005859375,-0.01171875,0.0,0.0,0.0
1718257668,1373414,0,1.009765625,-0.0078125,0.0,-0.0078125,0.0,0.0,0.0
1718258920,1373415,0,1.009765625,-0.0078125,0.005859375,-0.001953125,0.0,0.0,0.0
1718260172,1373416,0,1.00390625,-0.009765625,0.0078125,-0.001953125,0.0,0.0,0.0
1718261422,1373417,0,1.001953125,-0.005859375,-0.0078125,-0.013671875,0.0,0.0,0.0
1718262673,1373418,0,1.0,-0.0078125,0.0,-0.0078125,0.0,0.0,0.0
1718263924,1373419,0,1.00390625,-0.005859375,-0.001953125,-0.0078125,0.0,0.0,0.0
1718265174,1373420,0,1.0,-0.00390625,0.01171875,0.0078125,0.0,0.0,0.0
1718266425,1373421,0,1.005859375,0.0,0.005859375,0.005859375,0.0,0.0,0.0
1718267676,1373422,0,1.005859375,-0.005859375,0.0,-0.005859375,0.0,0.0,0.0
1718268927,1373423,0,1.0,-0.0078125,-0.005859375,-0.013671875,0.0,0.0,0.0
1718270177,1373424,0,1.0078125,-0.001953125,-0.00390625,-0.005859375,0.0,0.0,0.0
1718271427,1373425,0,1.00390625,-0.0078125,0.0,-0.0078125,0.0,0.0,0.0
1718272679,1373426,0,1.001953125,-0.00390625,0.00390625,0.0,0.0,0.0,0.0
1718273929,1373427,0,1.00390625,-0.005859375,0.005859375,0.0,0.0,0.0,0.0
1718275179,1373428,0,1.005859375,-0.005859375,0.001953125,-0.00390625,0.0,0.0,0.0
1718276431,1373429,0,1.00390625,-0.0078125,0.001953125,-0.005859375,0.0,0.0,0.0
1718277681,1373430,0,1.005859375,-0.005859375,-0.00390625,-0.009765625,0.0,0.0,0.0
1718278932,1373431,0,1.005859375,-0.005859375,0.00390625,-0.001953125,0.0,0.0,0.0
1718280182,1373432,0,1.01171875,-0.0078125,0.001953125,-0.005859375,0.0,0.0,0.0
1718281432,1373433,0,1.009765625,-0.005859375,-0.001953125,-0.0078125,0.0,0.0,0.0
1718282684,1373434,0,1.013671875,-0.01171875,0.001953125,-0.009765625,0.0,0.0,0.0
1718283934,1373435,0,1.005859375,-0.0078125,0.005859375,-0.001953125,0.0,0.0,0.0
1718285184,1373436,0,1.0,-0.005859375,0.0,-0.005859375,0.0,0.0,0.0
1718286436,1373437,0,1.001953125,-0.009765625,-0.009765625,-0.01953125,0.0,0.0,0.0
1718287686,1373438,0,0.99609375,-0.0078125,0.001953125,-0.005859375,0.0,0.0,0.0
1718288937,1373439,0,1.01171875,-0.001953125,0.0,-0.001953125,0.0,0.0,0.0
1718290188,1373440,0,1.009765625,-0.015625,0.0,-0.015625,0.0,0.0,0.0
1718291439,1373441,0,1.005859375,-0.01171875,-0.001953125,-0.013671875,0.0,0.0,0.0
1718292691,1373442,0,1.00390625,-0.01171875,-0.01171875,-0.0234375,0.0,0.0,0.0
1718293942,1373443,0,1.00390625,-0.0078125,-0.00390625,-0.01171875,0.0,0.0,0.0
1718295192,1373444,0,1.005859375,-0.01171875,-0.0078125,-0.01953125,0.0,0.0,0.0
1718296443,1373445,0,1.009765625,-0.013671875,-0.005859375,-0.01953125,0.0,0.0,0.0
1718297695,1373446,0,1.0078125,-0.005859375,-0.001953125,-0.0078125,0.0,0.0,0.0
1718298945,1373447,0,1.00390625,-0.005859375,-0.00390625,-0.009765625,0.0,0.0,0.0
1718300197,1373448,0,1.0,-0.009765625,-0.001953125,-0.01171875,0.0,0.0,0.0
1718301448,1373449,0,1.005859375,-0.015625,-0.001953125,-0.017578125,0.0,0.0,0.0
1718302698,1373450,0,1.001953125,-0.01171875,-0.0078125,-0.01953125,0.0,0.0,0.0
1718303949,1373451,0,1.005859375,-0.013671875,-0.005859375,-0.01953125,0.0,0.0,0.0
1718305199,1373452,0,1.00390625,-0.005859375,-0.001953125,-0.0078125,0.0,0.0,0.0
1718306449,1373453,0,1.01171875,-0.009765625,-0.001953125,-0.01171875,0.0,0.0,0.0
1718307701,1373454,0,1.0,-0.009765625,-0.009765625,-0.01953125,0.0,0.0,0.0
1718308951,1373455,0,1.001953125,-0.01171875,-0.0078125,-0.01953125,0.0,0.0,0.0
1718310202,1373456,0,0.99609375,-0.013671875,-0.009765625,-0.0234375,0.0,0.0,0.0
1718311453,1373457,0,0.998046875,-0.0078125,-0.009765625,-0.017578125,0.0,0.0,0.0
1718312704,1373458,0,1.00390625,-0.015625,-0.01953125,-0.03515625,0.0,0.0,0.0
1718313954,1373459,0,1.0078125,0.0,-0.001953125,-0.001953125,0.0,0.0,0.0
1718315205,1373460,0,1.0,-0.01171875,-0.0078125,-0.01953125,0.0,0.0,0.0
1718316457,1373461,0,1.0078125,-0.0078125,0.00390625,-0.00390625,0.0,0.0,0.0
1718317707,1373462,0,1.0078125,-0.005859375,-0.01171875,-0.017578125,0.0,0.0,0.0
1718318959,1373463,0,0.998046875,-0.0078125,-0.0078125,-0.015625,0.0,0.0,0.0
1718320209,1373464,0,1.00390625,-0.005859375,-0.001953125,-0.0078125,0.0,0.0,0.0
1718321460,1373465,0,1.00390625,-0.005859375,-0.005859375,-0.01171875,0.0,0.0,0.0
1718322711,1373466,0,1.005859375,-0.005859375,-0.005859375,-0.01171875,0.0,0.0,0.0
1718323961,1373467,0,1.001953125,-0.00390625,-0.00390625,-0.0078125,0.0,0.0,0.0
1718325211,1373468,0,1.005859375,-0.001953125,-0.005859375,-0.0078125,0.0,0.0,0.0
1718326461,1373469,0,1.009765625,0.0,-0.001953125,-0.001953125,0.0,0.0,0.0
1718327712,1373470,0,1.005859375,-0.001953125,-0.001953125,-0.00390625,0.0,0.0,0.0
1718328962,1373471,0,1.0,0.0,-0.005859375,-0.005859375,0.0,0.0,0.0
1718330212,1373472,0,1.00390625,-0.001953125,0.0,-0.001953125,0.0,0.0,0.0
1718331463,1373473,0,1.001953125,-0.00390625,0.0,-0.00390625,0.0,0.0,0.0
1718332713,1373474,0,1.00390625,-0.00390625,0.0,-0.00390625,0.0,0.0,0.0
1718333965,1373475,0,1.005859375,-0.01171875,0.00390625,-0.0078125,0.0,0.0,0.0
1718335216,1373476,0,1.0,-0.00390625,0.001953125,-0.001953125,0.0,0.0,0.0
1718336468,1373477,0,1.0078125,0.00390625,-0.00390625,0.0,0.0,0.0,0.0
1718337718,1373478,0,1.00390625,-0.00390625,0.001953125,-0.001953125,0.0,0.0,0.0
1718338970,1373479,0,1.0078125,-0.001953125,0.0078125,0.005859375,0.0,0.0,0.0
1718340221,1373480,0,1.00390625,-0.017578125,0.017578125,0.0,0.0,0.0,0.0
1718341471,1373481,0,1.001953125,-0.021484375,0.00390625,-0.017578125,0.0,0.0,0.0
1718342722,1373482,0,1.0234375,-0.0234375,0.01953125,-0.00390625,0.0,0.0,0.0
1718343973,1373483,0,1.001953125,-0.021484375,0.005859375,-0.015625,0.0,0.0,0.0
1718345225,1373484,0,0.998046875,-0.005859375,0.00390625,-0.001953125,0.0,0.0,0.0
1718346477,1373485,0,1.005859375,-0.017578125,0.00390625,-0.013671875,0.0,0.0,0.0
1718347728,1373486,0,1.005859375,-0.015625,0.01171875,-0.00390625,0.0,0.0,0.0
1718348978,1373487,0,0.998046875,-0.025390625,0.0078125,-0.017578125,0.0,0.0,0.0
1718350229,1373488,0,1.001953125,-0.015625,0.00390625,-0.01171875,0.0,0.0,0.0
1718351481,1373489,0,1.0,-0.025390625,0.0078125,-0.017578125,0.0,0.0,0.0
1718352731,1373490,0,1.005859375,-0.01953125,0.009765625,-0.009765625,0.0,0.0,0.0
1718353982,1373491,0,1.0078125,-0.017578125,0.009765625,-0.0078125,0.0,0.0,0.0
1718355233,1373492,0,1.00390625,-0.01171875,0.005859375,-0.005859375,0.0,0.0,0.0
1718356483,1373493,0,1.00390625,-0.01171875,0.005859375,-0.005859375,0.0,0.0,0.0
1718357734,1373494,0,1.009765625,-0.0078125,-0.001953125,-0.009765625,0.0,0.0,0.0
