t_us,frame_id,sensor_id,accX,accY,accZ,acc_sum_YZ,magX,magY,magZ
1826846461,1460221,0,1.005859375,0.00390625,0.005859375,0.009765625,0.0,0.0,0.0
1826847712,1460222,0,1.00390625,0.0,0.00390625,0.00390625,0.0,0.0,0.0
1826848962,1460223,0,1.001953125,-0.001953125,0.00390625,0.001953125,0.0,0.0,0.0
1826850212,1460224,0,0.99609375,-0.001953125,0.00390625,0.001953125,0.0,0.0,0.0
1826851463,1460225,0,1.00390625,0.0,0.005859375,0.005859375,0.0,0.0,0.0
1826852713,1460226,0,1.005859375,-0.00390625,0.0078125,0.00390625,0.0,0.0,0.0
1826853965,1460227,0,1.009765625,0.001953125,0.005859375,0.0078125,0.0,0.0,23364622090240.0
1826856468,1460229,0,1.00390625,-0.001953125,0.001953125,0.0,0.0,0.0,0.0
1826857718,1460230,0,1.0,0.0,0.005859375,0.005859375,0.0,0.0,0.0
1826858970,1460231,0,1.0,0.001953125,0.001953125,0.00390625,0.0,0.0,0.0
1826860221,1460232,0,1.005859375,-0.00390625,0.00390625,0.0,0.0,0.0,0.0
1826861471,1460233,0,1.0078125,-0.00390625,0.00390625,0.0,0.0,0.0,0.0
1826862722,1460234,0,1.005859375,0.0,-0.00390625,-0.00390625,0.0,0.0,0.0
1826863973,1460235,0,1.0078125,-0.00390625,-0.001953125,-0.005859375,0.0,0.0,0.0
1826865225,1460236,0,1.00390625,-0.0078125,0.005859375,-0.001953125,0.0,0.0,0.0
1826866477,1460237,0,0.998046875,0.0,0.00390625,0.00390625,0.0,0.0,0.0
1826867728,1460238,0,0.998046875,-0.00390625,0.017578125,0.013671875,0.0,0.0,0.0
1826868978,1460239,0,0.994140625,-0.00390625,0.005859375,0.001953125,0.0,0.0,0.0
1826870229,1460240,0,1.0,-0.005859375,-0.001953125,-0.0078125,0.0,0.0,0.0
1826871481,1460241,0,1.0078125,-0.0078125,0.0,-0.0078125,0.0,0.0,0.0
1826872731,1460242,0,1.013671875,-0.001953125,0.0,-0.001953125,0.0,0.0,0.0
1826873982,1460243,0,1.005859375,-0.00390625,-0.001953125,-0.005859375,0.0,0.0,0.0
1826875233,1460244,0,1.005859375,-0.001953125,0.00390625,0.001953125,0.0,0.0,0.0
1826876483,1460245,0,1.0,-0.001953125,0.0078125,0.005859375,0.0,0.0,0.0
1826877734,1460246,0,1.005859375,-0.001953125,-0.001953125,-0.00390625,0.0,0.0,0.0
1826878984,1460247,0,0.998046875,-0.005859375,0.001953125,-0.00390625,0.0,0.0,0.0
1826880235,1460248,0,1.001953125,-0.005859375,0.00390625,-0.001953125,0.0,0.0,0.0
1826881486,1460249,0,1.001953125,-0.001953125,0.001953125,0.0,0.0,0.0,0.0
1826882736,1460250,0,1.0,-0.001953125,0.001953125,0.0,0.0,0.0,0.0
1826883987,1460251,0,1.0078125,-0.001953125,0.00390625,0.001953125,0.0,0.0,0.0
1826885238,1460252,0,1.001953125,0.0,0.0078125,0.0078125,0.0,0.0,0.0
1826886489,1460253,0,1.001953125,-0.001953125,0.0078125,0.005859375,0.0,0.0,0.0
1826887739,1460254,0,1.005859375,-0.001953125,0.0,-0.001953125,0.0,0.0,0.0
1826888990,1460255,0,1.009765625,-0.00390625,0.00390625,0.0,0.0,0.0,0.0
1826890241,1460256,0,0.99609375,-0.00390625,0.001953125,-0.001953125,0.0,0.0,0.0
1826891492,1460257,0,1.00390625,0.0,-0.001953125,-0.001953125,0.0,0.0,0.0
1826892742,1460258,0,1.005859375,-0.001953125,0.00390625,0.001953125,0.0,0.0,0.0
1826893993,1460259,0,1.001953125,0.0,0.00390625,0.00390625,0.0,0.0,0.0
1826895244,1460260,0,0.99609375,0.001953125,0.00390625,0.005859375,0.0,0.0,0.0
1826896494,1460261,0,1.0,-0.00390625,0.0078125,0.00390625,0.0,0.0,0.0
1826897746,1460262,0,1.015625,-0.001953125,0.005859375,0.00390625,0.0,0.0,0.0
1826898997,1460263,0,1.009765625,-0.005859375,0.005859375,0.0,0.0,0.0,0.0
1826900248,1460264,0,1.00390625,0.0,0.0078125,0.0078125,0.0,0.0,0.0
1826901499,1460265,0,1.0,-0.001953125,0.001953125,0.0,0.0,0.0,0.0
1826902750,1460266,0,1.00390625,0.0,0.00390625,0.00390625,0.0,0.0,0.0
1826904001,1460267,0,1.001953125,0.0,0.001953125,0.001953125,0.0,0.0,0.0
1826905252,1460268,0,1.00390625,-0.00390625,0.001953125,-0.001953125,0.0,0.0,0.0
1826906502,1460269,0,1.00390625,0.0,0.001953125,0.001953125,0.0,0.0,0.0
1826907753,1460270,0,1.00390625,0.0,-0.00390625,-0.00390625,0.0,0.0,0.0
1826909004,1460271,0,1.00390625,-0.001953125,0.005859375,0.00390625,0.0,0.0,0.0
1826910255,1460272,0,1.0078125,-0.001953125,0.009765625,0.0078125,0.0,0.0,0.0
1826911505,1460273,0,1.001953125,0.0,0.00390625,0.00390625,0.0,0.0,0.0
1826912756,1460274,0,1.001953125,0.0,0.001953125,0.001953125,0.0,0.0,0.0
1826914008,1460275,0,0.998046875,0.001953125,-0.001953125,0.0,0.0,0.0,0.0
1826915258,1460276,0,1.005859375,0.0,0.00390625,0.00390625,0.0,0.0,0.0
1826916509,1460277,0,0.99609375,0.0,-0.001953125,-0.001953125,0.0,0.0,0.0
1826917759,1460278,0,1.001953125,-0.00390625,0.00390625,0.0,0.0,0.0,0.0
1826919010,1460279,0,1.00390625,-0.001953125,0.001953125,0.0,0.0,0.0,0.0
1826920261,1460280,0,1.0078125,-0.005859375,0.001953125,-0.00390625,0.0,0.0,0.0
1826921513,1460281,0,1.0078125,0.001953125,0.00390625,0.005859375,0.0,0.0,0.0
1826922764,1460282,0,1.001953125,0.005859375,0.0,0.005859375,0.0,0.0,0.0
1826924015,1460283,0,0.998046875,0.0,-0.00390625,-0.00390625,0.0,0.0,0.0
1826925270,1460284,0,1.0078125,0.0,0.0,0.0,0.0,0.0,0.0
1826926521,1460285,0,1.0,-0.001953125,-0.001953125,-0.00390625,0.0,0.0,0.0
1826927772,1460286,0,1.001953125,0.001953125,0.00390625,0.005859375,0.0,0.0,0.0
1826929024,1460287,0,0.994140625,-0.001953125,0.00390625,0.001953125,0.0,0.0,0.0
1826930275,1460288,0,1.0078125,-0.005859375,0.0,-0.005859375,0.0,0.0,0.0
1826931527,1460289,0,1.00390625,-0.001953125,-0.00390625,-0.005859375,0.0,0.0,0.0
1826932778,1460290,0,0.99609375,-0.00390625,0.0,-0.00390625,0.0,0.0,0.0
1826934028,1460291,0,1.0078125,0.0,0.0,0.0,0.0,0.0,0.0
1826935279,1460292,0,1.001953125,0.0,0.001953125,0.001953125,0.0,0.0,0.0
1826936530,1460293,0,1.001953125,0.001953125,0.001953125,0.00390625,0.0,0.0,0.0
1826937782,1460294,0,1.005859375,-0.001953125,0.0,-0.001953125,0.0,0.0,0.0
1826939032,1460295,0,1.005859375,-0.00390625,0.001953125,-0.001953125,0.0,0.0,0.0
1826940282,1460296,0,1.005859375,0.0,0.005859375,0.005859375,0.0,0.0,0.0
1826941532,1460297,0,1.005859375,-0.00390625,0.00390625,0.0,0.0,0.0,0.0
1826942783,1460298,0,1.0078125,-0.00390625,0.00390625,0.0,0.0,0.0,0.0
1826944034,1460299,0,1.0078125,0.001953125,0.0078125,0.009765625,0.0,0.0,0.0
1826945285,1460300,0,0.99609375,0.001953125,0.009765625,0.01171875,0.0,0.0,0.0
1826946537,1460301,0,1.00390625,-0.001953125,0.009765625,0.0078125,0.0,0.0,0.0
1826947789,1460302,0,1.009765625,0.0,0.0,0.0,0.0,0.0,0.0
1826949039,1460303,0,0.99609375,0.001953125,0.001953125,0.00390625,0.0,0.0,0.0
1826950290,1460304,0,0.994140625,-0.0078125,-0.00390625,-0.01171875,0.0,0.0,0.0
1826951541,1460305,0,1.001953125,0.0,0.001953125,0.001953125,0.0,0.0,0.0
1826952792,1460306,0,0.998046875,-0.00390625,0.00390625,0.0,0.0,0.0,0.0
1826954042,1460307,0,1.009765625,-0.001953125,0.001953125,0.0,0.0,0.0,0.0
1826955294,1460308,0,1.0,-0.001953125,0.0,-0.001953125,0.0,0.0,0.0
1826956545,1460309,0,1.009765625,0.0,0.00390625,0.00390625,0.0,0.0,0.0
1826957795,1460310,0,1.001953125,-0.005859375,0.0,-0.005859375,0.0,0.0,0.0
1826959047,1460311,0,1.005859375,0.0,0.0,0.0,0.0,0.0,0.0
1826960298,1460312,0,1.0078125,0.001953125,0.0,0.001953125,0.0,0.0,0.0
1826961549,1460313,0,1.005859375,0.005859375,0.001953125,0.0078125,0.0,0.0,0.0
1826962800,1460314,0,1.0,0.0,0.0,0.0,0.0,0.0,0.0
1826964050,1460315,0,0.99609375,-0.001953125,0.0,-0.001953125,0.0,0.0,0.0
1826965301,1460316,0,1.0,-0.00390625,0.00390625,0.0,0.0,0.0,0.0
1826966552,1460317,0,1.00390625,0.0,0.00390625,0.00390625,0.0,0.0,0.0
1826967803,1460318,0,1.0078125,-0.001953125,-0.001953125,-0.00390625,0.0,0.0,0.0
1826969053,1460319,0,1.009765625,-0.001953125,-0.001953125,-0.00390625,0.0,0.0,0.0
1826970305,1460320,0,1.015625,0.00390625,-0.001953125,0.001953125,0.0,0.0,0.0
1826971557,1460321,0,1.00390625,0.0,-0.0078125,-0.0078125,0.0,0.0,0.0
1826972808,1460322,0,1.001953125,-0.001953125,0.00390625,0.001953125,0.0,0.0,0.0
1826974059,1460323,0,1.0078125,-0.005859375,0.00390625,-0.001953125,0.0,0.0,0.0
1826975310,1460324,0,1.0,0.00390625,0.0,0.00390625,0.0,0.0,0.0
1826976562,1460325,0,1.005859375,0.0,0.001953125,0.001953125,0.0,0.0,0.0
1826977812,1460326,0,1.005859375,0.0,0.00390625,0.00390625,0.0,0.0,0.0
1826979064,1460327,0,1.001953125,0.0,0.015625,0.015625,0.0,0.0,0.0
1826980314,1460328,0,1.0078125,0.0,-0.00390625,-0.00390625,0.0,0.0,0.0
1826981565,1460329,0,1.005859375,0.0,0.001953125,0.001953125,0.0,0.0,0.0
1826982816,1460330,0,1.00390625,0.0,0.001953125,0.001953125,0.0,0.0,0.0
1826984066,1460331,0,1.005859375,0.0,0.0,0.0,0.0,0.0,0.0
1826985317,1460332,0,1.01171875,-0.001953125,-0.001953125,-0.00390625,0.0,0.0,0.0
1826986569,1460333,0,1.00390625,-0.00390625,0.0,-0.00390625,0.0,0.0,0.0
1826987819,1460334,0,1.00390625,-0.00390625,-0.001953125,-0.005859375,0.0,0.0,0.0
1826989070,1460335,0,1.0078125,-0.005859375,0.005859375,0.0,0.0,0.0,0.0
1826990321,1460336,0,1.005859375,0.001953125,-0.00390625,-0.001953125,0.0,0.0,0.0
1826991571,1460337,0,1.005859375,0.001953125,-0.00390625,-0.001953125,0.0,0.0,0.0
1826992822,1460338,0,1.001953125,0.0,-0.001953125,-0.001953125,0.0,0.0,0.0
1826994074,1460339,0,1.00390625,0.001953125,0.001953125,0.00390625,0.0,0.0,0.0
1826995324,1460340,0,0.998046875,-0.00390625,-0.001953125,-0.005859375,0.0,0.0,0.0
1826996575,1460341,0,1.0078125,0.001953125,0.0,0.001953125,0.0,0.0,0.0
1826997827,1460342,0,1.00390625,0.00390625,0.0,0.00390625,0.0,0.0,0.0
1826999077,1460343,0,0.998046875,-0.001953125,-0.001953125,-0.00390625,0.0,0.0,0.0
1827000328,1460344,0,1.009765625,-0.009765625,-0.009765625,-0.01953125,0.0,0.0,0.0
1827001580,1460345,0,1.005859375,-0.005859375,-0.001953125,-0.0078125,0.0,0.0,0.0
1827002832,1460346,0,0.994140625,-0.001953125,0.0,-0.001953125,0.0,0.0,0.0
1827004082,1460347,0,1.00390625,-0.001953125,0.005859375,0.00390625,0.0,0.0,0.0
1827005333,1460348,0,1.001953125,0.0078125,0.00390625,0.01171875,0.0,0.0,0.0
1827006585,1460349,0,0.994140625,0.0,0.0078125,0.0078125,0.0,0.0,0.0
1827007835,1460350,0,1.00390625,-0.001953125,-0.00390625,-0.005859375,0.0,0.0,0.0
1827009086,1460351,0,1.001953125,-0.001953125,0.001953125,0.0,0.0,0.0,0.0
1827010338,1460352,0,1.001953125,0.0,0.00390625,0.00390625,0.0,0.0,0.0
1827011589,1460353,0,1.001953125,-0.001953125,0.001953125,0.0,0.0,0.0,0.0
1827012840,1460354,0,1.0,-0.001953125,-0.001953125,-0.00390625,0.0,0.0,0.0
1827014092,1460355,0,1.005859375,0.0,0.001953125,0.001953125,0.0,0.0,0.0
1827015343,1460356,0,1.001953125,-0.00390625,0.00390625,0.0,0.0,0.0,0.0
1827016594,1460357,0,0.998046875,0.00390625,0.0,0.00390625,0.0,0.0,0.0
1827017845,1460358,0,1.0,-0.001953125,0.001953125,0.0,0.0,0.0,0.0
1827019096,1460359,0,1.005859375,-0.001953125,0.00390625,0.001953125,0.0,0.0,0.0
1827020346,1460360,0,1.001953125,-0.00390625,-0.001953125,-0.005859375,0.0,0.0,0.0
1827021598,1460361,0,1.0078125,-0.005859375,0.0078125,0.001953125,0.0,0.0,0.0
1827022849,1460362,0,1.00390625,-0.00390625,0.005859375,0.001953125,0.0,0.0,0.0
1827024099,1460363,0,0.998046875,-0.001953125,0.00390625,0.001953125,0.0,0.0,0.0
1827025350,1460364,0,1.005859375,-0.00390625,0.009765625,0.005859375,0.0,0.0,0.0
1827026601,1460365,0,0.998046875,-0.00390625,0.0,-0.00390625,0.0,0.0,0.0
1827027852,1460366,0,1.0078125,-0.001953125,0.00390625,0.001953125,0.0,0.0,0.0
1827029103,1460367,0,1.005859375,0.0,0.001953125,0.001953125,0.0,0.0,0.0
1827030354,1460368,0,1.0078125,0.0,-0.005859375,-0.005859375,0.0,0.0,0.0
1827031605,1460369,0,0.998046875,-0.00390625,0.01171875,0.0078125,0.0,0.0,0.0
1827032855,1460370,0,1.009765625,-0.00390625,0.00390625,0.0,0.0,0.0,0.0
1827034107,1460371,0,1.0078125,0.0,0.001953125,0.001953125,0.0,0.0,0.0
1827035357,1460372,0,1.005859375,-0.001953125,0.00390625,0.001953125,0.0,0.0,0.0
1827036607,1460373,0,1.00390625,-0.00390625,0.009765625,0.005859375,0.0,0.0,0.0
1827037859,1460374,0,1.005859375,0.001953125,0.00390625,0.005859375,0.0,0.0,0.0
1827039109,1460375,0,1.0078125,-0.001953125,0.0,-0.001953125,0.0,0.0,0.0
1827040361,1460376,0,1.0,-0.001953125,0.001953125,0.0,0.0,0.0,0.0
1827041611,1460377,0,1.001953125,-0.00390625,0.0,-0.00390625,0.0,0.0,0.0
1827042861,1460378,0,1.001953125,0.0,0.00390625,0.00390625,0.0,0.0,0.0
1827044113,1460379,0,1.00390625,0.0,0.005859375,0.005859375,0.0,0.0,0.0
1827045364,1460380,0,1.00390625,-0.001953125,0.00390625,0.001953125,0.0,0.0,0.0
1827046616,1460381,0,1.00390625,-0.00390625,0.005859375,0.001953125,0.0,0.0,0.0
1827047866,1460382,0,1.01171875,-0.005859375,0.001953125,-0.00390625,0.0,0.0,0.0
1827049118,1460383,0,1.005859375,0.001953125,0.005859375,0.0078125,0.0,0.0,0.0
1827050368,1460384,0,1.00390625,0.00390625,0.009765625,0.013671875,0.0,0.0,0.0
1827051619,1460385,0,1.009765625,-0.001953125,0.00390625,0.001953125,0.0,0.0,0.0
1827052869,1460386,0,1.00390625,0.001953125,0.005859375,0.0078125,0.0,0.0,0.0
1827054119,1460387,0,1.005859375,0.0,0.0078125,0.0078125,0.0,0.0,0.0
1827055371,1460388,0,1.0078125,-0.001953125,0.0078125,0.005859375,0.0,0.0,0.0
1827056622,1460389,0,1.0,0.001953125,0.0,0.001953125,0.0,0.0,0.0
1827057874,1460390,0,1.005859375,-0.00390625,0.0078125,0.00390625,0.0,0.0,0.0
1827059124,1460391,0,1.001953125,0.0,0.00390625,0.00390625,0.0,0.0,0.0
1827060375,1460392,0,1.0078125,-0.001953125,0.00390625,0.001953125,0.0,0.0,0.0
1827061625,1460393,0,1.001953125,0.0,0.0078125,0.0078125,0.0,0.0,0.0
1827062877,1460394,0,1.005859375,-0.001953125,0.001953125,0.0,0.0,0.0,0.0
1827064127,1460395,0,1.0078125,-0.005859375,0.005859375,0.0,0.0,0.0,0.0
1827065377,1460396,0,1.00390625,0.0,0.001953125,0.001953125,0.0,0.0,0.0
1827066629,1460397,0,0.998046875,-0.0078125,0.001953125,-0.005859375,0.0,0.0,0.0
1827067879,1460398,0,1.0,-0.001953125,0.0,-0.001953125,0.0,0.0,0.0
1827069130,1460399,0,1.0,-0.00390625,0.00390625,0.0,0.0,0.0,0.0
1827070381,1460400,0,1.00390625,0.0,-0.001953125,-0.001953125,0.0,0.0,0.0
1827071631,1460401,0,1.00390625,0.0,0.001953125,0.001953125,0.0,0.0,0.0
1827072882,1460402,0,1.0078125,-0.001953125,0.0,-0.001953125,0.0,0.0,0.0
1827074133,1460403,0,1.00390625,-0.00390625,0.0,-0.00390625,0.0,0.0,0.0
1827075384,1460404,0,1.005859375,-0.001953125,0.005859375,0.00390625,0.0,0.0,0.0
1827076635,1460405,0,1.0078125,0.0,-0.00390625,-0.00390625,0.0,0.0,0.0
1827077885,1460406,0,1.0,-0.00390625,-0.00390625,-0.0078125,0.0,0.0,0.0
1827079136,1460407,0,1.00390625,-0.001953125,-0.00390625,-0.005859375,0.0,0.0,0.0
1827080387,1460408,0,1.015625,-0.00390625,0.00390625,0.0,0.0,0.0,0.0
1827081638,1460409,0,1.0078125,0.001953125,0.005859375,0.0078125,0.0,0.0,0.0
1827082889,1460410,0,1.0078125,0.0,0.005859375,0.005859375,0.0,0.0,0.0
1827084140,1460411,0,1.009765625,-0.00390625,0.001953125,-0.001953125,0.0,0.0,0.0
1827085392,1460412,0,1.001953125,-0.005859375,0.0078125,0.001953125,0.0,0.0,0.0
1827086642,1460413,0,1.00390625,0.00390625,0.00390625,0.0078125,0.0,0.0,0.0
1827087894,1460414,0,1.00390625,-0.001953125,0.0,-0.001953125,0.0,0.0,0.0
1827089145,1460415,0,1.001953125,-0.00390625,0.001953125,-0.001953125,0.0,0.0,0.0
1827090395,1460416,0,1.00390625,0.0,0.0,0.0,0.0,0.0,0.0
1827091646,1460417,0,1.005859375,0.0,-0.001953125,-0.001953125,0.0,0.0,0.0
1827092898,1460418,0,1.005859375,-0.001953125,0.00390625,0.001953125,0.0,0.0,0.0
1827094149,1460419,0,1.001953125,0.0,0.0078125,0.0078125,0.0,0.0,0.0
1827095400,1460420,0,1.0,0.0,0.0,0.0,0.0,0.0,0.0
1827096651,1460421,0,1.001953125,-0.001953125,0.0078125,0.005859375,0.0,0.0,0.0
1827097902,1460422,0,1.00390625,0.0,0.0078125,0.0078125,0.0,0.0,0.0
1827099154,1460423,0,1.001953125,-0.001953125,0.001953125,0.0,0.0,0.0,0.0
1827100405,1460424,0,1.00390625,0.0,0.00390625,0.00390625,0.0,0.0,0.0
1827101657,1460425,0,1.001953125,0.0,0.0078125,0.0078125,0.0,0.0,0.0
1827102907,1460426,0,1.001953125,0.00390625,0.0,0.00390625,0.0,0.0,0.0
1827104158,1460427,0,0.998046875,0.0,0.0,0.0,0.0,0.0,0.0
1827105409,1460428,0,1.00390625,-0.001953125,0.005859375,0.00390625,0.0,0.0,0.0
1827106660,1460429,0,1.017578125,-0.00390625,0.00390625,0.0,0.0,0.0,0.0
1827107911,1460430,0,1.0078125,0.001953125,0.005859375,0.0078125,0.0,0.0,0.0
1827109161,1460431,0,0.99609375,0.0,0.0078125,0.0078125,0.0,0.0,0.0
1827110412,1460432,0,1.0,0.0,0.0,0.0,0.0,0.0,0.0
1827111664,1460433,0,1.001953125,-0.001953125,0.0078125,0.005859375,0.0,0.0,0.0
1827112915,1460434,0,1.005859375,-0.001953125,0.0,-0.001953125,0.0,0.0,0.0
1827114166,1460435,0,1.001953125,-0.00390625,0.0,-0.00390625,0.0,0.0,0.0
1827115417,1460436,0,1.001953125,-0.001953125,0.00390625,0.001953125,0.0,0.0,0.0
1827116668,1460437,0,1.001953125,0.0,0.001953125,0.001953125,0.0,0.0,0.0
1827117920,1460438,0,1.005859375,-0.001953125,0.009765625,0.0078125,0.0,0.0,0.0
1827119172,1460439,0,1.009765625,-0.005859375,0.0,-0.005859375,0.0,0.0,0.0
1827120422,1460440,0,1.00390625,-0.005859375,0.001953125,-0.00390625,0.0,0.0,0.0
1827121673,1460441,0,1.0,-0.00390625,-0.001953125,-0.005859375,0.0,0.0,0.0
1827122924,1460442,0,1.001953125,-0.001953125,0.00390625,0.001953125,0.0,0.0,0.0
1827124174,1460443,0,1.00390625,-0.001953125,0.001953125,0.0,0.0,0.0,0.0
1827125425,1460444,0,1.001953125,-0.001953125,0.005859375,0.00390625,0.0,0.0,0.0
1827126676,1460445,0,1.0078125,-0.001953125,0.01171875,0.009765625,0.0,0.0,0.0
1827127927,1460446,0,1.0,-0.00390625,0.00390625,0.0,0.0,0.0,0.0
1827129177,1460447,0,1.005859375,-0.00390625,0.005859375,0.001953125,0.0,0.0,0.0
1827130427,1460448,0,1.0,-0.001953125,0.00390625,0.001953125,0.0,0.0,0.0
1827131679,1460449,0,1.001953125,-0.001953125,0.00390625,0.001953125,0.0,0.0,0.0
1827132929,1460450,0,1.00390625,0.0,-0.00390625,-0.00390625,0.0,0.0,0.0
1827134179,1460451,0,1.005859375,0.00390625,0.00390625,0.0078125,0.0,0.0,0.0
1827135431,1460452,0,1.017578125,0.00390625,0.0,0.00390625,0.0,0.0,0.0
1827136681,1460453,0,0.99609375,-0.00390625,0.00390625,0.0,0.0,0.0,0.0
1827137932,1460454,0,1.0,-0.001953125,0.00390625,0.001953125,0.0,0.0,0.0
1827139182,1460455,0,1.0078125,0.0,0.005859375,0.005859375,0.0,0.0,0.0
1827140432,1460456,0,1.005859375,0.0,0.009765625,0.009765625,0.0,0.0,0.0
1827141684,1460457,0,1.005859375,-0.001953125,0.001953125,0.0,0.0,0.0,0.0
1827142934,1460458,0,1.0,-0.001953125,0.00390625,0.001953125,0.0,0.0,0.0
1827144184,1460459,0,1.00390625,-0.001953125,0.001953125,0.0,0.0,0.0,0.0
1827145436,1460460,0,1.005859375,0.0,0.001953125,0.001953125,0.0,0.0,0.0
1827146686,1460461,0,1.0078125,-0.001953125,0.0078125,0.005859375,0.0,0.0,0.0
1827147937,1460462,0,1.001953125,0.0,0.00390625,0.00390625,0.0,0.0,0.0
1827149188,1460463,0,1.0,0.0,-0.001953125,-0.001953125,0.0,0.0,0.0
1827150439,1460464,0,1.00390625,-0.0078125,-0.001953125,-0.009765625,0.0,0.0,0.0
1827151691,1460465,0,1.001953125,0.0,-0.001953125,-0.001953125,0.0,0.0,0.0
1827152942,1460466,0,1.00390625,-0.00390625,0.001953125,-0.001953125,0.0,0.0,0.0
1827154192,1460467,0,1.00390625,-0.001953125,0.001953125,0.0,0.0,0.0,0.0
1827155443,1460468,0,1.0078125,-0.001953125,0.005859375,0.00390625,0.0,0.0,0.0
1827156695,1460469,0,1.009765625,-0.005859375,0.00390625,-0.001953125,0.0,0.0,0.0
1827157945,1460470,0,0.99609375,-0.005859375,0.005859375,0.0,0.0,0.0,0.0
1827159197,1460471,0,1.005859375,-0.005859375,0.013671875,0.0078125,0.0,0.0,0.0
1827160448,1460472,0,1.009765625,-0.001953125,0.0,-0.001953125,0.0,0.0,0.0
1827161698,1460473,0,1.009765625,-0.001953125,0.0,-0.001953125,0.0,0.0,0.0
1827162949,1460474,0,1.00390625,0.00390625,0.0078125,0.01171875,0.0,0.0,0.0
1827164199,1460475,0,0.994140625,-0.001953125,0.00390625,0.001953125,0.0,0.0,0.0
1827165449,1460476,0,1.00390625,0.001953125,0.005859375,0.0078125,0.0,0.0,0.0
1827166701,1460477,0,1.005859375,0.001953125,0.001953125,0.00390625,0.0,0.0,0.0
1827167951,1460478,0,1.00390625,-0.001953125,0.0,-0.001953125,0.0,0.0,0.0
1827169202,1460479,0,1.00390625,0.001953125,0.005859375,0.0078125,0.0,0.0,0.0
1827170453,1460480,0,0.998046875,-0.001953125,-0.001953125,-0.00390625,0.0,0.0,0.0
1827171704,1460481,0,1.00390625,0.0,0.001953125,0.001953125,0.0,0.0,0.0
1827172954,1460482,0,1.001953125,0.0,0.001953125,0.001953125,0.0,0.0,0.0
1827174205,1460483,0,1.0,-0.001953125,-0.001953125,-0.00390625,0.0,0.0,0.0
1827175457,1460484,0,1.00390625,-0.001953125,-0.001953125,-0.00390625,0.0,0.0,0.0
1827176707,1460485,0,1.0078125,-0.001953125,0.00390625,0.001953125,0.0,0.0,0.0
1827177959,1460486,0,1.0,0.0,0.001953125,0.001953125,0.0,0.0,0.0
1827179209,1460487,0,1.0078125,0.0,0.001953125,0.001953125,0.0,0.0,0.0
1827180460,1460488,0,0.998046875,-0.00390625,0.001953125,-0.001953125,0.0,0.0,0.0
1827181711,1460489,0,1.00390625,-0.00390625,0.001953125,-0.001953125,0.0,0.0,0.0
1827182961,1460490,0,1.00390625,-0.001953125,-0.00390625,-0.005859375,0.0,0.0,0.0
1827184211,1460491,0,1.009765625,-0.001953125,0.01171875,0.009765625,0.0,0.0,0.0
1827185461,1460492,0,1.001953125,0.0,0.00390625,0.00390625,0.0,0.0,0.0
1827186712,1460493,0,1.00390625,0.0,0.005859375,0.005859375,0.0,0.0,0.0
1827187962,1460494,0,1.0078125,0.0,0.001953125,0.001953125,0.0,0.0,0.0
1827189212,1460495,0,0.99609375,0.0,0.0,0.0,0.0,0.0,0.0
1827190463,1460496,0,1.0,0.0,-0.0078125,-0.0078125,0.0,0.0,0.0
1827191713,1460497,0,1.0,-0.005859375,0.0,-0.005859375,0.0,0.0,0.0
1827192965,1460498,0,1.0078125,-0.001953125,0.0,-0.001953125,0.0,0.0,0.0
1827194216,1460499,0,1.001953125,0.001953125,0.005859375,0.0078125,0.0,0.0,0.0
1827195468,1460500,0,1.00390625,-0.001953125,0.00390625,0.001953125,0.0,0.0,0.0
1827196718,1460501,0,1.0,-0.001953125,0.001953125,0.0,0.0,0.0,0.0
1827197970,1460502,0,0.998046875,-0.005859375,0.005859375,0.0,0.0,0.0,0.0
1827199221,1460503,0,1.005859375,-0.001953125,0.001953125,0.0,0.0,0.0,0.0
1827200471,1460504,0,0.998046875,-0.001953125,-0.001953125,-0.00390625,0.0,0.0,0.0
1827201722,1460505,0,1.00390625,-0.00390625,0.0078125,0.00390625,0.0,0.0,0.0
1827202973,1460506,0,1.00390625,0.0,0.009765625,0.009765625,0.0,0.0,0.0
1827204225,1460507,0,1.005859375,-0.001953125,0.005859375,0.00390625,0.0,0.0,0.0
1827205477,1460508,0,1.005859375,0.0,0.00390625,0.00390625,0.0,0.0,0.0
1827206728,1460509,0,1.00390625,0.0,0.001953125,0.001953125,0.0,0.0,0.0
1827207978,1460510,0,1.001953125,0.0,0.0078125,0.0078125,0.0,0.0,0.0
1827209229,1460511,0,1.00390625,0.005859375,0.001953125,0.0078125,0.0,0.0,0.0
1827210481,1460512,0,1.0,0.001953125,0.00390625,0.005859375,0.0,0.0,0.0
1827211731,1460513,0,0.998046875,-0.001953125,-0.001953125,-0.00390625,0.0,0.0,0.0
1827212982,1460514,0,1.005859375,-0.00390625,0.0,-0.00390625,0.0,0.0,0.0
1827214233,1460515,0,1.00390625,-0.00390625,0.001953125,-0.001953125,0.0,0.0,0.0
1827215483,1460516,0,1.005859375,-0.001953125,0.0,-0.001953125,0.0,0.0,0.0
1827216734,1460517,0,1.001953125,-0.001953125,0.0,-0.001953125,0.0,0.0,0.0
1827217984,1460518,0,1.0078125,0.0,-0.00390625,-0.00390625,0.0,0.0,0.0
1827219235,1460519,0,1.0,-0.001953125,0.00390625,0.001953125,0.0,0.0,0.0
1827220486,1460520,0,1.001953125,0.0,0.001953125,0.001953125,0.0,0.0,0.0
1827221736,1460521,0,1.0,-0.001953125,0.001953125,0.0,0.0,0.0,0.0
1827222987,1460522,0,1.009765625,-0.001953125,0.001953125,0.0,0.0,0.0,0.0
1827224238,1460523,0,1.001953125,-0.001953125,-0.00390625,-0.005859375,0.0,0.0,0.0
1827225489,1460524,0,1.00390625,-0.001953125,0.0078125,0.005859375,0.0,0.0,0.0
1827226739,1460525,0,1.001953125,-0.00390625,0.005859375,0.001953125,0.0,0.0,0.0
1827227990,1460526,0,0.998046875,0.0,0.00390625,0.00390625,0.0,0.0,0.0
1827229241,1460527,0,1.0,-0.001953125,0.0,-0.001953125,0.0,0.0,0.0
1827230492,1460528,0,1.001953125,-0.001953125,0.005859375,0.00390625,0.0,0.0,0.0
1827231742,1460529,0,1.001953125,-0.001953125,0.005859375,0.00390625,0.0,0.0,0.0
1827232993,1460530,0,1.009765625,-0.001953125,0.00390625,0.001953125,0.0,0.0,0.0
1827234244,1460531,0,1.0,0.005859375,0.005859375,0.01171875,0.0,0.0,0.0
1827235494,1460532,0,1.0,0.0,0.005859375,0.005859375,0.0,0.0,0.0
1827236746,1460533,0,1.01171875,0.001953125,0.01171875,0.013671875,0.0,0.0,0.0
1827237997,1460534,0,0.99609375,0.001953125,-0.0078125,-0.005859375,0.0,0.0,0.0
1827239248,1460535,0,1.0078125,0.0,0.005859375,0.005859375,0.0,0.0,0.0
1827240499,1460536,0,1.001953125,-0.005859375,-0.001953125,-0.0078125,0.0,0.0,0.0
1827241750,1460537,0,0.99609375,-0.00390625,-0.005859375,-0.009765625,0.0,0.0,0.0
1827243001,1460538,0,1.005859375,-0.00390625,-0.0078125,-0.01171875,0.0,0.0,0.0
1827244252,1460539,0,0.99609375,0.001953125,0.001953125,0.00390625,0.0,0.0,0.0
1827245502,1460540,0,1.00390625,-0.001953125,0.001953125,0.0,0.0,0.0,0.0
1827246753,1460541,0,1.0,-0.001953125,0.0078125,0.005859375,0.0,0.0,0.0
1827248004,1460542,0,1.0,-0.001953125,0.001953125,0.0,0.0,0.0,0.0
1827249255,1460543,0,1.001953125,-0.00390625,0.00390625,0.0,0.0,0.0,0.0
1827250505,1460544,0,1.001953125,-0.001953125,0.001953125,0.0,0.0,0.0,0.0
1827251756,1460545,0,1.001953125,-0.00390625,0.0,-0.00390625,0.0,0.0,0.0
1827253008,1460546,0,1.0078125,-0.00390625,0.00390625,0.0,0.0,0.0,0.0
1827254258,1460547,0,0.998046875,0.0,0.0078125,0.0078125,0.0,0.0,0.0
1827255509,1460548,0,1.0,-0.001953125,0.001953125,0.0,0.0,0.0,0.0
1827256759,1460549,0,1.009765625,-0.00390625,0.0,-0.00390625,0.0,0.0,0.0
1827258010,1460550,0,1.0,0.0,0.001953125,0.001953125,0.0,0.0,0.0
1827259261,1460551,0,1.0,0.0,0.005859375,0.005859375,0.0,0.0,0.0
1827260513,1460552,0,1.0,0.001953125,0.00390625,0.005859375,0.0,0.0,0.0
1827261764,1460553,0,1.00390625,-0.005859375,0.001953125,-0.00390625,0.0,0.0,0.0
1827263015,1460554,0,0.9921875,0.0,0.001953125,0.001953125,0.0,0.0,0.0
1827264270,1460555,0,1.0078125,-0.001953125,0.005859375,0.00390625,0.0,0.0,0.0
1827265521,1460556,0,1.00390625,-0.0078125,-0.005859375,-0.013671875,0.0,0.0,0.0
1827266772,1460557,0,1.009765625,-0.005859375,0.0078125,0.001953125,0.0,0.0,0.0
1827268024,1460558,0,1.01171875,-0.0078125,0.005859375,-0.001953125,0.0,0.0,0.0
1827269275,1460559,0,1.00390625,-0.00390625,0.005859375,0.001953125,0.0,0.0,0.0
1827270527,1460560,0,1.005859375,0.0,0.00390625,0.00390625,0.0,0.0,0.0
1827271778,1460561,0,1.00390625,-0.00390625,0.001953125,-0.001953125,0.0,0.0,0.0
1827273028,1460562,0,1.005859375,-0.005859375,0.00390625,-0.001953125,0.0,0.0,0.0
1827274279,1460563,0,1.001953125,-0.005859375,0.001953125,-0.00390625,0.0,0.0,0.0
1827275530,1460564,0,1.001953125,-0.00390625,-0.001953125,-0.005859375,0.0,0.0,0.0
1827276782,1460565,0,1.0078125,-0.00390625,0.0,-0.00390625,0.0,0.0,0.0
1827278032,1460566,0,1.001953125,0.0,0.00390625,0.00390625,0.0,0.0,0.0
1827279282,1460567,0,1.0078125,0.0,0.001953125,0.001953125,0.0,0.0,0.0
1827280532,1460568,0,1.001953125,-0.001953125,0.001953125,0.0,0.0,0.0,0.0
1827281783,1460569,0,1.005859375,-0.001953125,0.0,-0.001953125,0.0,0.0,0.0
1827283034,1460570,0,1.005859375,-0.00390625,0.0,-0.00390625,0.0,0.0,0.0
1827284285,1460571,0,1.001953125,-0.001953125,0.0,-0.001953125,0.0,0.0,0.0
1827285537,1460572,0,1.001953125,0.0,0.001953125,0.001953125,0.0,0.0,0.0
1827286789,1460573,0,1.001953125,-0.001953125,0.0,-0.001953125,0.0,0.0,0.0
1827288039,1460574,0,1.00390625,-0.00390625,0.00390625,0.0,0.0,0.0,0.0
1827289290,1460575,0,1.00390625,-0.001953125,-0.00390625,-0.005859375,0.0,0.0,0.0
1827290541,1460576,0,1.0078125,-0.0078125,-0.005859375,-0.013671875,0.0,0.0,0.0
1827291792,1460577,0,1.0,-0.001953125,0.005859375,0.00390625,0.0,0.0,0.0
1827293042,1460578,0,1.009765625,-0.00390625,-0.00390625,-0.0078125,0.0,0.0,0.0
1827294294,1460579,0,1.01171875,0.0,-0.001953125,-0.001953125,0.0,0.0,0.0
1827295545,1460580,0,1.001953125,-0.001953125,0.0,-0.001953125,0.0,0.0,0.0
1827296795,1460581,0,0.998046875,-0.0078125,0.001953125,-0.005859375,0.0,0.0,0.0
1827298047,1460582,0,1.00390625,-0.001953125,0.005859375,0.00390625,0.0,0.0,0.0
1827299298,1460583,0,1.0078125,0.00390625,0.00390625,0.0078125,0.0,0.0,0.0
1827300549,1460584,0,1.005859375,-0.001953125,0.005859375,0.00390625,0.0,0.0,0.0
1827301800,1460585,0,1.0078125,-0.001953125,-0.001953125,-0.00390625,0.0,0.0,0.0
1827303050,1460586,0,1.005859375,0.0,0.0,0.0,0.0,0.0,0.0
1827304301,1460587,0,1.0078125,-0.001953125,0.0,-0.001953125,0.0,0.0,0.0
1827305552,1460588,0,0.998046875,-0.001953125,0.0,-0.001953125,0.0,0.0,0.0
1827306803,1460589,0,1.0078125,-0.001953125,0.005859375,0.00390625,0.0,0.0,0.0
1827308053,1460590,0,1.00390625,-0.001953125,0.0,-0.001953125,0.0,0.0,0.0
1827309305,1460591,0,0.998046875,-0.001953125,0.00390625,0.001953125,0.0,0.0,0.0
1827310557,1460592,0,1.00390625,0.0,0.0,0.0,0.0,0.0,0.0
1827311808,1460593,0,1.001953125,-0.005859375,0.0078125,0.001953125,0.0,0.0,0.0
1827313059,1460594,0,1.001953125,-0.00390625,-0.001953125,-0.005859375,0.0,0.0,0.0
1827314310,1460595,0,1.009765625,-0.005859375,0.00390625,-0.001953125,0.0,0.0,0.0
1827315562,1460596,0,0.99609375,0.0,-0.00390625,-0.00390625,0.0,0.0,0.0
1827316812,1460597,0,1.00390625,-0.001953125,0.005859375,0.00390625,0.0,0.0,0.0
1827318064,1460598,0,1.001953125,-0.005859375,0.0,-0.005859375,0.0,0.0,0.0
1827319314,1460599,0,1.001953125,-0.001953125,0.00390625,0.001953125,0.0,0.0,0.0
1827320565,1460600,0,1.00390625,-0.00390625,0.01171875,0.0078125,0.0,0.0,0.0
1827321816,1460601,0,1.00390625,-0.005859375,0.0078125,0.001953125,0.0,0.0,0.0
1827323066,1460602,0,1.001953125,-0.001953125,0.00390625,0.001953125,0.0,0.0,0.0
1827324317,1460603,0,0.99609375,0.001953125,0.005859375,0.0078125,0.0,0.0,0.0
1827325569,1460604,0,1.0078125,0.001953125,0.001953125,0.00390625,0.0,0.0,0.0
1827326819,1460605,0,1.001953125,0.0,0.001953125,0.001953125,0.0,0.0,0.0
1827328070,1460606,0,0.998046875,-0.00390625,-0.001953125,-0.005859375,0.0,0.0,0.0
1827329321,1460607,0,1.001953125,-0.00390625,-0.001953125,-0.005859375,0.0,0.0,0.0
1827330571,1460608,0,1.0,-0.001953125,0.0,-0.001953125,0.0,0.0,0.0
1827331822,1460609,0,1.005859375,-0.00390625,0.001953125,-0.001953125,0.0,0.0,0.0
1827333074,1460610,0,1.00390625,-0.001953125,-0.005859375,-0.0078125,0.0,0.0,0.0
1827334324,1460611,0,1.0078125,-0.005859375,0.0,-0.005859375,0.0,0.0,0.0
1827335575,1460612,0,1.001953125,0.0,0.0,0.0,0.0,0.0,0.0
1827336827,1460613,0,1.001953125,0.0,0.00390625,0.00390625,0.0,0.0,0.0
1827338077,1460614,0,1.0,-0.001953125,0.005859375,0.00390625,0.0,0.0,0.0
1827339328,1460615,0,0.994140625,-0.00390625,0.00390625,0.0,0.0,0.0,0.0
1827340580,1460616,0,0.994140625,0.0,0.001953125,0.001953125,0.0,0.0,0.0
1827341832,1460617,0,1.0078125,-0.005859375,-0.00390625,-0.009765625,0.0,0.0,0.0
1827343082,1460618,0,0.99609375,0.005859375,0.001953125,0.0078125,0.0,0.0,0.0
1827344333,1460619,0,1.0078125,-0.001953125,-0.00390625,-0.005859375,0.0,0.0,0.0
1827345585,1460620,0,1.005859375,0.0,-0.0078125,-0.0078125,0.0,0.0,0.0
1827346835,1460621,0,1.00390625,0.0,0.01171875,0.01171875,0.0,0.0,0.0
1827348086,1460622,0,1.005859375,-0.001953125,-0.001953125,-0.00390625,0.0,0.0,0.0
1827349338,1460623,0,1.013671875,0.0,-0.001953125,-0.001953125,0.0,0.0,0.0
1827350589,1460624,0,1.001953125,0.0,-0.00390625,-0.00390625,0.0,0.0,0.0
1827351840,1460625,0,1.001953125,0.001953125,0.0078125,0.009765625,0.0,0.0,0.0
1827353092,1460626,0,1.0,0.001953125,0.005859375,0.0078125,0.0,0.0,0.0
1827354343,1460627,0,1.001953125,-0.001953125,0.001953125,0.0,0.0,0.0,0.0
1827355594,1460628,0,1.0,-0.00390625,0.00390625,0.0,0.0,0.0,0.0
1827356845,1460629,0,0.998046875,-0.00390625,0.0,-0.00390625,0.0,0.0,0.0
1827358096,1460630,0,1.0078125,0.005859375,0.005859375,0.01171875,0.0,0.0,0.0
1827359346,1460631,0,1.005859375,0.0,-0.00390625,-0.00390625,0.0,0.0,0.0
1827360598,1460632,0,1.009765625,-0.00390625,0.0078125,0.00390625,0.0,0.0,0.0
1827361849,1460633,0,1.0,-0.005859375,0.001953125,-0.00390625,0.0,0.0,0.0
1827363099,1460634,0,1.0078125,0.0,0.00390625,0.00390625,0.0,0.0,0.0
1827364350,1460635,0,1.001953125,0.0,0.0078125,0.0078125,0.0,0.0,0.0
1827365601,1460636,0,1.00390625,0.0,0.0,0.0,0.0,0.0,0.0
1827366852,1460637,0,1.005859375,0.0,0.001953125,0.001953125,0.0,0.0,0.0
1827368103,1460638,0,1.005859375,0.0,0.0,0.0,0.0,0.0,0.0
1827369354,1460639,0,0.998046875,-0.001953125,-0.001953125,-0.00390625,0.0,0.0,0.0
1827370605,1460640,0,1.005859375,-0.001953125,0.001953125,0.0,0.0,0.0,0.0
1827371855,1460641,0,1.001953125,-0.00390625,0.001953125,-0.001953125,0.0,0.0,0.0
1827373107,1460642,0,1.005859375,-0.00390625,-0.001953125,-0.005859375,0.0,0.0,0.0
1827374357,1460643,0,1.0,-0.01171875,0.001953125,-0.009765625,0.0,0.0,0.0
1827375607,1460644,0,1.005859375,-0.001953125,0.0,-0.001953125,0.0,0.0,0.0
1827376859,1460645,0,1.0,-0.005859375,0.0,-0.005859375,0.0,0.0,0.0
1827378109,1460646,0,0.998046875,-0.00390625,0.0,-0.00390625,0.0,0.0,0.0
1827379361,1460647,0,1.00390625,-0.005859375,0.005859375,0.0,0.0,0.0,0.0
1827380611,1460648,0,1.009765625,-0.001953125,0.00390625,0.001953125,0.0,0.0,0.0
1827381861,1460649,0,1.001953125,-0.00390625,0.005859375,0.001953125,0.0,0.0,0.0
1827383113,1460650,0,1.009765625,-0.001953125,0.0078125,0.005859375,0.0,0.0,0.0
1827384364,1460651,0,1.00390625,0.0,0.009765625,0.009765625,0.0,0.0,0.0
1827385616,1460652,0,1.005859375,0.0,0.0,0.0,0.0,0.0,0.0
1827386866,1460653,0,1.009765625,-0.001953125,0.001953125,0.0,0.0,0.0,0.0
1827388118,1460654,0,1.001953125,-0.001953125,0.001953125,0.0,0.0,0.0,0.0
1827389368,1460655,0,1.0,-0.001953125,0.0078125,0.005859375,0.0,0.0,0.0
1827390619,1460656,0,1.00390625,0.0,-0.005859375,-0.005859375,0.0,0.0,0.0
1827391869,1460657,0,1.0,0.001953125,0.005859375,0.0078125,0.0,0.0,0.0
1827393119,1460658,0,1.01171875,0.001953125,0.005859375,0.0078125,0.0,0.0,0.0
1827394371,1460659,0,1.009765625,-0.001953125,-0.00390625,-0.005859375,0.0,0.0,0.0
1827395622,1460660,0,1.00390625,0.0,0.005859375,0.005859375,0.0,0.0,0.0
1827396874,1460661,0,0.998046875,-0.001953125,0.00390625,0.001953125,0.0,0.0,0.0
1827398124,1460662,0,0.998046875,-0.00390625,-0.001953125,-0.005859375,0.0,0.0,0.0
1827399375,1460663,0,1.0078125,-0.00390625,-0.001953125,-0.005859375,0.0,0.0,0.0
1827400625,1460664,0,1.005859375,-0.001953125,-0.001953125,-0.00390625,0.0,0.0,0.0
1827401877,1460665,0,1.001953125,-0.00390625,-0.005859375,-0.009765625,0.0,0.0,0.0
1827403127,1460666,0,1.00390625,-0.00390625,-0.00390625,-0.0078125,0.0,0.0,0.0
1827404377,1460667,0,1.005859375,-0.001953125,0.0,-0.001953125,0.0,0.0,0.0
1827405629,1460668,0,1.005859375,0.0,0.00390625,0.00390625,0.0,0.0,0.0
1827406879,1460669,0,1.00390625,-0.005859375,0.00390625,-0.001953125,0.0,0.0,0.0
1827408130,1460670,0,1.005859375,0.0,0.0,0.0,0.0,0.0,0.0
1827409381,1460671,0,1.005859375,0.0,-0.001953125,-0.001953125,0.0,0.0,0.0
1827410631,1460672,0,1.0078125,-0.00390625,0.00390625,0.0,0.0,0.0,0.0
1827411882,1460673,0,1.005859375,0.001953125,0.0078125,0.009765625,0.0,0.0,0.0
1827413133,1460674,0,1.009765625,0.00390625,0.001953125,0.005859375,0.0,0.0,0.0
1827414384,1460675,0,1.0,0.001953125,0.0,0.001953125,0.0,0.0,0.0
1827415635,1460676,0,1.005859375,0.0,0.0,0.0,0.0,0.0,0.0
1827416885,1460677,0,0.99609375,-0.00390625,0.0,-0.00390625,0.0,0.0,0.0
1827418136,1460678,0,1.005859375,0.00390625,0.0,0.00390625,0.0,0.0,0.0
1827419387,1460679,0,1.001953125,0.005859375,0.00390625,0.009765625,0.0,0.0,0.0
1827420638,1460680,0,1.00390625,-0.001953125,0.00390625,0.001953125,0.0,0.0,0.0
1827421889,1460681,0,1.005859375,0.0,0.00390625,0.00390625,0.0,0.0,0.0
1827423140,1460682,0,1.0,0.001953125,0.00390625,0.005859375,0.0,0.0,0.0
1827424392,1460683,0,1.0,0.0,0.00390625,0.00390625,0.0,0.0,0.0
1827425642,1460684,0,1.00390625,0.0,0.0,0.0,0.0,0.0,0.0
1827426894,1460685,0,1.01171875,-0.001953125,0.0078125,0.005859375,0.0,0.0,0.0
1827428145,1460686,0,1.00390625,0.0,-0.001953125,-0.001953125,0.0,0.0,0.0
1827429395,1460687,0,0.9921875,0.0,-0.001953125,-0.001953125,0.0,0.0,0.0
1827430646,1460688,0,0.99609375,0.0,0.00390625,0.00390625,0.0,0.0,0.0
1827431898,1460689,0,1.0078125,0.001953125,0.001953125,0.00390625,0.0,0.0,0.0
1827433149,1460690,0,1.00390625,-0.00390625,-0.001953125,-0.005859375,0.0,0.0,0.0
1827434400,1460691,0,1.001953125,-0.001953125,0.001953125,0.0,0.0,0.0,0.0
1827435651,1460692,0,1.0078125,-0.001953125,0.001953125,0.0,0.0,0.0,0.0
1827436902,1460693,0,1.0,-0.00390625,-0.001953125,-0.005859375,0.0,0.0,0.0
1827438154,1460694,0,1.005859375,0.0,0.009765625,0.009765625,0.0,0.0,0.0
1827439405,1460695,0,1.0,0.0,-0.001953125,-0.001953125,0.0,0.0,0.0
1827440657,1460696,0,1.00390625,0.0,0.001953125,0.001953125,0.0,0.0,0.0
1827441907,1460697,0,1.001953125,0.001953125,-0.00390625,-0.001953125,0.0,0.0,0.0
1827443158,1460698,0,1.0078125,0.001953125,0.0,0.001953125,0.0,0.0,0.0
1827444409,1460699,0,1.0078125,-0.001953125,-0.00390625,-0.005859375,0.0,0.0,0.0
1827445660,1460700,0,1.005859375,-0.001953125,0.001953125,0.0,0.0,0.0,0.0
1827446911,1460701,0,1.005859375,-0.001953125,0.013671875,0.01171875,0.0,0.0,0.0
1827448161,1460702,0,0.998046875,-0.001953125,0.0,-0.001953125,0.0,0.0,0.0
1827449412,1460703,0,1.009765625,0.00390625,0.005859375,0.009765625,0.0,0.0,0.0
1827450664,1460704,0,1.001953125,-0.00390625,0.0,-0.00390625,0.0,0.0,0.0
1827451915,1460705,0,1.00390625,-0.005859375,-0.001953125,-0.0078125,0.0,0.0,0.0
1827453166,1460706,0,1.009765625,0.001953125,0.00390625,0.005859375,0.0,0.0,0.0
1827454417,1460707,0,0.994140625,-0.00390625,0.001953125,-0.001953125,0.0,0.0,0.0
1827455668,1460708,0,1.015625,-0.00390625,0.005859375,0.001953125,0.0,0.0,0.0
1827456920,1460709,0,1.005859375,-0.00390625,0.001953125,-0.001953125,0.0,0.0,0.0
1827458172,1460710,0,1.005859375,-0.001953125,0.001953125,0.0,0.0,0.0,0.0
1827459422,1460711,0,1.0,0.0,0.0078125,0.0078125,0.0,0.0,0.0
1827460673,1460712,0,1.0,0.0,0.00390625,0.00390625,0.0,0.0,0.0
1827461924,1460713,0,1.001953125,0.0,-0.001953125,-0.001953125,0.0,0.0,0.0
1827463174,1460714,0,1.00390625,-0.001953125,0.0,-0.001953125,0.0,0.0,0.0
1827464425,1460715,0,1.001953125,0.00390625,-0.001953125,0.001953125,0.0,0.0,0.0
1827465676,1460716,0,1.0078125,0.001953125,0.001953125,0.00390625,0.0,0.0,0.0
1827466927,1460717,0,1.005859375,-0.001953125,-0.001953125,-0.00390625,0.0,0.0,0.0
1827468177,1460718,0,1.00390625,-0.00390625,0.00390625,0.0,0.0,0.0,0.0
1827469427,1460719,0,1.0,0.005859375,0.0,0.005859375,0.0,0.0,0.0
1827470679,1460720,0,1.00390625,0.0,0.001953125,0.001953125,0.0,0.0,0.0
1827471929,1460721,0,1.00390625,0.005859375,0.005859375,0.01171875,0.0,0.0,0.0
1827473179,1460722,0,1.005859375,-0.001953125,0.0078125,0.005859375,0.0,0.0,0.0
1827474431,1460723,0,1.013671875,-0.00390625,-0.00390625,-0.0078125,0.0,0.0,0.0
1827475681,1460724,0,0.994140625,0.0,0.015625,0.015625,0.0,0.0,0.0
1827476932,1460725,0,1.00390625,0.001953125,0.001953125,0.00390625,0.0,0.0,0.0
1827478182,1460726,0,1.00390625,0.001953125,0.0,0.001953125,0.0,0.0,0.0
1827479432,1460727,0,1.00390625,0.005859375,0.001953125,0.0078125,0.0,0.0,0.0
1827480684,1460728,0,1.00390625,0.005859375,-0.00390625,0.001953125,0.0,0.0,0.0
1827481934,1460729,0,1.001953125,0.00390625,-0.00390625,0.0,0.0,0.0,0.0
1827483184,1460730,0,1.0078125,0.001953125,0.00390625,0.005859375,0.0,0.0,0.0
1827484436,1460731,0,1.0078125,0.00390625,-0.001953125,0.001953125,0.0,0.0,0.0
1827485686,1460732,0,1.005859375,0.0078125,0.001953125,0.009765625,0.0,0.0,0.0
1827486937,1460733,0,1.0078125,0.01171875,0.0,0.01171875,0.0,0.0,0.0
1827488188,1460734,0,0.998046875,0.025390625,-0.01171875,0.013671875,0.0,0.0,0.0
1827489439,1460735,0,1.0,0.0390625,-0.01171875,0.02734375,0.0,0.0,0.0
1827490691,1460736,0,1.01171875,0.025390625,-0.005859375,0.01953125,0.0,0.0,0.0
1827491942,1460737,0,1.009765625,0.041015625,-0.017578125,0.0234375,0.0,0.0,0.0
1827493192,1460738,0,1.01171875,0.0390625,-0.015625,0.0234375,0.0,0.0,0.0
1827494443,1460739,0,1.001953125,0.041015625,-0.01953125,0.021484375,0.0,0.0,0.0
1827495695,1460740,0,0.994140625,0.0625,-0.025390625,0.037109375,0.0,0.0,0.0
1827496945,1460741,0,1.0078125,0.04296875,-0.017578125,0.025390625,0.0,0.0,0.0
1827498197,1460742,0,1.0078125,0.0546875,-0.0234375,0.03125,0.0,0.0,0.0
1827499448,1460743,0,0.9921875,0.0859375,-0.037109375,0.048828125,0.0,0.0,0.0
1827500698,1460744,0,0.990234375,0.107421875,-0.046875,0.060546875,0.0,0.0,0.0
1827501949,1460745,0,1.025390625,0.1875,-0.099609375,0.087890625,0.0,0.0,0.0
1827503199,1460746,0,1.01953125,0.09765625,-0.046875,0.05078125,0.0,0.0,0.0
1827504449,1460747,0,0.998046875,0.142578125,-0.076171875,0.06640625,0.0,0.0,0.0
1827505701,1460748,0,1.017578125,0.15234375,-0.072265625,0.080078125,0.0,0.0,0.0
1827506951,1460749,0,1.01171875,0.126953125,-0.0546875,0.072265625,0.0,0.0,0.0
1827508202,1460750,0,1.0234375,0.169921875,-0.083984375,0.0859375,0.0,0.0,0.0
1827509453,1460751,0,1.00390625,0.15234375,-0.068359375,0.083984375,0.0,0.0,0.0
1827510704,1460752,0,0.99609375,0.189453125,-0.087890625,0.1015625,0.0,0.0,0.0
1827511954,1460753,0,1.013671875,0.205078125,-0.0859375,0.119140625,0.0,0.0,0.0
1827513205,1460754,0,1.013671875,0.263671875,-0.10546875,0.158203125,0.0,0.0,0.0
1827514457,1460755,0,1.00390625,0.322265625,-0.150390625,0.171875,0.0,0.0,0.0
1827515707,1460756,0,1.03125,0.49609375,-0.21875,0.27734375,0.0,0.0,0.0
1827516959,1460757,0,0.99609375,0.486328125,-0.25,0.236328125,0.0,0.0,0.0
1827518209,1460758,0,0.908203125,1.12890625,-0.638671875,0.490234375,0.0,0.0,0.0
1827519460,1460759,0,0.98828125,1.294921875,-0.7109375,0.583984375,0.0,0.0,0.0
1827520711,1460760,0,1.10546875,0.90234375,-0.283203125,0.619140625,0.0,0.0,0.0
1827521961,1460761,0,1.091796875,0.5390625,-0.056640625,0.482421875,0.0,0.0,0.0
1827523211,1460762,0,0.97265625,0.060546875,-0.001953125,0.05859375,0.0,0.0,0.0
1827524461,1460763,0,0.921875,0.466796875,-0.17578125,0.291015625,0.0,0.0,0.0
1827525712,1460764,0,1.09765625,0.623046875,-0.34765625,0.275390625,0.0,0.0,0.0
1827526962,1460765,0,0.904296875,1.44140625,-0.400390625,1.041015625,0.0,0.0,0.0
1827528212,1460766,0,1.150390625,0.90234375,-0.068359375,0.833984375,0.0,0.0,0.0
1827529463,1460767,0,0.86328125,0.619140625,-0.15625,0.462890625,0.0,0.0,0.0
1827530713,1460768,0,0.91015625,0.49609375,-0.1171875,0.37890625,0.0,0.0,0.0
1827531965,1460769,0,1.041015625,0.22265625,0.20703125,0.4296875,0.0,0.0,0.0
1827533216,1460770,0,1.08984375,0.109375,0.318359375,0.427734375,0.0,0.0,0.0
1827534468,1460771,0,1.12109375,0.1875,0.150390625,0.337890625,0.0,0.0,0.0
1827535718,1460772,0,0.978515625,0.251953125,0.12890625,0.380859375,0.0,0.0,0.0
1827536970,1460773,0,1.056640625,0.205078125,0.302734375,0.5078125,0.0,0.0,0.0
1827538221,1460774,0,0.939453125,-0.005859375,0.251953125,0.24609375,0.0,0.0,0.0
1827539471,1460775,0,0.8671875,-0.12890625,0.140625,0.01171875,0.0,0.0,0.0
1827540722,1460776,0,1.03125,-0.255859375,0.357421875,0.1015625,0.0,0.0,0.0
1827541973,1460777,0,1.10546875,-0.369140625,0.40625,0.037109375,0.0,0.0,0.0
1827543225,1460778,0,1.015625,-0.376953125,0.48046875,0.103515625,0.0,0.0,0.0
1827544477,1460779,0,0.99609375,-0.408203125,0.48046875,0.072265625,0.0,0.0,0.0
1827545728,1460780,0,0.978515625,-0.462890625,0.453125,-0.009765625,0.0,0.0,0.0
1827546978,1460781,0,1.025390625,-0.48828125,0.447265625,-0.041015625,0.0,0.0,0.0
1827548229,1460782,0,0.97265625,-0.55859375,0.431640625,-0.126953125,0.0,0.0,0.0
1827549481,1460783,0,0.93359375,-0.634765625,0.384765625,-0.25,0.0,0.0,0.0
1827550731,1460784,0,0.99609375,-0.6796875,0.46875,-0.2109375,0.0,0.0,0.0
1827551982,1460785,0,1.078125,-0.7421875,0.6015625,-0.140625,0.0,0.0,0.0
1827553233,1460786,0,1.05078125,-0.775390625,0.5625,-0.212890625,0.0,0.0,0.0
1827554483,1460787,0,1.005859375,-0.78515625,0.486328125,-0.298828125,0.0,0.0,0.0
1827555734,1460788,0,1.037109375,-0.8125,0.494140625,-0.318359375,0.0,0.0,0.0
1827556984,1460789,0,1.0078125,-0.791015625,0.478515625,-0.3125,0.0,0.0,0.0
1827558235,1460790,0,0.9765625,-0.78515625,0.4375,-0.34765625,0.0,0.0,0.0
1827559486,1460791,0,0.984375,-0.7578125,0.427734375,-0.330078125,0.0,0.0,0.0
1827560736,1460792,0,1.005859375,-0.75,0.447265625,-0.302734375,0.0,0.0,0.0
1827561987,1460793,0,1.0546875,-0.732421875,0.478515625,-0.25390625,0.0,0.0,0.0
1827563238,1460794,0,1.05078125,-0.724609375,0.455078125,-0.26953125,0.0,0.0,0.0
1827564489,1460795,0,1.013671875,-0.69921875,0.396484375,-0.302734375,0.0,0.0,0.0
1827565739,1460796,0,0.99609375,-0.6484375,0.37109375,-0.27734375,0.0,0.0,0.0
1827566990,1460797,0,0.9921875,-0.583984375,0.353515625,-0.23046875,0.0,0.0,0.0
1827568241,1460798,0,0.97265625,-0.509765625,0.298828125,-0.2109375,0.0,0.0,0.0
1827569492,1460799,0,0.984375,-0.43359375,0.263671875,-0.169921875,0.0,0.0,0.0
1827570742,1460800,0,1.009765625,-0.384765625,0.275390625,-0.109375,0.0,0.0,0.0
1827571993,1460801,0,1.037109375,-0.3359375,0.26953125,-0.06640625,0.0,0.0,0.0
1827573244,1460802,0,1.041015625,-0.27734375,0.236328125,-0.041015625,0.0,0.0,0.0
1827574494,1460803,0,1.021484375,-0.212890625,0.193359375,-0.01953125,0.0,0.0,0.0
1827575746,1460804,0,1.0,-0.142578125,0.13671875,-0.005859375,0.0,0.0,0.0
1827576997,1460805,0,0.99609375,-0.076171875,0.01171875,-0.064453125,0.0,0.0,0.0
1827578248,1460806,0,0.923828125,-0.021484375,-0.01953125,-0.041015625,0.0,0.0,0.0
1827579499,1460807,0,0.970703125,0.033203125,0.009765625,0.04296875,0.0,0.0,0.0
1827580750,1460808,0,1.01171875,0.095703125,0.0,0.095703125,0.0,0.0,0.0
1827582001,1460809,0,1.017578125,0.130859375,-0.01171875,0.119140625,0.0,0.0,0.0
1827583252,1460810,0,1.01171875,0.181640625,-0.037109375,0.14453125,0.0,0.0,0.0
1827584502,1460811,0,1.025390625,0.23828125,-0.064453125,0.173828125,0.0,0.0,0.0
1827585753,1460812,0,1.015625,0.26953125,-0.12109375,0.1484375,0.0,0.0,0.0
1827587004,1460813,0,0.9921875,0.314453125,-0.185546875,0.12890625,0.0,0.0,0.0
1827588255,1460814,0,0.9609375,0.384765625,-0.205078125,0.1796875,0.0,0.0,0.0
1827589505,1460815,0,1.021484375,0.41796875,-0.17578125,0.2421875,0.0,0.0,0.0
1827590756,1460816,0,1.021484375,0.435546875,-0.193359375,0.2421875,0.0,0.0,0.0
1827592008,1460817,0,1.017578125,0.447265625,-0.205078125,0.2421875,0.0,0.0,0.0
1827593258,1460818,0,1.03515625,0.462890625,-0.208984375,0.25390625,0.0,0.0,0.0
1827594509,1460819,0,1.025390625,0.466796875,-0.212890625,0.25390625,0.0,0.0,0.0
1827595759,1460820,0,1.005859375,0.470703125,-0.23046875,0.240234375,0.0,0.0,0.0
1827597010,1460821,0,0.986328125,0.48046875,-0.259765625,0.220703125,0.0,0.0,0.0
1827598261,1460822,0,0.98046875,0.478515625,-0.259765625,0.21875,0.0,0.0,0.0
1827599513,1460823,0,0.99609375,0.466796875,-0.240234375,0.2265625,0.0,0.0,0.0
1827600764,1460824,0,1.0078125,0.458984375,-0.228515625,0.23046875,0.0,0.0,0.0
1827602015,1460825,0,1.009765625,0.44140625,-0.216796875,0.224609375,0.0,0.0,0.0
1827603270,1460826,0,1.01953125,0.419921875,-0.197265625,0.22265625,0.0,0.0,0.0
1827604521,1460827,0,1.025390625,0.396484375,-0.177734375,0.21875,0.0,0.0,0.0
1827605772,1460828,0,1.00390625,0.375,-0.173828125,0.201171875,0.0,0.0,0.0
1827607024,1460829,0,0.9921875,0.345703125,-0.171875,0.173828125,0.0,0.0,0.0
1827608275,1460830,0,0.986328125,0.322265625,-0.150390625,0.171875,0.0,0.0,0.0
1827609527,1460831,0,1.00390625,0.2890625,-0.130859375,0.158203125,0.0,0.0,0.0
1827610778,1460832,0,1.00390625,0.248046875,-0.10546875,0.142578125,0.0,0.0,0.0
1827612028,1460833,0,1.009765625,0.216796875,-0.076171875,0.140625,0.0,0.0,0.0
1827613279,1460834,0,1.015625,0.18359375,-0.048828125,0.134765625,0.0,0.0,0.0
1827614530,1460835,0,1.01953125,0.134765625,-0.029296875,0.10546875,0.0,0.0,0.0
1827615782,1460836,0,1.001953125,0.099609375,-0.0234375,0.076171875,0.0,0.0,0.0
1827617032,1460837,0,0.99609375,0.060546875,-0.0234375,0.037109375,0.0,0.0,0.0
1827618282,1460838,0,0.990234375,0.013671875,-0.00390625,0.009765625,0.0,0.0,0.0
1827619532,1460839,0,1.0,-0.013671875,0.021484375,0.0078125,0.0,0.0,0.0
1827620783,1460840,0,1.009765625,-0.056640625,0.0546875,-0.001953125,0.0,0.0,0.0
1827622034,1460841,0,1.017578125,-0.0859375,0.07421875,-0.01171875,0.0,0.0,0.0
1827623285,1460842,0,1.009765625,-0.12109375,0.08984375,-0.03125,0.0,0.0,0.0
1827624537,1460843,0,1.01953125,-0.1484375,0.09375,-0.0546875,0.0,0.0,0.0
1827625789,1460844,0,0.994140625,-0.17578125,0.09375,-0.08203125,0.0,0.0,0.0
1827627039,1460845,0,0.984375,-0.197265625,0.10546875,-0.091796875,0.0,0.0,0.0
1827628290,1460846,0,0.98828125,-0.22265625,0.1171875,-0.10546875,0.0,0.0,0.0
1827629541,1460847,0,1.001953125,-0.248046875,0.1328125,-0.115234375,0.0,0.0,0.0
1827630792,1460848,0,1.01171875,-0.263671875,0.16796875,-0.095703125,0.0,0.0,0.0
1827632042,1460849,0,1.01953125,-0.275390625,0.16796875,-0.107421875,0.0,0.0,0.0
1827633294,1460850,0,1.00390625,-0.287109375,0.166015625,-0.12109375,0.0,0.0,0.0
1827634545,1460851,0,1.0078125,-0.302734375,0.169921875,-0.1328125,0.0,0.0,0.0
1827635795,1460852,0,1.0078125,-0.3125,0.169921875,-0.142578125,0.0,0.0,0.0
1827637047,1460853,0,0.994140625,-0.30859375,0.162109375,-0.146484375,0.0,0.0,0.0
1827638298,1460854,0,0.990234375,-0.3046875,0.15625,-0.1484375,0.0,0.0,0.0
1827639549,1460855,0,0.99609375,-0.29296875,0.16015625,-0.1328125,0.0,0.0,0.0
1827640800,1460856,0,1.01171875,-0.28125,0.15625,-0.125,0.0,0.0,0.0
1827642050,1460857,0,1.017578125,-0.2734375,0.146484375,-0.126953125,0.0,0.0,0.0
1827643301,1460858,0,1.017578125,-0.255859375,0.140625,-0.115234375,0.0,0.0,0.0
1827644551,1460859,0,1.0078125,-0.23828125,0.134765625,-0.103515625,0.0,0.0,0.0
1827645801,1460860,0,1.001953125,-0.216796875,0.109375,-0.107421875,0.0,0.0,0.0
1827647053,1460861,0,0.9921875,-0.19140625,0.0859375,-0.10546875,0.0,0.0,0.0
1827648304,1460862,0,0.994140625,-0.177734375,0.068359375,-0.109375,0.0,0.0,0.0
1827649554,1460863,0,0.994140625,-0.154296875,0.0625,-0.091796875,0.0,0.0,0.0
1827650805,1460864,0,1.005859375,-0.12890625,0.046875,-0.08203125,0.0,0.0,0.0
1827652055,1460865,0,1.005859375,-0.099609375,0.05078125,-0.048828125,0.0,0.0,0.0
1827653306,1460866,0,1.01171875,-0.08203125,0.041015625,-0.041015625,0.0,0.0,0.0
1827654556,1460867,0,1.01171875,-0.044921875,0.025390625,-0.01953125,0.0,0.0,0.0
1827655807,1460868,0,1.005859375,-0.0234375,0.005859375,-0.017578125,0.0,0.0,0.0
1827657059,1460869,0,1.0,0.0,-0.005859375,-0.005859375,0.0,0.0,0.0
1827658310,1460870,0,1.001953125,0.029296875,-0.013671875,0.015625,0.0,0.0,0.0
1827659562,1460871,0,0.994140625,0.046875,-0.03125,0.015625,0.0,0.0,0.0
1827660812,1460872,0,1.005859375,0.07421875,-0.04296875,0.03125,0.0,0.0,0.0
1827662064,1460873,0,1.0078125,0.091796875,-0.041015625,0.05078125,0.0,0.0,0.0
1827663314,1460874,0,1.00390625,0.109375,-0.05859375,0.05078125,0.0,0.0,0.0
1827664565,1460875,0,1.017578125,0.126953125,-0.0703125,0.056640625,0.0,0.0,0.0
1827665816,1460876,0,1.001953125,0.150390625,-0.0703125,0.080078125,0.0,0.0,0.0
1827667066,1460877,0,0.998046875,0.1484375,-0.08203125,0.06640625,0.0,0.0,0.0
1827668317,1460878,0,1.0078125,0.166015625,-0.0859375,0.080078125,0.0,0.0,0.0
1827669569,1460879,0,1.00390625,0.17578125,-0.091796875,0.083984375,0.0,0.0,0.0
1827670819,1460880,0,0.998046875,0.18359375,-0.091796875,0.091796875,0.0,0.0,0.0
1827672070,1460881,0,1.0078125,0.185546875,-0.091796875,0.09375,0.0,0.0,0.0
1827673321,1460882,0,1.0078125,0.1875,-0.091796875,0.095703125,0.0,0.0,0.0
1827674571,1460883,0,1.0,0.189453125,-0.091796875,0.09765625,0.0,0.0,0.0
1827675822,1460884,0,1.00390625,0.189453125,-0.095703125,0.09375,0.0,0.0,0.0
1827677074,1460885,0,1.00390625,0.185546875,-0.095703125,0.08984375,0.0,0.0,0.0
1827678324,1460886,0,1.005859375,0.181640625,-0.08984375,0.091796875,0.0,0.0,0.0
1827679575,1460887,0,1.00390625,0.181640625,-0.083984375,0.09765625,0.0,0.0,0.0
1827680827,1460888,0,1.0078125,0.16015625,-0.083984375,0.076171875,0.0,0.0,0.0
1827682077,1460889,0,1.009765625,0.158203125,-0.07421875,0.083984375,0.0,0.0,0.0
1827683328,1460890,0,1.005859375,0.142578125,-0.0703125,0.072265625,0.0,0.0,0.0
1827684580,1460891,0,1.005859375,0.125,-0.05859375,0.06640625,0.0,0.0,0.0
1827685832,1460892,0,0.998046875,0.125,-0.0546875,0.0703125,0.0,0.0,0.0
1827687082,1460893,0,1.0078125,0.10546875,-0.05078125,0.0546875,0.0,0.0,0.0
1827688333,1460894,0,1.005859375,0.0859375,-0.05078125,0.03515625,0.0,0.0,0.0
1827689585,1460895,0,1.013671875,0.07421875,-0.03515625,0.0390625,0.0,0.0,0.0
1827690835,1460896,0,1.0078125,0.0546875,-0.013671875,0.041015625,0.0,0.0,0.0
1827692086,1460897,0,1.0078125,0.033203125,-0.00390625,0.029296875,0.0,0.0,0.0
1827693338,1460898,0,1.0078125,-0.001953125,0.0,-0.001953125,0.0,0.0,0.0
1827694589,1460899,0,1.0,-0.01171875,0.009765625,-0.001953125,0.0,0.0,0.0
1827695840,1460900,0,1.005859375,-0.03125,0.015625,-0.015625,0.0,0.0,0.0
1827697092,1460901,0,1.0,-0.044921875,0.021484375,-0.0234375,0.0,0.0,0.0
1827698343,1460902,0,1.0,-0.060546875,0.015625,-0.044921875,0.0,0.0,0.0
1827699594,1460903,0,1.00390625,-0.07421875,0.03125,-0.04296875,0.0,0.0,0.0
1827700845,1460904,0,1.009765625,-0.083984375,0.03515625,-0.048828125,0.0,0.0,0.0
1827702096,1460905,0,1.005859375,-0.09375,0.03515625,-0.05859375,0.0,0.0,0.0
1827703346,1460906,0,1.00390625,-0.103515625,0.052734375,-0.05078125,0.0,0.0,0.0
1827704598,1460907,0,1.005859375,-0.11328125,0.0546875,-0.05859375,0.0,0.0,0.0
1827705849,1460908,0,1.00390625,-0.119140625,0.04296875,-0.076171875,0.0,0.0,0.0
1827707099,1460909,0,1.005859375,-0.126953125,0.046875,-0.080078125,0.0,0.0,0.0
1827708350,1460910,0,1.00390625,-0.126953125,0.048828125,-0.078125,0.0,0.0,0.0
1827709601,1460911,0,1.001953125,-0.126953125,0.056640625,-0.0703125,0.0,0.0,0.0
1827710852,1460912,0,1.00390625,-0.130859375,0.060546875,-0.0703125,0.0,0.0,0.0
1827712103,1460913,0,1.009765625,-0.138671875,0.05078125,-0.087890625,0.0,0.0,0.0
1827713354,1460914,0,1.00390625,-0.134765625,0.05078125,-0.083984375,0.0,0.0,0.0
1827714605,1460915,0,1.005859375,-0.125,0.0546875,-0.0703125,0.0,0.0,0.0
1827715855,1460916,0,0.99609375,-0.125,0.048828125,-0.076171875,0.0,0.0,0.0
1827717107,1460917,0,1.009765625,-0.12109375,0.044921875,-0.076171875,0.0,0.0,0.0
1827718357,1460918,0,1.001953125,-0.115234375,0.0390625,-0.076171875,0.0,0.0,0.0
1827719607,1460919,0,1.00390625,-0.10546875,0.03125,-0.07421875,0.0,0.0,0.0
1827720859,1460920,0,0.998046875,-0.095703125,0.044921875,-0.05078125,0.0,0.0,0.0
1827722109,1460921,0,1.005859375,-0.0859375,0.03125,-0.0546875,0.0,0.0,0.0
1827723361,1460922,0,1.009765625,-0.078125,0.0234375,-0.0546875,0.0,0.0,0.0
1827724611,1460923,0,1.001953125,-0.072265625,0.025390625,-0.046875,0.0,0.0,0.0
1827725861,1460924,0,1.001953125,-0.0546875,0.015625,-0.0390625,0.0,0.0,0.0
1827727113,1460925,0,1.0,-0.046875,0.013671875,-0.033203125,0.0,0.0,0.0
1827728364,1460926,0,1.001953125,-0.03515625,0.0078125,-0.02734375,0.0,0.0,0.0
1827729616,1460927,0,1.00390625,-0.025390625,0.005859375,-0.01953125,0.0,0.0,0.0
1827730866,1460928,0,0.99609375,-0.01171875,-0.001953125,-0.013671875,0.0,0.0,0.0
1827732118,1460929,0,1.0078125,-0.005859375,-0.00390625,-0.009765625,0.0,0.0,0.0
1827733368,1460930,0,1.0078125,0.005859375,-0.001953125,0.00390625,0.0,0.0,0.0
1827734619,1460931,0,1.005859375,0.017578125,-0.0078125,0.009765625,0.0,0.0,0.0
1827735869,1460932,0,1.005859375,0.029296875,-0.015625,0.013671875,0.0,0.0,0.0
1827737119,1460933,0,1.00390625,0.029296875,-0.013671875,0.015625,0.0,0.0,0.0
1827738371,1460934,0,1.0078125,0.046875,-0.03125,0.015625,0.0,0.0,0.0
1827739622,1460935,0,1.0,0.056640625,-0.01953125,0.037109375,0.0,0.0,0.0
1827740874,1460936,0,1.0,0.0625,-0.03125,0.03125,0.0,0.0,0.0
1827742124,1460937,0,0.998046875,0.06640625,-0.021484375,0.044921875,0.0,0.0,0.0
1827743375,1460938,0,1.0,0.072265625,-0.029296875,0.04296875,0.0,0.0,0.0
1827744625,1460939,0,1.0078125,0.076171875,-0.037109375,0.0390625,0.0,0.0,0.0
1827745877,1460940,0,1.005859375,0.078125,-0.041015625,0.037109375,0.0,0.0,0.0
1827747127,1460941,0,1.009765625,0.078125,-0.03515625,0.04296875,0.0,0.0,0.0
1827748377,1460942,0,1.0,0.078125,-0.03125,0.046875,0.0,0.0,0.0
1827749629,1460943,0,1.00390625,0.080078125,-0.0390625,0.041015625,0.0,0.0,0.0
1827750879,1460944,0,0.998046875,0.072265625,-0.037109375,0.03515625,0.0,0.0,0.0
1827752130,1460945,0,1.0078125,0.0703125,-0.02734375,0.04296875,0.0,0.0,0.0
1827753381,1460946,0,1.0078125,0.068359375,-0.033203125,0.03515625,0.0,0.0,0.0
1827754631,1460947,0,1.001953125,0.064453125,-0.02734375,0.037109375,0.0,0.0,0.0
1827755882,1460948,0,1.0078125,0.05859375,-0.03515625,0.0234375,0.0,0.0,0.0
1827757133,1460949,0,0.998046875,0.0546875,-0.02734375,0.02734375,0.0,0.0,0.0
1827758384,1460950,0,1.005859375,0.046875,-0.025390625,0.021484375,0.0,0.0,0.0
1827759635,1460951,0,1.0,0.0390625,-0.0234375,0.015625,0.0,0.0,0.0
1827760885,1460952,0,1.0078125,0.033203125,-0.017578125,0.015625,0.0,0.0,0.0
1827762136,1460953,0,1.0078125,0.0234375,-0.01171875,0.01171875,0.0,0.0,0.0
1827763387,1460954,0,1.01171875,0.013671875,-0.009765625,0.00390625,0.0,0.0,0.0
1827764638,1460955,0,1.001953125,0.013671875,-0.00390625,0.009765625,0.0,0.0,0.0
1827765889,1460956,0,1.005859375,0.0,0.0,0.0,0.0,0.0,0.0
1827767140,1460957,0,1.001953125,-0.00390625,-0.005859375,-0.009765625,0.0,0.0,0.0
1827768392,1460958,0,1.005859375,-0.017578125,-0.005859375,-0.0234375,0.0,0.0,0.0
1827769642,1460959,0,1.009765625,-0.01953125,0.005859375,-0.013671875,0.0,0.0,0.0
1827770894,1460960,0,1.005859375,-0.025390625,0.005859375,-0.01953125,0.0,0.0,0.0
1827772145,1460961,0,1.001953125,-0.037109375,0.009765625,-0.02734375,0.0,0.0,0.0
1827773395,1460962,0,1.005859375,-0.037109375,0.009765625,-0.02734375,0.0,0.0,0.0
1827774646,1460963,0,1.001953125,-0.04296875,0.01171875,-0.03125,0.0,0.0,0.0
1827775898,1460964,0,1.005859375,-0.044921875,0.013671875,-0.03125,0.0,0.0,0.0
1827777149,1460965,0,1.001953125,-0.048828125,0.015625,-0.033203125,0.0,0.0,0.0
1827778400,1460966,0,1.005859375,-0.056640625,0.009765625,-0.046875,0.0,0.0,0.0
1827779651,1460967,0,1.005859375,-0.05859375,0.017578125,-0.041015625,0.0,0.0,0.0
1827780902,1460968,0,1.0078125,-0.0625,0.01171875,-0.05078125,0.0,0.0,0.0
1827782154,1460969,0,1.005859375,-0.060546875,0.015625,-0.044921875,0.0,0.0,0.0
1827783405,1460970,0,1.0078125,-0.0625,0.013671875,-0.048828125,0.0,0.0,0.0
1827784657,1460971,0,1.001953125,-0.0625,0.01953125,-0.04296875,0.0,0.0,0.0
1827785907,1460972,0,1.0078125,-0.0625,0.015625,-0.046875,0.0,0.0,0.0
1827787158,1460973,0,1.005859375,-0.0546875,0.017578125,-0.037109375,0.0,0.0,0.0
1827788409,1460974,0,1.001953125,-0.064453125,0.013671875,-0.05078125,0.0,0.0,0.0
1827789660,1460975,0,1.001953125,-0.060546875,0.013671875,-0.046875,0.0,0.0,0.0
1827790911,1460976,0,1.001953125,-0.052734375,0.01953125,-0.033203125,0.0,0.0,0.0
1827792161,1460977,0,1.0078125,-0.048828125,0.01171875,-0.037109375,0.0,0.0,0.0
1827793412,1460978,0,0.99609375,-0.048828125,0.0078125,-0.041015625,0.0,0.0,0.0
1827794664,1460979,0,1.009765625,-0.04296875,0.009765625,-0.033203125,0.0,0.0,0.0
1827795915,1460980,0,1.01171875,-0.041015625,0.009765625,-0.03125,0.0,0.0,0.0
1827797166,1460981,0,1.005859375,-0.037109375,0.005859375,-0.03125,0.0,0.0,0.0
1827798417,1460982,0,1.005859375,-0.03125,0.0,-0.03125,0.0,0.0,0.0
1827799668,1460983,0,1.005859375,-0.0234375,0.0,-0.0234375,0.0,0.0,0.0
1827800920,1460984,0,1.00390625,-0.013671875,0.0,-0.013671875,0.0,0.0,0.0
1827802172,1460985,0,1.00390625,-0.005859375,0.0,-0.005859375,0.0,0.0,0.0
1827803422,1460986,0,1.001953125,-0.005859375,0.001953125,-0.00390625,0.0,0.0,0.0
1827804673,1460987,0,1.005859375,-0.005859375,0.00390625,-0.001953125,0.0,0.0,0.0
1827805924,1460988,0,1.001953125,0.001953125,-0.00390625,-0.001953125,0.0,0.0,8301269.0
1827808425,1460990,0,1.005859375,0.013671875,-0.00390625,0.009765625,0.0,0.0,0.0
1827809676,1460991,0,1.005859375,0.015625,-0.00390625,0.01171875,0.0,0.0,0.0
1827810927,1460992,0,1.001953125,0.021484375,-0.00390625,0.017578125,0.0,0.0,0.0
1827812177,1460993,0,1.00390625,0.01953125,-0.001953125,0.017578125,0.0,0.0,0.0
1827813427,1460994,0,1.0,0.02734375,-0.005859375,0.021484375,0.0,0.0,0.0
1827814679,1460995,0,1.001953125,0.029296875,-0.005859375,0.0234375,0.0,0.0,0.0
1827815929,1460996,0,1.0078125,0.03125,-0.009765625,0.021484375,0.0,0.0,0.0
1827817179,1460997,0,1.005859375,0.03515625,-0.0078125,0.02734375,0.0,0.0,0.0
1827818431,1460998,0,1.005859375,0.03125,-0.001953125,0.029296875,0.0,0.0,0.0
1827819681,1460999,0,1.009765625,0.033203125,-0.0234375,0.009765625,0.0,0.0,0.0
1827820932,1461000,0,0.9921875,0.03515625,-0.0078125,0.02734375,0.0,0.0,0.0
1827822182,1461001,0,1.009765625,0.03125,-0.005859375,0.025390625,0.0,0.0,0.0
1827823432,1461002,0,1.00390625,0.029296875,-0.005859375,0.0234375,0.0,0.0,0.0
1827824684,1461003,0,1.00390625,0.033203125,-0.017578125,0.015625,0.0,0.0,0.0
1827825934,1461004,0,1.005859375,0.02734375,-0.00390625,0.0234375,0.0,0.0,0.0
1827827184,1461005,0,0.998046875,0.02734375,-0.01171875,0.015625,0.0,0.0,0.0
1827828436,1461006,0,1.001953125,0.0234375,-0.01171875,0.01171875,0.0,0.0,0.0
1827829686,1461007,0,1.00390625,0.021484375,-0.005859375,0.015625,0.0,0.0,0.0
1827830937,1461008,0,1.001953125,0.015625,-0.0078125,0.0078125,0.0,0.0,0.0
1827832188,1461009,0,1.0078125,0.009765625,-0.005859375,0.00390625,0.0,0.0,0.0
1827833439,1461010,0,1.0,0.0078125,-0.005859375,0.001953125,0.0,0.0,0.0
1827834691,1461011,0,1.005859375,0.00390625,-0.0078125,-0.00390625,0.0,0.0,0.0
1827835942,1461012,0,1.009765625,0.0,-0.00390625,-0.00390625,0.0,0.0,0.0
1827837192,1461013,0,1.009765625,-0.001953125,-0.017578125,-0.01953125,0.0,0.0,0.0
1827838443,1461014,0,1.005859375,-0.005859375,0.0,-0.005859375,0.0,0.0,0.0
1827839695,1461015,0,1.00390625,-0.005859375,-0.00390625,-0.009765625,0.0,0.0,0.0
1827840945,1461016,0,1.0078125,-0.01171875,-0.005859375,-0.017578125,0.0,0.0,0.0
1827842197,1461017,0,1.013671875,-0.015625,-0.00390625,-0.01953125,0.0,0.0,0.0
1827843448,1461018,0,0.998046875,-0.017578125,-0.005859375,-0.0234375,0.0,0.0,0.0
1827844698,1461019,0,1.01171875,-0.021484375,0.001953125,-0.01953125,0.0,0.0,0.0
1827845949,1461020,0,1.01171875,-0.029296875,0.00390625,-0.025390625,0.0,0.0,0.0
1827847199,1461021,0,0.998046875,-0.03125,0.0078125,-0.0234375,0.0,0.0,0.0
1827848449,1461022,0,1.005859375,-0.03125,0.00390625,-0.02734375,0.0,0.0,0.0
1827849701,1461023,0,1.01171875,-0.037109375,0.001953125,-0.03515625,0.0,0.0,0.0
1827850951,1461024,0,1.001953125,-0.033203125,0.001953125,-0.03125,0.0,0.0,0.0
1827852202,1461025,0,1.0,-0.037109375,0.005859375,-0.03125,0.0,0.0,0.0
1827853453,1461026,0,1.0078125,-0.037109375,0.00390625,-0.033203125,0.0,0.0,0.0
1827854704,1461027,0,1.00390625,-0.037109375,0.001953125,-0.03515625,0.0,0.0,0.0
1827855954,1461028,0,1.0,-0.037109375,0.00390625,-0.033203125,0.0,0.0,0.0
1827857205,1461029,0,1.00390625,-0.03515625,0.0,-0.03515625,0.0,0.0,0.0
1827858457,1461030,0,1.00390625,-0.037109375,0.001953125,-0.03515625,0.0,0.0,0.0
1827859707,1461031,0,1.001953125,-0.03515625,0.00390625,-0.03125,0.0,0.0,0.0
1827860959,1461032,0,1.005859375,-0.037109375,0.001953125,-0.03515625,0.0,0.0,0.0
1827862209,1461033,0,1.005859375,-0.03515625,0.0,-0.03515625,0.0,0.0,0.0
1827863460,1461034,0,1.001953125,-0.03125,0.00390625,-0.02734375,0.0,0.0,0.0
1827864711,1461035,0,1.005859375,-0.0234375,0.005859375,-0.017578125,0.0,0.0,0.0
1827865961,1461036,0,1.0,-0.025390625,0.00390625,-0.021484375,0.0,0.0,0.0
1827867211,1461037,0,1.005859375,-0.025390625,0.0,-0.025390625,0.0,0.0,0.0
1827868461,1461038,0,1.001953125,-0.0234375,0.001953125,-0.021484375,0.0,0.0,0.0
1827869712,1461039,0,1.001953125,-0.017578125,0.009765625,-0.0078125,0.0,0.0,0.0
1827870962,1461040,0,1.00390625,-0.015625,0.001953125,-0.013671875,0.0,0.0,0.0
1827872212,1461041,0,1.005859375,-0.009765625,0.00390625,-0.005859375,0.0,0.0,0.0
1827873463,1461042,0,1.00390625,-0.0078125,0.00390625,-0.00390625,0.0,0.0,0.0
1827874713,1461043,0,1.0,-0.00390625,0.0,-0.00390625,0.0,0.0,0.0
1827875965,1461044,0,1.00390625,-0.00390625,0.009765625,0.005859375,0.0,0.0,0.0
1827877216,1461045,0,1.0078125,-0.005859375,0.005859375,0.0,0.0,0.0,0.0
1827878468,1461046,0,1.0,0.00390625,0.00390625,0.0078125,0.0,0.0,0.0
1827879718,1461047,0,1.0,0.00390625,-0.00390625,0.0,0.0,0.0,0.0
1827880970,1461048,0,1.001953125,0.0078125,0.0,0.0078125,0.0,0.0,0.0
1827882221,1461049,0,1.00390625,0.01171875,-0.00390625,0.0078125,0.0,0.0,0.0
1827883471,1461050,0,1.005859375,0.01171875,-0.005859375,0.005859375,0.0,0.0,0.0
1827884722,1461051,0,0.99609375,0.0078125,-0.001953125,0.005859375,0.0,0.0,0.0
1827885973,1461052,0,1.00390625,0.013671875,-0.001953125,0.01171875,0.0,0.0,0.0
1827887225,1461053,0,1.005859375,0.015625,0.001953125,0.017578125,0.0,0.0,0.0
1827888477,1461054,0,1.00390625,0.013671875,-0.00390625,0.009765625,0.0,0.0,0.0
1827889728,1461055,0,1.005859375,0.01171875,-0.001953125,0.009765625,0.0,0.0,0.0
1827890978,1461056,0,1.00390625,0.015625,0.0,0.015625,0.0,0.0,0.0
1827892229,1461057,0,1.00390625,0.013671875,-0.001953125,0.01171875,0.0,0.0,0.0
1827893481,1461058,0,1.005859375,0.015625,-0.005859375,0.009765625,0.0,0.0,0.0
1827894731,1461059,0,1.009765625,0.013671875,-0.005859375,0.0078125,0.0,0.0,0.0
1827895982,1461060,0,1.009765625,0.009765625,-0.00390625,0.005859375,0.0,0.0,0.0
1827897233,1461061,0,1.00390625,0.01171875,-0.005859375,0.005859375,0.0,0.0,0.0
1827898483,1461062,0,1.013671875,0.013671875,-0.0078125,0.005859375,0.0,0.0,0.0
1827899734,1461063,0,1.0,0.009765625,0.0,0.009765625,0.0,0.0,0.0
1827900984,1461064,0,1.01171875,0.015625,-0.0078125,0.0078125,0.0,0.0,0.0
1827902235,1461065,0,0.998046875,0.01171875,-0.001953125,0.009765625,0.0,0.0,0.0
1827903486,1461066,0,1.0,0.001953125,-0.0078125,-0.005859375,0.0,0.0,0.0
1827904736,1461067,0,1.009765625,-0.001953125,-0.0078125,-0.009765625,0.0,0.0,0.0
1827905987,1461068,0,0.998046875,-0.00390625,-0.009765625,-0.013671875,0.0,0.0,0.0
1827907238,1461069,0,1.0,-0.005859375,-0.0078125,-0.013671875,0.0,0.0,0.0
1827908489,1461070,0,1.005859375,-0.0078125,-0.0078125,-0.015625,0.0,0.0,0.0
1827909739,1461071,0,1.0,-0.01171875,-0.009765625,-0.021484375,0.0,0.0,0.0
1827910990,1461072,0,1.001953125,-0.015625,-0.0078125,-0.0234375,0.0,0.0,0.0
1827912241,1461073,0,1.0,-0.017578125,0.001953125,-0.015625,0.0,0.0,0.0
1827913492,1461074,0,1.00390625,-0.015625,-0.005859375,-0.021484375,0.0,0.0,0.0
1827914742,1461075,0,1.001953125,-0.021484375,-0.00390625,-0.025390625,0.0,0.0,0.0
1827915993,1461076,0,1.005859375,-0.021484375,-0.001953125,-0.0234375,0.0,0.0,0.0
1827917244,1461077,0,1.0078125,-0.01953125,0.001953125,-0.017578125,0.0,0.0,0.0
1827918494,1461078,0,1.0078125,-0.025390625,-0.00390625,-0.029296875,0.0,0.0,0.0
1827919746,1461079,0,1.00390625,-0.02734375,-0.00390625,-0.03125,0.0,0.0,0.0
1827920997,1461080,0,1.0,-0.025390625,-0.001953125,-0.02734375,0.0,0.0,0.0
1827922248,1461081,0,1.001953125,-0.029296875,0.001953125,-0.02734375,0.0,0.0,0.0
1827923499,1461082,0,1.009765625,-0.029296875,0.0078125,-0.021484375,0.0,0.0,0.0
1827924750,1461083,0,0.998046875,-0.029296875,0.0,-0.029296875,0.0,0.0,0.0
1827926001,1461084,0,1.001953125,-0.03125,0.0,-0.03125,0.0,0.0,0.0
1827927252,1461085,0,1.01171875,-0.025390625,0.0,-0.025390625,0.0,0.0,0.0
1827928502,1461086,0,1.00390625,-0.029296875,0.00390625,-0.025390625,0.0,0.0,0.0
1827929753,1461087,0,1.00390625,-0.02734375,-0.001953125,-0.029296875,0.0,0.0,0.0
1827931004,1461088,0,1.005859375,-0.025390625,0.001953125,-0.0234375,0.0,0.0,0.0
1827932255,1461089,0,1.0,-0.0234375,0.0,-0.0234375,0.0,0.0,0.0
1827933505,1461090,0,0.994140625,-0.025390625,0.00390625,-0.021484375,0.0,0.0,0.0
1827934756,1461091,0,1.0,-0.0234375,0.0,-0.0234375,0.0,0.0,0.0
1827936008,1461092,0,1.009765625,-0.015625,0.005859375,-0.009765625,0.0,0.0,0.0
1827937258,1461093,0,1.0078125,-0.01953125,-0.001953125,-0.021484375,0.0,0.0,0.0
1827938509,1461094,0,1.00390625,-0.01953125,0.00390625,-0.015625,0.0,0.0,0.0
1827939759,1461095,0,0.998046875,-0.013671875,0.00390625,-0.009765625,0.0,0.0,0.0
1827941010,1461096,0,1.001953125,-0.013671875,0.0078125,-0.005859375,0.0,0.0,0.0
1827942261,1461097,0,1.005859375,-0.017578125,0.0,-0.017578125,0.0,0.0,0.0
1827943513,1461098,0,1.00390625,-0.009765625,-0.00390625,-0.013671875,0.0,0.0,0.0
1827944764,1461099,0,1.00390625,-0.005859375,-0.001953125,-0.0078125,0.0,0.0,0.0
1827946015,1461100,0,0.998046875,-0.00390625,0.0,-0.00390625,0.0,0.0,0.0
1827947270,1461101,0,1.009765625,-0.00390625,-0.001953125,-0.005859375,0.0,0.0,0.0
1827948521,1461102,0,1.005859375,0.00390625,0.001953125,0.005859375,0.0,0.0,0.0
1827949772,1461103,0,1.009765625,-0.00390625,0.001953125,-0.001953125,0.0,0.0,0.0
1827951024,1461104,0,1.0078125,0.00390625,0.001953125,0.005859375,0.0,0.0,0.0
1827952275,1461105,0,1.00390625,0.01171875,-0.00390625,0.0078125,0.0,0.0,0.0
1827953527,1461106,0,1.01171875,0.009765625,-0.00390625,0.005859375,0.0,0.0,0.0
1827954778,1461107,0,1.001953125,0.00390625,-0.0078125,-0.00390625,0.0,0.0,0.0
1827956028,1461108,0,1.0,0.005859375,-0.01171875,-0.005859375,0.0,0.0,0.0
1827957279,1461109,0,1.001953125,0.001953125,-0.009765625,-0.0078125,0.0,0.0,0.0
1827958530,1461110,0,1.005859375,0.0078125,0.0,0.0078125,0.0,0.0,0.0
1827959782,1461111,0,1.00390625,0.009765625,-0.009765625,0.0,0.0,0.0,0.0
1827961032,1461112,0,1.001953125,0.013671875,-0.005859375,0.0078125,0.0,0.0,0.0
1827962282,1461113,0,1.0,0.005859375,0.0,0.005859375,0.0,0.0,0.0
1827963532,1461114,0,1.005859375,0.009765625,-0.00390625,0.005859375,0.0,0.0,0.0
1827964783,1461115,0,1.0078125,0.009765625,-0.009765625,0.0,0.0,0.0,0.0
1827966034,1461116,0,1.009765625,0.0078125,-0.005859375,0.001953125,0.0,0.0,0.0
1827967285,1461117,0,1.0,0.005859375,-0.009765625,-0.00390625,0.0,0.0,0.0
1827968537,1461118,0,1.009765625,0.001953125,-0.009765625,-0.0078125,0.0,0.0,0.0
1827969789,1461119,0,1.005859375,0.009765625,-0.005859375,0.00390625,0.0,0.0,0.0
1827971039,1461120,0,1.001953125,0.00390625,-0.005859375,-0.001953125,0.0,0.0,0.0
1827972290,1461121,0,1.00390625,0.00390625,-0.00390625,0.0,0.0,0.0,0.0
1827973541,1461122,0,1.005859375,-0.001953125,-0.005859375,-0.0078125,0.0,0.0,0.0
1827974792,1461123,0,1.0,-0.001953125,-0.00390625,-0.005859375,0.0,0.0,0.0
1827976042,1461124,0,1.01171875,-0.001953125,-0.0078125,-0.009765625,0.0,0.0,0.0
1827977294,1461125,0,1.017578125,-0.0078125,-0.00390625,-0.01171875,0.0,0.0,0.0
1827978545,1461126,0,1.00390625,-0.01171875,0.001953125,-0.009765625,0.0,0.0,0.0
1827979795,1461127,0,1.00390625,-0.005859375,-0.009765625,-0.015625,0.0,0.0,0.0
1827981047,1461128,0,1.005859375,-0.013671875,-0.015625,-0.029296875,0.0,0.0,0.0
1827982298,1461129,0,1.00390625,-0.015625,-0.015625,-0.03125,0.0,0.0,0.0
1827983549,1461130,0,1.013671875,-0.015625,0.001953125,-0.013671875,0.0,0.0,0.0
1827984800,1461131,0,1.0078125,-0.01953125,-0.005859375,-0.025390625,0.0,0.0,0.0
1827986050,1461132,0,1.005859375,-0.017578125,-0.00390625,-0.021484375,0.0,0.0,0.0
1827987301,1461133,0,1.001953125,-0.021484375,0.0,-0.021484375,0.0,0.0,0.0
1827988552,1461134,0,1.0078125,-0.0234375,-0.001953125,-0.025390625,0.0,0.0,0.0
1827989803,1461135,0,1.00390625,-0.01953125,-0.001953125,-0.021484375,0.0,0.0,0.0
1827991053,1461136,0,1.005859375,-0.01953125,0.005859375,-0.013671875,0.0,0.0,0.0
1827992305,1461137,0,1.00390625,-0.0234375,0.0,-0.0234375,0.0,0.0,0.0
1827993557,1461138,0,1.0,-0.021484375,0.0,-0.021484375,0.0,0.0,0.0
1827994808,1461139,0,1.001953125,-0.0234375,-0.001953125,-0.025390625,0.0,0.0,0.0
1827996059,1461140,0,1.001953125,-0.025390625,-0.001953125,-0.02734375,0.0,0.0,0.0
1827997310,1461141,0,1.005859375,-0.025390625,-0.001953125,-0.02734375,0.0,0.0,0.0
1827998562,1461142,0,1.0078125,-0.025390625,0.001953125,-0.0234375,0.0,0.0,0.0
1827999812,1461143,0,1.001953125,-0.021484375,-0.001953125,-0.0234375,0.0,0.0,0.0
1828001064,1461144,0,1.01171875,-0.0234375,0.0078125,-0.015625,0.0,0.0,0.0
1828002314,1461145,0,1.0078125,-0.021484375,0.001953125,-0.01953125,0.0,0.0,0.0
1828003565,1461146,0,1.00390625,-0.025390625,0.001953125,-0.0234375,0.0,0.0,0.0
1828004816,1461147,0,1.005859375,-0.021484375,0.0,-0.021484375,0.0,0.0,0.0
1828006066,1461148,0,1.013671875,-0.0234375,-0.00390625,-0.02734375,0.0,0.0,0.0
1828007317,1461149,0,1.009765625,-0.015625,-0.00390625,-0.01953125,0.0,0.0,0.0
1828008569,1461150,0,1.001953125,-0.017578125,-0.00390625,-0.021484375,0.0,0.0,0.0
1828009819,1461151,0,1.00390625,-0.01171875,0.0,-0.01171875,0.0,0.0,0.0
1828011070,1461152,0,1.005859375,-0.009765625,0.0078125,-0.001953125,0.0,0.0,0.0
1828012321,1461153,0,0.998046875,-0.005859375,0.0,-0.005859375,0.0,0.0,0.0
1828013571,1461154,0,0.998046875,-0.0078125,0.00390625,-0.00390625,0.0,0.0,0.0
1828014822,1461155,0,1.005859375,-0.00390625,0.001953125,-0.001953125,0.0,0.0,0.0
1828016074,1461156,0,1.00390625,-0.0078125,0.0,-0.0078125,0.0,0.0,0.0
1828017324,1461157,0,1.001953125,-0.00390625,-0.00390625,-0.0078125,0.0,0.0,0.0
1828018575,1461158,0,1.00390625,-0.001953125,0.0,-0.001953125,0.0,0.0,0.0
1828019827,1461159,0,1.0,-0.001953125,0.0,-0.001953125,0.0,0.0,0.0
1828021077,1461160,0,1.005859375,0.001953125,0.0,0.001953125,0.0,0.0,0.0
1828022328,1461161,0,1.00390625,0.00390625,0.0,0.00390625,0.0,0.0,0.0
1828023580,1461162,0,1.005859375,0.00390625,-0.001953125,0.001953125,0.0,0.0,0.0
1828024832,1461163,0,1.0078125,0.001953125,-0.0078125,-0.005859375,0.0,0.0,0.0
1828026082,1461164,0,1.005859375,0.001953125,-0.00390625,-0.001953125,0.0,0.0,0.0
1828027333,1461165,0,1.00390625,0.0078125,-0.005859375,0.001953125,0.0,0.0,0.0
1828028585,1461166,0,1.00390625,0.005859375,-0.0078125,-0.001953125,0.0,0.0,0.0
1828029835,1461167,0,0.998046875,0.0078125,-0.01171875,-0.00390625,0.0,0.0,0.0
1828031086,1461168,0,1.0,0.00390625,-0.001953125,0.001953125,0.0,0.0,0.0
1828032338,1461169,0,1.0,-0.001953125,-0.009765625,-0.01171875,0.0,0.0,0.0
1828033589,1461170,0,1.0,0.005859375,-0.00390625,0.001953125,0.0,0.0,0.0
1828034840,1461171,0,1.0,0.00390625,-0.01171875,-0.0078125,0.0,0.0,0.0
1828036092,1461172,0,1.0078125,0.00390625,-0.01171875,-0.0078125,0.0,0.0,0.0
1828037343,1461173,0,1.005859375,-0.001953125,-0.00390625,-0.005859375,0.0,0.0,0.0
1828038594,1461174,0,1.001953125,0.0,-0.005859375,-0.005859375,0.0,0.0,0.0
1828039845,1461175,0,1.00390625,0.001953125,-0.0078125,-0.005859375,0.0,0.0,0.0
1828041096,1461176,0,1.0078125,0.0,-0.0078125,-0.0078125,0.0,0.0,0.0
1828042346,1461177,0,1.001953125,-0.005859375,-0.005859375,-0.01171875,0.0,0.0,0.0
1828043598,1461178,0,1.0078125,0.0,-0.00390625,-0.00390625,0.0,0.0,0.0
1828044849,1461179,0,1.0078125,-0.00390625,0.001953125,-0.001953125,0.0,0.0,0.0
1828046099,1461180,0,1.005859375,-0.0078125,-0.0078125,-0.015625,0.0,0.0,0.0
1828047350,1461181,0,1.009765625,-0.00390625,-0.01171875,-0.015625,0.0,0.0,0.0
1828048601,1461182,0,1.001953125,-0.0078125,-0.001953125,-0.009765625,0.0,0.0,0.0
1828049852,1461183,0,1.0078125,-0.013671875,-0.00390625,-0.017578125,0.0,0.0,0.0
1828051103,1461184,0,1.005859375,-0.0078125,-0.0078125,-0.015625,0.0,0.0,0.0
1828052354,1461185,0,1.001953125,-0.005859375,0.0,-0.005859375,0.0,0.0,0.0
1828053605,1461186,0,0.998046875,-0.01171875,-0.00390625,-0.015625,0.0,0.0,0.0
1828054855,1461187,0,1.005859375,-0.0078125,-0.0078125,-0.015625,0.0,0.0,0.0
1828056107,1461188,0,1.001953125,-0.01953125,-0.0078125,-0.02734375,0.0,0.0,0.0
1828057357,1461189,0,1.0,-0.017578125,-0.001953125,-0.01953125,0.0,0.0,0.0
1828058607,1461190,0,1.013671875,-0.015625,0.0,-0.015625,0.0,0.0,0.0
1828059859,1461191,0,0.998046875,-0.013671875,-0.00390625,-0.017578125,0.0,0.0,0.0
1828061109,1461192,0,1.001953125,-0.013671875,-0.00390625,-0.017578125,0.0,0.0,0.0
1828062361,1461193,0,1.005859375,-0.021484375,0.00390625,-0.017578125,0.0,0.0,0.0
1828063611,1461194,0,1.00390625,-0.01953125,0.00390625,-0.015625,0.0,0.0,0.0
1828064861,1461195,0,0.998046875,-0.021484375,0.0,-0.021484375,0.0,0.0,0.0
1828066113,1461196,0,1.0078125,-0.01953125,0.001953125,-0.017578125,0.0,0.0,0.0
1828067364,1461197,0,1.0078125,-0.0234375,0.005859375,-0.017578125,0.0,0.0,0.0
1828068616,1461198,0,1.005859375,-0.017578125,0.0,-0.017578125,0.0,0.0,0.0
1828069866,1461199,0,1.001953125,-0.01953125,0.00390625,-0.015625,0.0,0.0,0.0
1828071118,1461200,0,1.0078125,-0.01953125,0.001953125,-0.017578125,0.0,0.0,0.0
1828072368,1461201,0,1.0078125,-0.013671875,0.0078125,-0.005859375,0.0,0.0,0.0
1828073619,1461202,0,1.0,-0.01953125,-0.001953125,-0.021484375,0.0,0.0,0.0
1828074869,1461203,0,1.001953125,-0.013671875,0.00390625,-0.009765625,0.0,0.0,0.0
1828076119,1461204,0,1.005859375,-0.017578125,0.001953125,-0.015625,0.0,0.0,0.0
1828077371,1461205,0,1.001953125,-0.009765625,0.001953125,-0.0078125,0.0,0.0,0.0
1828078622,1461206,0,1.009765625,-0.017578125,0.001953125,-0.015625,0.0,0.0,0.0
1828079874,1461207,0,1.001953125,-0.009765625,0.0,-0.009765625,0.0,0.0,0.0
1828081124,1461208,0,0.99609375,-0.009765625,0.005859375,-0.00390625,0.0,0.0,0.0
1828082375,1461209,0,0.99609375,-0.005859375,-0.00390625,-0.009765625,0.0,0.0,0.0
1828083625,1461210,0,1.005859375,-0.005859375,0.005859375,0.0,0.0,0.0,0.0
1828084877,1461211,0,1.00390625,-0.001953125,0.005859375,0.00390625,0.0,0.0,0.0
1828086127,1461212,0,1.009765625,-0.00390625,0.001953125,-0.001953125,0.0,0.0,0.0
1828087377,1461213,0,1.00390625,-0.00390625,0.00390625,0.0,0.0,0.0,0.0
1828088629,1461214,0,1.005859375,-0.001953125,0.0078125,0.005859375,0.0,0.0,0.0
1828089879,1461215,0,1.0078125,0.001953125,-0.00390625,-0.001953125,0.0,0.0,0.0
1828091130,1461216,0,1.0078125,0.0,-0.001953125,-0.001953125,0.0,0.0,0.0
1828092381,1461217,0,1.001953125,0.0,0.00390625,0.00390625,0.0,0.0,0.0
1828093631,1461218,0,1.00390625,-0.001953125,-0.001953125,-0.00390625,0.0,0.0,0.0
1828094882,1461219,0,1.001953125,-0.001953125,-0.001953125,-0.00390625,0.0,0.0,0.0
1828096133,1461220,0,1.00390625,-0.001953125,0.0,-0.001953125,0.0,0.0,0.0
1828097384,1461221,0,1.005859375,-0.001953125,0.0,-0.001953125,0.0,0.0,0.0
1828098635,1461222,0,0.998046875,0.001953125,-0.01171875,-0.009765625,0.0,0.0,0.0
1828099885,1461223,0,1.00390625,0.00390625,-0.001953125,0.001953125,0.0,0.0,0.0
1828101136,1461224,0,1.00390625,0.0,-0.0078125,-0.0078125,0.0,0.0,0.0
1828102387,1461225,0,1.001953125,0.0,-0.005859375,-0.005859375,0.0,0.0,0.0
1828103638,1461226,0,1.009765625,0.0,-0.009765625,-0.009765625,0.0,0.0,0.0
1828104889,1461227,0,1.0078125,0.001953125,-0.009765625,-0.0078125,0.0,0.0,0.0
1828106140,1461228,0,1.005859375,0.0,-0.009765625,-0.009765625,0.0,0.0,0.0
1828107392,1461229,0,1.005859375,0.001953125,-0.001953125,0.0,0.0,0.0,0.0
1828108642,1461230,0,0.99609375,0.001953125,0.001953125,0.00390625,0.0,0.0,0.0
1828109894,1461231,0,1.00390625,-0.001953125,-0.005859375,-0.0078125,0.0,0.0,0.0
1828111145,1461232,0,1.005859375,-0.0078125,-0.017578125,-0.025390625,0.0,0.0,0.0
1828112395,1461233,0,1.00390625,0.0,-0.0078125,-0.0078125,0.0,0.0,0.0
1828113646,1461234,0,1.01953125,0.0,-0.0078125,-0.0078125,0.0,0.0,0.0
1828114898,1461235,0,1.0078125,-0.005859375,-0.0078125,-0.013671875,0.0,0.0,0.0
1828116149,1461236,0,1.005859375,-0.0078125,-0.00390625,-0.01171875,0.0,0.0,0.0
1828117400,1461237,0,0.98828125,-0.0078125,-0.005859375,-0.013671875,0.0,0.0,0.0
1828118651,1461238,0,1.005859375,-0.005859375,-0.0078125,-0.013671875,0.0,0.0,0.0
1828119902,1461239,0,1.005859375,-0.009765625,-0.001953125,-0.01171875,0.0,0.0,0.0
1828121154,1461240,0,1.005859375,-0.013671875,-0.0078125,-0.021484375,0.0,0.0,0.0
1828122405,1461241,0,1.001953125,-0.01171875,0.0,-0.01171875,0.0,0.0,0.0
1828123657,1461242,0,1.009765625,-0.015625,-0.005859375,-0.021484375,0.0,0.0,0.0
1828124907,1461243,0,1.0078125,-0.013671875,-0.005859375,-0.01953125,0.0,0.0,0.0
1828126158,1461244,0,1.00390625,-0.013671875,-0.001953125,-0.015625,0.0,0.0,0.0
1828127409,1461245,0,1.005859375,-0.017578125,-0.0078125,-0.025390625,0.0,0.0,0.0
1828128660,1461246,0,1.001953125,-0.015625,-0.00390625,-0.01953125,0.0,0.0,0.0
1828129911,1461247,0,1.0078125,-0.015625,-0.005859375,-0.021484375,0.0,0.0,0.0
1828131161,1461248,0,1.001953125,-0.015625,-0.00390625,-0.01953125,0.0,0.0,0.0
1828132412,1461249,0,1.009765625,-0.013671875,-0.001953125,-0.015625,0.0,0.0,0.0
1828133664,1461250,0,1.00390625,-0.01171875,0.0,-0.01171875,0.0,0.0,0.0
1828134915,1461251,0,1.0078125,-0.013671875,0.0,-0.013671875,0.0,0.0,0.0
1828136166,1461252,0,1.0,-0.01171875,0.001953125,-0.009765625,0.0,0.0,0.0
1828137417,1461253,0,1.001953125,-0.015625,0.005859375,-0.009765625,0.0,0.0,0.0
1828138668,1461254,0,1.01171875,-0.01953125,0.0,-0.01953125,0.0,0.0,0.0
1828139920,1461255,0,1.001953125,-0.01953125,0.00390625,-0.015625,0.0,0.0,0.0
1828141172,1461256,0,1.01171875,-0.017578125,0.001953125,-0.015625,0.0,0.0,0.0
1828142422,1461257,0,1.0078125,-0.013671875,0.00390625,-0.009765625,0.0,0.0,0.0
1828143673,1461258,0,1.0078125,-0.015625,0.0,-0.015625,0.0,0.0,0.0
1828144924,1461259,0,1.0078125,-0.013671875,0.00390625,-0.009765625,0.0,0.0,0.0
1828146174,1461260,0,1.00390625,-0.013671875,0.0,-0.013671875,0.0,0.0,0.0
1828147425,1461261,0,0.998046875,-0.005859375,0.00390625,-0.001953125,0.0,0.0,0.0
1828148676,1461262,0,1.001953125,-0.0078125,0.0,-0.0078125,0.0,0.0,0.0
1828149927,1461263,0,1.0078125,-0.005859375,0.0,-0.005859375,0.0,0.0,0.0
1828151177,1461264,0,1.001953125,-0.01171875,0.005859375,-0.005859375,0.0,0.0,0.0
1828152427,1461265,0,0.998046875,-0.005859375,0.005859375,0.0,0.0,0.0,0.0
1828153679,1461266,0,1.009765625,-0.00390625,-0.001953125,-0.005859375,0.0,0.0,0.0
1828154929,1461267,0,1.001953125,-0.00390625,0.001953125,-0.001953125,0.0,0.0,0.0
1828156179,1461268,0,1.0078125,-0.00390625,0.0,-0.00390625,0.0,0.0,0.0
1828157431,1461269,0,1.001953125,-0.00390625,0.001953125,-0.001953125,0.0,0.0,0.0
1828158681,1461270,0,1.001953125,-0.0078125,0.001953125,-0.005859375,0.0,0.0,0.0
1828159932,1461271,0,1.001953125,-0.001953125,-0.00390625,-0.005859375,0.0,0.0,0.0
1828161182,1461272,0,1.00390625,-0.001953125,0.001953125,0.0,0.0,0.0,0.0
1828162432,1461273,0,1.00390625,-0.001953125,0.0,-0.001953125,0.0,0.0,0.0
1828163684,1461274,0,1.009765625,0.0,-0.005859375,-0.005859375,0.0,0.0,0.0
1828164934,1461275,0,1.0078125,-0.001953125,-0.00390625,-0.005859375,0.0,0.0,0.0
1828166184,1461276,0,1.0078125,0.00390625,-0.005859375,-0.001953125,0.0,0.0,0.0
1828167436,1461277,0,1.00390625,-0.001953125,-0.0078125,-0.009765625,0.0,0.0,0.0
1828168686,1461278,0,1.009765625,0.0,-0.0078125,-0.0078125,0.0,0.0,0.0
1828169937,1461279,0,1.005859375,-0.001953125,-0.001953125,-0.00390625,0.0,0.0,0.0
1828171188,1461280,0,1.0078125,-0.005859375,-0.01171875,-0.017578125,0.0,0.0,0.0
1828172439,1461281,0,1.005859375,-0.001953125,-0.005859375,-0.0078125,0.0,0.0,0.0
1828173691,1461282,0,1.0,-0.005859375,-0.005859375,-0.01171875,0.0,0.0,0.0
1828174942,1461283,0,1.001953125,-0.00390625,0.0,-0.00390625,0.0,0.0,0.0
1828176192,1461284,0,0.998046875,-0.001953125,-0.005859375,-0.0078125,0.0,0.0,0.0
1828177443,1461285,0,1.005859375,-0.005859375,-0.005859375,-0.01171875,0.0,0.0,0.0
1828178695,1461286,0,1.0,-0.0078125,-0.00390625,-0.01171875,0.0,0.0,0.0
1828179945,1461287,0,1.001953125,-0.0078125,-0.005859375,-0.013671875,0.0,0.0,0.0
1828181197,1461288,0,1.005859375,-0.009765625,-0.005859375,-0.015625,0.0,0.0,0.0
1828182448,1461289,0,1.00390625,-0.009765625,-0.0078125,-0.017578125,0.0,0.0,0.0
1828183698,1461290,0,1.0078125,-0.009765625,-0.00390625,-0.013671875,0.0,0.0,0.0
1828184949,1461291,0,1.005859375,-0.005859375,-0.01171875,-0.017578125,0.0,0.0,0.0
1828186199,1461292,0,1.0,-0.0078125,-0.005859375,-0.013671875,0.0,0.0,0.0
1828187449,1461293,0,1.005859375,-0.01171875,-0.005859375,-0.017578125,0.0,0.0,0.0
1828188701,1461294,0,0.99609375,-0.009765625,-0.005859375,-0.015625,0.0,0.0,0.0
1828189951,1461295,0,1.005859375,-0.013671875,-0.01953125,-0.033203125,0.0,0.0,0.0
1828191202,1461296,0,1.013671875,-0.00390625,0.001953125,-0.001953125,0.0,0.0,0.0
1828192453,1461297,0,1.015625,-0.01953125,-0.009765625,-0.029296875,0.0,0.0,0.0
1828193704,1461298,0,1.0,-0.01171875,-0.005859375,-0.017578125,0.0,0.0,0.0
1828194954,1461299,0,1.01171875,-0.021484375,-0.005859375,-0.02734375,0.0,0.0,0.0
1828196205,1461300,0,1.015625,-0.015625,-0.005859375,-0.021484375,0.0,0.0,0.0
1828197457,1461301,0,1.005859375,-0.015625,0.0,-0.015625,0.0,0.0,0.0
1828198707,1461302,0,1.001953125,-0.013671875,0.0,-0.013671875,0.0,0.0,0.0
1828199959,1461303,0,1.0,-0.01171875,-0.00390625,-0.015625,0.0,0.0,0.0
1828201209,1461304,0,0.998046875,-0.013671875,-0.001953125,-0.015625,0.0,0.0,0.0
1828202460,1461305,0,1.005859375,-0.01171875,0.0,-0.01171875,0.0,0.0,0.0
1828203711,1461306,0,1.00390625,-0.015625,0.0,-0.015625,0.0,0.0,0.0
1828204961,1461307,0,1.00390625,-0.01171875,-0.00390625,-0.015625,0.0,0.0,0.0
1828206211,1461308,0,1.0078125,-0.0078125,0.0,-0.0078125,0.0,0.0,0.0
1828207461,1461309,0,1.013671875,-0.01953125,0.0078125,-0.01171875,0.0,0.0,0.0
1828208712,1461310,0,1.0,-0.01171875,0.0,-0.01171875,0.0,0.0,0.0
1828209962,1461311,0,1.001953125,0.001953125,-0.01171875,-0.009765625,0.0,0.0,0.0
1828211212,1461312,0,1.00390625,-0.01171875,0.00390625,-0.0078125,0.0,0.0,0.0
1828212463,1461313,0,1.009765625,-0.009765625,0.001953125,-0.0078125,0.0,0.0,0.0
1828213713,1461314,0,1.0,-0.00390625,-0.0078125,-0.01171875,0.0,0.0,0.0
1828214965,1461315,0,1.00390625,-0.00390625,-0.001953125,-0.005859375,0.0,0.0,0.0
1828216216,1461316,0,1.00390625,-0.021484375,0.0078125,-0.013671875,0.0,0.0,0.0
1828217468,1461317,0,1.013671875,0.001953125,-0.00390625,-0.001953125,0.0,0.0,0.0
1828218718,1461318,0,0.990234375,-0.00390625,-0.00390625,-0.0078125,0.0,0.0,0.0
1828219970,1461319,0,1.001953125,0.001953125,0.001953125,0.00390625,0.0,0.0,0.0
1828221221,1461320,0,1.0078125,-0.0078125,0.00390625,-0.00390625,0.0,0.0,0.0
1828222471,1461321,0,0.99609375,0.001953125,-0.001953125,0.0,0.0,0.0,0.0
1828223722,1461322,0,1.0078125,0.001953125,0.00390625,0.005859375,0.0,0.0,0.0
1828224973,1461323,0,1.009765625,0.001953125,-0.00390625,-0.001953125,0.0,0.0,0.0
1828226225,1461324,0,1.0078125,0.0,0.001953125,0.001953125,0.0,0.0,0.0
1828227477,1461325,0,1.0,-0.001953125,-0.013671875,-0.015625,0.0,0.0,0.0
1828228728,1461326,0,1.005859375,0.00390625,-0.0078125,-0.00390625,0.0,0.0,0.0
1828229978,1461327,0,1.00390625,-0.001953125,-0.001953125,-0.00390625,0.0,0.0,0.0
1828231229,1461328,0,0.994140625,-0.001953125,-0.01171875,-0.013671875,0.0,0.0,0.0
1828232481,1461329,0,0.998046875,-0.001953125,-0.005859375,-0.0078125,0.0,0.0,0.0
1828233731,1461330,0,1.00390625,-0.00390625,-0.001953125,-0.005859375,0.0,0.0,0.0
1828234982,1461331,0,0.998046875,-0.005859375,0.0,-0.005859375,0.0,0.0,0.0
1828236233,1461332,0,1.0078125,-0.0078125,-0.00390625,-0.01171875,0.0,0.0,0.0
1828237483,1461333,0,1.0078125,-0.009765625,0.0,-0.009765625,0.0,0.0,0.0
1828238734,1461334,0,1.009765625,-0.013671875,0.00390625,-0.009765625,0.0,0.0,0.0
1828239984,1461335,0,1.01953125,-0.015625,0.0,-0.015625,0.0,0.0,0.0
1828241235,1461336,0,1.001953125,-0.01171875,-0.00390625,-0.015625,0.0,0.0,0.0
1828242486,1461337,0,1.00390625,-0.01171875,-0.00390625,-0.015625,0.0,0.0,0.0
1828243736,1461338,0,1.009765625,-0.0078125,0.001953125,-0.005859375,0.0,0.0,0.0
1828244987,1461339,0,1.005859375,-0.009765625,-0.001953125,-0.01171875,0.0,0.0,0.0
1828246238,1461340,0,1.005859375,-0.009765625,0.00390625,-0.005859375,0.0,0.0,0.0
1828247489,1461341,0,1.0,-0.017578125,-0.005859375,-0.0234375,0.0,0.0,0.0
1828248739,1461342,0,1.005859375,-0.009765625,0.00390625,-0.005859375,0.0,0.0,0.0
1828249990,1461343,0,0.99609375,-0.021484375,-0.001953125,-0.0234375,0.0,0.0,0.0
1828251241,1461344,0,1.001953125,-0.015625,-0.0078125,-0.0234375,0.0,0.0,0.0
1828252492,1461345,0,1.0078125,-0.013671875,-0.0078125,-0.021484375,0.0,0.0,0.0
1828253742,1461346,0,1.005859375,-0.015625,-0.0078125,-0.0234375,0.0,0.0,0.0
1828254993,1461347,0,1.0078125,-0.017578125,0.0,-0.017578125,0.0,0.0,0.0
1828256244,1461348,0,1.001953125,-0.013671875,-0.0078125,-0.021484375,0.0,0.0,0.0
1828257494,1461349,0,1.005859375,-0.015625,-0.001953125,-0.017578125,0.0,0.0,0.0
1828258746,1461350,0,1.0,-0.015625,-0.005859375,-0.021484375,0.0,0.0,0.0
1828259997,1461351,0,1.0078125,-0.01171875,0.001953125,-0.009765625,0.0,0.0,0.0
1828261248,1461352,0,1.005859375,-0.01953125,-0.0078125,-0.02734375,0.0,0.0,0.0
1828262499,1461353,0,1.005859375,-0.009765625,0.00390625,-0.005859375,0.0,0.0,0.0
1828263750,1461354,0,1.00390625,-0.013671875,-0.001953125,-0.015625,0.0,0.0,0.0
1828265001,1461355,0,1.009765625,-0.013671875,-0.0078125,-0.021484375,0.0,0.0,0.0
1828266252,1461356,0,1.0078125,-0.01171875,-0.00390625,-0.015625,0.0,0.0,0.0
1828267502,1461357,0,1.00390625,-0.009765625,-0.00390625,-0.013671875,0.0,0.0,0.0
1828268753,1461358,0,1.005859375,-0.01171875,-0.00390625,-0.015625,0.0,0.0,0.0
1828270004,1461359,0,0.99609375,-0.00390625,-0.005859375,-0.009765625,0.0,0.0,0.0
1828271255,1461360,0,1.005859375,-0.0078125,-0.015625,-0.0234375,0.0,0.0,0.0
1828272505,1461361,0,0.994140625,-0.01171875,-0.001953125,-0.013671875,0.0,0.0,0.0
1828273756,1461362,0,1.009765625,-0.005859375,-0.005859375,-0.01171875,0.0,0.0,0.0
1828275008,1461363,0,1.0,-0.005859375,-0.009765625,-0.015625,0.0,0.0,0.0
1828276258,1461364,0,1.001953125,-0.0078125,0.0,-0.0078125,0.0,0.0,0.0
1828277509,1461365,0,1.005859375,-0.005859375,-0.005859375,-0.01171875,0.0,0.0,0.0
1828278759,1461366,0,1.00390625,-0.0078125,0.00390625,-0.00390625,0.0,0.0,0.0
1828280010,1461367,0,1.001953125,-0.009765625,0.00390625,-0.005859375,0.0,0.0,0.0
1828281261,1461368,0,1.005859375,-0.00390625,0.0,-0.00390625,0.0,0.0,0.0
1828282513,1461369,0,1.009765625,-0.005859375,-0.001953125,-0.0078125,0.0,0.0,0.0
1828283764,1461370,0,1.01171875,-0.00390625,0.00390625,0.0,0.0,0.0,0.0
1828285015,1461371,0,1.001953125,-0.0078125,-0.001953125,-0.009765625,0.0,0.0,0.0
1828286270,1461372,0,1.001953125,-0.001953125,-0.001953125,-0.00390625,0.0,0.0,0.0
1828287521,1461373,0,1.005859375,-0.005859375,0.001953125,-0.00390625,0.0,0.0,0.0
1828288772,1461374,0,1.0,-0.0078125,0.005859375,-0.001953125,0.0,0.0,0.0
1828290024,1461375,0,1.005859375,-0.009765625,0.001953125,-0.0078125,0.0,0.0,0.0
1828291275,1461376,0,1.001953125,-0.0078125,0.001953125,-0.005859375,0.0,0.0,0.0
1828292527,1461377,0,1.005859375,-0.009765625,-0.001953125,-0.01171875,0.0,0.0,0.0
1828293778,1461378,0,1.001953125,-0.01171875,0.001953125,-0.009765625,0.0,0.0,0.0
1828295028,1461379,0,0.998046875,-0.009765625,0.00390625,-0.005859375,0.0,0.0,0.0
1828296279,1461380,0,0.99609375,-0.00390625,0.0,-0.00390625,0.0,0.0,0.0
1828297530,1461381,0,1.00390625,-0.0078125,0.005859375,-0.001953125,0.0,0.0,0.0
1828298782,1461382,0,1.0078125,-0.005859375,-0.005859375,-0.01171875,0.0,0.0,0.0
1828300032,1461383,0,1.001953125,-0.009765625,0.0078125,-0.001953125,0.0,0.0,0.0
1828301282,1461384,0,1.001953125,-0.0078125,-0.001953125,-0.009765625,0.0,0.0,0.0
1828302532,1461385,0,0.99609375,-0.01171875,-0.001953125,-0.013671875,0.0,0.0,0.0
1828303783,1461386,0,1.009765625,-0.009765625,-0.001953125,-0.01171875,0.0,0.0,0.0
1828305034,1461387,0,1.005859375,-0.005859375,0.0,-0.005859375,0.0,0.0,0.0
1828306285,1461388,0,1.005859375,-0.005859375,-0.001953125,-0.0078125,0.0,0.0,0.0
1828307537,1461389,0,1.0078125,-0.00390625,0.0,-0.00390625,0.0,0.0,0.0
1828308789,1461390,0,1.001953125,-0.005859375,-0.001953125,-0.0078125,0.0,0.0,0.0
1828310039,1461391,0,0.998046875,-0.001953125,-0.005859375,-0.0078125,0.0,0.0,0.0
1828311290,1461392,0,0.998046875,-0.005859375,-0.001953125,-0.0078125,0.0,0.0,0.0
1828312541,1461393,0,1.001953125,-0.0078125,-0.01171875,-0.01953125,0.0,0.0,0.0
1828313792,1461394,0,1.001953125,0.0,-0.01171875,-0.01171875,0.0,0.0,0.0
1828315042,1461395,0,1.001953125,-0.001953125,-0.013671875,-0.015625,0.0,0.0,0.0
1828316294,1461396,0,1.001953125,-0.001953125,-0.015625,-0.017578125,0.0,0.0,0.0
1828317545,1461397,0,0.998046875,0.001953125,-0.01171875,-0.009765625,0.0,0.0,0.0
1828318795,1461398,0,1.0078125,0.001953125,-0.017578125,-0.015625,0.0,0.0,0.0
1828320047,1461399,0,1.005859375,0.0,-0.009765625,-0.009765625,0.0,0.0,0.0
1828321298,1461400,0,0.998046875,0.00390625,-0.017578125,-0.013671875,0.0,0.0,0.0
1828322549,1461401,0,1.009765625,0.01171875,-0.01953125,-0.0078125,0.0,0.0,0.0
1828323800,1461402,0,1.001953125,0.00390625,-0.025390625,-0.021484375,0.0,0.0,0.0
1828325050,1461403,0,1.001953125,0.0,-0.013671875,-0.013671875,0.0,0.0,0.0
1828326301,1461404,0,1.009765625,0.001953125,-0.017578125,-0.015625,0.0,0.0,0.0
1828327552,1461405,0,1.0,0.0,-0.009765625,-0.009765625,0.0,0.0,0.0
1828328803,1461406,0,1.001953125,0.001953125,-0.013671875,-0.01171875,0.0,0.0,0.0
1828330053,1461407,0,1.001953125,0.001953125,-0.017578125,-0.015625,0.0,0.0,0.0
1828331305,1461408,0,0.998046875,0.001953125,-0.005859375,-0.00390625,0.0,0.0,0.0
1828332557,1461409,0,1.001953125,-0.001953125,-0.009765625,-0.01171875,0.0,0.0,0.0
1828333808,1461410,0,0.998046875,0.001953125,-0.009765625,-0.0078125,0.0,0.0,0.0
1828335059,1461411,0,1.005859375,-0.001953125,-0.00390625,-0.005859375,0.0,0.0,0.0
1828336310,1461412,0,1.009765625,-0.001953125,-0.00390625,-0.005859375,0.0,0.0,0.0
1828337562,1461413,0,1.00390625,-0.00390625,-0.005859375,-0.009765625,0.0,0.0,0.0
1828338812,1461414,0,1.009765625,-0.0078125,-0.001953125,-0.009765625,0.0,0.0,0.0
1828340064,1461415,0,1.005859375,-0.015625,0.005859375,-0.009765625,0.0,0.0,0.0
1828341314,1461416,0,1.0,-0.013671875,0.0,-0.013671875,0.0,0.0,0.0
1828342565,1461417,0,1.0,-0.013671875,-0.00390625,-0.017578125,0.0,0.0,0.0
1828343816,1461418,0,1.00390625,-0.021484375,0.0,-0.021484375,0.0,0.0,0.0
1828345066,1461419,0,1.0078125,-0.009765625,0.00390625,-0.005859375,0.0,0.0,0.0
1828346317,1461420,0,1.005859375,-0.013671875,-0.001953125,-0.015625,0.0,0.0,0.0
1828347569,1461421,0,1.00390625,-0.02734375,0.00390625,-0.0234375,0.0,0.0,0.0
1828348819,1461422,0,1.01171875,-0.03125,0.009765625,-0.021484375,0.0,0.0,0.0
1828350070,1461423,0,1.001953125,-0.0234375,0.01953125,-0.00390625,0.0,0.0,0.0
1828351321,1461424,0,1.013671875,-0.0078125,0.0078125,0.0,0.0,0.0,0.0
1828352571,1461425,0,1.001953125,-0.029296875,0.013671875,-0.015625,0.0,0.0,0.0
1828353822,1461426,0,0.99609375,-0.0234375,0.00390625,-0.01953125,0.0,0.0,0.0
1828355074,1461427,0,0.9921875,-0.048828125,0.021484375,-0.02734375,0.0,0.0,0.0
1828356324,1461428,0,1.001953125,-0.013671875,0.009765625,-0.00390625,0.0,0.0,0.0
1828357575,1461429,0,0.99609375,-0.056640625,0.013671875,-0.04296875,0.0,0.0,0.0
1828358827,1461430,0,1.005859375,-0.013671875,0.013671875,0.0,0.0,0.0,0.0
1828360077,1461431,0,1.0078125,-0.0390625,0.015625,-0.0234375,0.0,0.0,0.0
1828361328,1461432,0,0.99609375,-0.044921875,0.017578125,-0.02734375,0.0,0.0,0.0
1828362580,1461433,0,1.01953125,-0.0234375,0.017578125,-0.005859375,0.0,0.0,0.0
1828363832,1461434,0,0.99609375,-0.02734375,0.01953125,-0.0078125,0.0,0.0,0.0
1828365082,1461435,0,0.99609375,-0.052734375,0.021484375,-0.03125,0.0,0.0,0.0
1828366333,1461436,0,1.013671875,-0.025390625,0.013671875,-0.01171875,0.0,0.0,0.0
1828367585,1461437,0,1.009765625,-0.041015625,0.021484375,-0.01953125,0.0,0.0,0.0
1828368835,1461438,0,1.017578125,-0.0234375,0.01953125,-0.00390625,0.0,0.0,0.0
1828370086,1461439,0,1.0,-0.02734375,0.001953125,-0.025390625,0.0,0.0,0.0
1828371338,1461440,0,1.0,-0.02734375,-0.001953125,-0.029296875,0.0,0.0,0.0
1828372589,1461441,0,1.017578125,-0.025390625,0.021484375,-0.00390625,0.0,0.0,0.0
1828373840,1461442,0,0.994140625,-0.01953125,0.015625,-0.00390625,0.0,0.0,0.0
1828375092,1461443,0,1.0,-0.013671875,0.005859375,-0.0078125,0.0,0.0,0.0
1828376343,1461444,0,1.009765625,-0.001953125,0.0,-0.001953125,0.0,0.0,0.0
1828377594,1461445,0,1.0,0.005859375,-0.01171875,-0.005859375,0.0,0.0,0.0
1828378845,1461446,0,1.00390625,0.009765625,-0.01953125,-0.009765625,0.0,0.0,0.0
1828380096,1461447,0,0.998046875,0.005859375,-0.017578125,-0.01171875,0.0,0.0,0.0
1828381346,1461448,0,1.01171875,0.017578125,-0.025390625,-0.0078125,0.0,0.0,0.0
1828382598,1461449,0,1.0078125,0.03125,-0.029296875,0.001953125,0.0,0.0,0.0
1828383849,1461450,0,1.0078125,0.01953125,-0.0234375,-0.00390625,0.0,0.0,0.0
1828385099,1461451,0,1.00390625,0.01953125,-0.0234375,-0.00390625,0.0,0.0,0.0
1828386350,1461452,0,1.009765625,0.03125,-0.02734375,0.00390625,0.0,0.0,0.0
1828387601,1461453,0,1.0078125,0.03125,-0.0234375,0.0078125,0.0,0.0,0.0
1828388852,1461454,0,1.00390625,0.015625,-0.01953125,-0.00390625,0.0,0.0,0.0
1828390103,1461455,0,1.005859375,0.015625,-0.025390625,-0.009765625,0.0,0.0,0.0
1828391354,1461456,0,1.001953125,0.0234375,-0.03125,-0.0078125,0.0,0.0,0.0
1828392605,1461457,0,1.005859375,0.017578125,-0.021484375,-0.00390625,0.0,0.0,0.0
1828393855,1461458,0,1.00390625,0.01171875,-0.0234375,-0.01171875,0.0,0.0,0.0
1828395107,1461459,0,0.998046875,0.01171875,-0.025390625,-0.013671875,0.0,0.0,0.0
1828396357,1461460,0,1.0078125,0.00390625,-0.021484375,-0.017578125,0.0,0.0,0.0
1828397607,1461461,0,1.01171875,0.01171875,-0.005859375,0.005859375,0.0,0.0,0.0
1828398859,1461462,0,1.0078125,0.005859375,-0.01171875,-0.005859375,0.0,0.0,0.0
1828400109,1461463,0,1.0,0.005859375,-0.009765625,-0.00390625,0.0,0.0,0.0
1828401361,1461464,0,1.015625,-0.001953125,-0.0078125,-0.009765625,0.0,0.0,0.0
1828402611,1461465,0,1.0,-0.00390625,-0.01171875,-0.015625,0.0,0.0,0.0
1828403861,1461466,0,1.00390625,-0.005859375,-0.0078125,-0.013671875,0.0,0.0,0.0
1828405113,1461467,0,1.00390625,-0.009765625,-0.00390625,-0.013671875,0.0,0.0,0.0
1828406364,1461468,0,1.005859375,-0.005859375,-0.005859375,-0.01171875,0.0,0.0,0.0
1828407616,1461469,0,1.001953125,-0.0078125,0.005859375,-0.001953125,0.0,0.0,0.0
1828408866,1461470,0,1.0078125,-0.009765625,0.001953125,-0.0078125,0.0,0.0,0.0
1828410118,1461471,0,1.005859375,-0.01171875,0.0,-0.01171875,0.0,0.0,0.0
1828411368,1461472,0,1.005859375,-0.013671875,0.0,-0.013671875,0.0,0.0,0.0
1828412619,1461473,0,1.009765625,-0.01953125,0.001953125,-0.017578125,0.0,0.0,0.0
1828413869,1461474,0,1.005859375,-0.015625,0.001953125,-0.013671875,0.0,0.0,0.0
1828415119,1461475,0,1.001953125,-0.021484375,0.005859375,-0.015625,0.0,0.0,0.0
1828416371,1461476,0,1.00390625,-0.01953125,0.00390625,-0.015625,0.0,0.0,0.0
1828417622,1461477,0,1.001953125,-0.01953125,0.009765625,-0.009765625,0.0,0.0,0.0
1828418874,1461478,0,1.0,-0.0234375,0.005859375,-0.017578125,0.0,0.0,0.0
1828420124,1461479,0,1.00390625,-0.0234375,0.01171875,-0.01171875,0.0,0.0,0.0
1828421375,1461480,0,1.001953125,-0.01953125,0.005859375,-0.013671875,0.0,0.0,0.0
1828422625,1461481,0,1.00390625,-0.021484375,0.005859375,-0.015625,0.0,0.0,0.0
1828423877,1461482,0,1.00390625,-0.02734375,0.00390625,-0.0234375,0.0,0.0,0.0
1828425127,1461483,0,1.005859375,-0.017578125,0.009765625,-0.0078125,0.0,0.0,0.0
1828426377,1461484,0,1.001953125,-0.01953125,0.01171875,-0.0078125,0.0,0.0,0.0
1828427629,1461485,0,1.009765625,-0.0234375,0.0078125,-0.015625,0.0,0.0,0.0
1828428879,1461486,0,1.005859375,-0.01953125,0.009765625,-0.009765625,0.0,0.0,0.0
1828430130,1461487,0,1.005859375,-0.015625,-0.00390625,-0.01953125,0.0,0.0,0.0
1828431381,1461488,0,1.01171875,-0.01953125,-0.001953125,-0.021484375,0.0,0.0,0.0
1828432631,1461489,0,1.001953125,-0.013671875,0.015625,0.001953125,0.0,0.0,0.0
1828433882,1461490,0,1.001953125,-0.015625,0.001953125,-0.013671875,0.0,0.0,0.0
1828435133,1461491,0,1.001953125,-0.01171875,0.0078125,-0.00390625,0.0,0.0,0.0
1828436384,1461492,0,1.00390625,-0.013671875,-0.001953125,-0.015625,0.0,0.0,0.0
1828437635,1461493,0,1.005859375,-0.013671875,0.0078125,-0.005859375,0.0,0.0,0.0
1828438885,1461494,0,1.00390625,-0.005859375,-0.005859375,-0.01171875,0.0,0.0,0.0
1828440136,1461495,0,1.0,-0.01171875,0.0,-0.01171875,0.0,0.0,0.0
1828441387,1461496,0,1.00390625,-0.0078125,-0.00390625,-0.01171875,0.0,0.0,0.0
1828442638,1461497,0,1.0078125,-0.0078125,-0.00390625,-0.01171875,0.0,0.0,0.0
1828443889,1461498,0,1.0078125,-0.009765625,-0.005859375,-0.015625,0.0,0.0,0.0
1828445140,1461499,0,1.005859375,-0.00390625,-0.01171875,-0.015625,0.0,0.0,0.0
1828446392,1461500,0,1.009765625,-0.00390625,-0.0078125,-0.01171875,0.0,0.0,0.0
1828447642,1461501,0,1.005859375,0.0,-0.009765625,-0.009765625,0.0,0.0,0.0
1828448894,1461502,0,1.001953125,0.0,-0.009765625,-0.009765625,0.0,0.0,0.0
1828450145,1461503,0,1.009765625,0.0,-0.0078125,-0.0078125,0.0,0.0,0.0
1828451395,1461504,0,1.009765625,-0.00390625,-0.00390625,-0.0078125,0.0,0.0,0.0
1828452646,1461505,0,1.01171875,-0.005859375,-0.0078125,-0.013671875,0.0,0.0,0.0
1828453898,1461506,0,1.001953125,-0.001953125,-0.01171875,-0.013671875,0.0,0.0,0.0
1828455149,1461507,0,1.00390625,-0.00390625,-0.005859375,-0.009765625,0.0,0.0,0.0
1828456400,1461508,0,1.0,-0.005859375,-0.013671875,-0.01953125,0.0,0.0,0.0
1828457651,1461509,0,1.017578125,-0.001953125,-0.009765625,-0.01171875,0.0,0.0,0.0
1828458902,1461510,0,1.013671875,0.001953125,-0.021484375,-0.01953125,0.0,0.0,0.0
1828460154,1461511,0,1.0078125,-0.001953125,-0.005859375,-0.0078125,0.0,0.0,0.0
1828461405,1461512,0,1.0,-0.001953125,-0.0078125,-0.009765625,0.0,0.0,0.0
1828462657,1461513,0,1.001953125,-0.001953125,-0.005859375,-0.0078125,0.0,0.0,0.0
1828463907,1461514,0,1.001953125,-0.001953125,-0.009765625,-0.01171875,0.0,0.0,0.0
1828465158,1461515,0,1.009765625,-0.005859375,-0.0078125,-0.013671875,0.0,0.0,0.0
1828466409,1461516,0,1.001953125,-0.001953125,-0.013671875,-0.015625,0.0,0.0,0.0
1828467660,1461517,0,1.0,-0.001953125,-0.005859375,-0.0078125,0.0,0.0,0.0
1828468911,1461518,0,1.005859375,-0.001953125,-0.0078125,-0.009765625,0.0,0.0,0.0
1828470161,1461519,0,1.00390625,-0.001953125,-0.00390625,-0.005859375,0.0,0.0,0.0
1828471412,1461520,0,1.00390625,-0.005859375,-0.0078125,-0.013671875,0.0,0.0,0.0
1828472664,1461521,0,1.005859375,-0.009765625,-0.00390625,-0.013671875,0.0,0.0,0.0
1828473915,1461522,0,1.009765625,-0.01171875,0.0,-0.01171875,0.0,0.0,0.0
1828475166,1461523,0,1.00390625,-0.005859375,-0.009765625,-0.015625,0.0,0.0,0.0
1828476417,1461524,0,1.005859375,-0.00390625,-0.009765625,-0.013671875,0.0,0.0,0.0
1828477668,1461525,0,1.01171875,-0.0078125,-0.001953125,-0.009765625,0.0,0.0,0.0
1828478920,1461526,0,1.0078125,-0.00390625,-0.00390625,-0.0078125,0.0,0.0,0.0
1828480172,1461527,0,1.00390625,-0.009765625,-0.009765625,-0.01953125,0.0,0.0,0.0
1828481422,1461528,0,1.01171875,-0.00390625,-0.001953125,-0.005859375,0.0,0.0,0.0
1828482673,1461529,0,1.0,-0.005859375,0.0,-0.005859375,0.0,0.0,0.0
1828483924,1461530,0,1.005859375,-0.00390625,0.001953125,-0.001953125,0.0,0.0,0.0
1828485174,1461531,0,1.001953125,-0.001953125,0.001953125,0.0,0.0,0.0,0.0
1828486425,1461532,0,1.00390625,-0.0078125,0.001953125,-0.005859375,0.0,0.0,0.0
1828487676,1461533,0,1.0078125,-0.0078125,-0.001953125,-0.009765625,0.0,0.0,0.0
1828488927,1461534,0,1.009765625,-0.0078125,-0.00390625,-0.01171875,0.0,0.0,0.0
1828490177,1461535,0,1.0078125,-0.009765625,0.0,-0.009765625,0.0,0.0,0.0
1828491427,1461536,0,1.001953125,-0.009765625,0.001953125,-0.0078125,0.0,0.0,0.0
1828492679,1461537,0,1.001953125,-0.009765625,0.0,-0.009765625,0.0,0.0,0.0
1828493929,1461538,0,1.005859375,-0.00390625,-0.0078125,-0.01171875,0.0,0.0,0.0
1828495179,1461539,0,1.005859375,-0.0078125,0.00390625,-0.00390625,0.0,0.0,0.0
1828496431,1461540,0,1.00390625,-0.01171875,-0.001953125,-0.013671875,0.0,0.0,0.0
1828497681,1461541,0,1.00390625,-0.0078125,-0.00390625,-0.01171875,0.0,0.0,0.0
1828498932,1461542,0,1.005859375,-0.0078125,-0.005859375,-0.013671875,0.0,0.0,0.0
1828500182,1461543,0,1.0,-0.009765625,-0.00390625,-0.013671875,0.0,0.0,0.0
1828501432,1461544,0,0.998046875,-0.00390625,-0.0078125,-0.01171875,0.0,0.0,0.0
1828502684,1461545,0,1.001953125,-0.0078125,0.001953125,-0.005859375,0.0,0.0,0.0
1828503934,1461546,0,0.998046875,-0.009765625,-0.001953125,-0.01171875,0.0,0.0,0.0
1828505184,1461547,0,0.99609375,-0.015625,-0.005859375,-0.021484375,0.0,0.0,0.0
1828506436,1461548,0,1.01171875,-0.009765625,-0.009765625,-0.01953125,0.0,0.0,0.0
1828507686,1461549,0,1.0078125,-0.0078125,-0.00390625,-0.01171875,0.0,0.0,0.0
1828508937,1461550,0,1.001953125,-0.005859375,0.0,-0.005859375,0.0,0.0,0.0
1828510188,1461551,0,1.0078125,0.0,-0.00390625,-0.00390625,0.0,0.0,0.0
1828511439,1461552,0,0.998046875,-0.009765625,-0.005859375,-0.015625,0.0,0.0,0.0
1828512691,1461553,0,1.0078125,-0.00390625,-0.009765625,-0.013671875,0.0,0.0,0.0
1828513942,1461554,0,1.013671875,-0.009765625,-0.00390625,-0.013671875,0.0,0.0,0.0
1828515192,1461555,0,1.0078125,-0.01171875,-0.00390625,-0.015625,0.0,0.0,0.0
1828516443,1461556,0,1.0078125,-0.0078125,-0.005859375,-0.013671875,0.0,0.0,0.0
1828517695,1461557,0,1.001953125,-0.01171875,0.0,-0.01171875,0.0,0.0,0.0
1828518945,1461558,0,1.00390625,-0.013671875,-0.001953125,-0.015625,0.0,0.0,0.0
