t_us,frame_id,sensor_id,accX,accY,accZ,acc_sum_YZ,magX,magY,magZ
1864496713,1490319,0,1.005859375,-0.00390625,0.005859375,0.001953125,0.0,0.0,0.0
1864497965,1490320,0,1.0,-0.00390625,0.0078125,0.00390625,0.0,0.0,0.0
1864499216,1490321,0,1.00390625,-0.001953125,0.005859375,0.00390625,0.0,0.0,0.0
1864500468,1490322,0,1.00390625,0.00390625,0.00390625,0.0078125,0.0,0.0,0.0
1864501718,1490323,0,0.994140625,-0.001953125,0.009765625,0.0078125,0.0,0.0,0.0
1864502970,1490324,0,0.99609375,-0.00390625,0.001953125,-0.001953125,0.0,0.0,0.0
1864504221,1490325,0,1.005859375,-0.001953125,0.001953125,0.0,0.0,0.0,0.0
1864505471,1490326,0,1.001953125,-0.00390625,0.00390625,0.0,0.0,0.0,0.0
1864506722,1490327,0,0.994140625,-0.001953125,0.005859375,0.00390625,0.0,0.0,0.0
1864507973,1490328,0,0.998046875,0.0,0.0,0.0,0.0,0.0,0.0
1864509225,1490329,0,1.00390625,-0.001953125,0.001953125,0.0,0.0,0.0,0.0
1864510477,1490330,0,1.00390625,-0.001953125,0.009765625,0.0078125,0.0,0.0,0.0
1864511728,1490331,0,1.0,0.0,0.0,0.0,0.0,0.0,0.0
1864512978,1490332,0,1.005859375,-0.001953125,0.00390625,0.001953125,0.0,0.0,0.0
1864514229,1490333,0,1.0078125,-0.00390625,0.005859375,0.001953125,0.0,0.0,0.0
1864515481,1490334,0,1.005859375,0.0,0.00390625,0.00390625,0.0,0.0,0.0
1864516731,1490335,0,1.0078125,-0.00390625,0.005859375,0.001953125,0.0,0.0,0.0
1864517982,1490336,0,0.998046875,-0.005859375,0.001953125,-0.00390625,0.0,0.0,0.0
1864519233,1490337,0,1.001953125,-0.001953125,-0.00390625,-0.005859375,0.0,0.0,0.0
1864520483,1490338,0,1.005859375,-0.00390625,0.009765625,0.005859375,0.0,0.0,0.0
1864521734,1490339,0,1.0078125,-0.00390625,0.0,-0.00390625,0.0,0.0,0.0
1864522984,1490340,0,1.005859375,-0.001953125,0.001953125,0.0,0.0,0.0,0.0
1864524235,1490341,0,1.0,-0.001953125,0.001953125,0.0,0.0,0.0,0.0
1864525486,1490342,0,1.0078125,-0.0078125,0.00390625,-0.00390625,0.0,0.0,0.0
1864526736,1490343,0,1.001953125,-0.00390625,0.001953125,-0.001953125,0.0,0.0,0.0
1864527987,1490344,0,1.0078125,-0.00390625,0.0,-0.00390625,0.0,0.0,0.0
1864529238,1490345,0,1.0078125,-0.001953125,0.009765625,0.0078125,0.0,0.0,0.0
1864530489,1490346,0,1.00390625,0.001953125,0.00390625,0.005859375,0.0,0.0,0.0
1864531739,1490347,0,1.013671875,-0.0078125,0.00390625,-0.00390625,0.0,0.0,0.0
1864532990,1490348,0,0.998046875,0.0,0.00390625,0.00390625,0.0,0.0,0.0
1864534241,1490349,0,1.0,-0.005859375,0.005859375,0.0,0.0,0.0,0.0
1864535492,1490350,0,1.00390625,-0.005859375,0.00390625,-0.001953125,0.0,0.0,0.0
1864536742,1490351,0,1.005859375,-0.00390625,0.005859375,0.001953125,0.0,0.0,0.0
1864537993,1490352,0,1.00390625,-0.00390625,0.00390625,0.0,0.0,0.0,0.0
1864539244,1490353,0,1.009765625,-0.005859375,-0.001953125,-0.0078125,0.0,0.0,0.0
1864540494,1490354,0,1.0,0.001953125,0.009765625,0.01171875,0.0,0.0,0.0
1864541746,1490355,0,1.001953125,-0.00390625,0.001953125,-0.001953125,0.0,0.0,0.0
1864542997,1490356,0,1.009765625,-0.001953125,-0.001953125,-0.00390625,0.0,0.0,0.0
1864544248,1490357,0,1.0,-0.00390625,-0.001953125,-0.005859375,0.0,0.0,0.0
1864545499,1490358,0,1.00390625,-0.005859375,0.001953125,-0.00390625,0.0,0.0,0.0
1864546750,1490359,0,1.0,0.0,0.0078125,0.0078125,0.0,0.0,0.0
1864548001,1490360,0,1.0078125,-0.001953125,0.005859375,0.00390625,0.0,0.0,0.0
1864549252,1490361,0,1.001953125,-0.001953125,0.00390625,0.001953125,0.0,0.0,0.0
1864550502,1490362,0,1.00390625,0.001953125,0.005859375,0.0078125,0.0,0.0,0.0
1864551753,1490363,0,1.001953125,0.0,0.0,0.0,0.0,0.0,0.0
1864553004,1490364,0,1.00390625,-0.00390625,-0.001953125,-0.005859375,0.0,0.0,0.0
1864554255,1490365,0,1.015625,-0.005859375,0.00390625,-0.001953125,0.0,0.0,0.0
1864555505,1490366,0,0.998046875,-0.005859375,0.0078125,0.001953125,0.0,0.0,0.0
1864556756,1490367,0,1.013671875,-0.00390625,-0.001953125,-0.005859375,0.0,0.0,0.0
1864558008,1490368,0,1.00390625,-0.0078125,0.00390625,-0.00390625,0.0,0.0,0.0
1864559258,1490369,0,1.0,-0.001953125,0.005859375,0.00390625,0.0,0.0,0.0
1864560509,1490370,0,1.001953125,0.001953125,-0.00390625,-0.001953125,0.0,0.0,0.0
1864561759,1490371,0,1.01171875,-0.001953125,-0.001953125,-0.00390625,0.0,0.0,0.0
1864563010,1490372,0,1.001953125,-0.00390625,0.005859375,0.001953125,0.0,0.0,0.0
1864564261,1490373,0,1.0,-0.001953125,-0.001953125,-0.00390625,0.0,0.0,0.0
1864565513,1490374,0,0.998046875,0.0,0.005859375,0.005859375,0.0,0.0,0.0
1864566764,1490375,0,1.0,-0.001953125,0.0078125,0.005859375,0.0,0.0,0.0
1864568015,1490376,0,1.00390625,-0.00390625,0.001953125,-0.001953125,0.0,0.0,0.0
1864569270,1490377,0,1.001953125,0.0,0.00390625,0.00390625,0.0,0.0,0.0
1864570521,1490378,0,1.001953125,0.001953125,0.001953125,0.00390625,0.0,0.0,0.0
1864571772,1490379,0,1.001953125,-0.001953125,0.009765625,0.0078125,0.0,0.0,0.0
1864573024,1490380,0,1.00390625,0.0,0.001953125,0.001953125,0.0,0.0,0.0
1864574275,1490381,0,1.0078125,-0.001953125,-0.001953125,-0.00390625,0.0,0.0,0.0
1864575527,1490382,0,1.013671875,0.001953125,0.005859375,0.0078125,0.0,0.0,0.0
1864576778,1490383,0,1.00390625,0.0,0.0,0.0,0.0,0.0,0.0
1864578028,1490384,0,0.998046875,-0.001953125,0.0,-0.001953125,0.0,0.0,0.0
1864579279,1490385,0,1.0078125,0.0,0.009765625,0.009765625,0.0,0.0,0.0
1864580530,1490386,0,1.009765625,-0.00390625,0.0,-0.00390625,0.0,0.0,0.0
1864581782,1490387,0,0.998046875,-0.00390625,0.0,-0.00390625,0.0,0.0,0.0
1864583032,1490388,0,0.9921875,-0.00390625,0.005859375,0.001953125,0.0,0.0,0.0
1864584282,1490389,0,1.001953125,-0.001953125,0.00390625,0.001953125,0.0,0.0,0.0
1864585532,1490390,0,1.001953125,-0.00390625,0.005859375,0.001953125,0.0,0.0,0.0
1864586783,1490391,0,1.00390625,-0.001953125,0.005859375,0.00390625,0.0,0.0,0.0
1864588034,1490392,0,1.00390625,-0.001953125,0.001953125,0.0,0.0,0.0,0.0
1864589285,1490393,0,1.005859375,-0.005859375,0.0,-0.005859375,0.0,0.0,0.0
1864590537,1490394,0,1.00390625,-0.001953125,0.00390625,0.001953125,0.0,0.0,0.0
1864591789,1490395,0,1.001953125,-0.00390625,0.001953125,-0.001953125,0.0,0.0,0.0
1864593039,1490396,0,1.0078125,0.0,0.0,0.0,0.0,0.0,0.0
1864594290,1490397,0,1.00390625,-0.00390625,0.0,-0.00390625,0.0,0.0,0.0
1864595541,1490398,0,1.001953125,-0.001953125,0.0,-0.001953125,0.0,0.0,0.0
1864596792,1490399,0,1.005859375,0.00390625,0.0,0.00390625,0.0,0.0,0.0
1864598042,1490400,0,1.009765625,0.0,0.00390625,0.00390625,0.0,0.0,0.0
1864599294,1490401,0,1.00390625,0.001953125,0.001953125,0.00390625,0.0,0.0,0.0
1864600545,1490402,0,1.005859375,-0.00390625,0.001953125,-0.001953125,0.0,0.0,0.0
1864601795,1490403,0,0.998046875,-0.001953125,0.001953125,0.0,0.0,0.0,0.0
1864603047,1490404,0,1.009765625,-0.001953125,0.005859375,0.00390625,0.0,0.0,0.0
1864604298,1490405,0,1.0078125,0.0,0.0078125,0.0078125,0.0,0.0,0.0
1864605549,1490406,0,1.001953125,0.0,0.0,0.0,0.0,0.0,0.0
1864606800,1490407,0,1.009765625,-0.001953125,0.005859375,0.00390625,0.0,0.0,0.0
1864608050,1490408,0,0.998046875,0.0,-0.001953125,-0.001953125,0.0,0.0,0.0
1864609301,1490409,0,0.998046875,-0.013671875,0.0,-0.013671875,0.0,0.0,0.0
1864610552,1490410,0,0.998046875,0.0,0.0,0.0,0.0,0.0,0.0
1864611803,1490411,0,1.009765625,0.001953125,0.00390625,0.005859375,0.0,0.0,0.0
1864613053,1490412,0,1.00390625,0.0,0.00390625,0.00390625,0.0,0.0,0.0
1864614305,1490413,0,1.00390625,-0.001953125,-0.00390625,-0.005859375,0.0,0.0,0.0
1864615557,1490414,0,1.001953125,-0.001953125,0.001953125,0.0,0.0,0.0,0.0
1864616808,1490415,0,0.998046875,-0.001953125,0.005859375,0.00390625,0.0,0.0,0.0
1864618059,1490416,0,1.009765625,-0.001953125,0.001953125,0.0,0.0,0.0,0.0
1864619310,1490417,0,1.005859375,-0.00390625,0.0078125,0.00390625,0.0,0.0,0.0
1864620562,1490418,0,1.005859375,-0.005859375,0.0,-0.005859375,0.0,0.0,0.0
1864621812,1490419,0,1.00390625,0.0,0.0,0.0,0.0,0.0,0.0
1864623064,1490420,0,1.0078125,-0.00390625,0.009765625,0.005859375,0.0,0.0,0.0
1864624314,1490421,0,1.001953125,0.0,0.005859375,0.005859375,0.0,0.0,0.0
1864625565,1490422,0,1.0,-0.001953125,0.0,-0.001953125,0.0,0.0,0.0
1864626816,1490423,0,0.99609375,-0.001953125,0.00390625,0.001953125,0.0,0.0,0.0
1864628066,1490424,0,1.005859375,-0.001953125,0.001953125,0.0,0.0,0.0,0.0
1864629317,1490425,0,1.0078125,-0.005859375,0.0078125,0.001953125,0.0,0.0,0.0
1864630569,1490426,0,1.0078125,-0.01171875,0.0,-0.01171875,0.0,0.0,0.0
1864631820,1490427,0,1.013671875,-0.001953125,0.013671875,0.01171875,0.0,0.0,0.0
1864633070,1490428,0,0.998046875,-0.00390625,0.00390625,0.0,0.0,0.0,0.0
1864634321,1490429,0,1.005859375,0.005859375,0.001953125,0.0078125,0.0,0.0,0.0
1864635571,1490430,0,1.00390625,-0.00390625,0.013671875,0.009765625,0.0,0.0,0.0
1864636822,1490431,0,0.998046875,-0.005859375,0.005859375,0.0,0.0,0.0,0.0
1864638072,1490432,0,1.009765625,-0.001953125,0.01171875,0.009765625,0.0,0.0,0.0
1864639322,1490433,0,1.0078125,-0.001953125,0.001953125,0.0,0.0,0.0,0.0
1864640572,1490434,0,0.986328125,0.0,0.00390625,0.00390625,0.0,0.0,0.0
1864641823,1490435,0,1.009765625,0.0,0.005859375,0.005859375,0.0,0.0,0.0
1864643074,1490436,0,1.00390625,0.00390625,0.001953125,0.005859375,0.0,0.0,0.0
1864644324,1490437,0,1.0,-0.001953125,0.001953125,0.0,0.0,0.0,0.0
1864645575,1490438,0,1.001953125,-0.005859375,0.005859375,0.0,0.0,0.0,0.0
1864646827,1490439,0,1.001953125,0.0,0.00390625,0.00390625,0.0,0.0,0.0
1864648077,1490440,0,1.005859375,-0.00390625,0.00390625,0.0,0.0,0.0,0.0
1864649328,1490441,0,1.005859375,-0.00390625,0.0,-0.00390625,0.0,0.0,0.0
1864650580,1490442,0,1.0,-0.001953125,0.00390625,0.001953125,0.0,0.0,0.0
1864651832,1490443,0,1.0,-0.001953125,0.00390625,0.001953125,0.0,0.0,0.0
1864653082,1490444,0,1.005859375,0.001953125,0.0,0.001953125,0.0,0.0,0.0
1864654333,1490445,0,1.005859375,0.001953125,0.0,0.001953125,0.0,0.0,0.0
1864655585,1490446,0,1.0078125,-0.00390625,-0.001953125,-0.005859375,0.0,0.0,0.0
1864656835,1490447,0,1.00390625,-0.001953125,0.005859375,0.00390625,0.0,0.0,0.0
1864658086,1490448,0,1.00390625,0.0,-0.0078125,-0.0078125,0.0,0.0,0.0
1864659338,1490449,0,1.0,-0.00390625,0.0078125,0.00390625,0.0,0.0,0.0
1864660589,1490450,0,1.0,-0.00390625,0.0,-0.00390625,0.0,0.0,0.0
1864661840,1490451,0,1.001953125,0.001953125,0.0,0.001953125,0.0,0.0,0.0
1864663092,1490452,0,1.009765625,-0.001953125,0.0078125,0.005859375,0.0,0.0,0.0
1864664343,1490453,0,0.998046875,0.009765625,0.01171875,0.021484375,0.0,0.0,0.0
1864665594,1490454,0,1.009765625,-0.00390625,-0.005859375,-0.009765625,0.0,0.0,0.0
1864666845,1490455,0,1.01171875,0.001953125,0.0078125,0.009765625,0.0,0.0,0.0
1864668096,1490456,0,1.001953125,-0.005859375,0.0,-0.005859375,0.0,0.0,0.0
1864669346,1490457,0,1.0078125,-0.001953125,0.00390625,0.001953125,0.0,0.0,0.0
1864670598,1490458,0,1.00390625,0.0,0.00390625,0.00390625,0.0,0.0,0.0
1864671849,1490459,0,1.001953125,-0.00390625,0.00390625,0.0,0.0,0.0,0.0
1864673099,1490460,0,1.001953125,0.0,0.005859375,0.005859375,0.0,0.0,0.0
1864674350,1490461,0,1.00390625,0.0,0.001953125,0.001953125,0.0,0.0,0.0
1864675601,1490462,0,1.0078125,-0.001953125,0.00390625,0.001953125,0.0,0.0,0.0
1864676852,1490463,0,1.009765625,0.0,0.00390625,0.00390625,0.0,0.0,0.0
1864678103,1490464,0,1.005859375,-0.00390625,0.005859375,0.001953125,0.0,0.0,0.0
1864679354,1490465,0,1.001953125,-0.001953125,0.001953125,0.0,0.0,0.0,0.0
1864680605,1490466,0,1.005859375,0.0,0.005859375,0.005859375,0.0,0.0,0.0
1864681855,1490467,0,0.998046875,0.001953125,0.001953125,0.00390625,0.0,0.0,0.0
1864683107,1490468,0,1.005859375,-0.0078125,0.005859375,-0.001953125,0.0,0.0,0.0
1864684357,1490469,0,1.00390625,-0.005859375,0.001953125,-0.00390625,0.0,0.0,0.0
1864685607,1490470,0,1.005859375,-0.00390625,0.0078125,0.00390625,0.0,0.0,0.0
1864686859,1490471,0,1.01171875,-0.001953125,0.01171875,0.009765625,0.0,0.0,0.0
1864688109,1490472,0,1.0078125,-0.0078125,-0.00390625,-0.01171875,0.0,0.0,0.0
1864689361,1490473,0,1.0,-0.00390625,0.001953125,-0.001953125,0.0,0.0,0.0
1864690611,1490474,0,1.013671875,0.001953125,0.0078125,0.009765625,0.0,0.0,0.0
1864691861,1490475,0,0.998046875,0.0,0.005859375,0.005859375,0.0,0.0,0.0
1864693113,1490476,0,1.00390625,-0.001953125,0.0078125,0.005859375,0.0,0.0,0.0
1864694364,1490477,0,1.0078125,-0.00390625,0.0,-0.00390625,0.0,0.0,0.0
1864695616,1490478,0,1.0,0.0,0.0,0.0,0.0,0.0,0.0
1864696866,1490479,0,1.00390625,-0.001953125,-0.00390625,-0.005859375,0.0,0.0,0.0
1864698118,1490480,0,1.009765625,0.00390625,0.0,0.00390625,0.0,0.0,0.0
1864699368,1490481,0,1.001953125,0.0,-0.00390625,-0.00390625,0.0,0.0,0.0
1864700619,1490482,0,1.0,0.0,0.00390625,0.00390625,0.0,0.0,0.0
1864701869,1490483,0,1.001953125,-0.001953125,-0.001953125,-0.00390625,0.0,0.0,0.0
1864703119,1490484,0,1.001953125,0.0,0.005859375,0.005859375,0.0,0.0,0.0
1864704371,1490485,0,1.001953125,-0.001953125,0.0078125,0.005859375,0.0,0.0,0.0
1864705622,1490486,0,1.0078125,-0.001953125,0.0,-0.001953125,0.0,0.0,0.0
1864706874,1490487,0,1.00390625,-0.005859375,-0.001953125,-0.0078125,0.0,0.0,0.0
1864708124,1490488,0,1.001953125,-0.001953125,0.001953125,0.0,0.0,0.0,0.0
1864709375,1490489,0,1.005859375,-0.00390625,0.005859375,0.001953125,0.0,0.0,0.0
1864710625,1490490,0,1.001953125,-0.005859375,0.005859375,0.0,0.0,0.0,0.0
1864711877,1490491,0,1.005859375,-0.0078125,0.005859375,-0.001953125,0.0,0.0,0.0
1864713127,1490492,0,1.0,-0.00390625,0.00390625,0.0,0.0,0.0,0.0
1864714377,1490493,0,1.015625,0.0,0.005859375,0.005859375,0.0,0.0,0.0
1864715629,1490494,0,1.00390625,-0.001953125,-0.00390625,-0.005859375,0.0,0.0,0.0
1864716879,1490495,0,1.0078125,0.0,-0.001953125,-0.001953125,0.0,0.0,0.0
1864718130,1490496,0,0.998046875,-0.001953125,0.00390625,0.001953125,0.0,0.0,0.0
1864719381,1490497,0,0.998046875,-0.00390625,0.0078125,0.00390625,0.0,0.0,0.0
1864720631,1490498,0,0.998046875,0.0,0.00390625,0.00390625,0.0,0.0,0.0
1864721882,1490499,0,1.00390625,0.0,0.0,0.0,0.0,0.0,0.0
1864723133,1490500,0,1.005859375,-0.001953125,0.0,-0.001953125,0.0,0.0,0.0
1864724384,1490501,0,1.001953125,-0.00390625,0.0,-0.00390625,0.0,0.0,0.0
1864725635,1490502,0,1.0,-0.001953125,0.00390625,0.001953125,0.0,0.0,0.0
1864726885,1490503,0,1.0,-0.00390625,0.001953125,-0.001953125,0.0,0.0,0.0
1864728136,1490504,0,1.001953125,-0.00390625,0.0,-0.00390625,0.0,0.0,0.0
1864729387,1490505,0,1.005859375,-0.001953125,-0.001953125,-0.00390625,0.0,0.0,0.0
1864730638,1490506,0,1.00390625,-0.005859375,0.0,-0.005859375,0.0,0.0,0.0
1864731889,1490507,0,1.005859375,-0.001953125,0.0078125,0.005859375,0.0,0.0,0.0
1864733140,1490508,0,1.001953125,-0.005859375,0.0,-0.005859375,0.0,0.0,0.0
1864734392,1490509,0,1.005859375,-0.001953125,0.00390625,0.001953125,0.0,0.0,0.0
1864735642,1490510,0,1.001953125,0.00390625,0.00390625,0.0078125,0.0,0.0,0.0
1864736894,1490511,0,1.00390625,-0.001953125,-0.01171875,-0.013671875,0.0,0.0,0.0
1864738145,1490512,0,1.005859375,-0.005859375,-0.001953125,-0.0078125,0.0,0.0,0.0
1864739395,1490513,0,1.015625,0.001953125,-0.00390625,-0.001953125,0.0,0.0,0.0
1864740646,1490514,0,1.0078125,-0.001953125,0.001953125,0.0,0.0,0.0,0.0
1864741898,1490515,0,1.0078125,-0.001953125,0.0,-0.001953125,0.0,0.0,0.0
1864743149,1490516,0,0.994140625,-0.001953125,0.00390625,0.001953125,0.0,0.0,0.0
1864744400,1490517,0,0.998046875,0.001953125,0.005859375,0.0078125,0.0,0.0,0.0
1864745651,1490518,0,1.005859375,-0.00390625,0.0,-0.00390625,0.0,0.0,0.0
1864746902,1490519,0,1.005859375,0.0,0.0,0.0,0.0,0.0,0.0
1864748154,1490520,0,1.001953125,-0.00390625,0.001953125,-0.001953125,0.0,0.0,0.0
1864749405,1490521,0,0.998046875,-0.00390625,0.0078125,0.00390625,0.0,0.0,0.0
1864750657,1490522,0,1.009765625,-0.001953125,0.00390625,0.001953125,0.0,0.0,0.0
1864751907,1490523,0,1.00390625,-0.00390625,0.0078125,0.00390625,0.0,0.0,0.0
1864753158,1490524,0,1.00390625,-0.005859375,-0.001953125,-0.0078125,0.0,0.0,0.0
1864754409,1490525,0,1.01171875,-0.001953125,0.00390625,0.001953125,0.0,0.0,0.0
1864755660,1490526,0,0.998046875,-0.005859375,0.009765625,0.00390625,0.0,0.0,0.0
1864756911,1490527,0,0.998046875,0.0,0.001953125,0.001953125,0.0,0.0,0.0
1864758161,1490528,0,1.005859375,-0.005859375,0.001953125,-0.00390625,0.0,0.0,0.0
1864759412,1490529,0,0.99609375,-0.001953125,0.005859375,0.00390625,0.0,0.0,0.0
1864760664,1490530,0,1.005859375,0.0,0.0078125,0.0078125,0.0,0.0,0.0
1864761915,1490531,0,1.0078125,0.001953125,0.00390625,0.005859375,0.0,0.0,0.0
1864763166,1490532,0,1.01171875,-0.00390625,0.005859375,0.001953125,0.0,0.0,0.0
1864764417,1490533,0,1.0078125,-0.005859375,-0.001953125,-0.0078125,0.0,0.0,0.0
1864765668,1490534,0,1.009765625,-0.00390625,0.001953125,-0.001953125,0.0,0.0,0.0
1864766920,1490535,0,1.005859375,-0.00390625,0.005859375,0.001953125,0.0,0.0,0.0
1864768172,1490536,0,0.998046875,-0.001953125,0.009765625,0.0078125,0.0,0.0,0.0
1864769422,1490537,0,1.009765625,-0.001953125,0.0,-0.001953125,0.0,0.0,0.0
1864770673,1490538,0,1.0078125,-0.00390625,0.001953125,-0.001953125,0.0,0.0,0.0
1864771924,1490539,0,1.00390625,-0.001953125,0.005859375,0.00390625,0.0,0.0,0.0
1864773174,1490540,0,1.001953125,-0.001953125,0.00390625,0.001953125,0.0,0.0,0.0
1864774425,1490541,0,1.001953125,-0.00390625,0.0,-0.00390625,0.0,0.0,0.0
1864775676,1490542,0,1.00390625,0.0,-0.001953125,-0.001953125,0.0,0.0,0.0
1864776927,1490543,0,1.0,0.0,0.0078125,0.0078125,0.0,0.0,0.0
1864778177,1490544,0,1.005859375,0.0,0.0,0.0,0.0,0.0,0.0
1864779427,1490545,0,1.0078125,0.0,0.001953125,0.001953125,0.0,0.0,0.0
1864780679,1490546,0,1.0078125,-0.001953125,0.001953125,0.0,0.0,0.0,0.0
1864781929,1490547,0,0.998046875,-0.005859375,0.0,-0.005859375,0.0,0.0,0.0
1864783179,1490548,0,1.00390625,-0.001953125,0.001953125,0.0,0.0,0.0,0.0
1864784431,1490549,0,1.005859375,-0.00390625,0.001953125,-0.001953125,0.0,0.0,0.0
1864785681,1490550,0,1.005859375,0.0,0.001953125,0.001953125,0.0,0.0,0.0
1864786932,1490551,0,1.00390625,0.0,0.001953125,0.001953125,0.0,0.0,0.0
1864788182,1490552,0,1.009765625,-0.005859375,0.00390625,-0.001953125,0.0,0.0,0.0
1864789432,1490553,0,1.00390625,-0.00390625,0.005859375,0.001953125,0.0,0.0,0.0
1864790684,1490554,0,1.009765625,-0.001953125,0.001953125,0.0,0.0,0.0,0.0
1864791934,1490555,0,1.0078125,-0.005859375,0.0078125,0.001953125,0.0,0.0,0.0
1864793184,1490556,0,1.00390625,-0.00390625,0.009765625,0.005859375,0.0,0.0,0.0
1864794436,1490557,0,1.0078125,-0.00390625,-0.00390625,-0.0078125,0.0,0.0,0.0
1864795686,1490558,0,0.998046875,0.001953125,0.001953125,0.00390625,0.0,0.0,0.0
1864796937,1490559,0,1.009765625,-0.001953125,0.001953125,0.0,0.0,0.0,0.0
1864798188,1490560,0,1.0078125,-0.00390625,0.00390625,0.0,0.0,0.0,0.0
1864799439,1490561,0,1.00390625,-0.00390625,0.001953125,-0.001953125,0.0,0.0,0.0
1864800691,1490562,0,1.001953125,-0.00390625,-0.001953125,-0.005859375,0.0,0.0,0.0
1864801942,1490563,0,1.009765625,0.001953125,0.00390625,0.005859375,0.0,0.0,-0.25846606492996216
1864804443,1490565,0,1.009765625,-0.001953125,0.0,-0.001953125,0.0,0.0,0.0
1864805695,1490566,0,1.0,-0.00390625,0.001953125,-0.001953125,0.0,0.0,0.0
1864806945,1490567,0,1.001953125,-0.00390625,0.001953125,-0.001953125,0.0,0.0,0.0
1864808197,1490568,0,1.00390625,-0.00390625,0.00390625,0.0,0.0,0.0,0.0
1864809448,1490569,0,1.001953125,-0.001953125,0.001953125,0.0,0.0,0.0,0.0
1864810698,1490570,0,1.001953125,-0.001953125,0.0,-0.001953125,0.0,0.0,0.0
1864811949,1490571,0,1.009765625,-0.005859375,0.005859375,0.0,0.0,0.0,0.0
1864813199,1490572,0,1.005859375,-0.001953125,0.001953125,0.0,0.0,0.0,0.0
1864814449,1490573,0,1.00390625,-0.001953125,0.00390625,0.001953125,0.0,0.0,0.0
1864815701,1490574,0,0.998046875,0.0,0.0078125,0.0078125,0.0,0.0,0.0
1864816951,1490575,0,1.009765625,-0.001953125,0.0,-0.001953125,0.0,0.0,0.0
1864818202,1490576,0,1.005859375,0.0,-0.00390625,-0.00390625,0.0,0.0,0.0
1864819453,1490577,0,1.005859375,0.00390625,0.0,0.00390625,0.0,0.0,0.0
1864820704,1490578,0,1.005859375,0.0,0.00390625,0.00390625,0.0,0.0,0.0
1864821954,1490579,0,1.013671875,0.001953125,0.01171875,0.013671875,0.0,0.0,0.0
1864823205,1490580,0,1.01171875,0.0,0.005859375,0.005859375,0.0,0.0,0.0
1864824457,1490581,0,1.005859375,0.0,0.009765625,0.009765625,0.0,0.0,0.0
1864825707,1490582,0,1.001953125,-0.001953125,-0.001953125,-0.00390625,0.0,0.0,0.0
1864826959,1490583,0,1.015625,0.0,0.001953125,0.001953125,0.0,0.0,0.0
1864828209,1490584,0,1.00390625,0.0,0.001953125,0.001953125,0.0,0.0,0.0
1864829460,1490585,0,1.005859375,0.0,0.0,0.0,0.0,0.0,0.0
1864830711,1490586,0,1.00390625,-0.001953125,0.005859375,0.00390625,0.0,0.0,0.0
1864831961,1490587,0,1.00390625,-0.001953125,0.00390625,0.001953125,0.0,0.0,0.0
1864833211,1490588,0,1.005859375,0.001953125,-0.001953125,0.0,0.0,0.0,0.0
1864834461,1490589,0,1.00390625,-0.00390625,0.001953125,-0.001953125,0.0,0.0,0.0
1864835712,1490590,0,1.005859375,0.0,-0.001953125,-0.001953125,0.0,0.0,0.0
1864836962,1490591,0,1.0078125,-0.001953125,-0.001953125,-0.00390625,0.0,0.0,0.0
1864838212,1490592,0,1.005859375,-0.00390625,-0.001953125,-0.005859375,0.0,0.0,0.0
1864839463,1490593,0,1.001953125,0.0,0.0,0.0,0.0,0.0,0.0
1864840713,1490594,0,1.005859375,0.001953125,0.00390625,0.005859375,0.0,0.0,0.0
1864841965,1490595,0,1.001953125,-0.009765625,0.00390625,-0.005859375,0.0,0.0,0.0
1864843216,1490596,0,1.0078125,-0.0078125,0.009765625,0.001953125,0.0,0.0,0.0
1864844468,1490597,0,1.0078125,0.0,0.0,0.0,0.0,0.0,0.0
1864845718,1490598,0,1.005859375,-0.001953125,0.001953125,0.0,0.0,0.0,0.0
1864846970,1490599,0,1.0078125,-0.005859375,0.0,-0.005859375,0.0,0.0,0.0
1864848221,1490600,0,1.0078125,-0.001953125,-0.00390625,-0.005859375,0.0,0.0,0.0
1864849471,1490601,0,0.994140625,-0.001953125,0.0078125,0.005859375,0.0,0.0,0.0
1864850722,1490602,0,0.994140625,-0.001953125,0.0078125,0.005859375,0.0,0.0,0.0
1864851973,1490603,0,1.00390625,0.0,0.005859375,0.005859375,0.0,0.0,0.0
1864853225,1490604,0,1.001953125,-0.00390625,0.001953125,-0.001953125,0.0,0.0,0.0
1864854477,1490605,0,1.0,-0.001953125,0.005859375,0.00390625,0.0,0.0,0.0
1864855728,1490606,0,1.00390625,-0.005859375,-0.001953125,-0.0078125,0.0,0.0,0.0
1864856978,1490607,0,1.0,0.0,0.0078125,0.0078125,0.0,0.0,0.0
1864858229,1490608,0,1.0,-0.001953125,-0.001953125,-0.00390625,0.0,0.0,0.0
1864859481,1490609,0,1.009765625,0.0,0.005859375,0.005859375,0.0,0.0,0.0
1864860731,1490610,0,1.005859375,-0.001953125,0.00390625,0.001953125,0.0,0.0,0.0
1864861982,1490611,0,1.001953125,-0.001953125,0.0,-0.001953125,0.0,0.0,0.0
1864863233,1490612,0,1.005859375,0.0,0.01171875,0.01171875,0.0,0.0,0.0
1864864483,1490613,0,1.00390625,-0.001953125,0.00390625,0.001953125,0.0,0.0,0.0
1864865734,1490614,0,1.0078125,0.001953125,0.00390625,0.005859375,0.0,0.0,0.0
1864866984,1490615,0,1.005859375,-0.00390625,0.00390625,0.0,0.0,0.0,0.0
1864868235,1490616,0,1.0,-0.005859375,0.00390625,-0.001953125,0.0,0.0,0.0
1864869486,1490617,0,1.0,-0.005859375,0.01171875,0.005859375,0.0,0.0,0.0
1864870736,1490618,0,1.001953125,0.0,0.005859375,0.005859375,0.0,0.0,0.0
1864871987,1490619,0,1.001953125,-0.0078125,0.01171875,0.00390625,0.0,0.0,0.0
1864873238,1490620,0,0.99609375,-0.00390625,0.009765625,0.005859375,0.0,0.0,0.0
1864874489,1490621,0,1.00390625,-0.005859375,0.005859375,0.0,0.0,0.0,0.0
1864875739,1490622,0,1.017578125,-0.00390625,0.001953125,-0.001953125,0.0,0.0,0.0
1864876990,1490623,0,1.00390625,0.001953125,0.00390625,0.005859375,0.0,0.0,0.0
1864878241,1490624,0,1.013671875,-0.00390625,0.01171875,0.0078125,0.0,0.0,0.0
1864879492,1490625,0,1.0,-0.001953125,0.001953125,0.0,0.0,0.0,0.0
1864880742,1490626,0,1.009765625,-0.001953125,0.005859375,0.00390625,0.0,0.0,0.0
1864881993,1490627,0,1.0078125,-0.001953125,0.0,-0.001953125,0.0,0.0,0.0
1864883244,1490628,0,1.0078125,-0.001953125,0.001953125,0.0,0.0,0.0,0.0
1864884494,1490629,0,1.00390625,-0.001953125,0.001953125,0.0,0.0,0.0,0.0
1864885746,1490630,0,1.0078125,-0.001953125,0.00390625,0.001953125,0.0,0.0,0.0
1864886997,1490631,0,1.00390625,0.0,0.005859375,0.005859375,0.0,0.0,0.0
1864888248,1490632,0,1.005859375,-0.00390625,0.001953125,-0.001953125,0.0,0.0,0.0
1864889499,1490633,0,1.0078125,-0.001953125,0.0,-0.001953125,0.0,0.0,0.0
1864890750,1490634,0,0.99609375,0.0,0.001953125,0.001953125,0.0,0.0,0.0
1864892001,1490635,0,0.998046875,0.0,0.0078125,0.0078125,0.0,0.0,0.0
1864893252,1490636,0,0.998046875,-0.00390625,0.00390625,0.0,0.0,0.0,0.0
1864894502,1490637,0,1.005859375,-0.001953125,0.005859375,0.00390625,0.0,0.0,0.0
1864895753,1490638,0,1.001953125,-0.005859375,0.001953125,-0.00390625,0.0,0.0,0.0
1864897004,1490639,0,1.005859375,0.001953125,0.00390625,0.005859375,0.0,0.0,0.0
1864898255,1490640,0,1.00390625,0.0,-0.001953125,-0.001953125,0.0,0.0,0.0
1864899505,1490641,0,1.0078125,0.00390625,0.001953125,0.005859375,0.0,0.0,0.0
1864900756,1490642,0,1.00390625,-0.001953125,0.001953125,0.0,0.0,0.0,0.0
1864902008,1490643,0,1.0,0.00390625,0.0,0.00390625,0.0,0.0,0.0
1864903258,1490644,0,0.99609375,-0.005859375,0.001953125,-0.00390625,0.0,0.0,0.0
1864904509,1490645,0,1.005859375,-0.00390625,0.0,-0.00390625,0.0,0.0,0.0
1864905759,1490646,0,0.998046875,0.0,0.001953125,0.001953125,0.0,0.0,0.0
1864907010,1490647,0,1.005859375,-0.00390625,0.005859375,0.001953125,0.0,0.0,0.0
1864908261,1490648,0,1.005859375,-0.001953125,0.00390625,0.001953125,0.0,0.0,0.0
1864909513,1490649,0,1.00390625,-0.00390625,0.005859375,0.001953125,0.0,0.0,0.0
1864910764,1490650,0,1.0078125,0.0,0.0,0.0,0.0,0.0,0.0
1864912015,1490651,0,1.0078125,-0.001953125,0.005859375,0.00390625,0.0,0.0,0.0
1864913270,1490652,0,1.00390625,-0.00390625,0.0,-0.00390625,0.0,0.0,0.0
1864914521,1490653,0,1.0,0.00390625,0.005859375,0.009765625,0.0,0.0,0.0
1864915772,1490654,0,1.001953125,0.0,0.00390625,0.00390625,0.0,0.0,0.0
1864917024,1490655,0,1.001953125,-0.00390625,0.001953125,-0.001953125,0.0,0.0,0.0
1864918275,1490656,0,0.998046875,0.001953125,0.00390625,0.005859375,0.0,0.0,0.0
1864919527,1490657,0,1.00390625,0.0,0.00390625,0.00390625,0.0,0.0,0.0
1864920778,1490658,0,1.001953125,-0.0078125,0.005859375,-0.001953125,0.0,0.0,0.0
1864922028,1490659,0,1.0078125,-0.001953125,0.01171875,0.009765625,0.0,0.0,0.0
1864923279,1490660,0,1.017578125,-0.00390625,-0.005859375,-0.009765625,0.0,0.0,0.0
1864924530,1490661,0,1.005859375,-0.001953125,0.00390625,0.001953125,0.0,0.0,0.0
1864925782,1490662,0,1.00390625,-0.00390625,-0.001953125,-0.005859375,0.0,0.0,0.0
1864927032,1490663,0,1.005859375,-0.00390625,0.0,-0.00390625,0.0,0.0,0.0
1864928282,1490664,0,1.0078125,-0.00390625,0.0,-0.00390625,0.0,0.0,0.0
1864929532,1490665,0,1.0078125,0.0,0.001953125,0.001953125,0.0,0.0,0.0
1864930783,1490666,0,0.99609375,-0.001953125,-0.001953125,-0.00390625,0.0,0.0,0.0
1864932034,1490667,0,1.005859375,-0.00390625,0.001953125,-0.001953125,0.0,0.0,0.0
1864933285,1490668,0,1.001953125,0.0,0.0,0.0,0.0,0.0,0.0
1864934537,1490669,0,1.00390625,0.0,-0.001953125,-0.001953125,0.0,0.0,0.0
1864935789,1490670,0,1.0078125,0.0,-0.001953125,-0.001953125,0.0,0.0,0.0
1864937039,1490671,0,1.0,-0.001953125,0.001953125,0.0,0.0,0.0,0.0
1864938290,1490672,0,1.001953125,-0.00390625,0.001953125,-0.001953125,0.0,0.0,0.0
1864939541,1490673,0,1.001953125,0.0,-0.0078125,-0.0078125,0.0,0.0,0.0
1864940792,1490674,0,1.0,-0.00390625,0.00390625,0.0,0.0,0.0,0.0
1864942042,1490675,0,1.001953125,-0.00390625,0.0,-0.00390625,0.0,0.0,0.0
1864943294,1490676,0,1.00390625,-0.001953125,0.0,-0.001953125,0.0,0.0,0.0
1864944545,1490677,0,1.005859375,0.001953125,-0.001953125,0.0,0.0,0.0,0.0
1864945795,1490678,0,1.009765625,-0.001953125,0.005859375,0.00390625,0.0,0.0,0.0
1864947047,1490679,0,1.0,0.0,0.0,0.0,0.0,0.0,0.0
1864948298,1490680,0,1.005859375,0.00390625,0.001953125,0.005859375,0.0,0.0,0.0
1864949549,1490681,0,1.00390625,0.005859375,0.00390625,0.009765625,0.0,0.0,0.0
1864950800,1490682,0,0.9921875,0.0,0.0,0.0,0.0,0.0,0.0
1864952050,1490683,0,1.0078125,0.005859375,0.001953125,0.0078125,0.0,0.0,0.0
1864953301,1490684,0,1.0,0.0,0.00390625,0.00390625,0.0,0.0,0.0
1864954552,1490685,0,1.009765625,-0.001953125,-0.001953125,-0.00390625,0.0,0.0,0.0
1864955803,1490686,0,0.99609375,-0.001953125,-0.001953125,-0.00390625,0.0,0.0,0.0
1864957053,1490687,0,0.998046875,-0.001953125,0.00390625,0.001953125,0.0,0.0,0.0
1864958305,1490688,0,0.998046875,0.001953125,-0.001953125,0.0,0.0,0.0,0.0
1864959557,1490689,0,1.00390625,-0.00390625,0.001953125,-0.001953125,0.0,0.0,0.0
1864960808,1490690,0,0.998046875,-0.001953125,-0.00390625,-0.005859375,0.0,0.0,0.0
1864962059,1490691,0,1.009765625,-0.001953125,0.00390625,0.001953125,0.0,0.0,0.0
1864963310,1490692,0,1.0078125,0.0,0.00390625,0.00390625,0.0,0.0,0.0
1864964562,1490693,0,1.00390625,0.0,0.001953125,0.001953125,0.0,0.0,0.0
1864965812,1490694,0,1.005859375,-0.001953125,0.00390625,0.001953125,0.0,0.0,0.0
1864967064,1490695,0,1.001953125,-0.001953125,0.00390625,0.001953125,0.0,0.0,0.0
1864968314,1490696,0,1.00390625,-0.00390625,0.0,-0.00390625,0.0,0.0,0.0
1864969565,1490697,0,1.001953125,-0.005859375,-0.001953125,-0.0078125,0.0,0.0,0.0
1864970816,1490698,0,1.0078125,0.0,0.001953125,0.001953125,0.0,0.0,0.0
1864972066,1490699,0,1.01171875,-0.001953125,0.0,-0.001953125,0.0,0.0,0.0
1864973317,1490700,0,1.00390625,-0.00390625,0.00390625,0.0,0.0,0.0,0.0
1864974569,1490701,0,1.0,0.0,0.001953125,0.001953125,0.0,0.0,0.0
1864975819,1490702,0,1.00390625,0.001953125,0.0,0.001953125,0.0,0.0,0.0
1864977070,1490703,0,1.001953125,-0.00390625,0.005859375,0.001953125,0.0,0.0,0.0
1864978321,1490704,0,1.013671875,0.0,0.00390625,0.00390625,0.0,0.0,0.0
1864979571,1490705,0,1.00390625,0.0,-0.001953125,-0.001953125,0.0,0.0,0.0
1864980822,1490706,0,1.005859375,0.001953125,0.0,0.001953125,0.0,0.0,0.0
1864982074,1490707,0,0.994140625,0.0,0.0,0.0,0.0,0.0,0.0
1864983324,1490708,0,1.0,0.00390625,0.0078125,0.01171875,0.0,0.0,0.0
1864984575,1490709,0,1.0,0.0,0.005859375,0.005859375,0.0,0.0,0.0
1864985827,1490710,0,1.015625,0.0,0.00390625,0.00390625,0.0,0.0,0.0
1864987077,1490711,0,1.001953125,-0.001953125,0.001953125,0.0,0.0,0.0,0.0
1864988328,1490712,0,1.00390625,0.001953125,-0.00390625,-0.001953125,0.0,0.0,0.0
1864989580,1490713,0,1.001953125,0.0,0.005859375,0.005859375,0.0,0.0,0.0
1864990832,1490714,0,1.001953125,0.005859375,-0.005859375,0.0,0.0,0.0,0.0
1864992082,1490715,0,1.001953125,0.0,0.00390625,0.00390625,0.0,0.0,0.0
1864993333,1490716,0,1.001953125,0.0,0.00390625,0.00390625,0.0,0.0,0.0
1864994585,1490717,0,1.0078125,0.001953125,0.00390625,0.005859375,0.0,0.0,0.0
1864995835,1490718,0,1.00390625,0.0,0.0078125,0.0078125,0.0,0.0,0.0
1864997086,1490719,0,1.0078125,0.001953125,0.0078125,0.009765625,0.0,0.0,0.0
1864998338,1490720,0,1.0078125,-0.001953125,0.005859375,0.00390625,0.0,0.0,0.0
1864999589,1490721,0,1.005859375,0.0,0.00390625,0.00390625,0.0,0.0,0.0
1865000840,1490722,0,1.00390625,0.0,0.0078125,0.0078125,0.0,0.0,0.0
1865002092,1490723,0,1.00390625,-0.005859375,0.001953125,-0.00390625,0.0,0.0,0.0
1865003343,1490724,0,1.005859375,-0.0078125,0.0,-0.0078125,0.0,0.0,0.0
1865004594,1490725,0,1.009765625,-0.001953125,0.00390625,0.001953125,0.0,0.0,0.0
1865005845,1490726,0,1.009765625,0.001953125,0.00390625,0.005859375,0.0,0.0,0.0
1865007096,1490727,0,1.0,0.0,0.0,0.0,0.0,0.0,0.0
1865008346,1490728,0,1.0078125,-0.001953125,-0.001953125,-0.00390625,0.0,0.0,0.0
1865009598,1490729,0,1.001953125,0.0,0.0,0.0,0.0,0.0,0.0
1865010849,1490730,0,1.00390625,-0.00390625,-0.001953125,-0.005859375,0.0,0.0,0.0
1865012099,1490731,0,1.00390625,-0.001953125,-0.001953125,-0.00390625,0.0,0.0,0.0
1865013350,1490732,0,1.0,0.0,0.0078125,0.0078125,0.0,0.0,0.0
1865014601,1490733,0,1.00390625,0.0,0.0,0.0,0.0,0.0,0.0
1865015852,1490734,0,1.001953125,-0.001953125,-0.001953125,-0.00390625,0.0,0.0,0.0
1865017103,1490735,0,1.00390625,-0.001953125,0.00390625,0.001953125,0.0,0.0,0.0
1865018354,1490736,0,1.005859375,0.001953125,0.001953125,0.00390625,0.0,0.0,0.0
1865019605,1490737,0,1.005859375,-0.001953125,0.005859375,0.00390625,0.0,0.0,0.0
1865020855,1490738,0,1.0078125,-0.00390625,0.00390625,0.0,0.0,0.0,0.0
1865022107,1490739,0,1.005859375,0.0,0.001953125,0.001953125,0.0,0.0,0.0
1865023357,1490740,0,1.001953125,-0.001953125,-0.001953125,-0.00390625,0.0,0.0,0.0
1865024607,1490741,0,0.998046875,0.0,-0.00390625,-0.00390625,0.0,0.0,0.0
1865025859,1490742,0,1.001953125,-0.00390625,0.0,-0.00390625,0.0,0.0,0.0
1865027109,1490743,0,1.0,-0.00390625,0.00390625,0.0,0.0,0.0,0.0
1865028361,1490744,0,1.001953125,-0.00390625,0.001953125,-0.001953125,0.0,0.0,0.0
1865029611,1490745,0,0.998046875,-0.005859375,0.00390625,-0.001953125,0.0,0.0,0.0
1865030861,1490746,0,1.01953125,-0.00390625,0.0,-0.00390625,0.0,0.0,0.0
1865032113,1490747,0,1.00390625,-0.005859375,0.005859375,0.0,0.0,0.0,0.0
1865033364,1490748,0,1.0078125,0.001953125,0.001953125,0.00390625,0.0,0.0,0.0
1865034616,1490749,0,1.00390625,-0.001953125,0.005859375,0.00390625,0.0,0.0,0.0
1865035866,1490750,0,0.998046875,0.0,0.001953125,0.001953125,0.0,0.0,0.0
1865037118,1490751,0,1.001953125,-0.00390625,-0.00390625,-0.0078125,0.0,0.0,0.0
1865038368,1490752,0,1.005859375,-0.00390625,0.00390625,0.0,0.0,0.0,0.0
1865039619,1490753,0,1.001953125,-0.00390625,0.00390625,0.0,0.0,0.0,0.0
1865040869,1490754,0,1.0,0.0,0.005859375,0.005859375,0.0,0.0,0.0
1865042119,1490755,0,1.005859375,-0.00390625,0.001953125,-0.001953125,0.0,0.0,0.0
1865043371,1490756,0,1.005859375,0.0,0.001953125,0.001953125,0.0,0.0,0.0
1865044622,1490757,0,1.00390625,-0.00390625,0.00390625,0.0,0.0,0.0,0.0
1865045874,1490758,0,1.0078125,0.0,0.0078125,0.0078125,0.0,0.0,0.0
1865047124,1490759,0,1.00390625,-0.001953125,0.0,-0.001953125,0.0,0.0,0.0
1865048375,1490760,0,1.001953125,-0.001953125,0.00390625,0.001953125,0.0,0.0,0.0
1865049625,1490761,0,1.005859375,-0.001953125,-0.001953125,-0.00390625,0.0,0.0,0.0
1865050877,1490762,0,1.005859375,-0.00390625,0.0,-0.00390625,0.0,0.0,0.0
1865052127,1490763,0,1.00390625,-0.001953125,0.0,-0.001953125,0.0,0.0,0.0
1865053377,1490764,0,1.001953125,-0.0078125,0.0,-0.0078125,0.0,0.0,0.0
1865054629,1490765,0,1.013671875,-0.001953125,0.001953125,0.0,0.0,0.0,0.0
1865055879,1490766,0,1.009765625,-0.0078125,0.001953125,-0.005859375,0.0,0.0,0.0
1865057130,1490767,0,0.998046875,0.001953125,-0.001953125,0.0,0.0,0.0,0.0
1865058381,1490768,0,0.99609375,0.0,0.005859375,0.005859375,0.0,0.0,0.0
1865059631,1490769,0,1.0,-0.00390625,0.005859375,0.001953125,0.0,0.0,0.0
1865060882,1490770,0,1.001953125,-0.005859375,-0.005859375,-0.01171875,0.0,0.0,0.0
1865062133,1490771,0,1.001953125,-0.001953125,0.00390625,0.001953125,0.0,0.0,0.0
1865063384,1490772,0,1.005859375,0.001953125,0.005859375,0.0078125,0.0,0.0,0.0
1865064635,1490773,0,1.00390625,0.0,0.001953125,0.001953125,0.0,0.0,0.0
1865065885,1490774,0,1.005859375,-0.001953125,-0.001953125,-0.00390625,0.0,0.0,0.0
1865067136,1490775,0,1.00390625,-0.001953125,0.009765625,0.0078125,0.0,0.0,0.0
1865068387,1490776,0,1.009765625,-0.00390625,0.00390625,0.0,0.0,0.0,0.0
1865069638,1490777,0,0.998046875,0.0,0.001953125,0.001953125,0.0,0.0,0.0
1865070889,1490778,0,1.009765625,0.0,0.0078125,0.0078125,0.0,0.0,0.0
1865072140,1490779,0,1.005859375,-0.00390625,0.0,-0.00390625,0.0,0.0,0.0
1865073392,1490780,0,1.005859375,-0.0078125,0.001953125,-0.005859375,0.0,0.0,0.0
1865074642,1490781,0,0.998046875,-0.0078125,0.0,-0.0078125,0.0,0.0,0.0
1865075894,1490782,0,1.0078125,-0.001953125,0.0,-0.001953125,0.0,0.0,0.0
1865077145,1490783,0,1.001953125,-0.001953125,0.00390625,0.001953125,0.0,0.0,0.0
1865078395,1490784,0,0.998046875,0.0,0.001953125,0.001953125,0.0,0.0,0.0
1865079646,1490785,0,1.0078125,0.00390625,0.005859375,0.009765625,0.0,0.0,0.0
1865080898,1490786,0,1.00390625,0.00390625,0.001953125,0.005859375,0.0,0.0,0.0
1865082149,1490787,0,1.0078125,-0.001953125,0.0078125,0.005859375,0.0,0.0,0.0
1865083400,1490788,0,1.005859375,-0.00390625,0.0,-0.00390625,0.0,0.0,0.0
1865084651,1490789,0,1.00390625,0.001953125,0.005859375,0.0078125,0.0,0.0,0.0
1865085902,1490790,0,1.01171875,0.0,0.0078125,0.0078125,0.0,0.0,0.0
1865087154,1490791,0,0.994140625,0.0,0.001953125,0.001953125,0.0,0.0,0.0
1865088405,1490792,0,1.0078125,-0.00390625,-0.001953125,-0.005859375,0.0,0.0,0.0
1865089657,1490793,0,1.009765625,0.001953125,0.001953125,0.00390625,0.0,0.0,0.0
1865090907,1490794,0,1.0,0.001953125,0.00390625,0.005859375,0.0,0.0,0.0
1865092158,1490795,0,1.0,-0.005859375,-0.001953125,-0.0078125,0.0,0.0,0.0
1865093409,1490796,0,1.0,-0.00390625,0.0078125,0.00390625,0.0,0.0,0.0
1865094660,1490797,0,1.001953125,-0.00390625,0.001953125,-0.001953125,0.0,0.0,0.0
1865095911,1490798,0,1.00390625,-0.00390625,0.00390625,0.0,0.0,0.0,0.0
1865097161,1490799,0,1.001953125,-0.001953125,-0.001953125,-0.00390625,0.0,0.0,0.0
1865098412,1490800,0,1.001953125,0.001953125,0.00390625,0.005859375,0.0,0.0,0.0
1865099664,1490801,0,1.005859375,0.0,0.001953125,0.001953125,0.0,0.0,0.0
1865100915,1490802,0,1.0,-0.00390625,0.0,-0.00390625,0.0,0.0,0.0
1865102166,1490803,0,1.001953125,-0.005859375,0.001953125,-0.00390625,0.0,0.0,0.0
1865103417,1490804,0,1.005859375,0.0,0.001953125,0.001953125,0.0,0.0,0.0
1865104668,1490805,0,1.001953125,-0.001953125,0.0,-0.001953125,0.0,0.0,0.0
1865105920,1490806,0,0.99609375,0.001953125,0.001953125,0.00390625,0.0,0.0,0.0
1865107172,1490807,0,1.001953125,-0.00390625,-0.0078125,-0.01171875,0.0,0.0,0.0
1865108422,1490808,0,1.0,0.0,-0.001953125,-0.001953125,0.0,0.0,0.0
1865109673,1490809,0,1.009765625,0.0,0.0,0.0,0.0,0.0,0.0
1865110924,1490810,0,1.005859375,-0.001953125,0.00390625,0.001953125,0.0,0.0,0.0
1865112174,1490811,0,1.013671875,0.0,0.0,0.0,0.0,0.0,0.0
1865113425,1490812,0,0.998046875,-0.001953125,0.009765625,0.0078125,0.0,0.0,0.0
1865114676,1490813,0,0.998046875,-0.001953125,-0.00390625,-0.005859375,0.0,0.0,0.0
1865115927,1490814,0,0.998046875,-0.005859375,0.005859375,0.0,0.0,0.0,0.0
1865117177,1490815,0,1.005859375,-0.001953125,0.001953125,0.0,0.0,0.0,0.0
1865118427,1490816,0,1.0078125,0.00390625,-0.001953125,0.001953125,0.0,0.0,0.0
1865119679,1490817,0,1.001953125,-0.00390625,0.0,-0.00390625,0.0,0.0,0.0
1865120929,1490818,0,1.0,-0.001953125,0.005859375,0.00390625,0.0,0.0,0.0
1865122179,1490819,0,1.005859375,-0.00390625,-0.001953125,-0.005859375,0.0,0.0,0.0
1865123431,1490820,0,1.0,0.0,0.001953125,0.001953125,0.0,0.0,0.0
1865124681,1490821,0,1.001953125,-0.005859375,-0.00390625,-0.009765625,0.0,0.0,0.0
1865125932,1490822,0,1.00390625,0.00390625,0.0,0.00390625,0.0,0.0,0.0
1865127182,1490823,0,1.0078125,-0.001953125,0.005859375,0.00390625,0.0,0.0,0.0
1865128432,1490824,0,1.005859375,-0.001953125,0.0,-0.001953125,0.0,0.0,0.0
1865129684,1490825,0,1.0078125,-0.001953125,0.001953125,0.0,0.0,0.0,0.0
1865130934,1490826,0,0.998046875,-0.00390625,0.0,-0.00390625,0.0,0.0,0.0
1865132184,1490827,0,1.0078125,-0.001953125,0.0,-0.001953125,0.0,0.0,0.0
1865133436,1490828,0,1.00390625,0.00390625,0.001953125,0.005859375,0.0,0.0,0.0
1865134686,1490829,0,1.009765625,0.001953125,0.0078125,0.009765625,0.0,0.0,0.0
1865135937,1490830,0,1.005859375,-0.001953125,0.005859375,0.00390625,0.0,0.0,0.0
1865137188,1490831,0,1.005859375,0.001953125,0.005859375,0.0078125,0.0,0.0,0.0
1865138439,1490832,0,1.00390625,0.0,0.005859375,0.005859375,0.0,0.0,0.0
1865139691,1490833,0,1.0,0.00390625,0.001953125,0.005859375,0.0,0.0,0.0
1865140942,1490834,0,1.00390625,-0.001953125,0.0,-0.001953125,0.0,0.0,0.0
1865142192,1490835,0,1.005859375,-0.005859375,0.005859375,0.0,0.0,0.0,0.0
1865143443,1490836,0,0.99609375,0.001953125,0.009765625,0.01171875,0.0,0.0,0.0
1865144695,1490837,0,0.998046875,0.00390625,0.005859375,0.009765625,0.0,0.0,0.0
1865145945,1490838,0,1.0078125,0.0,0.0,0.0,0.0,0.0,0.0
1865147197,1490839,0,1.005859375,-0.001953125,0.001953125,0.0,0.0,0.0,0.0
1865148448,1490840,0,1.001953125,0.0,-0.001953125,-0.001953125,0.0,0.0,0.0
1865149698,1490841,0,1.00390625,0.001953125,0.0,0.001953125,0.0,0.0,0.0
1865150949,1490842,0,1.01171875,-0.00390625,0.001953125,-0.001953125,0.0,0.0,0.0
1865152199,1490843,0,1.00390625,-0.001953125,0.0,-0.001953125,0.0,0.0,0.0
1865153449,1490844,0,1.0,0.001953125,-0.001953125,0.0,0.0,0.0,0.0
1865154701,1490845,0,1.001953125,0.001953125,0.0,0.001953125,0.0,0.0,0.0
1865155951,1490846,0,1.0,-0.001953125,-0.00390625,-0.005859375,0.0,0.0,0.0
1865157202,1490847,0,1.0,0.0,-0.00390625,-0.00390625,0.0,0.0,0.0
1865158453,1490848,0,1.00390625,-0.001953125,-0.005859375,-0.0078125,0.0,0.0,0.0
1865159704,1490849,0,1.001953125,0.001953125,-0.0078125,-0.005859375,0.0,0.0,0.0
1865160954,1490850,0,1.0078125,-0.00390625,0.00390625,0.0,0.0,0.0,0.0
1865162205,1490851,0,1.001953125,-0.001953125,-0.005859375,-0.0078125,0.0,0.0,0.0
1865163457,1490852,0,1.0078125,-0.001953125,0.005859375,0.00390625,0.0,0.0,0.0
1865164707,1490853,0,1.01171875,0.00390625,-0.0078125,-0.00390625,0.0,0.0,0.0
1865165959,1490854,0,0.99609375,0.005859375,0.001953125,0.0078125,0.0,0.0,0.0
1865167209,1490855,0,1.00390625,0.001953125,0.001953125,0.00390625,0.0,0.0,0.0
1865168460,1490856,0,1.0078125,0.0,0.0,0.0,0.0,0.0,0.0
1865169711,1490857,0,1.0078125,-0.00390625,0.001953125,-0.001953125,0.0,0.0,0.0
1865170961,1490858,0,1.0078125,-0.001953125,0.001953125,0.0,0.0,0.0,0.0
1865172211,1490859,0,1.005859375,-0.001953125,0.005859375,0.00390625,0.0,0.0,0.0
1865173461,1490860,0,1.001953125,0.001953125,0.001953125,0.00390625,0.0,0.0,0.0
1865174712,1490861,0,1.001953125,0.001953125,0.00390625,0.005859375,0.0,0.0,0.0
1865175962,1490862,0,1.0078125,0.001953125,0.00390625,0.005859375,0.0,0.0,0.0
1865177212,1490863,0,1.009765625,0.0,0.0,0.0,0.0,0.0,0.0
1865178463,1490864,0,1.0,-0.001953125,0.0,-0.001953125,0.0,0.0,0.0
1865179713,1490865,0,1.0,0.0,0.001953125,0.001953125,0.0,0.0,0.0
1865180965,1490866,0,0.99609375,0.0,0.005859375,0.005859375,0.0,0.0,0.0
1865182216,1490867,0,1.001953125,0.001953125,-0.001953125,0.0,0.0,0.0,0.0
1865183468,1490868,0,1.00390625,0.0,-0.00390625,-0.00390625,0.0,0.0,0.0
1865184718,1490869,0,1.005859375,0.00390625,-0.001953125,0.001953125,0.0,0.0,0.0
1865185970,1490870,0,1.00390625,0.001953125,0.0,0.001953125,0.0,0.0,0.0
1865187221,1490871,0,1.009765625,0.001953125,0.00390625,0.005859375,0.0,0.0,0.0
1865188471,1490872,0,1.005859375,-0.005859375,0.0,-0.005859375,0.0,0.0,0.0
1865189722,1490873,0,1.001953125,-0.005859375,0.009765625,0.00390625,0.0,0.0,0.0
1865190973,1490874,0,1.001953125,-0.0078125,0.0078125,0.0,0.0,0.0,0.0
1865192225,1490875,0,1.0078125,-0.005859375,0.0,-0.005859375,0.0,0.0,0.0
1865193477,1490876,0,1.0078125,-0.005859375,0.005859375,0.0,0.0,0.0,0.0
1865194728,1490877,0,1.009765625,-0.001953125,0.00390625,0.001953125,0.0,0.0,0.0
1865195978,1490878,0,1.0,-0.001953125,0.00390625,0.001953125,0.0,0.0,0.0
1865197229,1490879,0,1.00390625,-0.00390625,0.001953125,-0.001953125,0.0,0.0,0.0
1865198481,1490880,0,1.005859375,-0.001953125,0.005859375,0.00390625,0.0,0.0,0.0
1865199731,1490881,0,1.0078125,-0.00390625,0.00390625,0.0,0.0,0.0,0.0
1865200982,1490882,0,1.009765625,0.00390625,0.0078125,0.01171875,0.0,0.0,0.0
1865202233,1490883,0,1.0078125,0.01171875,0.001953125,0.013671875,0.0,0.0,0.0
1865203483,1490884,0,1.0078125,0.00390625,0.0078125,0.01171875,0.0,0.0,0.0
1865204734,1490885,0,1.0,0.00390625,0.001953125,0.005859375,0.0,0.0,0.0
1865205984,1490886,0,0.998046875,0.005859375,0.005859375,0.01171875,0.0,0.0,0.0
1865207235,1490887,0,1.0,0.005859375,0.0078125,0.013671875,0.0,0.0,0.0
1865208486,1490888,0,1.00390625,0.0078125,-0.001953125,0.005859375,0.0,0.0,0.0
1865209736,1490889,0,1.00390625,0.005859375,-0.001953125,0.00390625,0.0,0.0,0.0
1865210987,1490890,0,1.001953125,0.009765625,-0.001953125,0.0078125,0.0,0.0,0.0
1865212238,1490891,0,1.009765625,0.009765625,0.001953125,0.01171875,0.0,0.0,0.0
1865213489,1490892,0,1.001953125,0.017578125,-0.001953125,0.015625,0.0,0.0,0.0
1865214739,1490893,0,0.998046875,0.01171875,0.0,0.01171875,0.0,0.0,0.0
1865215990,1490894,0,1.009765625,0.05078125,-0.001953125,0.048828125,0.0,0.0,0.0
1865217241,1490895,0,0.998046875,0.0234375,-0.07421875,-0.05078125,0.0,0.0,0.0
1865218492,1490896,0,0.990234375,0.01953125,-0.0234375,-0.00390625,0.0,0.0,0.0
1865219742,1490897,0,1.00390625,0.025390625,-0.0078125,0.017578125,0.0,0.0,0.0
1865220993,1490898,0,1.005859375,0.037109375,-0.0078125,0.029296875,0.0,0.0,0.0
1865222244,1490899,0,1.001953125,0.0859375,-0.037109375,0.048828125,0.0,0.0,0.0
1865223494,1490900,0,1.005859375,0.10546875,-0.041015625,0.064453125,0.0,0.0,0.0
1865224746,1490901,0,0.98828125,0.0625,-0.0234375,0.0390625,0.0,0.0,0.0
1865225997,1490902,0,0.9921875,0.095703125,-0.0546875,0.041015625,0.0,0.0,0.0
1865227248,1490903,0,1.001953125,0.1484375,-0.076171875,0.072265625,0.0,0.0,0.0
1865228499,1490904,0,1.001953125,0.10546875,-0.046875,0.05859375,0.0,0.0,0.0
1865229750,1490905,0,1.005859375,0.18359375,-0.078125,0.10546875,0.0,0.0,0.0
1865231001,1490906,0,0.9921875,0.18359375,-0.1015625,0.08203125,0.0,0.0,0.0
1865232252,1490907,0,1.0,0.28125,-0.134765625,0.146484375,0.0,0.0,0.0
1865233502,1490908,0,1.03125,0.34375,-0.138671875,0.205078125,0.0,0.0,0.0
1865234753,1490909,0,1.017578125,0.908203125,-0.412109375,0.49609375,0.0,0.0,0.0
1865236004,1490910,0,1.0,1.1328125,-0.556640625,0.576171875,0.0,0.0,0.0
1865237255,1490911,0,1.001953125,0.9609375,-0.59765625,0.36328125,0.0,0.0,0.0
1865238505,1490912,0,0.95703125,1.5625,-0.65234375,0.91015625,0.0,0.0,0.0
1865239756,1490913,0,1.16796875,0.732421875,-0.150390625,0.58203125,0.0,0.0,0.0
1865241008,1490914,0,0.84375,0.419921875,-0.24609375,0.173828125,0.0,0.0,0.0
1865242258,1490915,0,1.078125,1.326171875,-0.4921875,0.833984375,0.0,0.0,0.0
1865243509,1490916,0,1.20703125,0.66015625,0.00390625,0.6640625,0.0,0.0,0.0
1865244759,1490917,0,1.005859375,0.91796875,-0.224609375,0.693359375,0.0,0.0,0.0
1865246010,1490918,0,0.9921875,0.92578125,-0.2421875,0.68359375,0.0,0.0,0.0
1865247261,1490919,0,0.8828125,0.796875,-0.271484375,0.525390625,0.0,0.0,0.0
1865248513,1490920,0,0.974609375,0.625,-0.068359375,0.556640625,0.0,0.0,0.0
1865249764,1490921,0,1.03125,0.513671875,0.115234375,0.62890625,0.0,0.0,0.0
1865251015,1490922,0,0.861328125,0.392578125,-0.021484375,0.37109375,0.0,0.0,0.0
1865252270,1490923,0,0.9453125,0.2109375,0.185546875,0.396484375,0.0,0.0,0.0
1865253521,1490924,0,1.115234375,0.166015625,0.529296875,0.6953125,0.0,0.0,0.0
1865254772,1490925,0,1.064453125,0.185546875,0.310546875,0.49609375,0.0,0.0,0.0
1865256024,1490926,0,0.994140625,0.041015625,0.26953125,0.310546875,0.0,0.0,0.0
1865257275,1490927,0,0.98828125,-0.009765625,0.337890625,0.328125,0.0,0.0,0.0
1865258527,1490928,0,1.0390625,-0.046875,0.3359375,0.2890625,0.0,0.0,0.0
1865259778,1490929,0,1.005859375,-0.181640625,0.37109375,0.189453125,0.0,0.0,0.0
1865261028,1490930,0,0.935546875,-0.24609375,0.291015625,0.044921875,0.0,0.0,0.0
1865262279,1490931,0,0.955078125,-0.3671875,0.4375,0.0703125,0.0,0.0,0.0
1865263530,1490932,0,1.06640625,-0.4765625,0.607421875,0.130859375,0.0,0.0,0.0
1865264782,1490933,0,1.060546875,-0.556640625,0.609375,0.052734375,0.0,0.0,0.0
1865266032,1490934,0,0.955078125,-0.5859375,0.50390625,-0.08203125,0.0,0.0,0.0
1865267282,1490935,0,0.96875,-0.638671875,0.484375,-0.154296875,0.0,0.0,0.0
1865268532,1490936,0,1.00390625,-0.673828125,0.546875,-0.126953125,0.0,0.0,0.0
1865269783,1490937,0,0.99609375,-0.720703125,0.53515625,-0.185546875,0.0,0.0,0.0
1865271034,1490938,0,0.982421875,-0.783203125,0.5234375,-0.259765625,0.0,0.0,0.0
1865272285,1490939,0,1.005859375,-0.818359375,0.53125,-0.287109375,0.0,0.0,0.0
1865273537,1490940,0,1.041015625,-0.865234375,0.583984375,-0.28125,0.0,0.0,0.0
1865274789,1490941,0,1.05078125,-0.888671875,0.521484375,-0.3671875,0.0,0.0,0.0
1865276039,1490942,0,1.01171875,-0.87890625,0.482421875,-0.396484375,0.0,0.0,0.0
1865277290,1490943,0,0.99609375,-0.861328125,0.494140625,-0.3671875,0.0,0.0,0.0
1865278541,1490944,0,1.009765625,-0.83203125,0.494140625,-0.337890625,0.0,0.0,0.0
1865279792,1490945,0,1.001953125,-0.8046875,0.458984375,-0.345703125,0.0,0.0,0.0
1865281042,1490946,0,1.03125,-0.76953125,0.46875,-0.30078125,0.0,0.0,0.0
1865282294,1490947,0,1.05078125,-0.740234375,0.482421875,-0.2578125,0.0,0.0,0.0
1865283545,1490948,0,1.05078125,-0.689453125,0.46875,-0.220703125,0.0,0.0,0.0
1865284795,1490949,0,1.021484375,-0.646484375,0.39453125,-0.251953125,0.0,0.0,0.0
1865286047,1490950,0,0.984375,-0.5859375,0.33984375,-0.24609375,0.0,0.0,0.0
1865287298,1490951,0,0.978515625,-0.505859375,0.310546875,-0.1953125,0.0,0.0,0.0
1865288549,1490952,0,0.990234375,-0.435546875,0.287109375,-0.1484375,0.0,0.0,0.0
1865289800,1490953,0,0.982421875,-0.361328125,0.248046875,-0.11328125,0.0,0.0,0.0
1865291050,1490954,0,1.001953125,-0.279296875,0.240234375,-0.0390625,0.0,0.0,0.0
1865292301,1490955,0,1.033203125,-0.21484375,0.2421875,0.02734375,0.0,0.0,0.0
1865293552,1490956,0,1.037109375,-0.154296875,0.208984375,0.0546875,0.0,0.0,0.0
1865294803,1490957,0,1.03515625,-0.126953125,0.09765625,-0.029296875,0.0,0.0,0.0
1865296053,1490958,0,0.98046875,-0.03515625,-0.041015625,-0.076171875,0.0,0.0,0.0
1865297305,1490959,0,0.982421875,0.01953125,0.001953125,0.021484375,0.0,0.0,0.0
1865298557,1490960,0,0.986328125,0.103515625,-0.001953125,0.1015625,0.0,0.0,0.0
1865299808,1490961,0,0.962890625,0.146484375,-0.05078125,0.095703125,0.0,0.0,0.0
1865301059,1490962,0,0.98046875,0.1953125,-0.068359375,0.126953125,0.0,0.0,0.0
1865302310,1490963,0,1.005859375,0.26953125,-0.078125,0.19140625,0.0,0.0,0.0
1865303562,1490964,0,1.0390625,0.302734375,-0.06640625,0.236328125,0.0,0.0,0.0
1865304812,1490965,0,1.041015625,0.34375,-0.091796875,0.251953125,0.0,0.0,0.0
1865306064,1490966,0,1.0,0.38671875,-0.158203125,0.228515625,0.0,0.0,0.0
1865307314,1490967,0,0.9921875,0.416015625,-0.189453125,0.2265625,0.0,0.0,0.0
1865308565,1490968,0,1.013671875,0.451171875,-0.18359375,0.267578125,0.0,0.0,0.0
1865309816,1490969,0,1.013671875,0.478515625,-0.21875,0.259765625,0.0,0.0,0.0
1865311066,1490970,0,0.98046875,0.494140625,-0.248046875,0.24609375,0.0,0.0,0.0
1865312317,1490971,0,1.009765625,0.505859375,-0.236328125,0.26953125,0.0,0.0,0.0
1865313569,1490972,0,1.03125,0.517578125,-0.228515625,0.2890625,0.0,0.0,0.0
1865314819,1490973,0,1.0234375,0.51953125,-0.23828125,0.28125,0.0,0.0,0.0
1865316070,1490974,0,1.005859375,0.53515625,-0.259765625,0.275390625,0.0,0.0,0.0
1865317321,1490975,0,1.0,0.5234375,-0.265625,0.2578125,0.0,0.0,0.0
1865318571,1490976,0,1.005859375,0.51953125,-0.2578125,0.26171875,0.0,0.0,0.0
1865319822,1490977,0,1.001953125,0.517578125,-0.255859375,0.26171875,0.0,0.0,0.0
1865321074,1490978,0,0.98828125,0.501953125,-0.255859375,0.24609375,0.0,0.0,0.0
1865322324,1490979,0,1.013671875,0.47265625,-0.232421875,0.240234375,0.0,0.0,0.0
1865323575,1490980,0,1.015625,0.451171875,-0.20703125,0.244140625,0.0,0.0,0.0
1865324827,1490981,0,1.013671875,0.4140625,-0.203125,0.2109375,0.0,0.0,0.0
1865326077,1490982,0,1.001953125,0.396484375,-0.173828125,0.22265625,0.0,0.0,0.0
1865327328,1490983,0,0.994140625,0.3359375,-0.146484375,0.189453125,0.0,0.0,0.0
1865328580,1490984,0,0.99609375,0.296875,-0.12109375,0.17578125,0.0,0.0,0.0
1865329832,1490985,0,0.9921875,0.26171875,-0.10546875,0.15625,0.0,0.0,0.0
1865331082,1490986,0,1.0078125,0.22265625,-0.07421875,0.1484375,0.0,0.0,0.0
1865332333,1490987,0,1.0234375,0.173828125,-0.041015625,0.1328125,0.0,0.0,0.0
1865333585,1490988,0,1.01171875,0.126953125,-0.02734375,0.099609375,0.0,0.0,0.0
1865334835,1490989,0,1.009765625,0.09375,-0.01171875,0.08203125,0.0,0.0,0.0
1865336086,1490990,0,1.0,0.05078125,-0.001953125,0.048828125,0.0,0.0,0.0
1865337338,1490991,0,0.994140625,-0.0078125,0.0078125,0.0,0.0,0.0,0.0
1865338589,1490992,0,0.99609375,-0.029296875,0.02734375,-0.001953125,0.0,0.0,0.0
1865339840,1490993,0,1.0,-0.068359375,0.064453125,-0.00390625,0.0,0.0,0.0
1865341092,1490994,0,1.005859375,-0.103515625,0.095703125,-0.0078125,0.0,0.0,0.0
1865342343,1490995,0,1.015625,-0.140625,0.11328125,-0.02734375,0.0,0.0,0.0
1865343594,1490996,0,1.00390625,-0.173828125,0.099609375,-0.07421875,0.0,0.0,0.0
1865344845,1490997,0,0.990234375,-0.20703125,0.107421875,-0.099609375,0.0,0.0,0.0
1865346096,1490998,0,1.001953125,-0.240234375,0.126953125,-0.11328125,0.0,0.0,0.0
1865347346,1490999,0,0.9921875,-0.25,0.146484375,-0.103515625,0.0,0.0,0.0
1865348598,1491000,0,0.99609375,-0.28515625,0.158203125,-0.126953125,0.0,0.0,0.0
1865349849,1491001,0,0.998046875,-0.294921875,0.1796875,-0.115234375,0.0,0.0,0.0
1865351099,1491002,0,1.009765625,-0.306640625,0.1796875,-0.126953125,0.0,0.0,0.0
1865352350,1491003,0,1.01953125,-0.330078125,0.1953125,-0.134765625,0.0,0.0,0.0
1865353601,1491004,0,1.029296875,-0.333984375,0.20703125,-0.126953125,0.0,0.0,0.0
1865354852,1491005,0,1.025390625,-0.33203125,0.193359375,-0.138671875,0.0,0.0,0.0
1865356103,1491006,0,1.0078125,-0.33984375,0.1875,-0.15234375,0.0,0.0,0.0
1865357354,1491007,0,0.998046875,-0.337890625,0.177734375,-0.16015625,0.0,0.0,0.0
1865358605,1491008,0,1.001953125,-0.328125,0.169921875,-0.158203125,0.0,0.0,0.0
1865359855,1491009,0,1.001953125,-0.322265625,0.162109375,-0.16015625,0.0,0.0,0.0
1865361107,1491010,0,1.001953125,-0.306640625,0.162109375,-0.14453125,0.0,0.0,0.0
1865362357,1491011,0,1.009765625,-0.29296875,0.150390625,-0.142578125,0.0,0.0,0.0
1865363607,1491012,0,1.009765625,-0.279296875,0.154296875,-0.125,0.0,0.0,0.0
1865364859,1491013,0,1.017578125,-0.255859375,0.1484375,-0.107421875,0.0,0.0,0.0
1865366109,1491014,0,1.0078125,-0.236328125,0.130859375,-0.10546875,0.0,0.0,0.0
1865367361,1491015,0,1.001953125,-0.2109375,0.111328125,-0.099609375,0.0,0.0,0.0
1865368611,1491016,0,1.0,-0.173828125,0.091796875,-0.08203125,0.0,0.0,0.0
1865369861,1491017,0,0.994140625,-0.158203125,0.068359375,-0.08984375,0.0,0.0,0.0
1865371113,1491018,0,0.9921875,-0.126953125,0.056640625,-0.0703125,0.0,0.0,0.0
1865372364,1491019,0,1.001953125,-0.109375,0.037109375,-0.072265625,0.0,0.0,0.0
1865373616,1491020,0,1.00390625,-0.076171875,0.029296875,-0.046875,0.0,0.0,0.0
1865374866,1491021,0,0.998046875,-0.048828125,0.03515625,-0.013671875,0.0,0.0,0.0
1865376118,1491022,0,0.9921875,-0.0234375,0.01171875,-0.01171875,0.0,0.0,0.0
1865377368,1491023,0,1.0,0.001953125,-0.015625,-0.013671875,0.0,0.0,0.0
1865378619,1491024,0,1.00390625,0.03515625,-0.03125,0.00390625,0.0,0.0,0.0
1865379869,1491025,0,0.99609375,0.06640625,-0.05078125,0.015625,0.0,0.0,0.0
1865381119,1491026,0,1.005859375,0.103515625,-0.046875,0.056640625,0.0,0.0,0.0
1865382371,1491027,0,1.0078125,0.123046875,-0.05859375,0.064453125,0.0,0.0,0.0
1865383622,1491028,0,1.0078125,0.14453125,-0.064453125,0.080078125,0.0,0.0,0.0
1865384874,1491029,0,1.00390625,0.15625,-0.078125,0.078125,0.0,0.0,0.0
1865386124,1491030,0,1.001953125,0.16796875,-0.08984375,0.078125,0.0,0.0,0.0
1865387375,1491031,0,1.001953125,0.18359375,-0.083984375,0.099609375,0.0,0.0,0.0
1865388625,1491032,0,0.998046875,0.193359375,-0.08984375,0.103515625,0.0,0.0,0.0
1865389877,1491033,0,1.0078125,0.203125,-0.09765625,0.10546875,0.0,0.0,0.0
1865391127,1491034,0,1.0078125,0.20703125,-0.095703125,0.111328125,0.0,0.0,0.0
1865392377,1491035,0,1.01171875,0.212890625,-0.09765625,0.115234375,0.0,0.0,0.0
1865393629,1491036,0,1.005859375,0.2109375,-0.09765625,0.11328125,0.0,0.0,0.0
1865394879,1491037,0,1.001953125,0.208984375,-0.103515625,0.10546875,0.0,0.0,0.0
1865396130,1491038,0,1.0,0.205078125,-0.099609375,0.10546875,0.0,0.0,0.0
1865397381,1491039,0,1.001953125,0.201171875,-0.09765625,0.103515625,0.0,0.0,0.0
1865398631,1491040,0,1.009765625,0.197265625,-0.099609375,0.09765625,0.0,0.0,0.0
1865399882,1491041,0,1.0078125,0.19140625,-0.091796875,0.099609375,0.0,0.0,0.0
1865401133,1491042,0,1.001953125,0.173828125,-0.080078125,0.09375,0.0,0.0,0.0
1865402384,1491043,0,1.001953125,0.16015625,-0.0703125,0.08984375,0.0,0.0,0.0
1865403635,1491044,0,0.998046875,0.15234375,-0.068359375,0.083984375,0.0,0.0,0.0
1865404885,1491045,0,1.001953125,0.13671875,-0.06640625,0.0703125,0.0,0.0,0.0
1865406136,1491046,0,0.998046875,0.11328125,-0.068359375,0.044921875,0.0,0.0,0.0
1865407387,1491047,0,1.00390625,0.099609375,-0.05078125,0.048828125,0.0,0.0,0.0
1865408638,1491048,0,0.994140625,0.078125,-0.05078125,0.02734375,0.0,0.0,0.0
1865409889,1491049,0,1.0,0.06640625,-0.03125,0.03515625,0.0,0.0,0.0
1865411140,1491050,0,1.009765625,0.044921875,-0.02734375,0.017578125,0.0,0.0,0.0
1865412392,1491051,0,1.0,0.01953125,-0.009765625,0.009765625,0.0,0.0,0.0
1865413642,1491052,0,1.009765625,0.0,0.0,0.0,0.0,0.0,0.0
1865414894,1491053,0,1.005859375,-0.01171875,-0.001953125,-0.013671875,0.0,0.0,0.0
1865416145,1491054,0,1.009765625,-0.02734375,0.0078125,-0.01953125,0.0,0.0,0.0
1865417395,1491055,0,1.0,-0.0390625,0.01953125,-0.01953125,0.0,0.0,0.0
1865418646,1491056,0,1.001953125,-0.0625,0.0234375,-0.0390625,0.0,0.0,0.0
1865419898,1491057,0,0.998046875,-0.078125,0.03125,-0.046875,0.0,0.0,0.0
1865421149,1491058,0,1.0078125,-0.091796875,0.029296875,-0.0625,0.0,0.0,0.0
1865422400,1491059,0,1.001953125,-0.09765625,0.037109375,-0.060546875,0.0,0.0,0.0
1865423651,1491060,0,1.009765625,-0.11328125,0.044921875,-0.068359375,0.0,0.0,0.0
1865424902,1491061,0,1.00390625,-0.123046875,0.041015625,-0.08203125,0.0,0.0,0.0
1865426154,1491062,0,1.0078125,-0.130859375,0.0546875,-0.076171875,0.0,0.0,0.0
1865427405,1491063,0,1.009765625,-0.1328125,0.052734375,-0.080078125,0.0,0.0,0.0
1865428657,1491064,0,1.001953125,-0.138671875,0.064453125,-0.07421875,0.0,0.0,0.0
1865429907,1491065,0,0.998046875,-0.150390625,0.0546875,-0.095703125,0.0,0.0,0.0
1865431158,1491066,0,1.0078125,-0.1484375,0.060546875,-0.087890625,0.0,0.0,0.0
1865432409,1491067,0,1.001953125,-0.1484375,0.05859375,-0.08984375,0.0,0.0,0.0
1865433660,1491068,0,0.998046875,-0.14453125,0.0546875,-0.08984375,0.0,0.0,0.0
1865434911,1491069,0,1.0078125,-0.138671875,0.052734375,-0.0859375,0.0,0.0,0.0
1865436161,1491070,0,1.0078125,-0.1328125,0.05078125,-0.08203125,0.0,0.0,0.0
1865437412,1491071,0,0.998046875,-0.126953125,0.048828125,-0.078125,0.0,0.0,0.0
1865438664,1491072,0,1.00390625,-0.11328125,0.052734375,-0.060546875,0.0,0.0,0.0
1865439915,1491073,0,1.001953125,-0.103515625,0.048828125,-0.0546875,0.0,0.0,0.0
1865441166,1491074,0,1.0078125,-0.095703125,0.044921875,-0.05078125,0.0,0.0,0.0
1865442417,1491075,0,1.0078125,-0.08984375,0.03125,-0.05859375,0.0,0.0,0.0
1865443668,1491076,0,1.00390625,-0.080078125,0.029296875,-0.05078125,0.0,0.0,0.0
1865444920,1491077,0,0.998046875,-0.064453125,0.0234375,-0.041015625,0.0,0.0,0.0
1865446172,1491078,0,0.99609375,-0.0546875,0.01953125,-0.03515625,0.0,0.0,0.0
1865447422,1491079,0,0.998046875,-0.0390625,0.015625,-0.0234375,0.0,0.0,0.0
1865448673,1491080,0,1.00390625,-0.02734375,0.013671875,-0.013671875,0.0,0.0,0.0
1865449924,1491081,0,1.005859375,-0.01953125,0.0078125,-0.01171875,0.0,0.0,0.0
1865451174,1491082,0,1.0078125,-0.001953125,0.0,-0.001953125,0.0,0.0,0.0
1865452425,1491083,0,1.005859375,0.00390625,0.00390625,0.0078125,0.0,0.0,0.0
1865453676,1491084,0,1.005859375,0.015625,-0.017578125,-0.001953125,0.0,0.0,0.0
1865454927,1491085,0,1.0,0.03125,-0.017578125,0.013671875,0.0,0.0,0.0
1865456177,1491086,0,1.009765625,0.0390625,-0.01953125,0.01953125,0.0,0.0,0.0
1865457427,1491087,0,0.998046875,0.046875,-0.0234375,0.0234375,0.0,0.0,0.0
1865458679,1491088,0,1.009765625,0.056640625,-0.025390625,0.03125,0.0,0.0,0.0
1865459929,1491089,0,1.001953125,0.0625,-0.025390625,0.037109375,0.0,0.0,0.0
1865461179,1491090,0,1.005859375,0.072265625,-0.02734375,0.044921875,0.0,0.0,0.0
1865462431,1491091,0,1.0078125,0.072265625,-0.0390625,0.033203125,0.0,0.0,0.0
1865463681,1491092,0,1.005859375,0.08203125,-0.03125,0.05078125,0.0,0.0,0.0
1865464932,1491093,0,1.0078125,0.0859375,-0.03515625,0.05078125,0.0,0.0,0.0
1865466182,1491094,0,1.0,0.083984375,-0.037109375,0.046875,0.0,0.0,0.0
1865467432,1491095,0,0.99609375,0.087890625,-0.041015625,0.046875,0.0,0.0,0.0
1865468684,1491096,0,1.00390625,0.087890625,-0.041015625,0.046875,0.0,0.0,0.0
1865469934,1491097,0,1.005859375,0.083984375,-0.044921875,0.0390625,0.0,0.0,0.0
1865471184,1491098,0,1.00390625,0.080078125,-0.041015625,0.0390625,0.0,0.0,0.0
1865472436,1491099,0,1.00390625,0.080078125,-0.037109375,0.04296875,0.0,0.0,0.0
1865473686,1491100,0,1.001953125,0.080078125,-0.037109375,0.04296875,0.0,0.0,0.0
1865474937,1491101,0,1.005859375,0.068359375,-0.037109375,0.03125,0.0,0.0,0.0
1865476188,1491102,0,1.005859375,0.06640625,-0.02734375,0.0390625,0.0,0.0,0.0
1865477439,1491103,0,1.00390625,0.068359375,-0.025390625,0.04296875,0.0,0.0,0.0
1865478691,1491104,0,1.001953125,0.048828125,-0.01953125,0.029296875,0.0,0.0,0.0
1865479942,1491105,0,1.001953125,0.048828125,-0.017578125,0.03125,0.0,0.0,0.0
1865481192,1491106,0,1.005859375,0.044921875,-0.01953125,0.025390625,0.0,0.0,0.0
1865482443,1491107,0,1.005859375,0.02734375,-0.01171875,0.015625,0.0,0.0,0.0
1865483695,1491108,0,1.0,0.0234375,-0.01171875,0.01171875,0.0,0.0,0.0
1865484945,1491109,0,1.009765625,0.01171875,-0.005859375,0.005859375,0.0,0.0,0.0
1865486197,1491110,0,1.005859375,0.0078125,-0.015625,-0.0078125,0.0,0.0,0.0
1865487448,1491111,0,1.00390625,-0.009765625,-0.005859375,-0.015625,0.0,0.0,0.0
1865488698,1491112,0,1.0,-0.01953125,-0.00390625,-0.0234375,0.0,0.0,0.0
1865489949,1491113,0,1.0,-0.021484375,0.0,-0.021484375,0.0,0.0,0.0
1865491199,1491114,0,1.005859375,-0.03125,0.001953125,-0.029296875,0.0,0.0,0.0
1865492449,1491115,0,0.99609375,-0.0390625,0.00390625,-0.03515625,0.0,0.0,0.0
1865493701,1491116,0,1.001953125,-0.0390625,0.009765625,-0.029296875,0.0,0.0,0.0
1865494951,1491117,0,1.00390625,-0.05078125,0.009765625,-0.041015625,0.0,0.0,0.0
1865496202,1491118,0,1.009765625,-0.052734375,0.015625,-0.037109375,0.0,0.0,0.0
1865497453,1491119,0,1.00390625,-0.0546875,0.009765625,-0.044921875,0.0,0.0,0.0
1865498704,1491120,0,1.009765625,-0.056640625,0.017578125,-0.0390625,0.0,0.0,0.0
1865499954,1491121,0,1.01171875,-0.064453125,0.0234375,-0.041015625,0.0,0.0,0.0
1865501205,1491122,0,1.0,-0.0703125,0.01953125,-0.05078125,0.0,0.0,0.0
1865502457,1491123,0,0.998046875,-0.0703125,0.015625,-0.0546875,0.0,0.0,0.0
1865503707,1491124,0,1.005859375,-0.07421875,0.021484375,-0.052734375,0.0,0.0,0.0
1865504959,1491125,0,1.005859375,-0.064453125,0.009765625,-0.0546875,0.0,0.0,0.0
1865506209,1491126,0,1.009765625,-0.068359375,0.0078125,-0.060546875,0.0,0.0,0.0
1865507460,1491127,0,1.005859375,-0.0625,0.017578125,-0.044921875,0.0,0.0,0.0
1865508711,1491128,0,1.005859375,-0.06640625,0.013671875,-0.052734375,0.0,0.0,0.0
1865509961,1491129,0,1.0078125,-0.05859375,0.0234375,-0.03515625,0.0,0.0,0.0
1865511211,1491130,0,1.0,-0.0546875,0.00390625,-0.05078125,0.0,0.0,0.0
1865512461,1491131,0,1.015625,-0.052734375,0.01953125,-0.033203125,0.0,0.0,0.0
1865513712,1491132,0,1.0078125,-0.05078125,0.009765625,-0.041015625,0.0,0.0,0.0
1865514962,1491133,0,1.009765625,-0.044921875,0.0078125,-0.037109375,0.0,0.0,0.0
1865516212,1491134,0,1.0078125,-0.0390625,0.013671875,-0.025390625,0.0,0.0,0.0
1865517463,1491135,0,1.00390625,-0.037109375,0.013671875,-0.0234375,0.0,0.0,0.0
1865518713,1491136,0,1.0078125,-0.03125,0.009765625,-0.021484375,0.0,0.0,0.0
1865519965,1491137,0,1.0078125,-0.025390625,0.009765625,-0.015625,0.0,0.0,0.0
1865521216,1491138,0,1.001953125,-0.01953125,0.001953125,-0.017578125,0.0,0.0,0.0
1865522468,1491139,0,1.0078125,-0.01171875,-0.001953125,-0.013671875,0.0,0.0,0.0
1865523718,1491140,0,1.0078125,-0.01171875,0.0078125,-0.00390625,0.0,0.0,0.0
1865524970,1491141,0,1.001953125,-0.005859375,0.0,-0.005859375,0.0,0.0,0.0
1865526221,1491142,0,1.0,-0.001953125,0.001953125,0.0,0.0,0.0,0.0
1865527471,1491143,0,1.001953125,0.005859375,-0.001953125,0.00390625,0.0,0.0,0.0
1865528722,1491144,0,1.005859375,0.017578125,0.00390625,0.021484375,0.0,0.0,0.0
1865529973,1491145,0,1.0078125,0.013671875,-0.00390625,0.009765625,0.0,0.0,0.0
1865531225,1491146,0,1.0078125,0.01953125,-0.009765625,0.009765625,0.0,0.0,0.0
1865532477,1491147,0,1.0,0.0234375,-0.0078125,0.015625,0.0,0.0,0.0
1865533728,1491148,0,1.009765625,0.03125,-0.0078125,0.0234375,0.0,0.0,0.0
1865534978,1491149,0,1.005859375,0.03125,-0.01171875,0.01953125,0.0,0.0,0.0
1865536229,1491150,0,1.013671875,0.03125,-0.017578125,0.013671875,0.0,0.0,0.0
1865537481,1491151,0,1.005859375,0.03515625,-0.009765625,0.025390625,0.0,0.0,0.0
1865538731,1491152,0,1.0078125,0.03125,-0.01953125,0.01171875,0.0,0.0,0.0
1865539982,1491153,0,1.013671875,0.041015625,-0.0078125,0.033203125,0.0,0.0,0.0
1865541233,1491154,0,1.00390625,0.03125,-0.005859375,0.025390625,0.0,0.0,0.0
1865542483,1491155,0,1.0078125,0.033203125,-0.013671875,0.01953125,0.0,0.0,0.0
1865543734,1491156,0,1.001953125,0.033203125,-0.01953125,0.013671875,0.0,0.0,0.0
1865544984,1491157,0,1.005859375,0.03125,-0.015625,0.015625,0.0,0.0,0.0
1865546235,1491158,0,1.00390625,0.029296875,-0.01953125,0.009765625,0.0,0.0,0.0
1865547486,1491159,0,1.001953125,0.025390625,-0.009765625,0.015625,0.0,0.0,0.0
1865548736,1491160,0,1.009765625,0.025390625,-0.017578125,0.0078125,0.0,0.0,0.0
1865549987,1491161,0,0.99609375,0.021484375,-0.005859375,0.015625,0.0,0.0,0.0
1865551238,1491162,0,1.00390625,0.0234375,-0.00390625,0.01953125,0.0,0.0,0.0
1865552489,1491163,0,0.99609375,0.009765625,-0.009765625,0.0,0.0,0.0,0.0
1865553739,1491164,0,1.0078125,0.01171875,-0.005859375,0.005859375,0.0,0.0,0.0
1865554990,1491165,0,1.01171875,0.009765625,-0.005859375,0.00390625,0.0,0.0,0.0
1865556241,1491166,0,1.0078125,0.0,-0.00390625,-0.00390625,0.0,0.0,0.0
1865557492,1491167,0,1.001953125,-0.001953125,-0.015625,-0.017578125,0.0,0.0,0.0
1865558742,1491168,0,1.009765625,-0.005859375,-0.013671875,-0.01953125,0.0,0.0,0.0
1865559993,1491169,0,1.0078125,-0.0078125,-0.01171875,-0.01953125,0.0,0.0,0.0
1865561244,1491170,0,1.0078125,-0.013671875,-0.005859375,-0.01953125,0.0,0.0,0.0
1865562494,1491171,0,1.005859375,-0.015625,0.0,-0.015625,0.0,0.0,0.0
1865563746,1491172,0,0.99609375,-0.029296875,0.0,-0.029296875,0.0,0.0,0.0
1865564997,1491173,0,1.0078125,-0.03125,-0.00390625,-0.03515625,0.0,0.0,0.0
1865566248,1491174,0,1.0,-0.033203125,-0.00390625,-0.037109375,0.0,0.0,0.0
1865567499,1491175,0,0.998046875,-0.03125,0.0,-0.03125,0.0,0.0,0.0
1865568750,1491176,0,1.001953125,-0.029296875,0.005859375,-0.0234375,0.0,0.0,0.0
1865570001,1491177,0,1.0078125,-0.033203125,0.0,-0.033203125,0.0,0.0,0.0
1865571252,1491178,0,1.0,-0.033203125,0.0,-0.033203125,0.0,0.0,0.0
1865572502,1491179,0,1.00390625,-0.0390625,0.001953125,-0.037109375,0.0,0.0,0.0
1865573753,1491180,0,1.0,-0.037109375,0.009765625,-0.02734375,0.0,0.0,0.0
1865575004,1491181,0,1.0078125,-0.0390625,0.00390625,-0.03515625,0.0,0.0,0.0
1865576255,1491182,0,1.001953125,-0.0390625,0.009765625,-0.029296875,0.0,0.0,0.0
1865577505,1491183,0,1.001953125,-0.033203125,0.00390625,-0.029296875,0.0,0.0,0.0
1865578756,1491184,0,1.005859375,-0.0390625,0.00390625,-0.03515625,0.0,0.0,0.0
1865580008,1491185,0,1.0078125,-0.0390625,0.00390625,-0.03515625,0.0,0.0,0.0
1865581258,1491186,0,1.001953125,-0.03515625,0.00390625,-0.03125,0.0,0.0,0.0
1865582509,1491187,0,1.005859375,-0.037109375,0.00390625,-0.033203125,0.0,0.0,0.0
1865583759,1491188,0,1.00390625,-0.03125,0.0,-0.03125,0.0,0.0,0.0
1865585010,1491189,0,1.005859375,-0.02734375,0.005859375,-0.021484375,0.0,0.0,0.0
1865586261,1491190,0,1.0078125,-0.029296875,0.013671875,-0.015625,0.0,0.0,0.0
1865587513,1491191,0,1.0,-0.02734375,0.001953125,-0.025390625,0.0,0.0,0.0
1865588764,1491192,0,1.001953125,-0.01953125,0.00390625,-0.015625,0.0,0.0,0.0
1865590015,1491193,0,0.99609375,-0.021484375,0.001953125,-0.01953125,0.0,0.0,0.0
1865591270,1491194,0,1.009765625,-0.01953125,-0.0078125,-0.02734375,0.0,0.0,0.0
1865592521,1491195,0,1.0078125,-0.01171875,0.0,-0.01171875,0.0,0.0,0.0
1865593772,1491196,0,1.005859375,-0.009765625,0.00390625,-0.005859375,0.0,0.0,0.0
1865595024,1491197,0,1.00390625,-0.0078125,0.0,-0.0078125,0.0,0.0,0.0
1865596275,1491198,0,1.001953125,-0.001953125,0.001953125,0.0,0.0,0.0,0.0
1865597527,1491199,0,1.001953125,0.00390625,-0.001953125,0.001953125,0.0,0.0,0.0
1865598778,1491200,0,1.0078125,0.0,-0.001953125,-0.001953125,0.0,0.0,0.0
1865600028,1491201,0,1.00390625,0.00390625,-0.0078125,-0.00390625,0.0,0.0,0.0
1865601279,1491202,0,1.0,0.005859375,-0.001953125,0.00390625,0.0,0.0,0.0
1865602530,1491203,0,0.998046875,0.009765625,-0.0078125,0.001953125,0.0,0.0,0.0
1865603782,1491204,0,1.00390625,0.013671875,-0.009765625,0.00390625,0.0,0.0,0.0
1865605032,1491205,0,1.0,0.013671875,-0.00390625,0.009765625,0.0,0.0,0.0
1865606282,1491206,0,1.001953125,0.015625,-0.001953125,0.013671875,0.0,0.0,0.0
1865607532,1491207,0,1.005859375,0.013671875,-0.00390625,0.009765625,0.0,0.0,0.0
1865608783,1491208,0,1.001953125,0.015625,-0.005859375,0.009765625,0.0,0.0,0.0
1865610034,1491209,0,1.001953125,0.01953125,-0.001953125,0.017578125,0.0,0.0,0.0
1865611285,1491210,0,1.0078125,0.0234375,-0.009765625,0.013671875,0.0,0.0,0.0
1865612537,1491211,0,1.0,0.01171875,0.0,0.01171875,0.0,0.0,0.0
1865613789,1491212,0,0.99609375,0.013671875,-0.01171875,0.001953125,0.0,0.0,0.0
1865615039,1491213,0,1.0078125,0.021484375,-0.017578125,0.00390625,0.0,0.0,0.0
1865616290,1491214,0,1.00390625,0.025390625,-0.013671875,0.01171875,0.0,0.0,0.0
1865617541,1491215,0,0.994140625,0.015625,-0.01171875,0.00390625,0.0,0.0,0.0
1865618792,1491216,0,1.005859375,0.0078125,-0.009765625,-0.001953125,0.0,0.0,0.0
1865620042,1491217,0,1.005859375,0.0078125,-0.017578125,-0.009765625,0.0,0.0,0.0
1865621294,1491218,0,1.009765625,0.009765625,-0.0078125,0.001953125,0.0,0.0,0.0
1865622545,1491219,0,1.0078125,0.0078125,-0.009765625,-0.001953125,0.0,0.0,0.0
1865623795,1491220,0,1.0078125,0.00390625,-0.01171875,-0.0078125,0.0,0.0,0.0
1865625047,1491221,0,1.005859375,0.001953125,-0.0078125,-0.005859375,0.0,0.0,0.0
1865626298,1491222,0,1.00390625,-0.005859375,-0.001953125,-0.0078125,0.0,0.0,0.0
1865627549,1491223,0,1.0,-0.001953125,-0.0078125,-0.009765625,0.0,0.0,0.0
1865628800,1491224,0,1.005859375,-0.00390625,-0.005859375,-0.009765625,0.0,0.0,0.0
1865630050,1491225,0,0.998046875,-0.013671875,-0.009765625,-0.0234375,0.0,0.0,0.0
1865631301,1491226,0,1.009765625,-0.013671875,-0.00390625,-0.017578125,0.0,0.0,0.0
1865632551,1491227,0,1.001953125,-0.013671875,-0.005859375,-0.01953125,0.0,0.0,0.0
1865633801,1491228,0,1.001953125,-0.017578125,0.001953125,-0.015625,0.0,0.0,0.0
1865635053,1491229,0,1.0078125,-0.01953125,-0.00390625,-0.0234375,0.0,0.0,0.0
1865636304,1491230,0,1.00390625,-0.015625,-0.001953125,-0.017578125,0.0,0.0,0.0
1865637554,1491231,0,1.009765625,-0.0234375,-0.009765625,-0.033203125,0.0,0.0,0.0
1865638805,1491232,0,1.0078125,-0.0234375,-0.0078125,-0.03125,0.0,0.0,0.0
1865640055,1491233,0,1.0078125,-0.029296875,-0.01171875,-0.041015625,0.0,0.0,0.0
1865641306,1491234,0,1.015625,-0.02734375,0.001953125,-0.025390625,0.0,0.0,0.0
1865642556,1491235,0,1.0078125,-0.0234375,-0.001953125,-0.025390625,0.0,0.0,0.0
1865643807,1491236,0,1.009765625,-0.029296875,0.005859375,-0.0234375,0.0,0.0,0.0
1865645059,1491237,0,1.0078125,-0.029296875,-0.001953125,-0.03125,0.0,0.0,0.0
1865646310,1491238,0,1.01171875,-0.029296875,0.005859375,-0.0234375,0.0,0.0,0.0
1865647562,1491239,0,1.005859375,-0.029296875,0.001953125,-0.02734375,0.0,0.0,0.0
1865648812,1491240,0,1.005859375,-0.03125,0.0078125,-0.0234375,0.0,0.0,0.0
1865650064,1491241,0,1.001953125,-0.02734375,-0.001953125,-0.029296875,0.0,0.0,0.0
1865651314,1491242,0,0.994140625,-0.02734375,0.0,-0.02734375,0.0,0.0,0.0
1865652565,1491243,0,1.00390625,-0.0234375,0.0078125,-0.015625,0.0,0.0,0.0
1865653816,1491244,0,1.0078125,-0.025390625,0.0,-0.025390625,0.0,0.0,0.0
1865655066,1491245,0,1.0,-0.0234375,0.00390625,-0.01953125,0.0,0.0,0.0
1865656317,1491246,0,1.0078125,-0.01953125,0.0078125,-0.01171875,0.0,0.0,0.0
1865657569,1491247,0,1.0,-0.0234375,0.005859375,-0.017578125,0.0,0.0,0.0
1865658819,1491248,0,1.00390625,-0.015625,0.00390625,-0.01171875,0.0,0.0,0.0
1865660070,1491249,0,1.001953125,-0.01171875,0.0,-0.01171875,0.0,0.0,0.0
1865661321,1491250,0,1.00390625,-0.01171875,-0.00390625,-0.015625,0.0,0.0,0.0
1865662571,1491251,0,1.0,-0.013671875,0.00390625,-0.009765625,0.0,0.0,0.0
1865663822,1491252,0,1.0,-0.01171875,0.0,-0.01171875,0.0,0.0,0.0
1865665074,1491253,0,1.001953125,-0.005859375,0.001953125,-0.00390625,0.0,0.0,0.0
1865666324,1491254,0,0.998046875,-0.013671875,-0.005859375,-0.01953125,0.0,0.0,0.0
1865667575,1491255,0,0.99609375,-0.00390625,-0.00390625,-0.0078125,0.0,0.0,0.0
1865668827,1491256,0,1.009765625,0.001953125,0.00390625,0.005859375,0.0,0.0,0.0
1865670077,1491257,0,1.005859375,0.001953125,0.0,0.001953125,0.0,0.0,0.0
1865671328,1491258,0,1.0,0.009765625,-0.00390625,0.005859375,0.0,0.0,0.0
1865672580,1491259,0,0.998046875,0.001953125,-0.00390625,-0.001953125,0.0,0.0,0.0
1865673832,1491260,0,1.009765625,0.001953125,-0.00390625,-0.001953125,0.0,0.0,0.0
1865675082,1491261,0,1.001953125,0.01171875,-0.00390625,0.0078125,0.0,0.0,0.0
1865676333,1491262,0,1.0,0.0078125,-0.009765625,-0.001953125,0.0,0.0,0.0
1865677585,1491263,0,1.001953125,0.0078125,-0.005859375,0.001953125,0.0,0.0,0.0
1865678835,1491264,0,0.998046875,0.009765625,-0.00390625,0.005859375,0.0,0.0,0.0
1865680086,1491265,0,1.0,0.0078125,-0.0078125,0.0,0.0,0.0,0.0
1865681338,1491266,0,1.001953125,0.005859375,-0.00390625,0.001953125,0.0,0.0,0.0
1865682589,1491267,0,1.00390625,0.0078125,-0.005859375,0.001953125,0.0,0.0,0.0
1865683840,1491268,0,1.001953125,0.0078125,-0.00390625,0.00390625,0.0,0.0,0.0
1865685092,1491269,0,1.005859375,0.015625,-0.005859375,0.009765625,0.0,0.0,0.0
1865686343,1491270,0,1.001953125,0.009765625,-0.005859375,0.00390625,0.0,0.0,0.0
1865687594,1491271,0,1.001953125,0.0078125,-0.009765625,-0.001953125,0.0,0.0,0.0
1865688845,1491272,0,1.00390625,0.009765625,-0.001953125,0.0078125,0.0,0.0,0.0
1865690096,1491273,0,1.0,0.0078125,-0.013671875,-0.005859375,0.0,0.0,0.0
1865691346,1491274,0,0.998046875,0.005859375,-0.00390625,0.001953125,0.0,0.0,0.0
1865692598,1491275,0,0.998046875,0.0,-0.001953125,-0.001953125,0.0,0.0,0.0
1865693849,1491276,0,0.998046875,0.00390625,-0.001953125,0.001953125,0.0,0.0,0.0
1865695099,1491277,0,1.0078125,-0.001953125,0.0,-0.001953125,0.0,0.0,0.0
1865696350,1491278,0,1.005859375,0.0,-0.009765625,-0.009765625,0.0,0.0,0.0
1865697601,1491279,0,1.005859375,-0.00390625,-0.005859375,-0.009765625,0.0,0.0,0.0
1865698852,1491280,0,1.0078125,-0.005859375,-0.0078125,-0.013671875,0.0,0.0,0.0
1865700103,1491281,0,0.99609375,-0.005859375,-0.00390625,-0.009765625,0.0,0.0,0.0
1865701354,1491282,0,1.00390625,-0.005859375,-0.00390625,-0.009765625,0.0,0.0,0.0
1865702605,1491283,0,1.005859375,-0.015625,-0.00390625,-0.01953125,0.0,0.0,0.0
1865703855,1491284,0,1.0078125,-0.017578125,-0.00390625,-0.021484375,0.0,0.0,0.0
1865705107,1491285,0,1.009765625,-0.013671875,-0.001953125,-0.015625,0.0,0.0,0.0
1865706357,1491286,0,1.009765625,-0.01953125,-0.005859375,-0.025390625,0.0,0.0,0.0
1865707607,1491287,0,1.00390625,-0.01953125,-0.001953125,-0.021484375,0.0,0.0,0.0
1865708859,1491288,0,1.00390625,-0.01953125,0.001953125,-0.017578125,0.0,0.0,0.0
1865710109,1491289,0,1.005859375,-0.01953125,-0.001953125,-0.021484375,0.0,0.0,0.0
1865711361,1491290,0,1.00390625,-0.0234375,-0.001953125,-0.025390625,0.0,0.0,0.0
1865712611,1491291,0,1.0,-0.021484375,-0.001953125,-0.0234375,0.0,0.0,0.0
1865713861,1491292,0,1.0078125,-0.025390625,0.001953125,-0.0234375,0.0,0.0,0.0
1865715113,1491293,0,1.005859375,-0.0234375,0.0078125,-0.015625,0.0,0.0,0.0
1865716364,1491294,0,1.001953125,-0.0234375,-0.001953125,-0.025390625,0.0,0.0,0.0
1865717616,1491295,0,1.0078125,-0.025390625,-0.001953125,-0.02734375,0.0,0.0,0.0
1865718866,1491296,0,1.005859375,-0.021484375,0.01171875,-0.009765625,0.0,0.0,0.0
1865720118,1491297,0,1.005859375,-0.021484375,0.01171875,-0.009765625,0.0,0.0,0.0
1865721368,1491298,0,1.005859375,-0.025390625,0.001953125,-0.0234375,0.0,0.0,0.0
1865722619,1491299,0,1.013671875,-0.021484375,-0.001953125,-0.0234375,0.0,0.0,0.0
1865723869,1491300,0,1.005859375,-0.0234375,0.00390625,-0.01953125,0.0,0.0,0.0
1865725119,1491301,0,1.005859375,-0.021484375,-0.00390625,-0.025390625,0.0,0.0,0.0
1865726371,1491302,0,1.0,-0.025390625,0.0,-0.025390625,0.0,0.0,0.0
1865727622,1491303,0,0.998046875,-0.013671875,0.0,-0.013671875,0.0,0.0,0.0
1865728874,1491304,0,1.005859375,-0.017578125,0.0,-0.017578125,0.0,0.0,0.0
1865730124,1491305,0,1.009765625,-0.015625,0.00390625,-0.01171875,0.0,0.0,0.0
1865731375,1491306,0,1.0,-0.01171875,0.00390625,-0.0078125,0.0,0.0,0.0
1865732625,1491307,0,1.001953125,-0.013671875,-0.001953125,-0.015625,0.0,0.0,0.0
1865733877,1491308,0,1.005859375,-0.01171875,0.0,-0.01171875,0.0,0.0,0.0
1865735127,1491309,0,1.0,-0.005859375,0.001953125,-0.00390625,0.0,0.0,0.0
1865736377,1491310,0,1.001953125,-0.01171875,0.00390625,-0.0078125,0.0,0.0,0.0
1865737629,1491311,0,1.0078125,-0.00390625,-0.001953125,-0.005859375,0.0,0.0,0.0
1865738879,1491312,0,0.998046875,-0.0078125,-0.001953125,-0.009765625,0.0,0.0,0.0
1865740130,1491313,0,1.005859375,0.0,0.001953125,0.001953125,0.0,0.0,0.0
1865741381,1491314,0,1.005859375,0.001953125,-0.00390625,-0.001953125,0.0,0.0,0.0
1865742631,1491315,0,1.005859375,-0.001953125,-0.001953125,-0.00390625,0.0,0.0,0.0
1865743882,1491316,0,1.001953125,-0.001953125,-0.001953125,-0.00390625,0.0,0.0,0.0
1865745133,1491317,0,1.0078125,0.005859375,0.005859375,0.01171875,0.0,0.0,0.0
1865746384,1491318,0,1.013671875,0.0,-0.00390625,-0.00390625,0.0,0.0,0.0
1865747635,1491319,0,1.001953125,0.00390625,0.001953125,0.005859375,0.0,0.0,0.0
1865748885,1491320,0,0.998046875,0.0,-0.0078125,-0.0078125,0.0,0.0,0.0
1865750136,1491321,0,0.998046875,0.005859375,-0.017578125,-0.01171875,0.0,0.0,0.0
1865751387,1491322,0,1.0,0.0078125,-0.0078125,0.0,0.0,0.0,0.0
1865752638,1491323,0,1.001953125,0.001953125,-0.00390625,-0.001953125,0.0,0.0,0.0
1865753889,1491324,0,1.00390625,0.001953125,-0.009765625,-0.0078125,0.0,0.0,0.0
1865755140,1491325,0,1.0078125,0.0,-0.0078125,-0.0078125,0.0,0.0,0.0
1865756392,1491326,0,1.0,0.005859375,-0.0078125,-0.001953125,0.0,0.0,0.0
1865757642,1491327,0,1.00390625,0.0,-0.001953125,-0.001953125,0.0,0.0,0.0
1865758894,1491328,0,1.00390625,0.001953125,-0.005859375,-0.00390625,0.0,0.0,0.0
1865760145,1491329,0,0.998046875,0.00390625,-0.0078125,-0.00390625,0.0,0.0,0.0
1865761395,1491330,0,1.009765625,0.001953125,-0.001953125,0.0,0.0,0.0,0.0
1865762646,1491331,0,1.0078125,0.0,-0.001953125,-0.001953125,0.0,0.0,0.0
1865763898,1491332,0,1.0,-0.00390625,-0.0078125,-0.01171875,0.0,0.0,0.0
1865765149,1491333,0,1.00390625,-0.00390625,-0.00390625,-0.0078125,0.0,0.0,0.0
1865766400,1491334,0,1.01171875,-0.0078125,-0.00390625,-0.01171875,0.0,0.0,0.0
1865767651,1491335,0,1.00390625,-0.01171875,-0.00390625,-0.015625,0.0,0.0,0.0
1865768902,1491336,0,0.998046875,-0.005859375,-0.005859375,-0.01171875,0.0,0.0,0.0
1865770154,1491337,0,1.001953125,-0.005859375,-0.00390625,-0.009765625,0.0,0.0,0.0
1865771405,1491338,0,1.0078125,-0.015625,-0.0078125,-0.0234375,0.0,0.0,0.0
1865772657,1491339,0,1.00390625,-0.01171875,-0.0078125,-0.01953125,0.0,0.0,0.0
1865773907,1491340,0,1.0078125,-0.005859375,-0.001953125,-0.0078125,0.0,0.0,0.0
1865775158,1491341,0,1.0078125,-0.013671875,-0.001953125,-0.015625,0.0,0.0,0.0
1865776409,1491342,0,0.994140625,-0.013671875,0.0,-0.013671875,0.0,0.0,0.0
1865777660,1491343,0,1.001953125,-0.01171875,0.001953125,-0.009765625,0.0,0.0,0.0
1865778911,1491344,0,1.001953125,-0.013671875,-0.001953125,-0.015625,0.0,0.0,0.0
1865780161,1491345,0,1.009765625,-0.01953125,-0.00390625,-0.0234375,0.0,0.0,0.0
1865781412,1491346,0,1.001953125,-0.017578125,0.0,-0.017578125,0.0,0.0,0.0
1865782664,1491347,0,0.998046875,-0.01171875,-0.0078125,-0.01953125,0.0,0.0,0.0
1865783915,1491348,0,1.001953125,-0.01953125,0.0,-0.01953125,0.0,0.0,-18.666828155517578
1865786417,1491350,0,1.001953125,-0.01953125,0.0,-0.01953125,0.0,0.0,0.0
1865787668,1491351,0,1.00390625,-0.015625,0.0,-0.015625,0.0,0.0,0.0
1865788920,1491352,0,1.00390625,-0.01953125,-0.0078125,-0.02734375,0.0,0.0,0.0
1865790172,1491353,0,1.005859375,-0.015625,0.00390625,-0.01171875,0.0,0.0,0.0
1865791422,1491354,0,1.00390625,-0.017578125,0.00390625,-0.013671875,0.0,0.0,0.0
1865792673,1491355,0,1.00390625,-0.021484375,0.0078125,-0.013671875,0.0,0.0,0.0
1865793924,1491356,0,1.00390625,-0.015625,0.001953125,-0.013671875,0.0,0.0,0.0
1865795174,1491357,0,1.00390625,-0.015625,0.009765625,-0.005859375,0.0,0.0,0.0
1865796425,1491358,0,1.00390625,-0.013671875,0.001953125,-0.01171875,0.0,0.0,0.0
1865797676,1491359,0,1.01171875,-0.009765625,0.005859375,-0.00390625,0.0,0.0,0.0
1865798927,1491360,0,1.005859375,-0.009765625,0.0078125,-0.001953125,0.0,0.0,0.0
1865800177,1491361,0,0.99609375,-0.01171875,0.001953125,-0.009765625,0.0,0.0,0.0
1865801427,1491362,0,1.013671875,-0.013671875,0.001953125,-0.01171875,0.0,0.0,0.0
1865802679,1491363,0,1.0078125,-0.013671875,0.009765625,-0.00390625,0.0,0.0,0.0
1865803929,1491364,0,0.998046875,-0.005859375,0.005859375,0.0,0.0,0.0,0.0
1865805179,1491365,0,1.00390625,-0.005859375,0.001953125,-0.00390625,0.0,0.0,0.0
1865806431,1491366,0,1.001953125,-0.00390625,0.001953125,-0.001953125,0.0,0.0,0.0
1865807681,1491367,0,1.0,-0.001953125,-0.001953125,-0.00390625,0.0,0.0,0.0
1865808932,1491368,0,1.00390625,-0.005859375,-0.001953125,-0.0078125,0.0,0.0,0.0
1865810182,1491369,0,1.00390625,-0.00390625,-0.001953125,-0.005859375,0.0,0.0,0.0
1865811432,1491370,0,1.00390625,-0.005859375,0.00390625,-0.001953125,0.0,0.0,0.0
1865812684,1491371,0,1.00390625,-0.00390625,-0.001953125,-0.005859375,0.0,0.0,0.0
1865813934,1491372,0,1.005859375,-0.001953125,0.0,-0.001953125,0.0,0.0,0.0
1865815184,1491373,0,0.99609375,0.0,0.00390625,0.00390625,0.0,0.0,0.0
1865816436,1491374,0,1.005859375,0.001953125,-0.005859375,-0.00390625,0.0,0.0,0.0
1865817686,1491375,0,1.0078125,-0.00390625,-0.00390625,-0.0078125,0.0,0.0,0.0
1865818937,1491376,0,1.00390625,-0.001953125,-0.005859375,-0.0078125,0.0,0.0,0.0
1865820188,1491377,0,1.005859375,0.001953125,-0.015625,-0.013671875,0.0,0.0,0.0
1865821439,1491378,0,1.005859375,-0.001953125,-0.009765625,-0.01171875,0.0,0.0,0.0
1865822691,1491379,0,1.00390625,0.00390625,-0.017578125,-0.013671875,0.0,0.0,0.0
1865823942,1491380,0,0.99609375,-0.001953125,-0.00390625,-0.005859375,0.0,0.0,0.0
1865825192,1491381,0,1.005859375,-0.001953125,-0.005859375,-0.0078125,0.0,0.0,0.0
1865826443,1491382,0,1.015625,-0.001953125,-0.013671875,-0.015625,0.0,0.0,0.0
1865827695,1491383,0,1.001953125,-0.001953125,-0.015625,-0.017578125,0.0,0.0,0.0
1865828945,1491384,0,1.0,-0.00390625,-0.017578125,-0.021484375,0.0,0.0,0.0
1865830197,1491385,0,1.0078125,-0.00390625,-0.01171875,-0.015625,0.0,0.0,0.0
1865831448,1491386,0,1.0078125,-0.005859375,-0.0078125,-0.013671875,0.0,0.0,0.0
1865832698,1491387,0,1.0078125,-0.005859375,-0.01171875,-0.017578125,0.0,0.0,0.0
1865833949,1491388,0,1.001953125,-0.005859375,-0.00390625,-0.009765625,0.0,0.0,0.0
1865835199,1491389,0,0.99609375,-0.001953125,-0.001953125,-0.00390625,0.0,0.0,0.0
1865836449,1491390,0,1.005859375,-0.01171875,-0.01171875,-0.0234375,0.0,0.0,0.0
1865837701,1491391,0,1.009765625,-0.0078125,-0.015625,-0.0234375,0.0,0.0,0.0
1865838951,1491392,0,1.005859375,-0.009765625,-0.01171875,-0.021484375,0.0,0.0,0.0
1865840202,1491393,0,1.001953125,-0.0078125,-0.00390625,-0.01171875,0.0,0.0,0.0
1865841453,1491394,0,1.0078125,-0.009765625,-0.001953125,-0.01171875,0.0,0.0,0.0
1865842704,1491395,0,1.001953125,-0.01171875,-0.01171875,-0.0234375,0.0,0.0,0.0
1865843954,1491396,0,1.001953125,-0.009765625,0.0,-0.009765625,0.0,0.0,0.0
1865845205,1491397,0,1.00390625,-0.013671875,-0.00390625,-0.017578125,0.0,0.0,0.0
1865846457,1491398,0,1.005859375,-0.015625,-0.01171875,-0.02734375,0.0,0.0,0.0
1865847707,1491399,0,1.009765625,-0.013671875,-0.0078125,-0.021484375,0.0,0.0,0.0
1865848959,1491400,0,1.001953125,-0.01171875,-0.00390625,-0.015625,0.0,0.0,0.0
1865850209,1491401,0,1.005859375,-0.017578125,-0.0078125,-0.025390625,0.0,0.0,0.0
1865851460,1491402,0,1.01171875,-0.013671875,-0.001953125,-0.015625,0.0,0.0,0.0
1865852711,1491403,0,1.001953125,-0.013671875,-0.0078125,-0.021484375,0.0,0.0,0.0
1865853961,1491404,0,1.0078125,-0.013671875,0.0078125,-0.005859375,0.0,0.0,0.0
1865855211,1491405,0,1.001953125,-0.0078125,-0.001953125,-0.009765625,0.0,0.0,0.0
1865856461,1491406,0,1.005859375,-0.01171875,0.0,-0.01171875,0.0,0.0,0.0
1865857712,1491407,0,1.001953125,-0.013671875,0.0,-0.013671875,0.0,0.0,0.0
1865858962,1491408,0,1.005859375,-0.01171875,0.001953125,-0.009765625,0.0,0.0,0.0
1865860212,1491409,0,1.001953125,-0.015625,0.005859375,-0.009765625,0.0,0.0,0.0
1865861463,1491410,0,1.005859375,-0.013671875,0.01171875,-0.001953125,0.0,0.0,0.0
1865862713,1491411,0,1.00390625,-0.0078125,-0.00390625,-0.01171875,0.0,0.0,0.0
1865863965,1491412,0,1.0,-0.01171875,0.001953125,-0.009765625,0.0,0.0,0.0
1865865216,1491413,0,1.001953125,-0.009765625,0.0078125,-0.001953125,0.0,0.0,0.0
1865866468,1491414,0,1.001953125,-0.009765625,0.01171875,0.001953125,0.0,0.0,0.0
1865867718,1491415,0,1.005859375,-0.01171875,0.00390625,-0.0078125,0.0,0.0,0.0
1865868970,1491416,0,1.005859375,-0.01171875,0.001953125,-0.009765625,0.0,0.0,0.0
1865870221,1491417,0,1.0,-0.009765625,0.0,-0.009765625,0.0,0.0,0.0
1865871471,1491418,0,1.005859375,-0.005859375,0.001953125,-0.00390625,0.0,0.0,0.0
1865872722,1491419,0,1.00390625,-0.005859375,-0.001953125,-0.0078125,0.0,0.0,0.0
1865873973,1491420,0,1.0078125,-0.00390625,0.0,-0.00390625,0.0,0.0,0.0
1865875225,1491421,0,1.0,0.0,0.001953125,0.001953125,0.0,0.0,0.0
1865876477,1491422,0,1.005859375,-0.00390625,0.00390625,0.0,0.0,0.0,0.0
1865877728,1491423,0,0.998046875,-0.005859375,-0.009765625,-0.015625,0.0,0.0,0.0
1865878978,1491424,0,1.005859375,0.001953125,0.0,0.001953125,0.0,0.0,0.0
1865880229,1491425,0,1.009765625,0.0,-0.005859375,-0.005859375,0.0,0.0,0.0
1865881481,1491426,0,1.0,-0.01171875,-0.001953125,-0.013671875,0.0,0.0,0.0
1865882731,1491427,0,1.001953125,-0.005859375,0.0,-0.005859375,0.0,0.0,0.0
1865883982,1491428,0,1.005859375,-0.00390625,-0.001953125,-0.005859375,0.0,0.0,0.0
1865885233,1491429,0,1.0078125,-0.001953125,-0.001953125,-0.00390625,0.0,0.0,0.0
1865886483,1491430,0,1.00390625,-0.001953125,0.0,-0.001953125,0.0,0.0,0.0
1865887734,1491431,0,1.0078125,-0.005859375,-0.00390625,-0.009765625,0.0,0.0,0.0
1865888984,1491432,0,1.005859375,-0.00390625,-0.00390625,-0.0078125,0.0,0.0,0.0
1865890235,1491433,0,1.005859375,-0.001953125,-0.005859375,-0.0078125,0.0,0.0,0.0
1865891486,1491434,0,1.005859375,-0.001953125,-0.00390625,-0.005859375,0.0,0.0,0.0
1865892736,1491435,0,1.00390625,-0.00390625,-0.01171875,-0.015625,0.0,0.0,0.0
1865893987,1491436,0,1.005859375,0.0,-0.01171875,-0.01171875,0.0,0.0,0.0
1865895238,1491437,0,1.0078125,-0.00390625,-0.005859375,-0.009765625,0.0,0.0,0.0
1865896489,1491438,0,1.005859375,-0.00390625,-0.0078125,-0.01171875,0.0,0.0,0.0
1865897739,1491439,0,1.00390625,-0.0078125,-0.005859375,-0.013671875,0.0,0.0,0.0
1865898990,1491440,0,1.001953125,-0.005859375,-0.005859375,-0.01171875,0.0,0.0,0.0
1865900241,1491441,0,1.0078125,-0.001953125,-0.005859375,-0.0078125,0.0,0.0,0.0
1865901492,1491442,0,1.005859375,-0.0078125,-0.0078125,-0.015625,0.0,0.0,0.0
1865902742,1491443,0,1.0,-0.00390625,-0.001953125,-0.005859375,0.0,0.0,0.0
1865903993,1491444,0,1.005859375,-0.005859375,-0.005859375,-0.01171875,0.0,0.0,0.0
1865905244,1491445,0,0.998046875,-0.00390625,-0.001953125,-0.005859375,0.0,0.0,0.0
1865906494,1491446,0,1.0078125,-0.005859375,-0.009765625,-0.015625,0.0,0.0,0.0
1865907746,1491447,0,1.00390625,-0.01171875,-0.001953125,-0.013671875,0.0,0.0,0.0
1865908997,1491448,0,0.998046875,-0.01171875,-0.015625,-0.02734375,0.0,0.0,0.0
1865910248,1491449,0,1.009765625,-0.0078125,-0.005859375,-0.013671875,0.0,0.0,0.0
1865911499,1491450,0,1.0,-0.0078125,0.0,-0.0078125,0.0,0.0,0.0
1865912750,1491451,0,1.005859375,-0.009765625,-0.00390625,-0.013671875,0.0,0.0,0.0
1865914001,1491452,0,1.00390625,-0.017578125,-0.005859375,-0.0234375,0.0,0.0,0.0
1865915252,1491453,0,1.005859375,-0.015625,-0.005859375,-0.021484375,0.0,0.0,0.0
1865916502,1491454,0,1.001953125,-0.009765625,-0.00390625,-0.013671875,0.0,0.0,0.0
1865917753,1491455,0,1.00390625,-0.01171875,-0.00390625,-0.015625,0.0,0.0,0.0
1865919004,1491456,0,1.005859375,-0.013671875,-0.00390625,-0.017578125,0.0,0.0,0.0
1865920255,1491457,0,1.001953125,-0.01171875,-0.001953125,-0.013671875,0.0,0.0,0.0
1865921505,1491458,0,1.0,-0.013671875,0.0,-0.013671875,0.0,0.0,0.0
1865922756,1491459,0,1.001953125,-0.013671875,-0.001953125,-0.015625,0.0,0.0,0.0
1865924008,1491460,0,1.001953125,-0.009765625,0.0,-0.009765625,0.0,0.0,0.0
1865925258,1491461,0,1.00390625,-0.01171875,0.0,-0.01171875,0.0,0.0,0.0
1865926509,1491462,0,1.009765625,-0.01171875,0.0,-0.01171875,0.0,0.0,0.0
1865927759,1491463,0,1.005859375,-0.017578125,-0.005859375,-0.0234375,0.0,0.0,0.0
1865929010,1491464,0,0.990234375,-0.005859375,0.0,-0.005859375,0.0,0.0,0.0
1865930261,1491465,0,1.005859375,-0.009765625,0.001953125,-0.0078125,0.0,0.0,0.0
1865931513,1491466,0,1.009765625,-0.015625,0.005859375,-0.009765625,0.0,0.0,0.0
1865932764,1491467,0,1.0,-0.009765625,-0.00390625,-0.013671875,0.0,0.0,0.0
1865934015,1491468,0,1.005859375,-0.009765625,-0.00390625,-0.013671875,0.0,0.0,0.0
1865935270,1491469,0,1.009765625,-0.0078125,0.005859375,-0.001953125,0.0,0.0,0.0
1865936521,1491470,0,1.005859375,-0.0078125,0.0,-0.0078125,0.0,0.0,0.0
1865937772,1491471,0,0.99609375,-0.009765625,0.0078125,-0.001953125,0.0,0.0,0.0
1865939024,1491472,0,1.001953125,-0.005859375,0.00390625,-0.001953125,0.0,0.0,0.0
1865940275,1491473,0,1.001953125,-0.00390625,0.0,-0.00390625,0.0,0.0,0.0
1865941527,1491474,0,1.0,-0.00390625,0.00390625,0.0,0.0,0.0,0.0
1865942778,1491475,0,1.00390625,-0.0078125,-0.001953125,-0.009765625,0.0,0.0,0.0
1865944028,1491476,0,1.005859375,-0.001953125,0.00390625,0.001953125,0.0,0.0,0.0
1865945279,1491477,0,1.001953125,-0.005859375,-0.00390625,-0.009765625,0.0,0.0,0.0
1865946530,1491478,0,1.005859375,-0.001953125,0.0,-0.001953125,0.0,0.0,0.0
1865947782,1491479,0,0.998046875,-0.005859375,0.0,-0.005859375,0.0,0.0,0.0
1865949032,1491480,0,1.01171875,-0.005859375,-0.00390625,-0.009765625,0.0,0.0,0.0
1865950282,1491481,0,1.005859375,-0.001953125,-0.0078125,-0.009765625,0.0,0.0,0.0
1865951532,1491482,0,1.001953125,-0.00390625,-0.00390625,-0.0078125,0.0,0.0,0.0
1865952783,1491483,0,1.005859375,-0.005859375,-0.001953125,-0.0078125,0.0,0.0,0.0
1865954034,1491484,0,1.0078125,-0.00390625,-0.00390625,-0.0078125,0.0,0.0,0.0
1865955285,1491485,0,1.0,0.0,-0.001953125,-0.001953125,0.0,0.0,0.0
1865956537,1491486,0,0.998046875,0.0,-0.005859375,-0.005859375,0.0,0.0,0.0
1865957789,1491487,0,1.005859375,-0.005859375,-0.00390625,-0.009765625,0.0,0.0,0.0
1865959039,1491488,0,1.0,-0.00390625,0.0,-0.00390625,0.0,0.0,0.0
1865960290,1491489,0,0.99609375,-0.001953125,-0.005859375,-0.0078125,0.0,0.0,0.0
1865961541,1491490,0,0.99609375,-0.0078125,-0.005859375,-0.013671875,0.0,0.0,0.0
1865962792,1491491,0,1.00390625,-0.0078125,-0.005859375,-0.013671875,0.0,0.0,0.0
1865964042,1491492,0,1.005859375,-0.005859375,-0.00390625,-0.009765625,0.0,0.0,0.0
1865965294,1491493,0,1.001953125,-0.009765625,-0.001953125,-0.01171875,0.0,0.0,0.0
1865966545,1491494,0,1.001953125,-0.01171875,-0.005859375,-0.017578125,0.0,0.0,0.0
1865967795,1491495,0,1.0078125,-0.00390625,-0.005859375,-0.009765625,0.0,0.0,0.0
1865969047,1491496,0,1.00390625,-0.009765625,-0.005859375,-0.015625,0.0,0.0,0.0
1865970298,1491497,0,1.005859375,-0.009765625,-0.00390625,-0.013671875,0.0,0.0,0.0
1865971549,1491498,0,1.0078125,-0.01171875,-0.001953125,-0.013671875,0.0,0.0,0.0
1865972800,1491499,0,1.005859375,-0.0078125,-0.00390625,-0.01171875,0.0,0.0,0.0
1865974050,1491500,0,1.001953125,-0.0078125,-0.0078125,-0.015625,0.0,0.0,0.0
1865975301,1491501,0,1.0,-0.005859375,-0.009765625,-0.015625,0.0,0.0,0.0
1865976552,1491502,0,1.001953125,-0.0078125,-0.00390625,-0.01171875,0.0,0.0,0.0
1865977803,1491503,0,1.0078125,-0.015625,0.0,-0.015625,0.0,0.0,0.0
1865979053,1491504,0,1.01171875,-0.015625,-0.005859375,-0.021484375,0.0,0.0,0.0
1865980305,1491505,0,1.005859375,-0.0078125,0.0,-0.0078125,0.0,0.0,0.0
1865981557,1491506,0,1.0,-0.01171875,0.0,-0.01171875,0.0,0.0,0.0
1865982808,1491507,0,0.994140625,-0.009765625,-0.00390625,-0.013671875,0.0,0.0,0.0
1865984059,1491508,0,1.0078125,-0.015625,-0.00390625,-0.01953125,0.0,0.0,0.0
1865985310,1491509,0,1.001953125,-0.021484375,-0.005859375,-0.02734375,0.0,0.0,0.0
1865986562,1491510,0,1.00390625,-0.017578125,-0.00390625,-0.021484375,0.0,0.0,0.0
1865987812,1491511,0,1.00390625,-0.009765625,-0.001953125,-0.01171875,0.0,0.0,0.0
1865989064,1491512,0,1.00390625,-0.0078125,-0.001953125,-0.009765625,0.0,0.0,0.0
1865990314,1491513,0,1.00390625,-0.013671875,-0.0078125,-0.021484375,0.0,0.0,0.0
1865991565,1491514,0,1.01171875,-0.013671875,0.0,-0.013671875,0.0,0.0,0.0
1865992816,1491515,0,1.0078125,-0.017578125,0.00390625,-0.013671875,0.0,0.0,0.0
1865994066,1491516,0,1.005859375,-0.005859375,-0.00390625,-0.009765625,0.0,0.0,0.0
1865995317,1491517,0,1.005859375,-0.013671875,0.0,-0.013671875,0.0,0.0,0.0
1865996569,1491518,0,1.005859375,-0.0078125,0.001953125,-0.005859375,0.0,0.0,0.0
1865997819,1491519,0,1.0078125,-0.013671875,-0.00390625,-0.017578125,0.0,0.0,0.0
1865999070,1491520,0,1.005859375,-0.005859375,-0.001953125,-0.0078125,0.0,0.0,0.0
1866000321,1491521,0,1.0078125,-0.01171875,0.001953125,-0.009765625,0.0,0.0,0.0
1866001571,1491522,0,1.001953125,-0.009765625,-0.001953125,-0.01171875,0.0,0.0,0.0
1866002822,1491523,0,1.00390625,-0.005859375,0.001953125,-0.00390625,0.0,0.0,0.0
1866004074,1491524,0,1.005859375,-0.005859375,-0.00390625,-0.009765625,0.0,0.0,0.0
1866005324,1491525,0,1.001953125,-0.005859375,0.00390625,-0.001953125,0.0,0.0,0.0
1866006575,1491526,0,1.0078125,-0.0078125,0.00390625,-0.00390625,0.0,0.0,0.0
1866007827,1491527,0,1.00390625,-0.01171875,0.0,-0.01171875,0.0,0.0,0.0
1866009077,1491528,0,1.00390625,-0.00390625,0.00390625,0.0,0.0,0.0,0.0
1866010328,1491529,0,1.00390625,-0.00390625,0.0,-0.00390625,0.0,0.0,0.0
1866011580,1491530,0,1.005859375,-0.01171875,0.0,-0.01171875,0.0,0.0,0.0
1866012832,1491531,0,0.998046875,-0.00390625,-0.00390625,-0.0078125,0.0,0.0,0.0
1866014082,1491532,0,1.01171875,-0.009765625,-0.001953125,-0.01171875,0.0,0.0,0.0
1866015333,1491533,0,1.0,-0.013671875,-0.001953125,-0.015625,0.0,0.0,0.0
1866016585,1491534,0,1.0078125,-0.009765625,0.0078125,-0.001953125,0.0,0.0,0.0
1866017835,1491535,0,0.99609375,0.0,-0.001953125,-0.001953125,0.0,0.0,0.0
1866019086,1491536,0,1.005859375,-0.0078125,-0.001953125,-0.009765625,0.0,0.0,0.0
1866020338,1491537,0,1.00390625,-0.009765625,0.00390625,-0.005859375,0.0,0.0,0.0
1866021589,1491538,0,1.00390625,-0.0078125,0.001953125,-0.005859375,0.0,0.0,0.0
1866022840,1491539,0,1.001953125,-0.0078125,0.00390625,-0.00390625,0.0,0.0,0.0
1866024092,1491540,0,1.001953125,-0.005859375,-0.001953125,-0.0078125,0.0,0.0,0.0
1866025343,1491541,0,1.001953125,-0.0078125,0.0,-0.0078125,0.0,0.0,0.0
1866026594,1491542,0,1.005859375,-0.009765625,-0.005859375,-0.015625,0.0,0.0,0.0
1866027845,1491543,0,1.00390625,-0.009765625,-0.001953125,-0.01171875,0.0,0.0,0.0
1866029096,1491544,0,1.005859375,-0.0078125,0.0,-0.0078125,0.0,0.0,0.0
1866030346,1491545,0,1.009765625,-0.005859375,0.00390625,-0.001953125,0.0,0.0,0.0
1866031598,1491546,0,1.009765625,-0.0078125,-0.01171875,-0.01953125,0.0,0.0,0.0
1866032849,1491547,0,1.0078125,-0.001953125,-0.0078125,-0.009765625,0.0,0.0,0.0
1866034099,1491548,0,1.0,-0.0078125,-0.013671875,-0.021484375,0.0,0.0,0.0
1866035350,1491549,0,1.0,-0.009765625,-0.009765625,-0.01953125,0.0,0.0,0.0
1866036601,1491550,0,1.0,-0.01171875,-0.009765625,-0.021484375,0.0,0.0,0.0
1866037852,1491551,0,1.00390625,-0.0078125,-0.01953125,-0.02734375,0.0,0.0,0.0
1866039103,1491552,0,1.00390625,-0.005859375,-0.001953125,-0.0078125,0.0,0.0,0.0
1866040354,1491553,0,1.001953125,-0.0078125,-0.005859375,-0.013671875,0.0,0.0,0.0
1866041605,1491554,0,1.015625,-0.001953125,-0.005859375,-0.0078125,0.0,0.0,0.0
1866042855,1491555,0,1.00390625,-0.005859375,-0.015625,-0.021484375,0.0,0.0,0.0
1866044107,1491556,0,1.0,-0.005859375,0.0,-0.005859375,0.0,0.0,0.0
1866045357,1491557,0,1.0078125,-0.0078125,-0.00390625,-0.01171875,0.0,0.0,0.0
1866046607,1491558,0,1.0078125,-0.0078125,-0.009765625,-0.017578125,0.0,0.0,0.0
1866047859,1491559,0,1.0,-0.0078125,-0.005859375,-0.013671875,0.0,0.0,0.0
1866049109,1491560,0,1.005859375,-0.005859375,-0.005859375,-0.01171875,0.0,0.0,0.0
1866050361,1491561,0,1.001953125,-0.009765625,-0.009765625,-0.01953125,0.0,0.0,0.0
1866051611,1491562,0,1.00390625,-0.0078125,-0.0078125,-0.015625,0.0,0.0,0.0
1866052861,1491563,0,1.0078125,-0.0078125,-0.005859375,-0.013671875,0.0,0.0,0.0
1866054113,1491564,0,1.005859375,-0.00390625,-0.00390625,-0.0078125,0.0,0.0,0.0
1866055364,1491565,0,0.998046875,-0.005859375,-0.009765625,-0.015625,0.0,0.0,0.0
1866056616,1491566,0,1.009765625,-0.009765625,-0.005859375,-0.015625,0.0,0.0,0.0
1866057866,1491567,0,1.005859375,-0.005859375,-0.001953125,-0.0078125,0.0,0.0,0.0
1866059118,1491568,0,1.0078125,-0.005859375,0.001953125,-0.00390625,0.0,0.0,0.0
1866060368,1491569,0,1.001953125,-0.009765625,-0.0078125,-0.017578125,0.0,0.0,0.0
1866061619,1491570,0,0.998046875,-0.01171875,-0.001953125,-0.013671875,0.0,0.0,0.0
1866062869,1491571,0,1.0078125,-0.00390625,0.0,-0.00390625,0.0,0.0,0.0
1866064119,1491572,0,1.01171875,-0.009765625,-0.00390625,-0.013671875,0.0,0.0,0.0
1866065371,1491573,0,1.001953125,-0.0078125,-0.001953125,-0.009765625,0.0,0.0,0.0
1866066622,1491574,0,1.013671875,-0.0078125,-0.001953125,-0.009765625,0.0,0.0,0.0
1866067874,1491575,0,1.0,-0.009765625,0.001953125,-0.0078125,0.0,0.0,0.0
1866069124,1491576,0,1.001953125,-0.005859375,-0.00390625,-0.009765625,0.0,0.0,0.0
1866070375,1491577,0,1.005859375,-0.005859375,0.0,-0.005859375,0.0,0.0,0.0
1866071625,1491578,0,1.005859375,-0.005859375,-0.001953125,-0.0078125,0.0,0.0,0.0
1866072877,1491579,0,1.0078125,0.0,0.0,0.0,0.0,0.0,0.0
1866074127,1491580,0,1.001953125,-0.00390625,-0.00390625,-0.0078125,0.0,0.0,0.0
1866075377,1491581,0,1.0078125,-0.0078125,0.0,-0.0078125,0.0,0.0,0.0
1866076629,1491582,0,1.0,-0.0078125,0.00390625,-0.00390625,0.0,0.0,0.0
1866077879,1491583,0,1.0,-0.0078125,0.0,-0.0078125,0.0,0.0,0.0
1866079130,1491584,0,1.001953125,-0.00390625,-0.001953125,-0.005859375,0.0,0.0,0.0
1866080381,1491585,0,1.00390625,-0.001953125,0.001953125,0.0,0.0,0.0,0.0
1866081631,1491586,0,1.00390625,-0.005859375,0.001953125,-0.00390625,0.0,0.0,0.0
1866082882,1491587,0,1.005859375,-0.00390625,-0.00390625,-0.0078125,0.0,0.0,0.0
1866084133,1491588,0,0.998046875,-0.00390625,-0.001953125,-0.005859375,0.0,0.0,0.0
1866085384,1491589,0,1.00390625,-0.001953125,0.001953125,0.0,0.0,0.0,0.0
1866086635,1491590,0,1.00390625,0.001953125,-0.009765625,-0.0078125,0.0,0.0,0.0
1866087885,1491591,0,1.0078125,-0.005859375,0.0,-0.005859375,0.0,0.0,0.0
1866089136,1491592,0,1.01171875,0.0,-0.005859375,-0.005859375,0.0,0.0,0.0
1866090387,1491593,0,1.001953125,-0.00390625,0.00390625,0.0,0.0,0.0,0.0
1866091638,1491594,0,1.01171875,-0.00390625,-0.00390625,-0.0078125,0.0,0.0,0.0
1866092889,1491595,0,0.998046875,-0.0078125,0.0,-0.0078125,0.0,0.0,0.0
1866094140,1491596,0,1.001953125,-0.005859375,-0.015625,-0.021484375,0.0,0.0,0.0
1866095392,1491597,0,1.005859375,-0.01171875,-0.009765625,-0.021484375,0.0,0.0,0.0
1866096642,1491598,0,0.998046875,-0.005859375,-0.00390625,-0.009765625,0.0,0.0,0.0
1866097894,1491599,0,1.001953125,-0.005859375,-0.00390625,-0.009765625,0.0,0.0,0.0
1866099145,1491600,0,1.001953125,-0.00390625,-0.00390625,-0.0078125,0.0,0.0,0.0
1866100395,1491601,0,1.00390625,-0.009765625,0.0,-0.009765625,0.0,0.0,0.0
1866101646,1491602,0,1.0078125,-0.005859375,-0.009765625,-0.015625,0.0,0.0,0.0
1866102898,1491603,0,1.009765625,-0.001953125,-0.001953125,-0.00390625,0.0,0.0,0.0
1866104149,1491604,0,1.001953125,-0.0078125,-0.00390625,-0.01171875,0.0,0.0,0.0
1866105400,1491605,0,1.00390625,-0.009765625,-0.001953125,-0.01171875,0.0,0.0,0.0
1866106651,1491606,0,1.005859375,-0.009765625,-0.013671875,-0.0234375,0.0,0.0,0.0
1866107902,1491607,0,1.001953125,-0.0078125,-0.0078125,-0.015625,0.0,0.0,0.0
1866109154,1491608,0,1.00390625,-0.009765625,-0.00390625,-0.013671875,0.0,0.0,0.0
1866110405,1491609,0,1.0078125,-0.0078125,-0.001953125,-0.009765625,0.0,0.0,0.0
1866111657,1491610,0,1.0,-0.01171875,0.0,-0.01171875,0.0,0.0,0.0
1866112907,1491611,0,1.005859375,-0.013671875,-0.00390625,-0.017578125,0.0,0.0,0.0
1866114158,1491612,0,1.001953125,-0.01171875,-0.00390625,-0.015625,0.0,0.0,0.0
1866115409,1491613,0,1.00390625,-0.01171875,-0.005859375,-0.017578125,0.0,0.0,0.0
1866116660,1491614,0,1.0078125,-0.017578125,-0.013671875,-0.03125,0.0,0.0,0.0
1866117911,1491615,0,1.005859375,-0.013671875,-0.00390625,-0.017578125,0.0,0.0,0.0
1866119161,1491616,0,1.015625,-0.005859375,0.00390625,-0.001953125,0.0,0.0,0.0
1866120412,1491617,0,1.00390625,-0.013671875,-0.001953125,-0.015625,0.0,0.0,0.0
1866121664,1491618,0,1.01171875,-0.009765625,-0.00390625,-0.013671875,0.0,0.0,0.0
1866122915,1491619,0,0.99609375,-0.01171875,0.00390625,-0.0078125,0.0,0.0,0.0
1866124166,1491620,0,1.001953125,-0.01171875,0.00390625,-0.0078125,0.0,0.0,0.0
1866125417,1491621,0,1.00390625,-0.001953125,0.0,-0.001953125,0.0,0.0,0.0
1866126668,1491622,0,1.0078125,-0.009765625,-0.001953125,-0.01171875,0.0,0.0,0.0
1866127920,1491623,0,1.001953125,-0.009765625,0.0,-0.009765625,0.0,0.0,0.0
1866129172,1491624,0,0.998046875,-0.005859375,-0.001953125,-0.0078125,0.0,0.0,0.0
1866130422,1491625,0,1.00390625,-0.005859375,-0.00390625,-0.009765625,0.0,0.0,0.0
1866131673,1491626,0,1.0078125,-0.005859375,0.0,-0.005859375,0.0,0.0,0.0
1866132924,1491627,0,1.00390625,-0.005859375,-0.001953125,-0.0078125,0.0,0.0,0.0
1866134174,1491628,0,1.0,-0.005859375,0.001953125,-0.00390625,0.0,0.0,0.0
1866135425,1491629,0,1.005859375,-0.0078125,0.0,-0.0078125,0.0,0.0,0.0
1866136676,1491630,0,1.005859375,-0.005859375,-0.00390625,-0.009765625,0.0,0.0,0.0
1866137927,1491631,0,1.001953125,-0.00390625,-0.005859375,-0.009765625,0.0,0.0,0.0
1866139177,1491632,0,1.005859375,-0.00390625,-0.001953125,-0.005859375,0.0,0.0,0.0
1866140427,1491633,0,1.005859375,-0.00390625,-0.001953125,-0.005859375,0.0,0.0,0.0
1866141679,1491634,0,1.0,-0.005859375,-0.005859375,-0.01171875,0.0,0.0,0.0
1866142929,1491635,0,1.00390625,0.00390625,0.0,0.00390625,0.0,0.0,0.0
1866144179,1491636,0,1.00390625,-0.00390625,-0.009765625,-0.013671875,0.0,0.0,0.0
1866145431,1491637,0,0.998046875,-0.00390625,-0.005859375,-0.009765625,0.0,0.0,0.0
1866146681,1491638,0,0.9921875,-0.00390625,0.001953125,-0.001953125,0.0,0.0,0.0
1866147932,1491639,0,1.009765625,-0.005859375,-0.00390625,-0.009765625,0.0,0.0,0.0
1866149182,1491640,0,1.001953125,-0.00390625,-0.0078125,-0.01171875,0.0,0.0,0.0
1866150432,1491641,0,1.009765625,-0.0078125,0.001953125,-0.005859375,0.0,0.0,0.0
1866151684,1491642,0,1.001953125,-0.005859375,0.0,-0.005859375,0.0,0.0,0.0
1866152934,1491643,0,1.005859375,-0.00390625,0.0,-0.00390625,0.0,0.0,0.0
1866154184,1491644,0,0.998046875,-0.00390625,0.00390625,0.0,0.0,0.0,0.0
1866155436,1491645,0,1.00390625,-0.009765625,0.0,-0.009765625,0.0,0.0,0.0
1866156686,1491646,0,1.001953125,-0.005859375,-0.001953125,-0.0078125,0.0,0.0,0.0
1866157937,1491647,0,1.005859375,-0.01171875,0.0,-0.01171875,0.0,0.0,0.0
1866159188,1491648,0,1.00390625,-0.00390625,0.001953125,-0.001953125,0.0,0.0,0.0
1866160439,1491649,0,1.00390625,-0.005859375,-0.001953125,-0.0078125,0.0,0.0,0.0
1866161691,1491650,0,1.00390625,-0.0078125,-0.00390625,-0.01171875,0.0,0.0,0.0
1866162942,1491651,0,1.0078125,-0.009765625,-0.00390625,-0.013671875,0.0,0.0,0.0
1866164192,1491652,0,1.01171875,-0.0078125,-0.005859375,-0.013671875,0.0,0.0,0.0
1866165443,1491653,0,1.0,-0.01171875,-0.00390625,-0.015625,0.0,0.0,0.0
1866166695,1491654,0,1.009765625,-0.005859375,0.0,-0.005859375,0.0,0.0,0.0
1866167945,1491655,0,1.015625,-0.01171875,-0.00390625,-0.015625,0.0,0.0,0.0
1866169197,1491656,0,1.0,-0.013671875,-0.001953125,-0.015625,0.0,0.0,0.0
1866170448,1491657,0,1.001953125,-0.005859375,0.005859375,0.0,0.0,0.0,0.0
1866171698,1491658,0,1.0078125,-0.017578125,-0.00390625,-0.021484375,0.0,0.0,0.0
1866172949,1491659,0,1.0078125,-0.01171875,-0.001953125,-0.013671875,0.0,0.0,0.0
1866174199,1491660,0,1.001953125,-0.013671875,-0.00390625,-0.017578125,0.0,0.0,0.0
1866175449,1491661,0,1.00390625,-0.009765625,-0.00390625,-0.013671875,0.0,0.0,0.0
1866176701,1491662,0,1.0,-0.009765625,-0.001953125,-0.01171875,0.0,0.0,0.0
1866177951,1491663,0,1.005859375,-0.009765625,-0.001953125,-0.01171875,0.0,0.0,0.0
1866179202,1491664,0,1.0078125,-0.01171875,-0.001953125,-0.013671875,0.0,0.0,0.0
1866180453,1491665,0,1.005859375,-0.013671875,-0.005859375,-0.01953125,0.0,0.0,0.0
1866181704,1491666,0,1.0078125,-0.01171875,-0.001953125,-0.013671875,0.0,0.0,0.0
1866182954,1491667,0,1.001953125,-0.009765625,0.00390625,-0.005859375,0.0,0.0,0.0
1866184205,1491668,0,1.0078125,-0.01171875,-0.00390625,-0.015625,0.0,0.0,0.0
1866185457,1491669,0,1.009765625,-0.005859375,-0.005859375,-0.01171875,0.0,0.0,0.0
1866186707,1491670,0,1.00390625,-0.013671875,0.0,-0.013671875,0.0,0.0,0.0
1866187959,1491671,0,1.005859375,-0.01171875,0.001953125,-0.009765625,0.0,0.0,0.0
1866189209,1491672,0,1.0078125,-0.0078125,-0.00390625,-0.01171875,0.0,0.0,0.0
1866190460,1491673,0,1.005859375,-0.0078125,0.001953125,-0.005859375,0.0,0.0,0.0
1866191711,1491674,0,0.998046875,-0.013671875,0.0,-0.013671875,0.0,0.0,0.0
1866192961,1491675,0,1.001953125,-0.005859375,-0.00390625,-0.009765625,0.0,0.0,0.0
1866194211,1491676,0,1.00390625,-0.001953125,0.001953125,0.0,0.0,0.0,0.0
1866195461,1491677,0,1.00390625,-0.005859375,-0.005859375,-0.01171875,0.0,0.0,0.0
1866196712,1491678,0,0.9921875,-0.00390625,0.0,-0.00390625,0.0,0.0,0.0
1866197962,1491679,0,1.009765625,-0.00390625,-0.005859375,-0.009765625,0.0,0.0,0.0
1866199212,1491680,0,0.998046875,-0.0078125,0.00390625,-0.00390625,0.0,0.0,0.0
1866200463,1491681,0,1.001953125,-0.009765625,0.001953125,-0.0078125,0.0,0.0,0.0
1866201713,1491682,0,0.994140625,-0.00390625,0.005859375,0.001953125,0.0,0.0,0.0
1866202965,1491683,0,0.99609375,-0.005859375,-0.001953125,-0.0078125,0.0,0.0,0.0
1866204216,1491684,0,0.99609375,-0.00390625,-0.001953125,-0.005859375,0.0,0.0,0.0
1866205468,1491685,0,1.00390625,-0.005859375,0.0,-0.005859375,0.0,0.0,0.0
1866206718,1491686,0,1.005859375,-0.005859375,0.0,-0.005859375,0.0,0.0,0.0
1866207970,1491687,0,1.001953125,-0.005859375,-0.001953125,-0.0078125,0.0,0.0,0.0
1866209221,1491688,0,1.009765625,-0.001953125,0.0078125,0.005859375,0.0,0.0,0.0
1866210471,1491689,0,1.005859375,-0.013671875,0.001953125,-0.01171875,0.0,0.0,0.0
1866211722,1491690,0,1.005859375,-0.009765625,0.0,-0.009765625,0.0,0.0,0.0
1866212973,1491691,0,1.005859375,-0.005859375,0.001953125,-0.00390625,0.0,0.0,0.0
1866214225,1491692,0,1.005859375,-0.0078125,0.001953125,-0.005859375,0.0,0.0,0.0
1866215477,1491693,0,1.00390625,-0.005859375,0.0,-0.005859375,0.0,0.0,0.0
1866216728,1491694,0,1.001953125,-0.0078125,-0.00390625,-0.01171875,0.0,0.0,0.0
1866217978,1491695,0,1.00390625,-0.0078125,0.0,-0.0078125,0.0,0.0,0.0
1866219229,1491696,0,1.005859375,-0.0078125,0.0,-0.0078125,0.0,0.0,0.0
1866220481,1491697,0,1.0,-0.015625,0.001953125,-0.013671875,0.0,0.0,0.0
1866221731,1491698,0,1.0,-0.01953125,-0.00390625,-0.0234375,0.0,0.0,0.0
1866222982,1491699,0,1.00390625,-0.0078125,0.001953125,-0.005859375,0.0,0.0,0.0
1866224233,1491700,0,1.0,-0.01171875,0.0,-0.01171875,0.0,0.0,0.0
1866225483,1491701,0,1.009765625,-0.005859375,0.0,-0.005859375,0.0,0.0,0.0
1866226734,1491702,0,1.00390625,-0.005859375,-0.001953125,-0.0078125,0.0,0.0,0.0
1866227984,1491703,0,0.998046875,-0.009765625,0.001953125,-0.0078125,0.0,0.0,0.0
1866229235,1491704,0,1.0,-0.0078125,-0.001953125,-0.009765625,0.0,0.0,0.0
1866230486,1491705,0,1.001953125,-0.005859375,0.001953125,-0.00390625,0.0,0.0,0.0
1866231736,1491706,0,1.0,-0.0078125,-0.00390625,-0.01171875,0.0,0.0,0.0
1866232987,1491707,0,1.00390625,-0.01171875,-0.001953125,-0.013671875,0.0,0.0,0.0
1866234238,1491708,0,1.00390625,-0.015625,-0.00390625,-0.01953125,0.0,0.0,0.0
1866235489,1491709,0,1.00390625,-0.01171875,0.0,-0.01171875,0.0,0.0,0.0
